[0m18:52:06.352389 [debug] [MainThread]: Sending event: {'category': 'dbt', 'action': 'invocation', 'label': 'start', 'context': [<snowplow_tracker.self_describing_json.SelfDescribingJson object at 0x72ccb9af0050>, <snowplow_tracker.self_describing_json.SelfDescribingJson object at 0x72ccbbe9b950>, <snowplow_tracker.self_describing_json.SelfDescribingJson object at 0x72ccb98385d0>]}


============================== 18:52:06.356077 | f5354b01-b7b3-4bc5-8cd9-fdf31314330e ==============================
[0m18:52:06.356077 [info ] [MainThread]: Running with dbt=1.6.18
[0m18:52:06.356369 [debug] [MainThread]: running dbt with arguments {'printer_width': '80', 'indirect_selection': 'eager', 'log_cache_events': 'False', 'write_json': 'True', 'partial_parse': 'True', 'cache_selected_only': 'False', 'profiles_dir': '/workspaces/varengold_data_analyst_case/transformation', 'debug': 'False', 'warn_error': 'None', 'log_path': '/workspaces/varengold_data_analyst_case/transformation/logs', 'fail_fast': 'False', 'version_check': 'True', 'use_colors': 'True', 'use_experimental_parser': 'False', 'no_print': 'None', 'quiet': 'False', 'warn_error_options': 'WarnErrorOptions(include=[], exclude=[])', 'invocation_command': 'dbt run-operation explore_schemas', 'introspect': 'True', 'log_format': 'default', 'target_path': 'None', 'static_parser': 'True', 'send_anonymous_usage_stats': 'True'}
[0m18:52:06.420506 [debug] [MainThread]: Sending event: {'category': 'dbt', 'action': 'project_id', 'label': 'f5354b01-b7b3-4bc5-8cd9-fdf31314330e', 'context': [<snowplow_tracker.self_describing_json.SelfDescribingJson object at 0x72ccb97a8610>]}
[0m18:52:06.428092 [debug] [MainThread]: Sending event: {'category': 'dbt', 'action': 'adapter_info', 'label': 'f5354b01-b7b3-4bc5-8cd9-fdf31314330e', 'context': [<snowplow_tracker.self_describing_json.SelfDescribingJson object at 0x72ccb97c4890>]}
[0m18:52:06.428627 [info ] [MainThread]: Registered adapter: duckdb=1.6.2
[0m18:52:06.429087 [error] [MainThread]: Encountered an error:
Compilation Error
  dbt found 3 package(s) specified in packages.yml, but only 0 package(s) installed in dbt_packages. Run "dbt deps" to install package dependencies.
[0m18:52:06.429409 [debug] [MainThread]: Command `dbt run-operation` failed at 18:52:06.429327 after 0.08 seconds
[0m18:52:06.429618 [debug] [MainThread]: Sending event: {'category': 'dbt', 'action': 'invocation', 'label': 'end', 'context': [<snowplow_tracker.self_describing_json.SelfDescribingJson object at 0x72ccb996f090>, <snowplow_tracker.self_describing_json.SelfDescribingJson object at 0x72ccb97d8c50>, <snowplow_tracker.self_describing_json.SelfDescribingJson object at 0x72ccbdf4f490>]}
[0m18:52:06.429807 [debug] [MainThread]: Flushing usage events
[0m18:52:15.617398 [debug] [MainThread]: Sending event: {'category': 'dbt', 'action': 'invocation', 'label': 'start', 'context': [<snowplow_tracker.self_describing_json.SelfDescribingJson object at 0x7a6bc72b6ad0>, <snowplow_tracker.self_describing_json.SelfDescribingJson object at 0x7a6bc7492d50>, <snowplow_tracker.self_describing_json.SelfDescribingJson object at 0x7a6bc8002510>]}


============================== 18:52:15.621063 | c663f173-4a3e-4d5f-89f6-cab108857431 ==============================
[0m18:52:15.621063 [info ] [MainThread]: Running with dbt=1.6.18
[0m18:52:15.621500 [debug] [MainThread]: running dbt with arguments {'printer_width': '80', 'indirect_selection': 'eager', 'log_cache_events': 'False', 'write_json': 'True', 'partial_parse': 'True', 'cache_selected_only': 'False', 'profiles_dir': '/workspaces/varengold_data_analyst_case/transformation', 'debug': 'False', 'fail_fast': 'False', 'log_path': '/workspaces/varengold_data_analyst_case/transformation/logs', 'warn_error': 'None', 'version_check': 'True', 'use_colors': 'True', 'use_experimental_parser': 'False', 'no_print': 'None', 'quiet': 'False', 'warn_error_options': 'WarnErrorOptions(include=[], exclude=[])', 'introspect': 'True', 'invocation_command': 'dbt deps', 'static_parser': 'True', 'target_path': 'None', 'log_format': 'default', 'send_anonymous_usage_stats': 'True'}
[0m18:52:15.642314 [debug] [MainThread]: Sending event: {'category': 'dbt', 'action': 'project_id', 'label': 'c663f173-4a3e-4d5f-89f6-cab108857431', 'context': [<snowplow_tracker.self_describing_json.SelfDescribingJson object at 0x7a6bc75e7990>]}
[0m18:52:15.649640 [debug] [MainThread]: Set downloads directory='/tmp/dbt-downloads-71nztet0'
[0m18:52:15.650055 [debug] [MainThread]: Making package index registry request: GET https://hub.getdbt.com/api/v1/index.json
[0m18:52:15.823766 [debug] [MainThread]: Response from registry index: GET https://hub.getdbt.com/api/v1/index.json 200
[0m18:52:15.824773 [debug] [MainThread]: Making package registry request: GET https://hub.getdbt.com/api/v1/dbt-labs/codegen.json
[0m18:52:15.959547 [debug] [MainThread]: Response from registry: GET https://hub.getdbt.com/api/v1/dbt-labs/codegen.json 200
[0m18:52:15.962783 [debug] [MainThread]: Making package registry request: GET https://hub.getdbt.com/api/v1/dbt-labs/dbt_utils.json
[0m18:52:16.137204 [debug] [MainThread]: Response from registry: GET https://hub.getdbt.com/api/v1/dbt-labs/dbt_utils.json 200
[0m18:52:16.143710 [debug] [MainThread]: Making package registry request: GET https://hub.getdbt.com/api/v1/godatadriven/dbt_date.json
[0m18:52:16.295233 [debug] [MainThread]: Response from registry: GET https://hub.getdbt.com/api/v1/godatadriven/dbt_date.json 200
[0m18:52:16.303416 [info ] [MainThread]: Installing dbt-labs/codegen
[0m18:52:16.601431 [info ] [MainThread]: Installed from version 0.13.1
[0m18:52:16.601691 [info ] [MainThread]: Up to date!
[0m18:52:16.601888 [debug] [MainThread]: Sending event: {'category': 'dbt', 'action': 'package', 'label': 'c663f173-4a3e-4d5f-89f6-cab108857431', 'property_': 'install', 'context': [<snowplow_tracker.self_describing_json.SelfDescribingJson object at 0x7a6bc75e4650>, <snowplow_tracker.self_describing_json.SelfDescribingJson object at 0x7a6bc7608dd0>]}
[0m18:52:16.602090 [info ] [MainThread]: Installing dbt-labs/dbt_utils
[0m18:52:16.983586 [info ] [MainThread]: Installed from version 1.3.0
[0m18:52:16.983891 [info ] [MainThread]: Up to date!
[0m18:52:16.984122 [debug] [MainThread]: Sending event: {'category': 'dbt', 'action': 'package', 'label': 'c663f173-4a3e-4d5f-89f6-cab108857431', 'property_': 'install', 'context': [<snowplow_tracker.self_describing_json.SelfDescribingJson object at 0x7a6bc75e4650>, <snowplow_tracker.self_describing_json.SelfDescribingJson object at 0x7a6bc7001ed0>]}
[0m18:52:16.984365 [info ] [MainThread]: Installing godatadriven/dbt_date
[0m18:52:17.709923 [info ] [MainThread]: Installed from version 0.11.0
[0m18:52:17.710384 [info ] [MainThread]: Updated version available: 0.14.1
[0m18:52:17.710679 [debug] [MainThread]: Sending event: {'category': 'dbt', 'action': 'package', 'label': 'c663f173-4a3e-4d5f-89f6-cab108857431', 'property_': 'install', 'context': [<snowplow_tracker.self_describing_json.SelfDescribingJson object at 0x7a6bc72b4b10>, <snowplow_tracker.self_describing_json.SelfDescribingJson object at 0x7a6bc7677e10>]}
[0m18:52:17.710984 [info ] [MainThread]: 
[0m18:52:17.711217 [info ] [MainThread]: Updates available for packages: ['godatadriven/dbt_date']                 
Update your versions in packages.yml, then run dbt deps
[0m18:52:17.711844 [debug] [MainThread]: Command `dbt deps` succeeded at 18:52:17.711730 after 2.10 seconds
[0m18:52:17.712077 [debug] [MainThread]: Sending event: {'category': 'dbt', 'action': 'invocation', 'label': 'end', 'context': [<snowplow_tracker.self_describing_json.SelfDescribingJson object at 0x7a6bc72d4090>, <snowplow_tracker.self_describing_json.SelfDescribingJson object at 0x7a6bc7675510>, <snowplow_tracker.self_describing_json.SelfDescribingJson object at 0x7a6bc770bb10>]}
[0m18:52:17.712270 [debug] [MainThread]: Flushing usage events
[0m18:52:23.851101 [debug] [MainThread]: Sending event: {'category': 'dbt', 'action': 'invocation', 'label': 'start', 'context': [<snowplow_tracker.self_describing_json.SelfDescribingJson object at 0x765de2d0fc10>, <snowplow_tracker.self_describing_json.SelfDescribingJson object at 0x765de2cb8ad0>, <snowplow_tracker.self_describing_json.SelfDescribingJson object at 0x765de2d16650>]}


============================== 18:52:23.854154 | 2d606c17-1fe9-458d-9d84-4ef8f8b9e6ac ==============================
[0m18:52:23.854154 [info ] [MainThread]: Running with dbt=1.6.18
[0m18:52:23.854742 [debug] [MainThread]: running dbt with arguments {'printer_width': '80', 'indirect_selection': 'eager', 'log_cache_events': 'False', 'write_json': 'True', 'partial_parse': 'True', 'cache_selected_only': 'False', 'warn_error': 'None', 'version_check': 'True', 'profiles_dir': '/workspaces/varengold_data_analyst_case/transformation', 'log_path': '/workspaces/varengold_data_analyst_case/transformation/logs', 'fail_fast': 'False', 'debug': 'False', 'use_colors': 'True', 'use_experimental_parser': 'False', 'no_print': 'None', 'quiet': 'False', 'log_format': 'default', 'invocation_command': 'dbt run-operation explore_schemas', 'warn_error_options': 'WarnErrorOptions(include=[], exclude=[])', 'introspect': 'True', 'target_path': 'None', 'static_parser': 'True', 'send_anonymous_usage_stats': 'True'}
[0m18:52:23.914068 [debug] [MainThread]: Sending event: {'category': 'dbt', 'action': 'project_id', 'label': '2d606c17-1fe9-458d-9d84-4ef8f8b9e6ac', 'context': [<snowplow_tracker.self_describing_json.SelfDescribingJson object at 0x765ddf30d190>]}
[0m18:52:23.922027 [debug] [MainThread]: Sending event: {'category': 'dbt', 'action': 'adapter_info', 'label': '2d606c17-1fe9-458d-9d84-4ef8f8b9e6ac', 'context': [<snowplow_tracker.self_describing_json.SelfDescribingJson object at 0x765de2e6eed0>]}
[0m18:52:23.922486 [info ] [MainThread]: Registered adapter: duckdb=1.6.2
[0m18:52:23.942658 [debug] [MainThread]: checksum: 7b9fab86a08e9e96a48a825af743c566d95b877e068b8c6d0dbafbf714447189, vars: {}, profile: , target: , version: 1.6.18
[0m18:52:23.943127 [info ] [MainThread]: Unable to do partial parsing because saved manifest not found. Starting full parse.
[0m18:52:23.943349 [debug] [MainThread]: Sending event: {'category': 'dbt', 'action': 'partial_parser', 'label': '2d606c17-1fe9-458d-9d84-4ef8f8b9e6ac', 'context': [<snowplow_tracker.self_describing_json.SelfDescribingJson object at 0x765de2fc7f10>]}
[0m18:52:24.850098 [warn ] [MainThread]: [[33mWARNING[0m]: Configuration paths exist in your dbt_project.yml file which do not apply to any resources.
There are 3 unused configuration paths:
- models.vg_casestudy.main
- models.vg_casestudy.reporting
- models.vg_casestudy.marts
[0m18:52:24.855354 [debug] [MainThread]: Sending event: {'category': 'dbt', 'action': 'load_project', 'label': '2d606c17-1fe9-458d-9d84-4ef8f8b9e6ac', 'context': [<snowplow_tracker.self_describing_json.SelfDescribingJson object at 0x765de2a32ed0>]}
[0m18:52:24.875330 [debug] [MainThread]: Sending event: {'category': 'dbt', 'action': 'resource_counts', 'label': '2d606c17-1fe9-458d-9d84-4ef8f8b9e6ac', 'context': [<snowplow_tracker.self_describing_json.SelfDescribingJson object at 0x765dd7a1fe50>]}
[0m18:52:24.875700 [info ] [MainThread]: Found 11 models, 1 analysis, 2 seeds, 71 tests, 5 sources, 0 exposures, 0 metrics, 632 macros, 0 groups, 0 semantic models
[0m18:52:24.875918 [debug] [MainThread]: Sending event: {'category': 'dbt', 'action': 'runnable_timing', 'label': '2d606c17-1fe9-458d-9d84-4ef8f8b9e6ac', 'context': [<snowplow_tracker.self_describing_json.SelfDescribingJson object at 0x765de2cb8810>]}
[0m18:52:24.876386 [debug] [MainThread]: Acquiring new duckdb connection 'macro_explore_schemas'
[0m18:52:24.876573 [debug] [MainThread]: Using duckdb connection "macro_explore_schemas"
[0m18:52:24.876730 [debug] [MainThread]: On macro_explore_schemas: BEGIN
[0m18:52:24.876886 [debug] [MainThread]: Opening a new connection, currently in state init
[0m18:52:27.905884 [debug] [MainThread]: SQL status: OK in 3.0 seconds
[0m18:52:27.906214 [debug] [MainThread]: On macro_explore_schemas: COMMIT
[0m18:52:27.906396 [debug] [MainThread]: Using duckdb connection "macro_explore_schemas"
[0m18:52:27.906555 [debug] [MainThread]: On macro_explore_schemas: COMMIT
[0m18:52:27.906943 [debug] [MainThread]: SQL status: OK in 0.0 seconds
[0m18:52:27.913046 [debug] [MainThread]: Using duckdb connection "macro_explore_schemas"
[0m18:52:27.913278 [debug] [MainThread]: On macro_explore_schemas: /* {"app": "dbt", "dbt_version": "1.6.18", "profile_name": "default", "target_name": "dev", "connection_name": "macro_explore_schemas"} */

    
        SELECT schema_name FROM information_schema.schemata
    
  
[0m18:52:27.914572 [debug] [MainThread]: SQL status: OK in 0.0 seconds
[0m18:52:27.915410 [debug] [MainThread]: On macro_explore_schemas: Close
[0m18:52:27.917609 [debug] [MainThread]: Command `dbt run-operation` succeeded at 18:52:27.917532 after 4.07 seconds
[0m18:52:27.917792 [debug] [MainThread]: Connection 'macro_explore_schemas' was properly closed.
[0m18:52:27.917970 [debug] [MainThread]: Sending event: {'category': 'dbt', 'action': 'invocation', 'label': 'end', 'context': [<snowplow_tracker.self_describing_json.SelfDescribingJson object at 0x765de2e6cf50>, <snowplow_tracker.self_describing_json.SelfDescribingJson object at 0x765de2c69ed0>, <snowplow_tracker.self_describing_json.SelfDescribingJson object at 0x765ddf327250>]}
[0m18:52:27.918188 [debug] [MainThread]: Flushing usage events
[0m18:53:26.187163 [debug] [MainThread]: Sending event: {'category': 'dbt', 'action': 'invocation', 'label': 'start', 'context': [<snowplow_tracker.self_describing_json.SelfDescribingJson object at 0x7b1d5bb88650>, <snowplow_tracker.self_describing_json.SelfDescribingJson object at 0x7b1d5b8b72d0>, <snowplow_tracker.self_describing_json.SelfDescribingJson object at 0x7b1d5bb989d0>]}


============================== 18:53:26.190083 | 26ed4d6c-702e-48e7-83cc-bce0d51bf469 ==============================
[0m18:53:26.190083 [info ] [MainThread]: Running with dbt=1.6.18
[0m18:53:26.190682 [debug] [MainThread]: running dbt with arguments {'printer_width': '80', 'indirect_selection': 'eager', 'log_cache_events': 'False', 'write_json': 'True', 'partial_parse': 'True', 'cache_selected_only': 'False', 'profiles_dir': '/workspaces/varengold_data_analyst_case/transformation', 'debug': 'False', 'version_check': 'True', 'log_path': '/workspaces/varengold_data_analyst_case/transformation/logs', 'warn_error': 'None', 'fail_fast': 'False', 'use_colors': 'True', 'use_experimental_parser': 'False', 'no_print': 'None', 'quiet': 'False', 'warn_error_options': 'WarnErrorOptions(include=[], exclude=[])', 'invocation_command': "dbt run-operation explore_tables --args {'schema_name' : 'raw'}", 'log_format': 'default', 'static_parser': 'True', 'target_path': 'None', 'introspect': 'True', 'send_anonymous_usage_stats': 'True'}
[0m18:53:26.251440 [debug] [MainThread]: Sending event: {'category': 'dbt', 'action': 'project_id', 'label': '26ed4d6c-702e-48e7-83cc-bce0d51bf469', 'context': [<snowplow_tracker.self_describing_json.SelfDescribingJson object at 0x7b1d5b5c5650>]}
[0m18:53:26.259247 [debug] [MainThread]: Sending event: {'category': 'dbt', 'action': 'adapter_info', 'label': '26ed4d6c-702e-48e7-83cc-bce0d51bf469', 'context': [<snowplow_tracker.self_describing_json.SelfDescribingJson object at 0x7b1d5b59a010>]}
[0m18:53:26.259702 [info ] [MainThread]: Registered adapter: duckdb=1.6.2
[0m18:53:26.272305 [debug] [MainThread]: checksum: 7b9fab86a08e9e96a48a825af743c566d95b877e068b8c6d0dbafbf714447189, vars: {}, profile: , target: , version: 1.6.18
[0m18:53:26.294126 [debug] [MainThread]: Partial parsing enabled: 0 files deleted, 0 files added, 0 files changed.
[0m18:53:26.294421 [debug] [MainThread]: Partial parsing enabled, no changes found, skipping parsing
[0m18:53:26.295207 [warn ] [MainThread]: [[33mWARNING[0m]: Configuration paths exist in your dbt_project.yml file which do not apply to any resources.
There are 3 unused configuration paths:
- models.vg_casestudy.main
- models.vg_casestudy.reporting
- models.vg_casestudy.marts
[0m18:53:26.299437 [debug] [MainThread]: Sending event: {'category': 'dbt', 'action': 'load_project', 'label': '26ed4d6c-702e-48e7-83cc-bce0d51bf469', 'context': [<snowplow_tracker.self_describing_json.SelfDescribingJson object at 0x7b1d5b8b4b90>]}
[0m18:53:26.314631 [debug] [MainThread]: Sending event: {'category': 'dbt', 'action': 'resource_counts', 'label': '26ed4d6c-702e-48e7-83cc-bce0d51bf469', 'context': [<snowplow_tracker.self_describing_json.SelfDescribingJson object at 0x7b1d57ec7010>]}
[0m18:53:26.314988 [info ] [MainThread]: Found 11 models, 1 analysis, 2 seeds, 71 tests, 5 sources, 0 exposures, 0 metrics, 632 macros, 0 groups, 0 semantic models
[0m18:53:26.315185 [debug] [MainThread]: Sending event: {'category': 'dbt', 'action': 'runnable_timing', 'label': '26ed4d6c-702e-48e7-83cc-bce0d51bf469', 'context': [<snowplow_tracker.self_describing_json.SelfDescribingJson object at 0x7b1d5b5e5790>]}
[0m18:53:26.315632 [debug] [MainThread]: Acquiring new duckdb connection 'macro_explore_tables'
[0m18:53:26.315817 [debug] [MainThread]: Using duckdb connection "macro_explore_tables"
[0m18:53:26.315981 [debug] [MainThread]: On macro_explore_tables: BEGIN
[0m18:53:26.316119 [debug] [MainThread]: Opening a new connection, currently in state init
[0m18:53:26.325444 [debug] [MainThread]: SQL status: OK in 0.0 seconds
[0m18:53:26.325742 [debug] [MainThread]: On macro_explore_tables: COMMIT
[0m18:53:26.325913 [debug] [MainThread]: Using duckdb connection "macro_explore_tables"
[0m18:53:26.326072 [debug] [MainThread]: On macro_explore_tables: COMMIT
[0m18:53:26.326410 [debug] [MainThread]: SQL status: OK in 0.0 seconds
[0m18:53:26.332538 [debug] [MainThread]: Using duckdb connection "macro_explore_tables"
[0m18:53:26.332776 [debug] [MainThread]: On macro_explore_tables: /* {"app": "dbt", "dbt_version": "1.6.18", "profile_name": "default", "target_name": "dev", "connection_name": "macro_explore_tables"} */

    
        SELECT table_name 
        FROM information_schema.tables 
        WHERE table_schema = 'raw'
    
  
[0m18:53:26.339938 [debug] [MainThread]: SQL status: OK in 0.0 seconds
[0m18:53:26.340801 [debug] [MainThread]: On macro_explore_tables: Close
[0m18:53:26.343896 [debug] [MainThread]: Command `dbt run-operation` succeeded at 18:53:26.343802 after 0.16 seconds
[0m18:53:26.344141 [debug] [MainThread]: Connection 'macro_explore_tables' was properly closed.
[0m18:53:26.344364 [debug] [MainThread]: Sending event: {'category': 'dbt', 'action': 'invocation', 'label': 'end', 'context': [<snowplow_tracker.self_describing_json.SelfDescribingJson object at 0x7b1d57ecd5d0>, <snowplow_tracker.self_describing_json.SelfDescribingJson object at 0x7b1d5bb67d90>, <snowplow_tracker.self_describing_json.SelfDescribingJson object at 0x7b1d5b8b6f90>]}
[0m18:53:26.344599 [debug] [MainThread]: Flushing usage events
[0m02:27:08.041012 [debug] [MainThread]: Sending event: {'category': 'dbt', 'action': 'invocation', 'label': 'start', 'context': [<snowplow_tracker.self_describing_json.SelfDescribingJson object at 0x717358bc7610>, <snowplow_tracker.self_describing_json.SelfDescribingJson object at 0x717358bb6d10>, <snowplow_tracker.self_describing_json.SelfDescribingJson object at 0x717358d18210>]}


============================== 02:27:08.045130 | d4135266-a19c-465d-ae63-59b65a852018 ==============================
[0m02:27:08.045130 [info ] [MainThread]: Running with dbt=1.6.18
[0m02:27:08.045442 [debug] [MainThread]: running dbt with arguments {'printer_width': '80', 'indirect_selection': 'eager', 'write_json': 'True', 'log_cache_events': 'False', 'partial_parse': 'True', 'cache_selected_only': 'False', 'warn_error': 'None', 'fail_fast': 'False', 'debug': 'False', 'log_path': '/workspaces/varengold_data_analyst_case/transformation/logs', 'version_check': 'True', 'profiles_dir': '/workspaces/varengold_data_analyst_case/transformation', 'use_colors': 'True', 'use_experimental_parser': 'False', 'no_print': 'None', 'quiet': 'False', 'log_format': 'default', 'introspect': 'True', 'warn_error_options': 'WarnErrorOptions(include=[], exclude=[])', 'static_parser': 'True', 'target_path': 'None', 'invocation_command': 'dbt deps', 'send_anonymous_usage_stats': 'True'}
[0m02:27:08.067870 [debug] [MainThread]: Sending event: {'category': 'dbt', 'action': 'project_id', 'label': 'd4135266-a19c-465d-ae63-59b65a852018', 'context': [<snowplow_tracker.self_describing_json.SelfDescribingJson object at 0x71735875d890>]}
[0m02:27:08.068495 [debug] [MainThread]: Set downloads directory='/tmp/dbt-downloads-91g19c8v'
[0m02:27:08.068837 [debug] [MainThread]: Making package index registry request: GET https://hub.getdbt.com/api/v1/index.json
[0m02:27:08.253751 [debug] [MainThread]: Response from registry index: GET https://hub.getdbt.com/api/v1/index.json 200
[0m02:27:08.254993 [debug] [MainThread]: Making package registry request: GET https://hub.getdbt.com/api/v1/dbt-labs/codegen.json
[0m02:27:08.406604 [debug] [MainThread]: Response from registry: GET https://hub.getdbt.com/api/v1/dbt-labs/codegen.json 200
[0m02:27:08.409110 [debug] [MainThread]: Making package registry request: GET https://hub.getdbt.com/api/v1/dbt-labs/dbt_utils.json
[0m02:27:08.574758 [debug] [MainThread]: Response from registry: GET https://hub.getdbt.com/api/v1/dbt-labs/dbt_utils.json 200
[0m02:27:08.578811 [debug] [MainThread]: Making package registry request: GET https://hub.getdbt.com/api/v1/godatadriven/dbt_date.json
[0m02:27:08.739389 [debug] [MainThread]: Response from registry: GET https://hub.getdbt.com/api/v1/godatadriven/dbt_date.json 200
[0m02:27:08.749471 [info ] [MainThread]: Installing dbt-labs/codegen
[0m02:27:09.073166 [info ] [MainThread]: Installed from version 0.13.1
[0m02:27:09.073426 [info ] [MainThread]: Up to date!
[0m02:27:09.073617 [debug] [MainThread]: Sending event: {'category': 'dbt', 'action': 'package', 'label': 'd4135266-a19c-465d-ae63-59b65a852018', 'property_': 'install', 'context': [<snowplow_tracker.self_describing_json.SelfDescribingJson object at 0x717358d09fd0>, <snowplow_tracker.self_describing_json.SelfDescribingJson object at 0x7173589ec950>]}
[0m02:27:09.073811 [info ] [MainThread]: Installing dbt-labs/dbt_utils
[0m02:27:09.422227 [info ] [MainThread]: Installed from version 1.3.0
[0m02:27:09.422499 [info ] [MainThread]: Up to date!
[0m02:27:09.422702 [debug] [MainThread]: Sending event: {'category': 'dbt', 'action': 'package', 'label': 'd4135266-a19c-465d-ae63-59b65a852018', 'property_': 'install', 'context': [<snowplow_tracker.self_describing_json.SelfDescribingJson object at 0x7173589d8550>, <snowplow_tracker.self_describing_json.SelfDescribingJson object at 0x717358d09fd0>]}
[0m02:27:09.422915 [info ] [MainThread]: Installing godatadriven/dbt_date
[0m02:27:09.805247 [info ] [MainThread]: Installed from version 0.11.0
[0m02:27:09.805530 [info ] [MainThread]: Updated version available: 0.14.1
[0m02:27:09.805745 [debug] [MainThread]: Sending event: {'category': 'dbt', 'action': 'package', 'label': 'd4135266-a19c-465d-ae63-59b65a852018', 'property_': 'install', 'context': [<snowplow_tracker.self_describing_json.SelfDescribingJson object at 0x71735873b190>, <snowplow_tracker.self_describing_json.SelfDescribingJson object at 0x717358722c10>]}
[0m02:27:09.805963 [info ] [MainThread]: 
[0m02:27:09.806147 [info ] [MainThread]: Updates available for packages: ['godatadriven/dbt_date']                 
Update your versions in packages.yml, then run dbt deps
[0m02:27:09.806596 [debug] [MainThread]: Command `dbt deps` succeeded at 02:27:09.806503 after 1.77 seconds
[0m02:27:09.806815 [debug] [MainThread]: Sending event: {'category': 'dbt', 'action': 'invocation', 'label': 'end', 'context': [<snowplow_tracker.self_describing_json.SelfDescribingJson object at 0x71735d278e50>, <snowplow_tracker.self_describing_json.SelfDescribingJson object at 0x71735d304bd0>, <snowplow_tracker.self_describing_json.SelfDescribingJson object at 0x71735d305d90>]}
[0m02:27:09.807002 [debug] [MainThread]: Flushing usage events
[0m02:27:14.933237 [debug] [MainThread]: Sending event: {'category': 'dbt', 'action': 'invocation', 'label': 'start', 'context': [<snowplow_tracker.self_describing_json.SelfDescribingJson object at 0x7185c65e2890>, <snowplow_tracker.self_describing_json.SelfDescribingJson object at 0x7185c65cc550>, <snowplow_tracker.self_describing_json.SelfDescribingJson object at 0x7185c6463310>]}


============================== 02:27:14.936286 | 0b0329fb-cf28-4293-b1b2-c45dbb3ba5b0 ==============================
[0m02:27:14.936286 [info ] [MainThread]: Running with dbt=1.6.18
[0m02:27:14.936685 [debug] [MainThread]: running dbt with arguments {'printer_width': '80', 'indirect_selection': 'eager', 'log_cache_events': 'False', 'write_json': 'True', 'partial_parse': 'True', 'cache_selected_only': 'False', 'profiles_dir': '/workspaces/varengold_data_analyst_case/transformation', 'debug': 'False', 'version_check': 'True', 'log_path': '/workspaces/varengold_data_analyst_case/transformation/logs', 'fail_fast': 'False', 'warn_error': 'None', 'use_colors': 'True', 'use_experimental_parser': 'False', 'no_print': 'None', 'quiet': 'False', 'warn_error_options': 'WarnErrorOptions(include=[], exclude=[])', 'static_parser': 'True', 'introspect': 'True', 'invocation_command': 'dbt run', 'target_path': 'None', 'log_format': 'default', 'send_anonymous_usage_stats': 'True'}
[0m02:27:14.992584 [debug] [MainThread]: Sending event: {'category': 'dbt', 'action': 'project_id', 'label': '0b0329fb-cf28-4293-b1b2-c45dbb3ba5b0', 'context': [<snowplow_tracker.self_describing_json.SelfDescribingJson object at 0x7185c62b24d0>]}
[0m02:27:15.000546 [debug] [MainThread]: Sending event: {'category': 'dbt', 'action': 'adapter_info', 'label': '0b0329fb-cf28-4293-b1b2-c45dbb3ba5b0', 'context': [<snowplow_tracker.self_describing_json.SelfDescribingJson object at 0x7185c65dbd90>]}
[0m02:27:15.001089 [info ] [MainThread]: Registered adapter: duckdb=1.6.2
[0m02:27:15.014964 [debug] [MainThread]: checksum: 7b9fab86a08e9e96a48a825af743c566d95b877e068b8c6d0dbafbf714447189, vars: {}, profile: , target: , version: 1.6.18
[0m02:27:15.027368 [info ] [MainThread]: Unable to do partial parsing because a project config has changed
[0m02:27:15.027712 [debug] [MainThread]: Sending event: {'category': 'dbt', 'action': 'partial_parser', 'label': '0b0329fb-cf28-4293-b1b2-c45dbb3ba5b0', 'context': [<snowplow_tracker.self_describing_json.SelfDescribingJson object at 0x7185c2908310>]}
[0m02:27:15.936691 [warn ] [MainThread]: [[33mWARNING[0m]: Configuration paths exist in your dbt_project.yml file which do not apply to any resources.
There are 3 unused configuration paths:
- models.vg_casestudy.main
- models.vg_casestudy.reporting
- models.vg_casestudy.marts
[0m02:27:15.940370 [debug] [MainThread]: Sending event: {'category': 'dbt', 'action': 'load_project', 'label': '0b0329fb-cf28-4293-b1b2-c45dbb3ba5b0', 'context': [<snowplow_tracker.self_describing_json.SelfDescribingJson object at 0x7185c1e31c50>]}
[0m02:27:15.953459 [debug] [MainThread]: Sending event: {'category': 'dbt', 'action': 'resource_counts', 'label': '0b0329fb-cf28-4293-b1b2-c45dbb3ba5b0', 'context': [<snowplow_tracker.self_describing_json.SelfDescribingJson object at 0x7185bb1e7e90>]}
[0m02:27:15.953808 [info ] [MainThread]: Found 11 models, 1 analysis, 2 seeds, 71 tests, 5 sources, 0 exposures, 0 metrics, 632 macros, 0 groups, 0 semantic models
[0m02:27:15.954012 [debug] [MainThread]: Sending event: {'category': 'dbt', 'action': 'runnable_timing', 'label': '0b0329fb-cf28-4293-b1b2-c45dbb3ba5b0', 'context': [<snowplow_tracker.self_describing_json.SelfDescribingJson object at 0x7185bb1a8d90>]}
[0m02:27:15.955909 [info ] [MainThread]: 
[0m02:27:15.956381 [debug] [MainThread]: Acquiring new duckdb connection 'master'
[0m02:27:15.958002 [debug] [ThreadPool]: Acquiring new duckdb connection 'list_casestudy'
[0m02:27:15.968384 [debug] [ThreadPool]: Using duckdb connection "list_casestudy"
[0m02:27:15.968611 [debug] [ThreadPool]: On list_casestudy: /* {"app": "dbt", "dbt_version": "1.6.18", "profile_name": "default", "target_name": "dev", "connection_name": "list_casestudy"} */

    
    select schema_name
    from system.information_schema.schemata
    
    where catalog_name = '"casestudy"'
    
  
  
[0m02:27:15.968782 [debug] [ThreadPool]: Opening a new connection, currently in state init
[0m02:27:20.478374 [debug] [ThreadPool]: SQL status: OK in 5.0 seconds
[0m02:27:20.479364 [debug] [ThreadPool]: On list_casestudy: Close
[0m02:27:20.484855 [debug] [ThreadPool]: Using duckdb connection "list_casestudy"
[0m02:27:20.485150 [debug] [ThreadPool]: On list_casestudy: /* {"app": "dbt", "dbt_version": "1.6.18", "profile_name": "default", "target_name": "dev", "connection_name": "list_casestudy"} */

    
    select schema_name
    from system.information_schema.schemata
    
    where catalog_name = '"casestudy"'
    
  
  
[0m02:27:20.485322 [debug] [ThreadPool]: Opening a new connection, currently in state closed
[0m02:27:20.492625 [debug] [ThreadPool]: SQL status: OK in 0.0 seconds
[0m02:27:20.493344 [debug] [ThreadPool]: On list_casestudy: Close
[0m02:27:20.494779 [debug] [ThreadPool]: Re-using an available connection from the pool (formerly list_casestudy, now create_casestudy_staging)
[0m02:27:20.495189 [debug] [ThreadPool]: Creating schema "database: "casestudy"
schema: "staging"
"
[0m02:27:20.497714 [debug] [ThreadPool]: Using duckdb connection "create_casestudy_staging"
[0m02:27:20.497908 [debug] [ThreadPool]: On create_casestudy_staging: BEGIN
[0m02:27:20.498062 [debug] [ThreadPool]: Opening a new connection, currently in state closed
[0m02:27:20.504335 [debug] [ThreadPool]: SQL status: OK in 0.0 seconds
[0m02:27:20.504527 [debug] [ThreadPool]: Using duckdb connection "create_casestudy_staging"
[0m02:27:20.504694 [debug] [ThreadPool]: On create_casestudy_staging: /* {"app": "dbt", "dbt_version": "1.6.18", "profile_name": "default", "target_name": "dev", "connection_name": "create_casestudy_staging"} */
create schema if not exists "casestudy"."staging"
[0m02:27:20.504959 [debug] [ThreadPool]: SQL status: OK in 0.0 seconds
[0m02:27:20.505452 [debug] [ThreadPool]: On create_casestudy_staging: COMMIT
[0m02:27:20.505623 [debug] [ThreadPool]: Using duckdb connection "create_casestudy_staging"
[0m02:27:20.505780 [debug] [ThreadPool]: On create_casestudy_staging: COMMIT
[0m02:27:20.506017 [debug] [ThreadPool]: SQL status: OK in 0.0 seconds
[0m02:27:20.506196 [debug] [ThreadPool]: On create_casestudy_staging: Close
[0m02:27:20.507663 [debug] [ThreadPool]: Re-using an available connection from the pool (formerly create_casestudy_staging, now create_casestudy_intermediate)
[0m02:27:20.508040 [debug] [ThreadPool]: Creating schema "database: "casestudy"
schema: "intermediate"
"
[0m02:27:20.509184 [debug] [ThreadPool]: Using duckdb connection "create_casestudy_intermediate"
[0m02:27:20.509418 [debug] [ThreadPool]: On create_casestudy_intermediate: BEGIN
[0m02:27:20.509571 [debug] [ThreadPool]: Opening a new connection, currently in state closed
[0m02:27:20.515771 [debug] [ThreadPool]: SQL status: OK in 0.0 seconds
[0m02:27:20.515962 [debug] [ThreadPool]: Using duckdb connection "create_casestudy_intermediate"
[0m02:27:20.516133 [debug] [ThreadPool]: On create_casestudy_intermediate: /* {"app": "dbt", "dbt_version": "1.6.18", "profile_name": "default", "target_name": "dev", "connection_name": "create_casestudy_intermediate"} */
create schema if not exists "casestudy"."intermediate"
[0m02:27:20.516412 [debug] [ThreadPool]: SQL status: OK in 0.0 seconds
[0m02:27:20.516859 [debug] [ThreadPool]: On create_casestudy_intermediate: COMMIT
[0m02:27:20.517032 [debug] [ThreadPool]: Using duckdb connection "create_casestudy_intermediate"
[0m02:27:20.517195 [debug] [ThreadPool]: On create_casestudy_intermediate: COMMIT
[0m02:27:20.517438 [debug] [ThreadPool]: SQL status: OK in 0.0 seconds
[0m02:27:20.517607 [debug] [ThreadPool]: On create_casestudy_intermediate: Close
[0m02:27:20.519969 [debug] [ThreadPool]: Re-using an available connection from the pool (formerly create_casestudy_intermediate, now list_casestudy_staging)
[0m02:27:20.525942 [debug] [ThreadPool]: Using duckdb connection "list_casestudy_staging"
[0m02:27:20.526303 [debug] [ThreadPool]: On list_casestudy_staging: BEGIN
[0m02:27:20.526583 [debug] [ThreadPool]: Opening a new connection, currently in state closed
[0m02:27:20.536110 [debug] [ThreadPool]: SQL status: OK in 0.0 seconds
[0m02:27:20.536311 [debug] [ThreadPool]: Using duckdb connection "list_casestudy_staging"
[0m02:27:20.536484 [debug] [ThreadPool]: On list_casestudy_staging: /* {"app": "dbt", "dbt_version": "1.6.18", "profile_name": "default", "target_name": "dev", "connection_name": "list_casestudy_staging"} */
select
      'casestudy' as database,
      table_name as name,
      table_schema as schema,
      CASE table_type
        WHEN 'BASE TABLE' THEN 'table'
        WHEN 'VIEW' THEN 'view'
        WHEN 'LOCAL TEMPORARY' THEN 'table'
        END as type
    from system.information_schema.tables
    where table_schema = 'staging'
    and table_catalog = 'casestudy'
  
[0m02:27:20.543182 [debug] [ThreadPool]: SQL status: OK in 0.0 seconds
[0m02:27:20.543980 [debug] [ThreadPool]: On list_casestudy_staging: ROLLBACK
[0m02:27:20.544472 [debug] [ThreadPool]: Failed to rollback 'list_casestudy_staging'
[0m02:27:20.544646 [debug] [ThreadPool]: On list_casestudy_staging: Close
[0m02:27:20.546059 [debug] [ThreadPool]: Re-using an available connection from the pool (formerly list_casestudy_staging, now list_casestudy_intermediate)
[0m02:27:20.547712 [debug] [ThreadPool]: Using duckdb connection "list_casestudy_intermediate"
[0m02:27:20.547893 [debug] [ThreadPool]: On list_casestudy_intermediate: BEGIN
[0m02:27:20.548046 [debug] [ThreadPool]: Opening a new connection, currently in state closed
[0m02:27:20.554311 [debug] [ThreadPool]: SQL status: OK in 0.0 seconds
[0m02:27:20.554503 [debug] [ThreadPool]: Using duckdb connection "list_casestudy_intermediate"
[0m02:27:20.554678 [debug] [ThreadPool]: On list_casestudy_intermediate: /* {"app": "dbt", "dbt_version": "1.6.18", "profile_name": "default", "target_name": "dev", "connection_name": "list_casestudy_intermediate"} */
select
      'casestudy' as database,
      table_name as name,
      table_schema as schema,
      CASE table_type
        WHEN 'BASE TABLE' THEN 'table'
        WHEN 'VIEW' THEN 'view'
        WHEN 'LOCAL TEMPORARY' THEN 'table'
        END as type
    from system.information_schema.tables
    where table_schema = 'intermediate'
    and table_catalog = 'casestudy'
  
[0m02:27:20.561570 [debug] [ThreadPool]: SQL status: OK in 0.0 seconds
[0m02:27:20.562480 [debug] [ThreadPool]: On list_casestudy_intermediate: ROLLBACK
[0m02:27:20.562776 [debug] [ThreadPool]: Failed to rollback 'list_casestudy_intermediate'
[0m02:27:20.562941 [debug] [ThreadPool]: On list_casestudy_intermediate: Close
[0m02:27:20.564562 [debug] [ThreadPool]: Re-using an available connection from the pool (formerly list_casestudy_intermediate, now list_casestudy_raw)
[0m02:27:20.566812 [debug] [ThreadPool]: Using duckdb connection "list_casestudy_raw"
[0m02:27:20.566987 [debug] [ThreadPool]: On list_casestudy_raw: BEGIN
[0m02:27:20.567132 [debug] [ThreadPool]: Opening a new connection, currently in state closed
[0m02:27:20.573717 [debug] [ThreadPool]: SQL status: OK in 0.0 seconds
[0m02:27:20.573900 [debug] [ThreadPool]: Using duckdb connection "list_casestudy_raw"
[0m02:27:20.574054 [debug] [ThreadPool]: On list_casestudy_raw: /* {"app": "dbt", "dbt_version": "1.6.18", "profile_name": "default", "target_name": "dev", "connection_name": "list_casestudy_raw"} */
select
      'casestudy' as database,
      table_name as name,
      table_schema as schema,
      CASE table_type
        WHEN 'BASE TABLE' THEN 'table'
        WHEN 'VIEW' THEN 'view'
        WHEN 'LOCAL TEMPORARY' THEN 'table'
        END as type
    from system.information_schema.tables
    where table_schema = 'raw'
    and table_catalog = 'casestudy'
  
[0m02:27:20.580469 [debug] [ThreadPool]: SQL status: OK in 0.0 seconds
[0m02:27:20.581176 [debug] [ThreadPool]: On list_casestudy_raw: ROLLBACK
[0m02:27:20.581442 [debug] [ThreadPool]: Failed to rollback 'list_casestudy_raw'
[0m02:27:20.581595 [debug] [ThreadPool]: On list_casestudy_raw: Close
[0m02:27:20.583969 [debug] [MainThread]: Sending event: {'category': 'dbt', 'action': 'runnable_timing', 'label': '0b0329fb-cf28-4293-b1b2-c45dbb3ba5b0', 'context': [<snowplow_tracker.self_describing_json.SelfDescribingJson object at 0x7185c1dab0d0>]}
[0m02:27:20.584531 [debug] [MainThread]: Using duckdb connection "master"
[0m02:27:20.584884 [debug] [MainThread]: On master: BEGIN
[0m02:27:20.585221 [debug] [MainThread]: Opening a new connection, currently in state init
[0m02:27:20.592872 [debug] [MainThread]: SQL status: OK in 0.0 seconds
[0m02:27:20.593063 [debug] [MainThread]: On master: COMMIT
[0m02:27:20.593233 [debug] [MainThread]: Using duckdb connection "master"
[0m02:27:20.593380 [debug] [MainThread]: On master: COMMIT
[0m02:27:20.593621 [debug] [MainThread]: SQL status: OK in 0.0 seconds
[0m02:27:20.593787 [debug] [MainThread]: On master: Close
[0m02:27:20.595034 [info ] [MainThread]: Concurrency: 1 threads (target='dev')
[0m02:27:20.595253 [info ] [MainThread]: 
[0m02:27:20.606495 [debug] [Thread-1 (]: Began running node model.vg_casestudy.stg_raw_staging__accounts
[0m02:27:20.607257 [info ] [Thread-1 (]: 1 of 11 START sql view model staging.stg_raw_staging__accounts ................. [RUN]
[0m02:27:20.608139 [debug] [Thread-1 (]: Acquiring new duckdb connection 'model.vg_casestudy.stg_raw_staging__accounts'
[0m02:27:20.608437 [debug] [Thread-1 (]: Began compiling node model.vg_casestudy.stg_raw_staging__accounts
[0m02:27:20.613678 [debug] [Thread-1 (]: Writing injected SQL for node "model.vg_casestudy.stg_raw_staging__accounts"
[0m02:27:20.614257 [debug] [Thread-1 (]: Timing info for model.vg_casestudy.stg_raw_staging__accounts (compile): 02:27:20.608578 => 02:27:20.614090
[0m02:27:20.614487 [debug] [Thread-1 (]: Began executing node model.vg_casestudy.stg_raw_staging__accounts
[0m02:27:20.633739 [debug] [Thread-1 (]: Writing runtime sql for node "model.vg_casestudy.stg_raw_staging__accounts"
[0m02:27:20.634264 [debug] [Thread-1 (]: Using duckdb connection "model.vg_casestudy.stg_raw_staging__accounts"
[0m02:27:20.634463 [debug] [Thread-1 (]: On model.vg_casestudy.stg_raw_staging__accounts: BEGIN
[0m02:27:20.634638 [debug] [Thread-1 (]: Opening a new connection, currently in state init
[0m02:27:20.644326 [debug] [Thread-1 (]: SQL status: OK in 0.0 seconds
[0m02:27:20.644577 [debug] [Thread-1 (]: Using duckdb connection "model.vg_casestudy.stg_raw_staging__accounts"
[0m02:27:20.644813 [debug] [Thread-1 (]: On model.vg_casestudy.stg_raw_staging__accounts: /* {"app": "dbt", "dbt_version": "1.6.18", "profile_name": "default", "target_name": "dev", "node_id": "model.vg_casestudy.stg_raw_staging__accounts"} */

  
  create view "casestudy"."staging"."stg_raw_staging__accounts__dbt_tmp" as (
    with source as (
    select * from "casestudy"."raw"."accounts"
),

renamed as (
    select
        account_id,
        customer_id,
        account_type,
        
CASE
    -- First try DD.MM.YYYY format (German format with dots)
    WHEN REGEXP_MATCHES(account_opening_date, '^\d{1,2}\.\d{1,2}\.\d{4}$') 
        THEN TRY_CAST(STRPTIME(account_opening_date, '%d.%m.%Y') AS DATE)
        
    -- Then try DD/MM/YYYY format (with slashes)
    WHEN REGEXP_MATCHES(account_opening_date, '^\d{1,2}/\d{1,2}/\d{4}$')
        AND CAST(SPLIT_PART(account_opening_date, '/', 1) AS INTEGER) <= 31 
        AND CAST(SPLIT_PART(account_opening_date, '/', 2) AS INTEGER) <= 12 
        THEN TRY_CAST(STRPTIME(account_opening_date, '%d/%m/%Y') AS DATE)
        
    -- Try MM/DD/YYYY format (US format with slashes)
    WHEN REGEXP_MATCHES(account_opening_date, '^\d{1,2}/\d{1,2}/\d{4}$')
        AND CAST(SPLIT_PART(account_opening_date, '/', 1) AS INTEGER) <= 12 
        THEN TRY_CAST(STRPTIME(account_opening_date, '%m/%d/%Y') AS DATE)
        
    -- Try YYYY-MM-DD format (ISO format)
    WHEN REGEXP_MATCHES(account_opening_date, '^\d{4}-\d{1,2}-\d{1,2}$')
        THEN TRY_CAST(STRPTIME(account_opening_date, '%Y-%m-%d') AS DATE)
        
    -- Try generic date parsing as last resort
    ELSE TRY_CAST(account_opening_date AS DATE)
END
 as account_opening_date,
        account_opening_date as account_opening_date_raw
    from source
    where account_type is not null and account_type != '' and account_type != '-'
),

final as (
    select
        account_id,
        customer_id,
        account_type,
        account_opening_date,
        -- Flag records with date parsing issues
        CASE WHEN account_opening_date IS NULL AND account_opening_date_raw IS NOT NULL
             THEN TRUE ELSE FALSE 
        END as has_date_parsing_error
    from renamed
)

select * from final
  );

[0m02:27:20.645843 [debug] [Thread-1 (]: SQL status: OK in 0.0 seconds
[0m02:27:20.649463 [debug] [Thread-1 (]: Using duckdb connection "model.vg_casestudy.stg_raw_staging__accounts"
[0m02:27:20.649687 [debug] [Thread-1 (]: On model.vg_casestudy.stg_raw_staging__accounts: /* {"app": "dbt", "dbt_version": "1.6.18", "profile_name": "default", "target_name": "dev", "node_id": "model.vg_casestudy.stg_raw_staging__accounts"} */
alter view "casestudy"."staging"."stg_raw_staging__accounts" rename to "stg_raw_staging__accounts__dbt_backup"
[0m02:27:20.650052 [debug] [Thread-1 (]: SQL status: OK in 0.0 seconds
[0m02:27:20.651552 [debug] [Thread-1 (]: Using duckdb connection "model.vg_casestudy.stg_raw_staging__accounts"
[0m02:27:20.651767 [debug] [Thread-1 (]: On model.vg_casestudy.stg_raw_staging__accounts: /* {"app": "dbt", "dbt_version": "1.6.18", "profile_name": "default", "target_name": "dev", "node_id": "model.vg_casestudy.stg_raw_staging__accounts"} */
alter view "casestudy"."staging"."stg_raw_staging__accounts__dbt_tmp" rename to "stg_raw_staging__accounts"
[0m02:27:20.652102 [debug] [Thread-1 (]: SQL status: OK in 0.0 seconds
[0m02:27:20.661033 [debug] [Thread-1 (]: On model.vg_casestudy.stg_raw_staging__accounts: COMMIT
[0m02:27:20.661248 [debug] [Thread-1 (]: Using duckdb connection "model.vg_casestudy.stg_raw_staging__accounts"
[0m02:27:20.661425 [debug] [Thread-1 (]: On model.vg_casestudy.stg_raw_staging__accounts: COMMIT
[0m02:27:20.662742 [debug] [Thread-1 (]: SQL status: OK in 0.0 seconds
[0m02:27:20.665360 [debug] [Thread-1 (]: Using duckdb connection "model.vg_casestudy.stg_raw_staging__accounts"
[0m02:27:20.665560 [debug] [Thread-1 (]: On model.vg_casestudy.stg_raw_staging__accounts: /* {"app": "dbt", "dbt_version": "1.6.18", "profile_name": "default", "target_name": "dev", "node_id": "model.vg_casestudy.stg_raw_staging__accounts"} */
drop view if exists "casestudy"."staging"."stg_raw_staging__accounts__dbt_backup" cascade
[0m02:27:20.666418 [debug] [Thread-1 (]: SQL status: OK in 0.0 seconds
[0m02:27:20.667190 [debug] [Thread-1 (]: Timing info for model.vg_casestudy.stg_raw_staging__accounts (execute): 02:27:20.614622 => 02:27:20.667053
[0m02:27:20.667415 [debug] [Thread-1 (]: On model.vg_casestudy.stg_raw_staging__accounts: Close
[0m02:27:20.678400 [debug] [Thread-1 (]: Sending event: {'category': 'dbt', 'action': 'run_model', 'label': '0b0329fb-cf28-4293-b1b2-c45dbb3ba5b0', 'context': [<snowplow_tracker.self_describing_json.SelfDescribingJson object at 0x7185c1d85dd0>]}
[0m02:27:20.679048 [info ] [Thread-1 (]: 1 of 11 OK created sql view model staging.stg_raw_staging__accounts ............ [[32mOK[0m in 0.07s]
[0m02:27:20.679494 [debug] [Thread-1 (]: Finished running node model.vg_casestudy.stg_raw_staging__accounts
[0m02:27:20.679798 [debug] [Thread-1 (]: Began running node model.vg_casestudy.stg_raw_staging__customers
[0m02:27:20.680340 [info ] [Thread-1 (]: 2 of 11 START sql view model staging.stg_raw_staging__customers ................ [RUN]
[0m02:27:20.680793 [debug] [Thread-1 (]: Re-using an available connection from the pool (formerly model.vg_casestudy.stg_raw_staging__accounts, now model.vg_casestudy.stg_raw_staging__customers)
[0m02:27:20.680989 [debug] [Thread-1 (]: Began compiling node model.vg_casestudy.stg_raw_staging__customers
[0m02:27:20.682745 [debug] [Thread-1 (]: Writing injected SQL for node "model.vg_casestudy.stg_raw_staging__customers"
[0m02:27:20.683088 [debug] [Thread-1 (]: Timing info for model.vg_casestudy.stg_raw_staging__customers (compile): 02:27:20.681111 => 02:27:20.682978
[0m02:27:20.683285 [debug] [Thread-1 (]: Began executing node model.vg_casestudy.stg_raw_staging__customers
[0m02:27:20.685541 [debug] [Thread-1 (]: Writing runtime sql for node "model.vg_casestudy.stg_raw_staging__customers"
[0m02:27:20.685877 [debug] [Thread-1 (]: Using duckdb connection "model.vg_casestudy.stg_raw_staging__customers"
[0m02:27:20.686066 [debug] [Thread-1 (]: On model.vg_casestudy.stg_raw_staging__customers: BEGIN
[0m02:27:20.686241 [debug] [Thread-1 (]: Opening a new connection, currently in state closed
[0m02:27:20.695978 [debug] [Thread-1 (]: SQL status: OK in 0.0 seconds
[0m02:27:20.696258 [debug] [Thread-1 (]: Using duckdb connection "model.vg_casestudy.stg_raw_staging__customers"
[0m02:27:20.696459 [debug] [Thread-1 (]: On model.vg_casestudy.stg_raw_staging__customers: /* {"app": "dbt", "dbt_version": "1.6.18", "profile_name": "default", "target_name": "dev", "node_id": "model.vg_casestudy.stg_raw_staging__customers"} */

  
  create view "casestudy"."staging"."stg_raw_staging__customers__dbt_tmp" as (
    with source as (
    select * from "casestudy"."raw"."customers"
),

renamed as (
    select distinct
        customer_id,
        trim(firstname) as firstname,
        trim(lastname) as lastname,
        Age as age,
        branch_id
    from source
)

select * from renamed
  );

[0m02:27:20.697030 [debug] [Thread-1 (]: SQL status: OK in 0.0 seconds
[0m02:27:20.699086 [debug] [Thread-1 (]: Using duckdb connection "model.vg_casestudy.stg_raw_staging__customers"
[0m02:27:20.699333 [debug] [Thread-1 (]: On model.vg_casestudy.stg_raw_staging__customers: /* {"app": "dbt", "dbt_version": "1.6.18", "profile_name": "default", "target_name": "dev", "node_id": "model.vg_casestudy.stg_raw_staging__customers"} */
alter view "casestudy"."staging"."stg_raw_staging__customers" rename to "stg_raw_staging__customers__dbt_backup"
[0m02:27:20.699727 [debug] [Thread-1 (]: SQL status: OK in 0.0 seconds
[0m02:27:20.701548 [debug] [Thread-1 (]: Using duckdb connection "model.vg_casestudy.stg_raw_staging__customers"
[0m02:27:20.701767 [debug] [Thread-1 (]: On model.vg_casestudy.stg_raw_staging__customers: /* {"app": "dbt", "dbt_version": "1.6.18", "profile_name": "default", "target_name": "dev", "node_id": "model.vg_casestudy.stg_raw_staging__customers"} */
alter view "casestudy"."staging"."stg_raw_staging__customers__dbt_tmp" rename to "stg_raw_staging__customers"
[0m02:27:20.702128 [debug] [Thread-1 (]: SQL status: OK in 0.0 seconds
[0m02:27:20.703101 [debug] [Thread-1 (]: On model.vg_casestudy.stg_raw_staging__customers: COMMIT
[0m02:27:20.703321 [debug] [Thread-1 (]: Using duckdb connection "model.vg_casestudy.stg_raw_staging__customers"
[0m02:27:20.703499 [debug] [Thread-1 (]: On model.vg_casestudy.stg_raw_staging__customers: COMMIT
[0m02:27:20.705706 [debug] [Thread-1 (]: SQL status: OK in 0.0 seconds
[0m02:27:20.708295 [debug] [Thread-1 (]: Using duckdb connection "model.vg_casestudy.stg_raw_staging__customers"
[0m02:27:20.708525 [debug] [Thread-1 (]: On model.vg_casestudy.stg_raw_staging__customers: /* {"app": "dbt", "dbt_version": "1.6.18", "profile_name": "default", "target_name": "dev", "node_id": "model.vg_casestudy.stg_raw_staging__customers"} */
drop view if exists "casestudy"."staging"."stg_raw_staging__customers__dbt_backup" cascade
[0m02:27:20.709537 [debug] [Thread-1 (]: SQL status: OK in 0.0 seconds
[0m02:27:20.710464 [debug] [Thread-1 (]: Timing info for model.vg_casestudy.stg_raw_staging__customers (execute): 02:27:20.683411 => 02:27:20.710360
[0m02:27:20.710675 [debug] [Thread-1 (]: On model.vg_casestudy.stg_raw_staging__customers: Close
[0m02:27:20.723084 [debug] [Thread-1 (]: Sending event: {'category': 'dbt', 'action': 'run_model', 'label': '0b0329fb-cf28-4293-b1b2-c45dbb3ba5b0', 'context': [<snowplow_tracker.self_describing_json.SelfDescribingJson object at 0x7185baf2b8d0>]}
[0m02:27:20.723841 [info ] [Thread-1 (]: 2 of 11 OK created sql view model staging.stg_raw_staging__customers ........... [[32mOK[0m in 0.04s]
[0m02:27:20.724541 [debug] [Thread-1 (]: Finished running node model.vg_casestudy.stg_raw_staging__customers
[0m02:27:20.725031 [debug] [Thread-1 (]: Began running node model.vg_casestudy.stg_raw_staging__fx_rates
[0m02:27:20.725777 [info ] [Thread-1 (]: 3 of 11 START sql view model staging.stg_raw_staging__fx_rates ................. [RUN]
[0m02:27:20.726634 [debug] [Thread-1 (]: Re-using an available connection from the pool (formerly model.vg_casestudy.stg_raw_staging__customers, now model.vg_casestudy.stg_raw_staging__fx_rates)
[0m02:27:20.726833 [debug] [Thread-1 (]: Began compiling node model.vg_casestudy.stg_raw_staging__fx_rates
[0m02:27:20.728962 [debug] [Thread-1 (]: Writing injected SQL for node "model.vg_casestudy.stg_raw_staging__fx_rates"
[0m02:27:20.729325 [debug] [Thread-1 (]: Timing info for model.vg_casestudy.stg_raw_staging__fx_rates (compile): 02:27:20.726953 => 02:27:20.729210
[0m02:27:20.729512 [debug] [Thread-1 (]: Began executing node model.vg_casestudy.stg_raw_staging__fx_rates
[0m02:27:20.731701 [debug] [Thread-1 (]: Writing runtime sql for node "model.vg_casestudy.stg_raw_staging__fx_rates"
[0m02:27:20.732009 [debug] [Thread-1 (]: Using duckdb connection "model.vg_casestudy.stg_raw_staging__fx_rates"
[0m02:27:20.732212 [debug] [Thread-1 (]: On model.vg_casestudy.stg_raw_staging__fx_rates: BEGIN
[0m02:27:20.732384 [debug] [Thread-1 (]: Opening a new connection, currently in state closed
[0m02:27:20.739788 [debug] [Thread-1 (]: SQL status: OK in 0.0 seconds
[0m02:27:20.740079 [debug] [Thread-1 (]: Using duckdb connection "model.vg_casestudy.stg_raw_staging__fx_rates"
[0m02:27:20.740348 [debug] [Thread-1 (]: On model.vg_casestudy.stg_raw_staging__fx_rates: /* {"app": "dbt", "dbt_version": "1.6.18", "profile_name": "default", "target_name": "dev", "node_id": "model.vg_casestudy.stg_raw_staging__fx_rates"} */

  
  create view "casestudy"."staging"."stg_raw_staging__fx_rates__dbt_tmp" as (
    with source as (
    select * from "casestudy"."raw"."fx_rates"
),

renamed as (
    select
        trim(currency_iso_code) as currency_iso_code,
        
CASE
    WHEN fx_rate IS NULL THEN NULL
    -- If the value is already a valid number
    WHEN TRY_CAST(fx_rate AS DOUBLE) IS NOT NULL 
        THEN TRY_CAST(fx_rate AS DOUBLE)
    -- If contains both dot and comma (German notation)
    WHEN POSITION('.' IN fx_rate) > 0 AND POSITION(',' IN fx_rate) > 0 
        THEN TRY_CAST(REPLACE(REPLACE(TRIM(fx_rate), '.', ''), ',', '.') AS DOUBLE)
    -- If only contains comma, treat as decimal point
    WHEN POSITION(',' IN fx_rate) > 0 
        THEN TRY_CAST(REPLACE(TRIM(fx_rate), ',', '.') AS DOUBLE)
    -- If only contains dots, likely thousands separator
    WHEN POSITION('.' IN fx_rate) > 0 
        THEN TRY_CAST(REPLACE(TRIM(fx_rate), '.', '') AS DOUBLE)
    ELSE NULL
END
 as fx_rate,
        
CASE
    -- First try DD.MM.YYYY format (German format with dots)
    WHEN REGEXP_MATCHES(date, '^\d{1,2}\.\d{1,2}\.\d{4}$') 
        THEN TRY_CAST(STRPTIME(date, '%d.%m.%Y') AS DATE)
        
    -- Then try DD/MM/YYYY format (with slashes)
    WHEN REGEXP_MATCHES(date, '^\d{1,2}/\d{1,2}/\d{4}$')
        AND CAST(SPLIT_PART(date, '/', 1) AS INTEGER) <= 31 
        AND CAST(SPLIT_PART(date, '/', 2) AS INTEGER) <= 12 
        THEN TRY_CAST(STRPTIME(date, '%d/%m/%Y') AS DATE)
        
    -- Try MM/DD/YYYY format (US format with slashes)
    WHEN REGEXP_MATCHES(date, '^\d{1,2}/\d{1,2}/\d{4}$')
        AND CAST(SPLIT_PART(date, '/', 1) AS INTEGER) <= 12 
        THEN TRY_CAST(STRPTIME(date, '%m/%d/%Y') AS DATE)
        
    -- Try YYYY-MM-DD format (ISO format)
    WHEN REGEXP_MATCHES(date, '^\d{4}-\d{1,2}-\d{1,2}$')
        THEN TRY_CAST(STRPTIME(date, '%Y-%m-%d') AS DATE)
        
    -- Try generic date parsing as last resort
    ELSE TRY_CAST(date AS DATE)
END
 as fx_rate_date,
        date as fx_rate_date_raw
    from source
    where currency_iso_code is not null and trim(currency_iso_code) not in  ('(none)', '')
),

final as (
    select
        currency_iso_code,
        fx_rate,
        fx_rate_date,
        -- Flag records with date parsing issues
        CASE WHEN fx_rate_date IS NULL AND fx_rate_date_raw IS NOT NULL
             THEN TRUE ELSE FALSE 
        END as has_date_parsing_error
    from renamed
)

select * from final
  );

[0m02:27:20.741543 [debug] [Thread-1 (]: SQL status: OK in 0.0 seconds
[0m02:27:20.744164 [debug] [Thread-1 (]: Using duckdb connection "model.vg_casestudy.stg_raw_staging__fx_rates"
[0m02:27:20.744382 [debug] [Thread-1 (]: On model.vg_casestudy.stg_raw_staging__fx_rates: /* {"app": "dbt", "dbt_version": "1.6.18", "profile_name": "default", "target_name": "dev", "node_id": "model.vg_casestudy.stg_raw_staging__fx_rates"} */
alter view "casestudy"."staging"."stg_raw_staging__fx_rates" rename to "stg_raw_staging__fx_rates__dbt_backup"
[0m02:27:20.744768 [debug] [Thread-1 (]: SQL status: OK in 0.0 seconds
[0m02:27:20.746405 [debug] [Thread-1 (]: Using duckdb connection "model.vg_casestudy.stg_raw_staging__fx_rates"
[0m02:27:20.746615 [debug] [Thread-1 (]: On model.vg_casestudy.stg_raw_staging__fx_rates: /* {"app": "dbt", "dbt_version": "1.6.18", "profile_name": "default", "target_name": "dev", "node_id": "model.vg_casestudy.stg_raw_staging__fx_rates"} */
alter view "casestudy"."staging"."stg_raw_staging__fx_rates__dbt_tmp" rename to "stg_raw_staging__fx_rates"
[0m02:27:20.746968 [debug] [Thread-1 (]: SQL status: OK in 0.0 seconds
[0m02:27:20.747882 [debug] [Thread-1 (]: On model.vg_casestudy.stg_raw_staging__fx_rates: COMMIT
[0m02:27:20.748086 [debug] [Thread-1 (]: Using duckdb connection "model.vg_casestudy.stg_raw_staging__fx_rates"
[0m02:27:20.748270 [debug] [Thread-1 (]: On model.vg_casestudy.stg_raw_staging__fx_rates: COMMIT
[0m02:27:20.749617 [debug] [Thread-1 (]: SQL status: OK in 0.0 seconds
[0m02:27:20.751021 [debug] [Thread-1 (]: Using duckdb connection "model.vg_casestudy.stg_raw_staging__fx_rates"
[0m02:27:20.751234 [debug] [Thread-1 (]: On model.vg_casestudy.stg_raw_staging__fx_rates: /* {"app": "dbt", "dbt_version": "1.6.18", "profile_name": "default", "target_name": "dev", "node_id": "model.vg_casestudy.stg_raw_staging__fx_rates"} */
drop view if exists "casestudy"."staging"."stg_raw_staging__fx_rates__dbt_backup" cascade
[0m02:27:20.752255 [debug] [Thread-1 (]: SQL status: OK in 0.0 seconds
[0m02:27:20.753026 [debug] [Thread-1 (]: Timing info for model.vg_casestudy.stg_raw_staging__fx_rates (execute): 02:27:20.729638 => 02:27:20.752919
[0m02:27:20.753239 [debug] [Thread-1 (]: On model.vg_casestudy.stg_raw_staging__fx_rates: Close
[0m02:27:20.764105 [debug] [Thread-1 (]: Sending event: {'category': 'dbt', 'action': 'run_model', 'label': '0b0329fb-cf28-4293-b1b2-c45dbb3ba5b0', 'context': [<snowplow_tracker.self_describing_json.SelfDescribingJson object at 0x7185bb192150>]}
[0m02:27:20.764472 [info ] [Thread-1 (]: 3 of 11 OK created sql view model staging.stg_raw_staging__fx_rates ............ [[32mOK[0m in 0.04s]
[0m02:27:20.764765 [debug] [Thread-1 (]: Finished running node model.vg_casestudy.stg_raw_staging__fx_rates
[0m02:27:20.764985 [debug] [Thread-1 (]: Began running node model.vg_casestudy.stg_raw_staging__loans
[0m02:27:20.765209 [info ] [Thread-1 (]: 4 of 11 START sql view model staging.stg_raw_staging__loans .................... [RUN]
[0m02:27:20.765723 [debug] [Thread-1 (]: Re-using an available connection from the pool (formerly model.vg_casestudy.stg_raw_staging__fx_rates, now model.vg_casestudy.stg_raw_staging__loans)
[0m02:27:20.765917 [debug] [Thread-1 (]: Began compiling node model.vg_casestudy.stg_raw_staging__loans
[0m02:27:20.767956 [debug] [Thread-1 (]: Writing injected SQL for node "model.vg_casestudy.stg_raw_staging__loans"
[0m02:27:20.768304 [debug] [Thread-1 (]: Timing info for model.vg_casestudy.stg_raw_staging__loans (compile): 02:27:20.766028 => 02:27:20.768191
[0m02:27:20.768518 [debug] [Thread-1 (]: Began executing node model.vg_casestudy.stg_raw_staging__loans
[0m02:27:20.770721 [debug] [Thread-1 (]: Writing runtime sql for node "model.vg_casestudy.stg_raw_staging__loans"
[0m02:27:20.771009 [debug] [Thread-1 (]: Using duckdb connection "model.vg_casestudy.stg_raw_staging__loans"
[0m02:27:20.771196 [debug] [Thread-1 (]: On model.vg_casestudy.stg_raw_staging__loans: BEGIN
[0m02:27:20.771360 [debug] [Thread-1 (]: Opening a new connection, currently in state closed
[0m02:27:20.780935 [debug] [Thread-1 (]: SQL status: OK in 0.0 seconds
[0m02:27:20.781251 [debug] [Thread-1 (]: Using duckdb connection "model.vg_casestudy.stg_raw_staging__loans"
[0m02:27:20.781545 [debug] [Thread-1 (]: On model.vg_casestudy.stg_raw_staging__loans: /* {"app": "dbt", "dbt_version": "1.6.18", "profile_name": "default", "target_name": "dev", "node_id": "model.vg_casestudy.stg_raw_staging__loans"} */

  
  create view "casestudy"."staging"."stg_raw_staging__loans__dbt_tmp" as (
    with source as (
    select * from "casestudy"."raw"."loans"
),

renamed as (
    select
        customer_id,
        loan_id,
        
CASE
    WHEN loan_amount IS NULL THEN NULL
    -- If the value is already a valid number
    WHEN TRY_CAST(loan_amount AS DOUBLE) IS NOT NULL 
        THEN TRY_CAST(loan_amount AS DOUBLE)
    -- If contains both dot and comma (German notation)
    WHEN POSITION('.' IN loan_amount) > 0 AND POSITION(',' IN loan_amount) > 0 
        THEN TRY_CAST(REPLACE(REPLACE(TRIM(loan_amount), '.', ''), ',', '.') AS DOUBLE)
    -- If only contains comma, treat as decimal point
    WHEN POSITION(',' IN loan_amount) > 0 
        THEN TRY_CAST(REPLACE(TRIM(loan_amount), ',', '.') AS DOUBLE)
    -- If only contains dots, likely thousands separator
    WHEN POSITION('.' IN loan_amount) > 0 
        THEN TRY_CAST(REPLACE(TRIM(loan_amount), '.', '') AS DOUBLE)
    ELSE NULL
END
 as loan_amount,
        loant_type,
        
CASE
    WHEN interest_rate IS NULL THEN NULL
    -- If the value is already a valid number
    WHEN TRY_CAST(interest_rate AS DOUBLE) IS NOT NULL 
        THEN TRY_CAST(interest_rate AS DOUBLE)
    -- If contains both dot and comma (German notation)
    WHEN POSITION('.' IN interest_rate) > 0 AND POSITION(',' IN interest_rate) > 0 
        THEN TRY_CAST(REPLACE(REPLACE(TRIM(interest_rate), '.', ''), ',', '.') AS DOUBLE)
    -- If only contains comma, treat as decimal point
    WHEN POSITION(',' IN interest_rate) > 0 
        THEN TRY_CAST(REPLACE(TRIM(interest_rate), ',', '.') AS DOUBLE)
    -- If only contains dots, likely thousands separator
    WHEN POSITION('.' IN interest_rate) > 0 
        THEN TRY_CAST(REPLACE(TRIM(interest_rate), '.', '') AS DOUBLE)
    ELSE NULL
END
 as interest_rate,
        loan_term,
        
CASE
    -- First try DD.MM.YYYY format (German format with dots)
    WHEN REGEXP_MATCHES(approval_rejection_date, '^\d{1,2}\.\d{1,2}\.\d{4}$') 
        THEN TRY_CAST(STRPTIME(approval_rejection_date, '%d.%m.%Y') AS DATE)
        
    -- Then try DD/MM/YYYY format (with slashes)
    WHEN REGEXP_MATCHES(approval_rejection_date, '^\d{1,2}/\d{1,2}/\d{4}$')
        AND CAST(SPLIT_PART(approval_rejection_date, '/', 1) AS INTEGER) <= 31 
        AND CAST(SPLIT_PART(approval_rejection_date, '/', 2) AS INTEGER) <= 12 
        THEN TRY_CAST(STRPTIME(approval_rejection_date, '%d/%m/%Y') AS DATE)
        
    -- Try MM/DD/YYYY format (US format with slashes)
    WHEN REGEXP_MATCHES(approval_rejection_date, '^\d{1,2}/\d{1,2}/\d{4}$')
        AND CAST(SPLIT_PART(approval_rejection_date, '/', 1) AS INTEGER) <= 12 
        THEN TRY_CAST(STRPTIME(approval_rejection_date, '%m/%d/%Y') AS DATE)
        
    -- Try YYYY-MM-DD format (ISO format)
    WHEN REGEXP_MATCHES(approval_rejection_date, '^\d{4}-\d{1,2}-\d{1,2}$')
        THEN TRY_CAST(STRPTIME(approval_rejection_date, '%Y-%m-%d') AS DATE)
        
    -- Try generic date parsing as last resort
    ELSE TRY_CAST(approval_rejection_date AS DATE)
END
 as approval_rejection_date,
        approval_rejection_date as approval_rejection_date_raw,
        loan_status
    from source
),

final as (
    select
        customer_id,
        loan_id,
        loan_amount,
        loant_type as loan_type,
        interest_rate,
        loan_term,
        approval_rejection_date,
        loan_status,
        -- Flag records with date parsing issues
        CASE WHEN approval_rejection_date IS NULL AND approval_rejection_date_raw IS NOT NULL
             THEN TRUE ELSE FALSE 
        END as has_date_parsing_error
    from renamed
)

select * from final
  );

[0m02:27:20.783080 [debug] [Thread-1 (]: SQL status: OK in 0.0 seconds
[0m02:27:20.786451 [debug] [Thread-1 (]: Using duckdb connection "model.vg_casestudy.stg_raw_staging__loans"
[0m02:27:20.786709 [debug] [Thread-1 (]: On model.vg_casestudy.stg_raw_staging__loans: /* {"app": "dbt", "dbt_version": "1.6.18", "profile_name": "default", "target_name": "dev", "node_id": "model.vg_casestudy.stg_raw_staging__loans"} */
alter view "casestudy"."staging"."stg_raw_staging__loans" rename to "stg_raw_staging__loans__dbt_backup"
[0m02:27:20.787195 [debug] [Thread-1 (]: SQL status: OK in 0.0 seconds
[0m02:27:20.789993 [debug] [Thread-1 (]: Using duckdb connection "model.vg_casestudy.stg_raw_staging__loans"
[0m02:27:20.790226 [debug] [Thread-1 (]: On model.vg_casestudy.stg_raw_staging__loans: /* {"app": "dbt", "dbt_version": "1.6.18", "profile_name": "default", "target_name": "dev", "node_id": "model.vg_casestudy.stg_raw_staging__loans"} */
alter view "casestudy"."staging"."stg_raw_staging__loans__dbt_tmp" rename to "stg_raw_staging__loans"
[0m02:27:20.790603 [debug] [Thread-1 (]: SQL status: OK in 0.0 seconds
[0m02:27:20.791525 [debug] [Thread-1 (]: On model.vg_casestudy.stg_raw_staging__loans: COMMIT
[0m02:27:20.791730 [debug] [Thread-1 (]: Using duckdb connection "model.vg_casestudy.stg_raw_staging__loans"
[0m02:27:20.791910 [debug] [Thread-1 (]: On model.vg_casestudy.stg_raw_staging__loans: COMMIT
[0m02:27:20.793313 [debug] [Thread-1 (]: SQL status: OK in 0.0 seconds
[0m02:27:20.794571 [debug] [Thread-1 (]: Using duckdb connection "model.vg_casestudy.stg_raw_staging__loans"
[0m02:27:20.794780 [debug] [Thread-1 (]: On model.vg_casestudy.stg_raw_staging__loans: /* {"app": "dbt", "dbt_version": "1.6.18", "profile_name": "default", "target_name": "dev", "node_id": "model.vg_casestudy.stg_raw_staging__loans"} */
drop view if exists "casestudy"."staging"."stg_raw_staging__loans__dbt_backup" cascade
[0m02:27:20.795656 [debug] [Thread-1 (]: SQL status: OK in 0.0 seconds
[0m02:27:20.796382 [debug] [Thread-1 (]: Timing info for model.vg_casestudy.stg_raw_staging__loans (execute): 02:27:20.768682 => 02:27:20.796284
[0m02:27:20.796575 [debug] [Thread-1 (]: On model.vg_casestudy.stg_raw_staging__loans: Close
[0m02:27:20.807139 [debug] [Thread-1 (]: Sending event: {'category': 'dbt', 'action': 'run_model', 'label': '0b0329fb-cf28-4293-b1b2-c45dbb3ba5b0', 'context': [<snowplow_tracker.self_describing_json.SelfDescribingJson object at 0x7185baf51b10>]}
[0m02:27:20.807486 [info ] [Thread-1 (]: 4 of 11 OK created sql view model staging.stg_raw_staging__loans ............... [[32mOK[0m in 0.04s]
[0m02:27:20.807777 [debug] [Thread-1 (]: Finished running node model.vg_casestudy.stg_raw_staging__loans
[0m02:27:20.807985 [debug] [Thread-1 (]: Began running node model.vg_casestudy.stg_raw_staging__transactions
[0m02:27:20.808206 [info ] [Thread-1 (]: 5 of 11 START sql view model staging.stg_raw_staging__transactions ............. [RUN]
[0m02:27:20.808632 [debug] [Thread-1 (]: Re-using an available connection from the pool (formerly model.vg_casestudy.stg_raw_staging__loans, now model.vg_casestudy.stg_raw_staging__transactions)
[0m02:27:20.808899 [debug] [Thread-1 (]: Began compiling node model.vg_casestudy.stg_raw_staging__transactions
[0m02:27:20.810856 [debug] [Thread-1 (]: Writing injected SQL for node "model.vg_casestudy.stg_raw_staging__transactions"
[0m02:27:20.811180 [debug] [Thread-1 (]: Timing info for model.vg_casestudy.stg_raw_staging__transactions (compile): 02:27:20.809020 => 02:27:20.811070
[0m02:27:20.811360 [debug] [Thread-1 (]: Began executing node model.vg_casestudy.stg_raw_staging__transactions
[0m02:27:20.813395 [debug] [Thread-1 (]: Writing runtime sql for node "model.vg_casestudy.stg_raw_staging__transactions"
[0m02:27:20.813669 [debug] [Thread-1 (]: Using duckdb connection "model.vg_casestudy.stg_raw_staging__transactions"
[0m02:27:20.813851 [debug] [Thread-1 (]: On model.vg_casestudy.stg_raw_staging__transactions: BEGIN
[0m02:27:20.814015 [debug] [Thread-1 (]: Opening a new connection, currently in state closed
[0m02:27:20.825772 [debug] [Thread-1 (]: SQL status: OK in 0.0 seconds
[0m02:27:20.826070 [debug] [Thread-1 (]: Using duckdb connection "model.vg_casestudy.stg_raw_staging__transactions"
[0m02:27:20.826318 [debug] [Thread-1 (]: On model.vg_casestudy.stg_raw_staging__transactions: /* {"app": "dbt", "dbt_version": "1.6.18", "profile_name": "default", "target_name": "dev", "node_id": "model.vg_casestudy.stg_raw_staging__transactions"} */

  
  create view "casestudy"."staging"."stg_raw_staging__transactions__dbt_tmp" as (
    with source as (
    select * from "casestudy"."raw"."transactions"
),

renamed as (
    select
        transaction_id,
        
CASE
    -- First try DD.MM.YYYY format (German format with dots)
    WHEN REGEXP_MATCHES(transaction_date, '^\d{1,2}\.\d{1,2}\.\d{4}$') 
        THEN TRY_CAST(STRPTIME(transaction_date, '%d.%m.%Y') AS DATE)
        
    -- Then try DD/MM/YYYY format (with slashes)
    WHEN REGEXP_MATCHES(transaction_date, '^\d{1,2}/\d{1,2}/\d{4}$')
        AND CAST(SPLIT_PART(transaction_date, '/', 1) AS INTEGER) <= 31 
        AND CAST(SPLIT_PART(transaction_date, '/', 2) AS INTEGER) <= 12 
        THEN TRY_CAST(STRPTIME(transaction_date, '%d/%m/%Y') AS DATE)
        
    -- Try MM/DD/YYYY format (US format with slashes)
    WHEN REGEXP_MATCHES(transaction_date, '^\d{1,2}/\d{1,2}/\d{4}$')
        AND CAST(SPLIT_PART(transaction_date, '/', 1) AS INTEGER) <= 12 
        THEN TRY_CAST(STRPTIME(transaction_date, '%m/%d/%Y') AS DATE)
        
    -- Try YYYY-MM-DD format (ISO format)
    WHEN REGEXP_MATCHES(transaction_date, '^\d{4}-\d{1,2}-\d{1,2}$')
        THEN TRY_CAST(STRPTIME(transaction_date, '%Y-%m-%d') AS DATE)
        
    -- Try generic date parsing as last resort
    ELSE TRY_CAST(transaction_date AS DATE)
END
 as transaction_date,
        transaction_date as transaction_date_raw,
        account_id,
        trim(transaction_type) as transaction_type,
        
CASE
    WHEN transaction_amount IS NULL THEN NULL
    -- If the value is already a valid number
    WHEN TRY_CAST(transaction_amount AS DOUBLE) IS NOT NULL 
        THEN TRY_CAST(transaction_amount AS DOUBLE)
    -- If contains both dot and comma (German notation)
    WHEN POSITION('.' IN transaction_amount) > 0 AND POSITION(',' IN transaction_amount) > 0 
        THEN TRY_CAST(REPLACE(REPLACE(TRIM(transaction_amount), '.', ''), ',', '.') AS DOUBLE)
    -- If only contains comma, treat as decimal point
    WHEN POSITION(',' IN transaction_amount) > 0 
        THEN TRY_CAST(REPLACE(TRIM(transaction_amount), ',', '.') AS DOUBLE)
    -- If only contains dots, likely thousands separator
    WHEN POSITION('.' IN transaction_amount) > 0 
        THEN TRY_CAST(REPLACE(TRIM(transaction_amount), '.', '') AS DOUBLE)
    ELSE NULL
END
 as transaction_amount,
        trim(transaction_currency) as transaction_currency
    from source
),

final as (
    select
        transaction_id,
        transaction_date,
        account_id,
        transaction_type,
        transaction_amount,
        transaction_currency,
        -- Flag records with date parsing issues
        CASE WHEN transaction_date IS NULL AND transaction_date_raw IS NOT NULL
             THEN TRUE ELSE FALSE 
        END as has_date_parsing_error
    from renamed
)

select * from final
  );

[0m02:27:20.827503 [debug] [Thread-1 (]: SQL status: OK in 0.0 seconds
[0m02:27:20.829382 [debug] [Thread-1 (]: Using duckdb connection "model.vg_casestudy.stg_raw_staging__transactions"
[0m02:27:20.829581 [debug] [Thread-1 (]: On model.vg_casestudy.stg_raw_staging__transactions: /* {"app": "dbt", "dbt_version": "1.6.18", "profile_name": "default", "target_name": "dev", "node_id": "model.vg_casestudy.stg_raw_staging__transactions"} */
alter view "casestudy"."staging"."stg_raw_staging__transactions" rename to "stg_raw_staging__transactions__dbt_backup"
[0m02:27:20.829936 [debug] [Thread-1 (]: SQL status: OK in 0.0 seconds
[0m02:27:20.831415 [debug] [Thread-1 (]: Using duckdb connection "model.vg_casestudy.stg_raw_staging__transactions"
[0m02:27:20.831612 [debug] [Thread-1 (]: On model.vg_casestudy.stg_raw_staging__transactions: /* {"app": "dbt", "dbt_version": "1.6.18", "profile_name": "default", "target_name": "dev", "node_id": "model.vg_casestudy.stg_raw_staging__transactions"} */
alter view "casestudy"."staging"."stg_raw_staging__transactions__dbt_tmp" rename to "stg_raw_staging__transactions"
[0m02:27:20.831936 [debug] [Thread-1 (]: SQL status: OK in 0.0 seconds
[0m02:27:20.832784 [debug] [Thread-1 (]: On model.vg_casestudy.stg_raw_staging__transactions: COMMIT
[0m02:27:20.832976 [debug] [Thread-1 (]: Using duckdb connection "model.vg_casestudy.stg_raw_staging__transactions"
[0m02:27:20.833146 [debug] [Thread-1 (]: On model.vg_casestudy.stg_raw_staging__transactions: COMMIT
[0m02:27:20.834775 [debug] [Thread-1 (]: SQL status: OK in 0.0 seconds
[0m02:27:20.836044 [debug] [Thread-1 (]: Using duckdb connection "model.vg_casestudy.stg_raw_staging__transactions"
[0m02:27:20.836246 [debug] [Thread-1 (]: On model.vg_casestudy.stg_raw_staging__transactions: /* {"app": "dbt", "dbt_version": "1.6.18", "profile_name": "default", "target_name": "dev", "node_id": "model.vg_casestudy.stg_raw_staging__transactions"} */
drop view if exists "casestudy"."staging"."stg_raw_staging__transactions__dbt_backup" cascade
[0m02:27:20.837315 [debug] [Thread-1 (]: SQL status: OK in 0.0 seconds
[0m02:27:20.838015 [debug] [Thread-1 (]: Timing info for model.vg_casestudy.stg_raw_staging__transactions (execute): 02:27:20.811476 => 02:27:20.837918
[0m02:27:20.838211 [debug] [Thread-1 (]: On model.vg_casestudy.stg_raw_staging__transactions: Close
[0m02:27:20.848695 [debug] [Thread-1 (]: Sending event: {'category': 'dbt', 'action': 'run_model', 'label': '0b0329fb-cf28-4293-b1b2-c45dbb3ba5b0', 'context': [<snowplow_tracker.self_describing_json.SelfDescribingJson object at 0x7185baf53ad0>]}
[0m02:27:20.849036 [info ] [Thread-1 (]: 5 of 11 OK created sql view model staging.stg_raw_staging__transactions ........ [[32mOK[0m in 0.04s]
[0m02:27:20.849342 [debug] [Thread-1 (]: Finished running node model.vg_casestudy.stg_raw_staging__transactions
[0m02:27:20.849558 [debug] [Thread-1 (]: Began running node model.vg_casestudy.stg_staging_intermediate__currencies
[0m02:27:20.849772 [info ] [Thread-1 (]: 6 of 11 START sql table model intermediate.stg_staging_intermediate__currencies  [RUN]
[0m02:27:20.850296 [debug] [Thread-1 (]: Re-using an available connection from the pool (formerly model.vg_casestudy.stg_raw_staging__transactions, now model.vg_casestudy.stg_staging_intermediate__currencies)
[0m02:27:20.850482 [debug] [Thread-1 (]: Began compiling node model.vg_casestudy.stg_staging_intermediate__currencies
[0m02:27:20.852098 [debug] [Thread-1 (]: Writing injected SQL for node "model.vg_casestudy.stg_staging_intermediate__currencies"
[0m02:27:20.852459 [debug] [Thread-1 (]: Timing info for model.vg_casestudy.stg_staging_intermediate__currencies (compile): 02:27:20.850597 => 02:27:20.852351
[0m02:27:20.852637 [debug] [Thread-1 (]: Began executing node model.vg_casestudy.stg_staging_intermediate__currencies
[0m02:27:20.863987 [debug] [Thread-1 (]: Writing runtime sql for node "model.vg_casestudy.stg_staging_intermediate__currencies"
[0m02:27:20.864480 [debug] [Thread-1 (]: Using duckdb connection "model.vg_casestudy.stg_staging_intermediate__currencies"
[0m02:27:20.864673 [debug] [Thread-1 (]: On model.vg_casestudy.stg_staging_intermediate__currencies: BEGIN
[0m02:27:20.864849 [debug] [Thread-1 (]: Opening a new connection, currently in state closed
[0m02:27:20.872376 [debug] [Thread-1 (]: SQL status: OK in 0.0 seconds
[0m02:27:20.872701 [debug] [Thread-1 (]: Using duckdb connection "model.vg_casestudy.stg_staging_intermediate__currencies"
[0m02:27:20.872896 [debug] [Thread-1 (]: On model.vg_casestudy.stg_staging_intermediate__currencies: /* {"app": "dbt", "dbt_version": "1.6.18", "profile_name": "default", "target_name": "dev", "node_id": "model.vg_casestudy.stg_staging_intermediate__currencies"} */

  
    
    

    create  table
      "casestudy"."intermediate"."stg_staging_intermediate__currencies__dbt_tmp"
  
    as (
      with staging as (
    select * from "casestudy"."raw"."currencies"
),
cleaned as (
    select distinct
        trim(currency) as currency,
        trim(currency_iso_code) as currency_iso_code,
    from staging
    where currency_iso_code is not null and trim(currency_iso_code) != '(none)'
)

select * from cleaned
    );
  
  
[0m02:27:20.877516 [debug] [Thread-1 (]: Timing info for model.vg_casestudy.stg_staging_intermediate__currencies (execute): 02:27:20.852754 => 02:27:20.877384
[0m02:27:20.877721 [debug] [Thread-1 (]: On model.vg_casestudy.stg_staging_intermediate__currencies: ROLLBACK
[0m02:27:20.879593 [debug] [Thread-1 (]: Failed to rollback 'model.vg_casestudy.stg_staging_intermediate__currencies'
[0m02:27:20.879802 [debug] [Thread-1 (]: On model.vg_casestudy.stg_staging_intermediate__currencies: Close
[0m02:27:20.882191 [debug] [Thread-1 (]: Runtime Error in model stg_staging_intermediate__currencies (models/intermediate/stg_staging_intermediate__currencies.sql)
  Catalog Error: Table with name currencies does not exist!
  Did you mean "staging.currencies"?
  
  LINE 12:     select * from "casestudy"."raw"."currencies"
                             ^
[0m02:27:20.882474 [debug] [Thread-1 (]: Sending event: {'category': 'dbt', 'action': 'run_model', 'label': '0b0329fb-cf28-4293-b1b2-c45dbb3ba5b0', 'context': [<snowplow_tracker.self_describing_json.SelfDescribingJson object at 0x7185bafabb10>]}
[0m02:27:20.882802 [error] [Thread-1 (]: 6 of 11 ERROR creating sql table model intermediate.stg_staging_intermediate__currencies  [[31mERROR[0m in 0.03s]
[0m02:27:20.883113 [debug] [Thread-1 (]: Finished running node model.vg_casestudy.stg_staging_intermediate__currencies
[0m02:27:20.883342 [debug] [Thread-1 (]: Began running node model.vg_casestudy.stg_staging_intermediate__accounts
[0m02:27:20.884453 [info ] [Thread-1 (]: 7 of 11 START sql table model intermediate.stg_staging_intermediate__accounts .. [RUN]
[0m02:27:20.884782 [debug] [Thread-1 (]: Re-using an available connection from the pool (formerly model.vg_casestudy.stg_staging_intermediate__currencies, now model.vg_casestudy.stg_staging_intermediate__accounts)
[0m02:27:20.884962 [debug] [Thread-1 (]: Began compiling node model.vg_casestudy.stg_staging_intermediate__accounts
[0m02:27:20.886719 [debug] [Thread-1 (]: Writing injected SQL for node "model.vg_casestudy.stg_staging_intermediate__accounts"
[0m02:27:20.887054 [debug] [Thread-1 (]: Timing info for model.vg_casestudy.stg_staging_intermediate__accounts (compile): 02:27:20.885073 => 02:27:20.886946
[0m02:27:20.887255 [debug] [Thread-1 (]: Began executing node model.vg_casestudy.stg_staging_intermediate__accounts
[0m02:27:20.889240 [debug] [Thread-1 (]: Writing runtime sql for node "model.vg_casestudy.stg_staging_intermediate__accounts"
[0m02:27:20.889526 [debug] [Thread-1 (]: Using duckdb connection "model.vg_casestudy.stg_staging_intermediate__accounts"
[0m02:27:20.889715 [debug] [Thread-1 (]: On model.vg_casestudy.stg_staging_intermediate__accounts: BEGIN
[0m02:27:20.889882 [debug] [Thread-1 (]: Opening a new connection, currently in state closed
[0m02:27:20.897399 [debug] [Thread-1 (]: SQL status: OK in 0.0 seconds
[0m02:27:20.897926 [debug] [Thread-1 (]: Using duckdb connection "model.vg_casestudy.stg_staging_intermediate__accounts"
[0m02:27:20.898139 [debug] [Thread-1 (]: On model.vg_casestudy.stg_staging_intermediate__accounts: /* {"app": "dbt", "dbt_version": "1.6.18", "profile_name": "default", "target_name": "dev", "node_id": "model.vg_casestudy.stg_staging_intermediate__accounts"} */

  
    
    

    create  table
      "casestudy"."intermediate"."stg_staging_intermediate__accounts__dbt_tmp"
  
    as (
      with staging as (
    select * from "casestudy"."staging"."stg_raw_staging__accounts"
), 
filtered as (
    select 
        account_id,
        customer_id,
        account_type,
        account_opening_date,
     from staging
    where not has_date_parsing_error
)

select * from filtered
    );
  
  
[0m02:27:20.904099 [debug] [Thread-1 (]: SQL status: OK in 0.0 seconds
[0m02:27:20.906335 [debug] [Thread-1 (]: Using duckdb connection "model.vg_casestudy.stg_staging_intermediate__accounts"
[0m02:27:20.906575 [debug] [Thread-1 (]: On model.vg_casestudy.stg_staging_intermediate__accounts: /* {"app": "dbt", "dbt_version": "1.6.18", "profile_name": "default", "target_name": "dev", "node_id": "model.vg_casestudy.stg_staging_intermediate__accounts"} */
alter table "casestudy"."intermediate"."stg_staging_intermediate__accounts" rename to "stg_staging_intermediate__accounts__dbt_backup"
[0m02:27:20.906993 [debug] [Thread-1 (]: SQL status: OK in 0.0 seconds
[0m02:27:20.908593 [debug] [Thread-1 (]: Using duckdb connection "model.vg_casestudy.stg_staging_intermediate__accounts"
[0m02:27:20.908797 [debug] [Thread-1 (]: On model.vg_casestudy.stg_staging_intermediate__accounts: /* {"app": "dbt", "dbt_version": "1.6.18", "profile_name": "default", "target_name": "dev", "node_id": "model.vg_casestudy.stg_staging_intermediate__accounts"} */
alter table "casestudy"."intermediate"."stg_staging_intermediate__accounts__dbt_tmp" rename to "stg_staging_intermediate__accounts"
[0m02:27:20.909131 [debug] [Thread-1 (]: SQL status: OK in 0.0 seconds
[0m02:27:20.912009 [debug] [Thread-1 (]: On model.vg_casestudy.stg_staging_intermediate__accounts: COMMIT
[0m02:27:20.912228 [debug] [Thread-1 (]: Using duckdb connection "model.vg_casestudy.stg_staging_intermediate__accounts"
[0m02:27:20.912404 [debug] [Thread-1 (]: On model.vg_casestudy.stg_staging_intermediate__accounts: COMMIT
[0m02:27:20.914005 [debug] [Thread-1 (]: SQL status: OK in 0.0 seconds
[0m02:27:20.915368 [debug] [Thread-1 (]: Using duckdb connection "model.vg_casestudy.stg_staging_intermediate__accounts"
[0m02:27:20.915577 [debug] [Thread-1 (]: On model.vg_casestudy.stg_staging_intermediate__accounts: /* {"app": "dbt", "dbt_version": "1.6.18", "profile_name": "default", "target_name": "dev", "node_id": "model.vg_casestudy.stg_staging_intermediate__accounts"} */
drop table if exists "casestudy"."intermediate"."stg_staging_intermediate__accounts__dbt_backup" cascade
[0m02:27:20.916477 [debug] [Thread-1 (]: SQL status: OK in 0.0 seconds
[0m02:27:20.917211 [debug] [Thread-1 (]: Timing info for model.vg_casestudy.stg_staging_intermediate__accounts (execute): 02:27:20.887376 => 02:27:20.917101
[0m02:27:20.917443 [debug] [Thread-1 (]: On model.vg_casestudy.stg_staging_intermediate__accounts: Close
[0m02:27:20.931394 [debug] [Thread-1 (]: Sending event: {'category': 'dbt', 'action': 'run_model', 'label': '0b0329fb-cf28-4293-b1b2-c45dbb3ba5b0', 'context': [<snowplow_tracker.self_describing_json.SelfDescribingJson object at 0x7185bb18ead0>]}
[0m02:27:20.932024 [info ] [Thread-1 (]: 7 of 11 OK created sql table model intermediate.stg_staging_intermediate__accounts  [[32mOK[0m in 0.05s]
[0m02:27:20.932554 [debug] [Thread-1 (]: Finished running node model.vg_casestudy.stg_staging_intermediate__accounts
[0m02:27:20.932834 [debug] [Thread-1 (]: Began running node model.vg_casestudy.stg_staging_intermediate__customers
[0m02:27:20.933209 [info ] [Thread-1 (]: 8 of 11 START sql table model intermediate.stg_staging_intermediate__customers . [RUN]
[0m02:27:20.933633 [debug] [Thread-1 (]: Re-using an available connection from the pool (formerly model.vg_casestudy.stg_staging_intermediate__accounts, now model.vg_casestudy.stg_staging_intermediate__customers)
[0m02:27:20.933865 [debug] [Thread-1 (]: Began compiling node model.vg_casestudy.stg_staging_intermediate__customers
[0m02:27:20.935587 [debug] [Thread-1 (]: Writing injected SQL for node "model.vg_casestudy.stg_staging_intermediate__customers"
[0m02:27:20.935930 [debug] [Thread-1 (]: Timing info for model.vg_casestudy.stg_staging_intermediate__customers (compile): 02:27:20.933995 => 02:27:20.935819
[0m02:27:20.936114 [debug] [Thread-1 (]: Began executing node model.vg_casestudy.stg_staging_intermediate__customers
[0m02:27:20.938259 [debug] [Thread-1 (]: Writing runtime sql for node "model.vg_casestudy.stg_staging_intermediate__customers"
[0m02:27:20.938557 [debug] [Thread-1 (]: Using duckdb connection "model.vg_casestudy.stg_staging_intermediate__customers"
[0m02:27:20.938745 [debug] [Thread-1 (]: On model.vg_casestudy.stg_staging_intermediate__customers: BEGIN
[0m02:27:20.938917 [debug] [Thread-1 (]: Opening a new connection, currently in state closed
[0m02:27:20.947048 [debug] [Thread-1 (]: SQL status: OK in 0.0 seconds
[0m02:27:20.947293 [debug] [Thread-1 (]: Using duckdb connection "model.vg_casestudy.stg_staging_intermediate__customers"
[0m02:27:20.947490 [debug] [Thread-1 (]: On model.vg_casestudy.stg_staging_intermediate__customers: /* {"app": "dbt", "dbt_version": "1.6.18", "profile_name": "default", "target_name": "dev", "node_id": "model.vg_casestudy.stg_staging_intermediate__customers"} */

  
    
    

    create  table
      "casestudy"."intermediate"."stg_staging_intermediate__customers__dbt_tmp"
  
    as (
      with staging as (
    select * from "casestudy"."staging"."stg_raw_staging__customers"
)

select * from staging
    );
  
  
[0m02:27:20.952704 [debug] [Thread-1 (]: SQL status: OK in 0.0 seconds
[0m02:27:20.954639 [debug] [Thread-1 (]: Using duckdb connection "model.vg_casestudy.stg_staging_intermediate__customers"
[0m02:27:20.954876 [debug] [Thread-1 (]: On model.vg_casestudy.stg_staging_intermediate__customers: /* {"app": "dbt", "dbt_version": "1.6.18", "profile_name": "default", "target_name": "dev", "node_id": "model.vg_casestudy.stg_staging_intermediate__customers"} */
alter table "casestudy"."intermediate"."stg_staging_intermediate__customers" rename to "stg_staging_intermediate__customers__dbt_backup"
[0m02:27:20.955284 [debug] [Thread-1 (]: SQL status: OK in 0.0 seconds
[0m02:27:20.957227 [debug] [Thread-1 (]: Using duckdb connection "model.vg_casestudy.stg_staging_intermediate__customers"
[0m02:27:20.957460 [debug] [Thread-1 (]: On model.vg_casestudy.stg_staging_intermediate__customers: /* {"app": "dbt", "dbt_version": "1.6.18", "profile_name": "default", "target_name": "dev", "node_id": "model.vg_casestudy.stg_staging_intermediate__customers"} */
alter table "casestudy"."intermediate"."stg_staging_intermediate__customers__dbt_tmp" rename to "stg_staging_intermediate__customers"
[0m02:27:20.957877 [debug] [Thread-1 (]: SQL status: OK in 0.0 seconds
[0m02:27:20.960817 [debug] [Thread-1 (]: On model.vg_casestudy.stg_staging_intermediate__customers: COMMIT
[0m02:27:20.961036 [debug] [Thread-1 (]: Using duckdb connection "model.vg_casestudy.stg_staging_intermediate__customers"
[0m02:27:20.961231 [debug] [Thread-1 (]: On model.vg_casestudy.stg_staging_intermediate__customers: COMMIT
[0m02:27:20.963294 [debug] [Thread-1 (]: SQL status: OK in 0.0 seconds
[0m02:27:20.964647 [debug] [Thread-1 (]: Using duckdb connection "model.vg_casestudy.stg_staging_intermediate__customers"
[0m02:27:20.964861 [debug] [Thread-1 (]: On model.vg_casestudy.stg_staging_intermediate__customers: /* {"app": "dbt", "dbt_version": "1.6.18", "profile_name": "default", "target_name": "dev", "node_id": "model.vg_casestudy.stg_staging_intermediate__customers"} */
drop table if exists "casestudy"."intermediate"."stg_staging_intermediate__customers__dbt_backup" cascade
[0m02:27:20.965782 [debug] [Thread-1 (]: SQL status: OK in 0.0 seconds
[0m02:27:20.966535 [debug] [Thread-1 (]: Timing info for model.vg_casestudy.stg_staging_intermediate__customers (execute): 02:27:20.936258 => 02:27:20.966435
[0m02:27:20.966736 [debug] [Thread-1 (]: On model.vg_casestudy.stg_staging_intermediate__customers: Close
[0m02:27:20.982153 [debug] [Thread-1 (]: Sending event: {'category': 'dbt', 'action': 'run_model', 'label': '0b0329fb-cf28-4293-b1b2-c45dbb3ba5b0', 'context': [<snowplow_tracker.self_describing_json.SelfDescribingJson object at 0x7185bb02d5d0>]}
[0m02:27:20.982605 [info ] [Thread-1 (]: 8 of 11 OK created sql table model intermediate.stg_staging_intermediate__customers  [[32mOK[0m in 0.05s]
[0m02:27:20.982940 [debug] [Thread-1 (]: Finished running node model.vg_casestudy.stg_staging_intermediate__customers
[0m02:27:20.983175 [debug] [Thread-1 (]: Began running node model.vg_casestudy.stg_staging_intermediate__fx_rates
[0m02:27:20.983521 [info ] [Thread-1 (]: 9 of 11 START sql table model intermediate.stg_staging_intermediate__fx_rates .. [RUN]
[0m02:27:20.983874 [debug] [Thread-1 (]: Re-using an available connection from the pool (formerly model.vg_casestudy.stg_staging_intermediate__customers, now model.vg_casestudy.stg_staging_intermediate__fx_rates)
[0m02:27:20.984067 [debug] [Thread-1 (]: Began compiling node model.vg_casestudy.stg_staging_intermediate__fx_rates
[0m02:27:20.985844 [debug] [Thread-1 (]: Writing injected SQL for node "model.vg_casestudy.stg_staging_intermediate__fx_rates"
[0m02:27:20.986189 [debug] [Thread-1 (]: Timing info for model.vg_casestudy.stg_staging_intermediate__fx_rates (compile): 02:27:20.984201 => 02:27:20.986073
[0m02:27:20.986401 [debug] [Thread-1 (]: Began executing node model.vg_casestudy.stg_staging_intermediate__fx_rates
[0m02:27:20.988557 [debug] [Thread-1 (]: Writing runtime sql for node "model.vg_casestudy.stg_staging_intermediate__fx_rates"
[0m02:27:20.988842 [debug] [Thread-1 (]: Using duckdb connection "model.vg_casestudy.stg_staging_intermediate__fx_rates"
[0m02:27:20.989023 [debug] [Thread-1 (]: On model.vg_casestudy.stg_staging_intermediate__fx_rates: BEGIN
[0m02:27:20.989206 [debug] [Thread-1 (]: Opening a new connection, currently in state closed
[0m02:27:20.996631 [debug] [Thread-1 (]: SQL status: OK in 0.0 seconds
[0m02:27:20.997065 [debug] [Thread-1 (]: Using duckdb connection "model.vg_casestudy.stg_staging_intermediate__fx_rates"
[0m02:27:20.997288 [debug] [Thread-1 (]: On model.vg_casestudy.stg_staging_intermediate__fx_rates: /* {"app": "dbt", "dbt_version": "1.6.18", "profile_name": "default", "target_name": "dev", "node_id": "model.vg_casestudy.stg_staging_intermediate__fx_rates"} */

  
    
    

    create  table
      "casestudy"."intermediate"."stg_staging_intermediate__fx_rates__dbt_tmp"
  
    as (
      with staging as (
    select * from "casestudy"."staging"."stg_raw_staging__fx_rates"
),

filtered as (
    select
        currency_iso_code,
        fx_rate,
        fx_rate_date
    from staging
    where not has_date_parsing_error
)

select * from filtered
    );
  
  
[0m02:27:20.999717 [debug] [Thread-1 (]: SQL status: OK in 0.0 seconds
[0m02:27:21.001525 [debug] [Thread-1 (]: Using duckdb connection "model.vg_casestudy.stg_staging_intermediate__fx_rates"
[0m02:27:21.001750 [debug] [Thread-1 (]: On model.vg_casestudy.stg_staging_intermediate__fx_rates: /* {"app": "dbt", "dbt_version": "1.6.18", "profile_name": "default", "target_name": "dev", "node_id": "model.vg_casestudy.stg_staging_intermediate__fx_rates"} */
alter table "casestudy"."intermediate"."stg_staging_intermediate__fx_rates" rename to "stg_staging_intermediate__fx_rates__dbt_backup"
[0m02:27:21.002110 [debug] [Thread-1 (]: SQL status: OK in 0.0 seconds
[0m02:27:21.003785 [debug] [Thread-1 (]: Using duckdb connection "model.vg_casestudy.stg_staging_intermediate__fx_rates"
[0m02:27:21.004034 [debug] [Thread-1 (]: On model.vg_casestudy.stg_staging_intermediate__fx_rates: /* {"app": "dbt", "dbt_version": "1.6.18", "profile_name": "default", "target_name": "dev", "node_id": "model.vg_casestudy.stg_staging_intermediate__fx_rates"} */
alter table "casestudy"."intermediate"."stg_staging_intermediate__fx_rates__dbt_tmp" rename to "stg_staging_intermediate__fx_rates"
[0m02:27:21.004395 [debug] [Thread-1 (]: SQL status: OK in 0.0 seconds
[0m02:27:21.005426 [debug] [Thread-1 (]: On model.vg_casestudy.stg_staging_intermediate__fx_rates: COMMIT
[0m02:27:21.005646 [debug] [Thread-1 (]: Using duckdb connection "model.vg_casestudy.stg_staging_intermediate__fx_rates"
[0m02:27:21.005834 [debug] [Thread-1 (]: On model.vg_casestudy.stg_staging_intermediate__fx_rates: COMMIT
[0m02:27:21.007308 [debug] [Thread-1 (]: SQL status: OK in 0.0 seconds
[0m02:27:21.008698 [debug] [Thread-1 (]: Using duckdb connection "model.vg_casestudy.stg_staging_intermediate__fx_rates"
[0m02:27:21.008917 [debug] [Thread-1 (]: On model.vg_casestudy.stg_staging_intermediate__fx_rates: /* {"app": "dbt", "dbt_version": "1.6.18", "profile_name": "default", "target_name": "dev", "node_id": "model.vg_casestudy.stg_staging_intermediate__fx_rates"} */
drop table if exists "casestudy"."intermediate"."stg_staging_intermediate__fx_rates__dbt_backup" cascade
[0m02:27:21.009857 [debug] [Thread-1 (]: SQL status: OK in 0.0 seconds
[0m02:27:21.010606 [debug] [Thread-1 (]: Timing info for model.vg_casestudy.stg_staging_intermediate__fx_rates (execute): 02:27:20.986526 => 02:27:21.010506
[0m02:27:21.010809 [debug] [Thread-1 (]: On model.vg_casestudy.stg_staging_intermediate__fx_rates: Close
[0m02:27:21.022003 [debug] [Thread-1 (]: Sending event: {'category': 'dbt', 'action': 'run_model', 'label': '0b0329fb-cf28-4293-b1b2-c45dbb3ba5b0', 'context': [<snowplow_tracker.self_describing_json.SelfDescribingJson object at 0x7185bb02cf90>]}
[0m02:27:21.022387 [info ] [Thread-1 (]: 9 of 11 OK created sql table model intermediate.stg_staging_intermediate__fx_rates  [[32mOK[0m in 0.04s]
[0m02:27:21.022702 [debug] [Thread-1 (]: Finished running node model.vg_casestudy.stg_staging_intermediate__fx_rates
[0m02:27:21.022924 [debug] [Thread-1 (]: Began running node model.vg_casestudy.stg_staging_intermediate__loans
[0m02:27:21.023440 [info ] [Thread-1 (]: 10 of 11 START sql table model intermediate.stg_staging_intermediate__loans .... [RUN]
[0m02:27:21.024340 [debug] [Thread-1 (]: Re-using an available connection from the pool (formerly model.vg_casestudy.stg_staging_intermediate__fx_rates, now model.vg_casestudy.stg_staging_intermediate__loans)
[0m02:27:21.024810 [debug] [Thread-1 (]: Began compiling node model.vg_casestudy.stg_staging_intermediate__loans
[0m02:27:21.027337 [debug] [Thread-1 (]: Writing injected SQL for node "model.vg_casestudy.stg_staging_intermediate__loans"
[0m02:27:21.027645 [debug] [Thread-1 (]: Timing info for model.vg_casestudy.stg_staging_intermediate__loans (compile): 02:27:21.025103 => 02:27:21.027544
[0m02:27:21.027823 [debug] [Thread-1 (]: Began executing node model.vg_casestudy.stg_staging_intermediate__loans
[0m02:27:21.029816 [debug] [Thread-1 (]: Writing runtime sql for node "model.vg_casestudy.stg_staging_intermediate__loans"
[0m02:27:21.030109 [debug] [Thread-1 (]: Using duckdb connection "model.vg_casestudy.stg_staging_intermediate__loans"
[0m02:27:21.030313 [debug] [Thread-1 (]: On model.vg_casestudy.stg_staging_intermediate__loans: BEGIN
[0m02:27:21.030490 [debug] [Thread-1 (]: Opening a new connection, currently in state closed
[0m02:27:21.037801 [debug] [Thread-1 (]: SQL status: OK in 0.0 seconds
[0m02:27:21.038256 [debug] [Thread-1 (]: Using duckdb connection "model.vg_casestudy.stg_staging_intermediate__loans"
[0m02:27:21.038524 [debug] [Thread-1 (]: On model.vg_casestudy.stg_staging_intermediate__loans: /* {"app": "dbt", "dbt_version": "1.6.18", "profile_name": "default", "target_name": "dev", "node_id": "model.vg_casestudy.stg_staging_intermediate__loans"} */

  
    
    

    create  table
      "casestudy"."intermediate"."stg_staging_intermediate__loans__dbt_tmp"
  
    as (
      with staging as (
    select * from "casestudy"."staging"."stg_raw_staging__loans"
),

filtered as (
    select
        customer_id,
        loan_id,
        loan_amount,
        loan_type,
        interest_rate,
        loan_term,
        approval_rejection_date,
        loan_status
    from staging
    where not has_date_parsing_error
)

select * from filtered
    );
  
  
[0m02:27:21.047716 [debug] [Thread-1 (]: SQL status: OK in 0.0 seconds
[0m02:27:21.049690 [debug] [Thread-1 (]: Using duckdb connection "model.vg_casestudy.stg_staging_intermediate__loans"
[0m02:27:21.049918 [debug] [Thread-1 (]: On model.vg_casestudy.stg_staging_intermediate__loans: /* {"app": "dbt", "dbt_version": "1.6.18", "profile_name": "default", "target_name": "dev", "node_id": "model.vg_casestudy.stg_staging_intermediate__loans"} */
alter table "casestudy"."intermediate"."stg_staging_intermediate__loans" rename to "stg_staging_intermediate__loans__dbt_backup"
[0m02:27:21.050300 [debug] [Thread-1 (]: SQL status: OK in 0.0 seconds
[0m02:27:21.053199 [debug] [Thread-1 (]: Using duckdb connection "model.vg_casestudy.stg_staging_intermediate__loans"
[0m02:27:21.053422 [debug] [Thread-1 (]: On model.vg_casestudy.stg_staging_intermediate__loans: /* {"app": "dbt", "dbt_version": "1.6.18", "profile_name": "default", "target_name": "dev", "node_id": "model.vg_casestudy.stg_staging_intermediate__loans"} */
alter table "casestudy"."intermediate"."stg_staging_intermediate__loans__dbt_tmp" rename to "stg_staging_intermediate__loans"
[0m02:27:21.053784 [debug] [Thread-1 (]: SQL status: OK in 0.0 seconds
[0m02:27:21.054848 [debug] [Thread-1 (]: On model.vg_casestudy.stg_staging_intermediate__loans: COMMIT
[0m02:27:21.055058 [debug] [Thread-1 (]: Using duckdb connection "model.vg_casestudy.stg_staging_intermediate__loans"
[0m02:27:21.055245 [debug] [Thread-1 (]: On model.vg_casestudy.stg_staging_intermediate__loans: COMMIT
[0m02:27:21.057298 [debug] [Thread-1 (]: SQL status: OK in 0.0 seconds
[0m02:27:21.058743 [debug] [Thread-1 (]: Using duckdb connection "model.vg_casestudy.stg_staging_intermediate__loans"
[0m02:27:21.058960 [debug] [Thread-1 (]: On model.vg_casestudy.stg_staging_intermediate__loans: /* {"app": "dbt", "dbt_version": "1.6.18", "profile_name": "default", "target_name": "dev", "node_id": "model.vg_casestudy.stg_staging_intermediate__loans"} */
drop table if exists "casestudy"."intermediate"."stg_staging_intermediate__loans__dbt_backup" cascade
[0m02:27:21.060983 [debug] [Thread-1 (]: SQL status: OK in 0.0 seconds
[0m02:27:21.061846 [debug] [Thread-1 (]: Timing info for model.vg_casestudy.stg_staging_intermediate__loans (execute): 02:27:21.027939 => 02:27:21.061739
[0m02:27:21.062048 [debug] [Thread-1 (]: On model.vg_casestudy.stg_staging_intermediate__loans: Close
[0m02:27:21.079968 [debug] [Thread-1 (]: Sending event: {'category': 'dbt', 'action': 'run_model', 'label': '0b0329fb-cf28-4293-b1b2-c45dbb3ba5b0', 'context': [<snowplow_tracker.self_describing_json.SelfDescribingJson object at 0x7185bb0358d0>]}
[0m02:27:21.080476 [info ] [Thread-1 (]: 10 of 11 OK created sql table model intermediate.stg_staging_intermediate__loans  [[32mOK[0m in 0.06s]
[0m02:27:21.080873 [debug] [Thread-1 (]: Finished running node model.vg_casestudy.stg_staging_intermediate__loans
[0m02:27:21.081149 [debug] [Thread-1 (]: Began running node model.vg_casestudy.stg_staging_intermediate__transactions
[0m02:27:21.081473 [info ] [Thread-1 (]: 11 of 11 START sql table model intermediate.stg_staging_intermediate__transactions  [RUN]
[0m02:27:21.081869 [debug] [Thread-1 (]: Re-using an available connection from the pool (formerly model.vg_casestudy.stg_staging_intermediate__loans, now model.vg_casestudy.stg_staging_intermediate__transactions)
[0m02:27:21.082076 [debug] [Thread-1 (]: Began compiling node model.vg_casestudy.stg_staging_intermediate__transactions
[0m02:27:21.084085 [debug] [Thread-1 (]: Writing injected SQL for node "model.vg_casestudy.stg_staging_intermediate__transactions"
[0m02:27:21.084555 [debug] [Thread-1 (]: Timing info for model.vg_casestudy.stg_staging_intermediate__transactions (compile): 02:27:21.082210 => 02:27:21.084403
[0m02:27:21.084754 [debug] [Thread-1 (]: Began executing node model.vg_casestudy.stg_staging_intermediate__transactions
[0m02:27:21.088067 [debug] [Thread-1 (]: Writing runtime sql for node "model.vg_casestudy.stg_staging_intermediate__transactions"
[0m02:27:21.088855 [debug] [Thread-1 (]: Using duckdb connection "model.vg_casestudy.stg_staging_intermediate__transactions"
[0m02:27:21.089298 [debug] [Thread-1 (]: On model.vg_casestudy.stg_staging_intermediate__transactions: BEGIN
[0m02:27:21.089669 [debug] [Thread-1 (]: Opening a new connection, currently in state closed
[0m02:27:21.106581 [debug] [Thread-1 (]: SQL status: OK in 0.0 seconds
[0m02:27:21.107484 [debug] [Thread-1 (]: Using duckdb connection "model.vg_casestudy.stg_staging_intermediate__transactions"
[0m02:27:21.107791 [debug] [Thread-1 (]: On model.vg_casestudy.stg_staging_intermediate__transactions: /* {"app": "dbt", "dbt_version": "1.6.18", "profile_name": "default", "target_name": "dev", "node_id": "model.vg_casestudy.stg_staging_intermediate__transactions"} */

  
    
    

    create  table
      "casestudy"."intermediate"."stg_staging_intermediate__transactions__dbt_tmp"
  
    as (
      with staging as (
    select * from "casestudy"."staging"."stg_raw_staging__transactions"
),

filtered as (
    select
        transaction_id,
        transaction_date,
        account_id,
        transaction_type,
        transaction_amount,
        transaction_currency
    from staging
    where not has_date_parsing_error
)

select * from filtered
    );
  
  
[0m02:27:21.147469 [debug] [Thread-1 (]: SQL status: OK in 0.0 seconds
[0m02:27:21.149798 [debug] [Thread-1 (]: Using duckdb connection "model.vg_casestudy.stg_staging_intermediate__transactions"
[0m02:27:21.150036 [debug] [Thread-1 (]: On model.vg_casestudy.stg_staging_intermediate__transactions: /* {"app": "dbt", "dbt_version": "1.6.18", "profile_name": "default", "target_name": "dev", "node_id": "model.vg_casestudy.stg_staging_intermediate__transactions"} */
alter table "casestudy"."intermediate"."stg_staging_intermediate__transactions" rename to "stg_staging_intermediate__transactions__dbt_backup"
[0m02:27:21.150537 [debug] [Thread-1 (]: SQL status: OK in 0.0 seconds
[0m02:27:21.152231 [debug] [Thread-1 (]: Using duckdb connection "model.vg_casestudy.stg_staging_intermediate__transactions"
[0m02:27:21.152438 [debug] [Thread-1 (]: On model.vg_casestudy.stg_staging_intermediate__transactions: /* {"app": "dbt", "dbt_version": "1.6.18", "profile_name": "default", "target_name": "dev", "node_id": "model.vg_casestudy.stg_staging_intermediate__transactions"} */
alter table "casestudy"."intermediate"."stg_staging_intermediate__transactions__dbt_tmp" rename to "stg_staging_intermediate__transactions"
[0m02:27:21.152818 [debug] [Thread-1 (]: SQL status: OK in 0.0 seconds
[0m02:27:21.153780 [debug] [Thread-1 (]: On model.vg_casestudy.stg_staging_intermediate__transactions: COMMIT
[0m02:27:21.153980 [debug] [Thread-1 (]: Using duckdb connection "model.vg_casestudy.stg_staging_intermediate__transactions"
[0m02:27:21.154158 [debug] [Thread-1 (]: On model.vg_casestudy.stg_staging_intermediate__transactions: COMMIT
[0m02:27:21.159053 [debug] [Thread-1 (]: SQL status: OK in 0.0 seconds
[0m02:27:21.160450 [debug] [Thread-1 (]: Using duckdb connection "model.vg_casestudy.stg_staging_intermediate__transactions"
[0m02:27:21.160650 [debug] [Thread-1 (]: On model.vg_casestudy.stg_staging_intermediate__transactions: /* {"app": "dbt", "dbt_version": "1.6.18", "profile_name": "default", "target_name": "dev", "node_id": "model.vg_casestudy.stg_staging_intermediate__transactions"} */
drop table if exists "casestudy"."intermediate"."stg_staging_intermediate__transactions__dbt_backup" cascade
[0m02:27:21.161544 [debug] [Thread-1 (]: SQL status: OK in 0.0 seconds
[0m02:27:21.162335 [debug] [Thread-1 (]: Timing info for model.vg_casestudy.stg_staging_intermediate__transactions (execute): 02:27:21.084905 => 02:27:21.162239
[0m02:27:21.162526 [debug] [Thread-1 (]: On model.vg_casestudy.stg_staging_intermediate__transactions: Close
[0m02:27:21.185757 [debug] [Thread-1 (]: Sending event: {'category': 'dbt', 'action': 'run_model', 'label': '0b0329fb-cf28-4293-b1b2-c45dbb3ba5b0', 'context': [<snowplow_tracker.self_describing_json.SelfDescribingJson object at 0x7185c1d2c210>]}
[0m02:27:21.186190 [info ] [Thread-1 (]: 11 of 11 OK created sql table model intermediate.stg_staging_intermediate__transactions  [[32mOK[0m in 0.10s]
[0m02:27:21.186509 [debug] [Thread-1 (]: Finished running node model.vg_casestudy.stg_staging_intermediate__transactions
[0m02:27:21.188739 [debug] [MainThread]: Using duckdb connection "master"
[0m02:27:21.189277 [debug] [MainThread]: On master: BEGIN
[0m02:27:21.189456 [debug] [MainThread]: Opening a new connection, currently in state closed
[0m02:27:21.197283 [debug] [MainThread]: SQL status: OK in 0.0 seconds
[0m02:27:21.197498 [debug] [MainThread]: On master: COMMIT
[0m02:27:21.197651 [debug] [MainThread]: Using duckdb connection "master"
[0m02:27:21.197793 [debug] [MainThread]: On master: COMMIT
[0m02:27:21.198024 [debug] [MainThread]: SQL status: OK in 0.0 seconds
[0m02:27:21.198199 [debug] [MainThread]: On master: Close
[0m02:27:21.199530 [debug] [MainThread]: Connection 'master' was properly closed.
[0m02:27:21.199736 [debug] [MainThread]: Connection 'list_casestudy_raw' was properly closed.
[0m02:27:21.199883 [debug] [MainThread]: Connection 'model.vg_casestudy.stg_staging_intermediate__transactions' was properly closed.
[0m02:27:21.200094 [info ] [MainThread]: 
[0m02:27:21.200286 [info ] [MainThread]: Finished running 5 view models, 6 table models in 0 hours 0 minutes and 5.24 seconds (5.24s).
[0m02:27:21.201154 [debug] [MainThread]: Command end result
[0m02:27:21.261516 [info ] [MainThread]: 
[0m02:27:21.261839 [info ] [MainThread]: [31mCompleted with 1 error and 0 warnings:[0m
[0m02:27:21.262014 [info ] [MainThread]: 
[0m02:27:21.262185 [error] [MainThread]:   Runtime Error in model stg_staging_intermediate__currencies (models/intermediate/stg_staging_intermediate__currencies.sql)
  Catalog Error: Table with name currencies does not exist!
  Did you mean "staging.currencies"?
  
  LINE 12:     select * from "casestudy"."raw"."currencies"
                             ^
[0m02:27:21.262355 [info ] [MainThread]: 
[0m02:27:21.262518 [info ] [MainThread]: Done. PASS=10 WARN=0 ERROR=1 SKIP=0 TOTAL=11
[0m02:27:21.262790 [debug] [MainThread]: Command `dbt run` failed at 02:27:21.262728 after 6.33 seconds
[0m02:27:21.263007 [debug] [MainThread]: Sending event: {'category': 'dbt', 'action': 'invocation', 'label': 'end', 'context': [<snowplow_tracker.self_describing_json.SelfDescribingJson object at 0x7185cabe1910>, <snowplow_tracker.self_describing_json.SelfDescribingJson object at 0x7185c1eb2510>, <snowplow_tracker.self_describing_json.SelfDescribingJson object at 0x7185c1eb2150>]}
[0m02:27:21.263207 [debug] [MainThread]: Flushing usage events
[0m02:28:22.088727 [debug] [MainThread]: Sending event: {'category': 'dbt', 'action': 'invocation', 'label': 'start', 'context': [<snowplow_tracker.self_describing_json.SelfDescribingJson object at 0x790a58ecab50>, <snowplow_tracker.self_describing_json.SelfDescribingJson object at 0x790a58be0110>, <snowplow_tracker.self_describing_json.SelfDescribingJson object at 0x790a590b46d0>]}


============================== 02:28:22.091872 | 8b2ca433-5e5e-4da7-936b-b82859d29cb1 ==============================
[0m02:28:22.091872 [info ] [MainThread]: Running with dbt=1.6.18
[0m02:28:22.092507 [debug] [MainThread]: running dbt with arguments {'printer_width': '80', 'indirect_selection': 'eager', 'log_cache_events': 'False', 'write_json': 'True', 'partial_parse': 'True', 'cache_selected_only': 'False', 'warn_error': 'None', 'version_check': 'True', 'profiles_dir': '/workspaces/varengold_data_analyst_case/transformation', 'log_path': '/workspaces/varengold_data_analyst_case/transformation/logs', 'fail_fast': 'False', 'debug': 'False', 'use_colors': 'True', 'use_experimental_parser': 'False', 'no_print': 'None', 'quiet': 'False', 'warn_error_options': 'WarnErrorOptions(include=[], exclude=[])', 'introspect': 'True', 'static_parser': 'True', 'invocation_command': 'dbt seed', 'target_path': 'None', 'log_format': 'default', 'send_anonymous_usage_stats': 'True'}
[0m02:28:22.148637 [debug] [MainThread]: Sending event: {'category': 'dbt', 'action': 'project_id', 'label': '8b2ca433-5e5e-4da7-936b-b82859d29cb1', 'context': [<snowplow_tracker.self_describing_json.SelfDescribingJson object at 0x790a58f046d0>]}
[0m02:28:22.156521 [debug] [MainThread]: Sending event: {'category': 'dbt', 'action': 'adapter_info', 'label': '8b2ca433-5e5e-4da7-936b-b82859d29cb1', 'context': [<snowplow_tracker.self_describing_json.SelfDescribingJson object at 0x790a58a50f10>]}
[0m02:28:22.156957 [info ] [MainThread]: Registered adapter: duckdb=1.6.2
[0m02:28:22.170046 [debug] [MainThread]: checksum: 7b9fab86a08e9e96a48a825af743c566d95b877e068b8c6d0dbafbf714447189, vars: {}, profile: , target: , version: 1.6.18
[0m02:28:22.192751 [debug] [MainThread]: Partial parsing enabled: 0 files deleted, 0 files added, 0 files changed.
[0m02:28:22.193031 [debug] [MainThread]: Partial parsing enabled, no changes found, skipping parsing
[0m02:28:22.193760 [warn ] [MainThread]: [[33mWARNING[0m]: Configuration paths exist in your dbt_project.yml file which do not apply to any resources.
There are 3 unused configuration paths:
- models.vg_casestudy.marts
- models.vg_casestudy.main
- models.vg_casestudy.reporting
[0m02:28:22.197780 [debug] [MainThread]: Sending event: {'category': 'dbt', 'action': 'load_project', 'label': '8b2ca433-5e5e-4da7-936b-b82859d29cb1', 'context': [<snowplow_tracker.self_describing_json.SelfDescribingJson object at 0x790a548f6a90>]}
[0m02:28:22.213582 [debug] [MainThread]: Sending event: {'category': 'dbt', 'action': 'resource_counts', 'label': '8b2ca433-5e5e-4da7-936b-b82859d29cb1', 'context': [<snowplow_tracker.self_describing_json.SelfDescribingJson object at 0x790a589167d0>]}
[0m02:28:22.213924 [info ] [MainThread]: Found 11 models, 1 analysis, 2 seeds, 71 tests, 5 sources, 0 exposures, 0 metrics, 632 macros, 0 groups, 0 semantic models
[0m02:28:22.214118 [debug] [MainThread]: Sending event: {'category': 'dbt', 'action': 'runnable_timing', 'label': '8b2ca433-5e5e-4da7-936b-b82859d29cb1', 'context': [<snowplow_tracker.self_describing_json.SelfDescribingJson object at 0x790a5465bed0>]}
[0m02:28:22.215703 [info ] [MainThread]: 
[0m02:28:22.216147 [debug] [MainThread]: Acquiring new duckdb connection 'master'
[0m02:28:22.217351 [debug] [ThreadPool]: Acquiring new duckdb connection 'list_casestudy'
[0m02:28:22.227749 [debug] [ThreadPool]: Using duckdb connection "list_casestudy"
[0m02:28:22.227984 [debug] [ThreadPool]: On list_casestudy: /* {"app": "dbt", "dbt_version": "1.6.18", "profile_name": "default", "target_name": "dev", "connection_name": "list_casestudy"} */

    
    select schema_name
    from system.information_schema.schemata
    
    where catalog_name = '"casestudy"'
    
  
  
[0m02:28:22.228153 [debug] [ThreadPool]: Opening a new connection, currently in state init
[0m02:28:22.237530 [debug] [ThreadPool]: SQL status: OK in 0.0 seconds
[0m02:28:22.238372 [debug] [ThreadPool]: On list_casestudy: Close
[0m02:28:22.241285 [debug] [ThreadPool]: Re-using an available connection from the pool (formerly list_casestudy, now create_casestudy_raw)
[0m02:28:22.241710 [debug] [ThreadPool]: Creating schema "database: "casestudy"
schema: "raw"
"
[0m02:28:22.245030 [debug] [ThreadPool]: Using duckdb connection "create_casestudy_raw"
[0m02:28:22.245235 [debug] [ThreadPool]: On create_casestudy_raw: BEGIN
[0m02:28:22.245385 [debug] [ThreadPool]: Opening a new connection, currently in state closed
[0m02:28:22.252178 [debug] [ThreadPool]: SQL status: OK in 0.0 seconds
[0m02:28:22.252373 [debug] [ThreadPool]: Using duckdb connection "create_casestudy_raw"
[0m02:28:22.252523 [debug] [ThreadPool]: On create_casestudy_raw: /* {"app": "dbt", "dbt_version": "1.6.18", "profile_name": "default", "target_name": "dev", "connection_name": "create_casestudy_raw"} */
create schema if not exists "casestudy"."raw"
[0m02:28:22.252877 [debug] [ThreadPool]: SQL status: OK in 0.0 seconds
[0m02:28:22.253395 [debug] [ThreadPool]: On create_casestudy_raw: COMMIT
[0m02:28:22.253557 [debug] [ThreadPool]: Using duckdb connection "create_casestudy_raw"
[0m02:28:22.253693 [debug] [ThreadPool]: On create_casestudy_raw: COMMIT
[0m02:28:22.253931 [debug] [ThreadPool]: SQL status: OK in 0.0 seconds
[0m02:28:22.254091 [debug] [ThreadPool]: On create_casestudy_raw: Close
[0m02:28:22.257471 [debug] [ThreadPool]: Re-using an available connection from the pool (formerly create_casestudy_raw, now list_casestudy_raw)
[0m02:28:22.262069 [debug] [ThreadPool]: Using duckdb connection "list_casestudy_raw"
[0m02:28:22.262285 [debug] [ThreadPool]: On list_casestudy_raw: BEGIN
[0m02:28:22.262442 [debug] [ThreadPool]: Opening a new connection, currently in state closed
[0m02:28:22.269344 [debug] [ThreadPool]: SQL status: OK in 0.0 seconds
[0m02:28:22.269546 [debug] [ThreadPool]: Using duckdb connection "list_casestudy_raw"
[0m02:28:22.269714 [debug] [ThreadPool]: On list_casestudy_raw: /* {"app": "dbt", "dbt_version": "1.6.18", "profile_name": "default", "target_name": "dev", "connection_name": "list_casestudy_raw"} */
select
      'casestudy' as database,
      table_name as name,
      table_schema as schema,
      CASE table_type
        WHEN 'BASE TABLE' THEN 'table'
        WHEN 'VIEW' THEN 'view'
        WHEN 'LOCAL TEMPORARY' THEN 'table'
        END as type
    from system.information_schema.tables
    where table_schema = 'raw'
    and table_catalog = 'casestudy'
  
[0m02:28:22.277022 [debug] [ThreadPool]: SQL status: OK in 0.0 seconds
[0m02:28:22.277854 [debug] [ThreadPool]: On list_casestudy_raw: ROLLBACK
[0m02:28:22.278298 [debug] [ThreadPool]: Failed to rollback 'list_casestudy_raw'
[0m02:28:22.278472 [debug] [ThreadPool]: On list_casestudy_raw: Close
[0m02:28:22.280249 [debug] [ThreadPool]: Re-using an available connection from the pool (formerly list_casestudy_raw, now list_casestudy_staging)
[0m02:28:22.282031 [debug] [ThreadPool]: Using duckdb connection "list_casestudy_staging"
[0m02:28:22.282230 [debug] [ThreadPool]: On list_casestudy_staging: BEGIN
[0m02:28:22.282381 [debug] [ThreadPool]: Opening a new connection, currently in state closed
[0m02:28:22.289237 [debug] [ThreadPool]: SQL status: OK in 0.0 seconds
[0m02:28:22.289436 [debug] [ThreadPool]: Using duckdb connection "list_casestudy_staging"
[0m02:28:22.289603 [debug] [ThreadPool]: On list_casestudy_staging: /* {"app": "dbt", "dbt_version": "1.6.18", "profile_name": "default", "target_name": "dev", "connection_name": "list_casestudy_staging"} */
select
      'casestudy' as database,
      table_name as name,
      table_schema as schema,
      CASE table_type
        WHEN 'BASE TABLE' THEN 'table'
        WHEN 'VIEW' THEN 'view'
        WHEN 'LOCAL TEMPORARY' THEN 'table'
        END as type
    from system.information_schema.tables
    where table_schema = 'staging'
    and table_catalog = 'casestudy'
  
[0m02:28:22.296489 [debug] [ThreadPool]: SQL status: OK in 0.0 seconds
[0m02:28:22.297279 [debug] [ThreadPool]: On list_casestudy_staging: ROLLBACK
[0m02:28:22.297566 [debug] [ThreadPool]: Failed to rollback 'list_casestudy_staging'
[0m02:28:22.297729 [debug] [ThreadPool]: On list_casestudy_staging: Close
[0m02:28:22.299282 [debug] [ThreadPool]: Re-using an available connection from the pool (formerly list_casestudy_staging, now list_casestudy_intermediate)
[0m02:28:22.301649 [debug] [ThreadPool]: Using duckdb connection "list_casestudy_intermediate"
[0m02:28:22.301836 [debug] [ThreadPool]: On list_casestudy_intermediate: BEGIN
[0m02:28:22.301984 [debug] [ThreadPool]: Opening a new connection, currently in state closed
[0m02:28:22.308739 [debug] [ThreadPool]: SQL status: OK in 0.0 seconds
[0m02:28:22.308931 [debug] [ThreadPool]: Using duckdb connection "list_casestudy_intermediate"
[0m02:28:22.309097 [debug] [ThreadPool]: On list_casestudy_intermediate: /* {"app": "dbt", "dbt_version": "1.6.18", "profile_name": "default", "target_name": "dev", "connection_name": "list_casestudy_intermediate"} */
select
      'casestudy' as database,
      table_name as name,
      table_schema as schema,
      CASE table_type
        WHEN 'BASE TABLE' THEN 'table'
        WHEN 'VIEW' THEN 'view'
        WHEN 'LOCAL TEMPORARY' THEN 'table'
        END as type
    from system.information_schema.tables
    where table_schema = 'intermediate'
    and table_catalog = 'casestudy'
  
[0m02:28:22.316749 [debug] [ThreadPool]: SQL status: OK in 0.0 seconds
[0m02:28:22.317474 [debug] [ThreadPool]: On list_casestudy_intermediate: ROLLBACK
[0m02:28:22.317745 [debug] [ThreadPool]: Failed to rollback 'list_casestudy_intermediate'
[0m02:28:22.317896 [debug] [ThreadPool]: On list_casestudy_intermediate: Close
[0m02:28:22.320393 [debug] [MainThread]: Sending event: {'category': 'dbt', 'action': 'runnable_timing', 'label': '8b2ca433-5e5e-4da7-936b-b82859d29cb1', 'context': [<snowplow_tracker.self_describing_json.SelfDescribingJson object at 0x790a588f9e10>]}
[0m02:28:22.320917 [debug] [MainThread]: Using duckdb connection "master"
[0m02:28:22.321274 [debug] [MainThread]: On master: BEGIN
[0m02:28:22.321589 [debug] [MainThread]: Opening a new connection, currently in state init
[0m02:28:22.329476 [debug] [MainThread]: SQL status: OK in 0.0 seconds
[0m02:28:22.329672 [debug] [MainThread]: On master: COMMIT
[0m02:28:22.329820 [debug] [MainThread]: Using duckdb connection "master"
[0m02:28:22.329957 [debug] [MainThread]: On master: COMMIT
[0m02:28:22.330184 [debug] [MainThread]: SQL status: OK in 0.0 seconds
[0m02:28:22.330343 [debug] [MainThread]: On master: Close
[0m02:28:22.331487 [info ] [MainThread]: Concurrency: 1 threads (target='dev')
[0m02:28:22.331684 [info ] [MainThread]: 
[0m02:28:22.333023 [debug] [Thread-1 (]: Began running node seed.vg_casestudy.currencies
[0m02:28:22.333550 [info ] [Thread-1 (]: 1 of 2 START seed file raw.currencies .......................................... [RUN]
[0m02:28:22.334597 [debug] [Thread-1 (]: Acquiring new duckdb connection 'seed.vg_casestudy.currencies'
[0m02:28:22.334995 [debug] [Thread-1 (]: Began compiling node seed.vg_casestudy.currencies
[0m02:28:22.335454 [debug] [Thread-1 (]: Timing info for seed.vg_casestudy.currencies (compile): 02:28:22.335253 => 02:28:22.335256
[0m02:28:22.335790 [debug] [Thread-1 (]: Began executing node seed.vg_casestudy.currencies
[0m02:28:22.350794 [debug] [Thread-1 (]: Using duckdb connection "seed.vg_casestudy.currencies"
[0m02:28:22.351094 [debug] [Thread-1 (]: On seed.vg_casestudy.currencies: BEGIN
[0m02:28:22.351285 [debug] [Thread-1 (]: Opening a new connection, currently in state init
[0m02:28:22.360011 [debug] [Thread-1 (]: SQL status: OK in 0.0 seconds
[0m02:28:22.360259 [debug] [Thread-1 (]: Using duckdb connection "seed.vg_casestudy.currencies"
[0m02:28:22.360433 [debug] [Thread-1 (]: On seed.vg_casestudy.currencies: /* {"app": "dbt", "dbt_version": "1.6.18", "profile_name": "default", "target_name": "dev", "node_id": "seed.vg_casestudy.currencies"} */

    create table "casestudy"."raw"."currencies" ("currency" text,"currency_iso_code" text)
  
[0m02:28:22.360848 [debug] [Thread-1 (]: SQL status: OK in 0.0 seconds
[0m02:28:22.366843 [debug] [Thread-1 (]: Using duckdb connection "seed.vg_casestudy.currencies"
[0m02:28:22.367069 [debug] [Thread-1 (]: On seed.vg_casestudy.currencies: 
          COPY "casestudy"."raw"."currencies" FROM '/workspaces/varengold_data_analyst_case/transformation/seeds/currencies.csv' (FORMAT CSV, HEADER TRUE)
        ...
[0m02:28:22.370793 [debug] [Thread-1 (]: SQL status: OK in 0.0 seconds
[0m02:28:22.373888 [debug] [Thread-1 (]: Writing runtime SQL for node "seed.vg_casestudy.currencies"
[0m02:28:22.383348 [debug] [Thread-1 (]: On seed.vg_casestudy.currencies: COMMIT
[0m02:28:22.383565 [debug] [Thread-1 (]: Using duckdb connection "seed.vg_casestudy.currencies"
[0m02:28:22.383740 [debug] [Thread-1 (]: On seed.vg_casestudy.currencies: COMMIT
[0m02:28:22.391441 [debug] [Thread-1 (]: SQL status: OK in 0.0 seconds
[0m02:28:22.392024 [debug] [Thread-1 (]: Timing info for seed.vg_casestudy.currencies (execute): 02:28:22.336015 => 02:28:22.391925
[0m02:28:22.392226 [debug] [Thread-1 (]: On seed.vg_casestudy.currencies: Close
[0m02:28:22.406329 [debug] [Thread-1 (]: Sending event: {'category': 'dbt', 'action': 'run_model', 'label': '8b2ca433-5e5e-4da7-936b-b82859d29cb1', 'context': [<snowplow_tracker.self_describing_json.SelfDescribingJson object at 0x790a5894d510>]}
[0m02:28:22.407047 [info ] [Thread-1 (]: 1 of 2 OK loaded seed file raw.currencies ...................................... [[32mINSERT 158[0m in 0.07s]
[0m02:28:22.407582 [debug] [Thread-1 (]: Finished running node seed.vg_casestudy.currencies
[0m02:28:22.407953 [debug] [Thread-1 (]: Began running node seed.vg_casestudy.dbt_project_evaluator_exceptions
[0m02:28:22.408521 [info ] [Thread-1 (]: 2 of 2 START seed file raw.dbt_project_evaluator_exceptions .................... [RUN]
[0m02:28:22.409250 [debug] [Thread-1 (]: Re-using an available connection from the pool (formerly seed.vg_casestudy.currencies, now seed.vg_casestudy.dbt_project_evaluator_exceptions)
[0m02:28:22.409504 [debug] [Thread-1 (]: Began compiling node seed.vg_casestudy.dbt_project_evaluator_exceptions
[0m02:28:22.409748 [debug] [Thread-1 (]: Timing info for seed.vg_casestudy.dbt_project_evaluator_exceptions (compile): 02:28:22.409640 => 02:28:22.409642
[0m02:28:22.409929 [debug] [Thread-1 (]: Began executing node seed.vg_casestudy.dbt_project_evaluator_exceptions
[0m02:28:22.412379 [debug] [Thread-1 (]: Using duckdb connection "seed.vg_casestudy.dbt_project_evaluator_exceptions"
[0m02:28:22.412597 [debug] [Thread-1 (]: On seed.vg_casestudy.dbt_project_evaluator_exceptions: BEGIN
[0m02:28:22.412765 [debug] [Thread-1 (]: Opening a new connection, currently in state closed
[0m02:28:22.419685 [debug] [Thread-1 (]: SQL status: OK in 0.0 seconds
[0m02:28:22.420023 [debug] [Thread-1 (]: Using duckdb connection "seed.vg_casestudy.dbt_project_evaluator_exceptions"
[0m02:28:22.420250 [debug] [Thread-1 (]: On seed.vg_casestudy.dbt_project_evaluator_exceptions: /* {"app": "dbt", "dbt_version": "1.6.18", "profile_name": "default", "target_name": "dev", "node_id": "seed.vg_casestudy.dbt_project_evaluator_exceptions"} */

    create table "casestudy"."raw"."dbt_project_evaluator_exceptions" ("fct_name" text,"column_name" text,"id_to_exclude" text,"comment" text)
  
[0m02:28:22.420797 [debug] [Thread-1 (]: SQL status: OK in 0.0 seconds
[0m02:28:22.421631 [debug] [Thread-1 (]: Using duckdb connection "seed.vg_casestudy.dbt_project_evaluator_exceptions"
[0m02:28:22.421850 [debug] [Thread-1 (]: On seed.vg_casestudy.dbt_project_evaluator_exceptions: 
          COPY "casestudy"."raw"."dbt_project_evaluator_exceptions" FROM '/workspaces/varengold_data_analyst_case/transformation/seeds/dbt_project_evaluator_exceptions.csv' (FORMAT CSV, HEADER TRUE)
        ...
[0m02:28:22.424687 [debug] [Thread-1 (]: SQL status: OK in 0.0 seconds
[0m02:28:22.425224 [debug] [Thread-1 (]: Writing runtime SQL for node "seed.vg_casestudy.dbt_project_evaluator_exceptions"
[0m02:28:22.426401 [debug] [Thread-1 (]: On seed.vg_casestudy.dbt_project_evaluator_exceptions: COMMIT
[0m02:28:22.426631 [debug] [Thread-1 (]: Using duckdb connection "seed.vg_casestudy.dbt_project_evaluator_exceptions"
[0m02:28:22.426801 [debug] [Thread-1 (]: On seed.vg_casestudy.dbt_project_evaluator_exceptions: COMMIT
[0m02:28:22.428146 [debug] [Thread-1 (]: SQL status: OK in 0.0 seconds
[0m02:28:22.428695 [debug] [Thread-1 (]: Timing info for seed.vg_casestudy.dbt_project_evaluator_exceptions (execute): 02:28:22.410049 => 02:28:22.428597
[0m02:28:22.428882 [debug] [Thread-1 (]: On seed.vg_casestudy.dbt_project_evaluator_exceptions: Close
[0m02:28:22.440840 [debug] [Thread-1 (]: Sending event: {'category': 'dbt', 'action': 'run_model', 'label': '8b2ca433-5e5e-4da7-936b-b82859d29cb1', 'context': [<snowplow_tracker.self_describing_json.SelfDescribingJson object at 0x790a5893b810>]}
[0m02:28:22.441203 [info ] [Thread-1 (]: 2 of 2 OK loaded seed file raw.dbt_project_evaluator_exceptions ................ [[32mINSERT 2[0m in 0.03s]
[0m02:28:22.441519 [debug] [Thread-1 (]: Finished running node seed.vg_casestudy.dbt_project_evaluator_exceptions
[0m02:28:22.442743 [debug] [MainThread]: Using duckdb connection "master"
[0m02:28:22.442943 [debug] [MainThread]: On master: BEGIN
[0m02:28:22.443090 [debug] [MainThread]: Opening a new connection, currently in state closed
[0m02:28:22.450807 [debug] [MainThread]: SQL status: OK in 0.0 seconds
[0m02:28:22.451048 [debug] [MainThread]: On master: COMMIT
[0m02:28:22.451216 [debug] [MainThread]: Using duckdb connection "master"
[0m02:28:22.451365 [debug] [MainThread]: On master: COMMIT
[0m02:28:22.451607 [debug] [MainThread]: SQL status: OK in 0.0 seconds
[0m02:28:22.451784 [debug] [MainThread]: On master: Close
[0m02:28:22.453454 [debug] [MainThread]: Connection 'master' was properly closed.
[0m02:28:22.453654 [debug] [MainThread]: Connection 'list_casestudy_intermediate' was properly closed.
[0m02:28:22.453789 [debug] [MainThread]: Connection 'seed.vg_casestudy.dbt_project_evaluator_exceptions' was properly closed.
[0m02:28:22.454010 [info ] [MainThread]: 
[0m02:28:22.454196 [info ] [MainThread]: Finished running 2 seeds in 0 hours 0 minutes and 0.24 seconds (0.24s).
[0m02:28:22.454624 [debug] [MainThread]: Command end result
[0m02:28:22.503959 [info ] [MainThread]: 
[0m02:28:22.504264 [info ] [MainThread]: [32mCompleted successfully[0m
[0m02:28:22.504436 [info ] [MainThread]: 
[0m02:28:22.504603 [info ] [MainThread]: Done. PASS=2 WARN=0 ERROR=0 SKIP=0 TOTAL=2
[0m02:28:22.504864 [debug] [MainThread]: Command `dbt seed` succeeded at 02:28:22.504802 after 0.42 seconds
[0m02:28:22.505059 [debug] [MainThread]: Sending event: {'category': 'dbt', 'action': 'invocation', 'label': 'end', 'context': [<snowplow_tracker.self_describing_json.SelfDescribingJson object at 0x790a59d33dd0>, <snowplow_tracker.self_describing_json.SelfDescribingJson object at 0x790a58c40cd0>, <snowplow_tracker.self_describing_json.SelfDescribingJson object at 0x790a58c40710>]}
[0m02:28:22.505271 [debug] [MainThread]: Flushing usage events
[0m02:28:26.616898 [debug] [MainThread]: Sending event: {'category': 'dbt', 'action': 'invocation', 'label': 'start', 'context': [<snowplow_tracker.self_describing_json.SelfDescribingJson object at 0x740a744f23d0>, <snowplow_tracker.self_describing_json.SelfDescribingJson object at 0x740a74afacd0>, <snowplow_tracker.self_describing_json.SelfDescribingJson object at 0x740a7475fb10>]}


============================== 02:28:26.619875 | 3aeec56f-ff13-44f7-96b5-c78c6b5fd01e ==============================
[0m02:28:26.619875 [info ] [MainThread]: Running with dbt=1.6.18
[0m02:28:26.620419 [debug] [MainThread]: running dbt with arguments {'printer_width': '80', 'indirect_selection': 'eager', 'log_cache_events': 'False', 'write_json': 'True', 'partial_parse': 'True', 'cache_selected_only': 'False', 'profiles_dir': '/workspaces/varengold_data_analyst_case/transformation', 'fail_fast': 'False', 'warn_error': 'None', 'log_path': '/workspaces/varengold_data_analyst_case/transformation/logs', 'debug': 'False', 'version_check': 'True', 'use_colors': 'True', 'use_experimental_parser': 'False', 'no_print': 'None', 'quiet': 'False', 'warn_error_options': 'WarnErrorOptions(include=[], exclude=[])', 'invocation_command': 'dbt run', 'static_parser': 'True', 'introspect': 'True', 'target_path': 'None', 'log_format': 'default', 'send_anonymous_usage_stats': 'True'}
[0m02:28:26.676907 [debug] [MainThread]: Sending event: {'category': 'dbt', 'action': 'project_id', 'label': '3aeec56f-ff13-44f7-96b5-c78c6b5fd01e', 'context': [<snowplow_tracker.self_describing_json.SelfDescribingJson object at 0x740a74517e90>]}
[0m02:28:26.684641 [debug] [MainThread]: Sending event: {'category': 'dbt', 'action': 'adapter_info', 'label': '3aeec56f-ff13-44f7-96b5-c78c6b5fd01e', 'context': [<snowplow_tracker.self_describing_json.SelfDescribingJson object at 0x740a74823050>]}
[0m02:28:26.685068 [info ] [MainThread]: Registered adapter: duckdb=1.6.2
[0m02:28:26.697698 [debug] [MainThread]: checksum: 7b9fab86a08e9e96a48a825af743c566d95b877e068b8c6d0dbafbf714447189, vars: {}, profile: , target: , version: 1.6.18
[0m02:28:26.720445 [debug] [MainThread]: Partial parsing enabled: 0 files deleted, 0 files added, 0 files changed.
[0m02:28:26.720757 [debug] [MainThread]: Partial parsing enabled, no changes found, skipping parsing
[0m02:28:26.721462 [warn ] [MainThread]: [[33mWARNING[0m]: Configuration paths exist in your dbt_project.yml file which do not apply to any resources.
There are 3 unused configuration paths:
- models.vg_casestudy.marts
- models.vg_casestudy.reporting
- models.vg_casestudy.main
[0m02:28:26.725422 [debug] [MainThread]: Sending event: {'category': 'dbt', 'action': 'load_project', 'label': '3aeec56f-ff13-44f7-96b5-c78c6b5fd01e', 'context': [<snowplow_tracker.self_describing_json.SelfDescribingJson object at 0x740a70386a90>]}
[0m02:28:26.738906 [debug] [MainThread]: Sending event: {'category': 'dbt', 'action': 'resource_counts', 'label': '3aeec56f-ff13-44f7-96b5-c78c6b5fd01e', 'context': [<snowplow_tracker.self_describing_json.SelfDescribingJson object at 0x740a703702d0>]}
[0m02:28:26.739264 [info ] [MainThread]: Found 11 models, 1 analysis, 2 seeds, 71 tests, 5 sources, 0 exposures, 0 metrics, 632 macros, 0 groups, 0 semantic models
[0m02:28:26.739465 [debug] [MainThread]: Sending event: {'category': 'dbt', 'action': 'runnable_timing', 'label': '3aeec56f-ff13-44f7-96b5-c78c6b5fd01e', 'context': [<snowplow_tracker.self_describing_json.SelfDescribingJson object at 0x740a7027ff10>]}
[0m02:28:26.741270 [info ] [MainThread]: 
[0m02:28:26.741723 [debug] [MainThread]: Acquiring new duckdb connection 'master'
[0m02:28:26.742837 [debug] [ThreadPool]: Acquiring new duckdb connection 'list_casestudy'
[0m02:28:26.752811 [debug] [ThreadPool]: Using duckdb connection "list_casestudy"
[0m02:28:26.753024 [debug] [ThreadPool]: On list_casestudy: /* {"app": "dbt", "dbt_version": "1.6.18", "profile_name": "default", "target_name": "dev", "connection_name": "list_casestudy"} */

    
    select schema_name
    from system.information_schema.schemata
    
    where catalog_name = '"casestudy"'
    
  
  
[0m02:28:26.753214 [debug] [ThreadPool]: Opening a new connection, currently in state init
[0m02:28:26.764312 [debug] [ThreadPool]: SQL status: OK in 0.0 seconds
[0m02:28:26.765291 [debug] [ThreadPool]: On list_casestudy: Close
[0m02:28:26.770491 [debug] [ThreadPool]: Using duckdb connection "list_casestudy"
[0m02:28:26.770772 [debug] [ThreadPool]: On list_casestudy: /* {"app": "dbt", "dbt_version": "1.6.18", "profile_name": "default", "target_name": "dev", "connection_name": "list_casestudy"} */

    
    select schema_name
    from system.information_schema.schemata
    
    where catalog_name = '"casestudy"'
    
  
  
[0m02:28:26.770937 [debug] [ThreadPool]: Opening a new connection, currently in state closed
[0m02:28:26.778369 [debug] [ThreadPool]: SQL status: OK in 0.0 seconds
[0m02:28:26.779260 [debug] [ThreadPool]: On list_casestudy: Close
[0m02:28:26.781198 [debug] [ThreadPool]: Re-using an available connection from the pool (formerly list_casestudy, now create_casestudy_staging)
[0m02:28:26.781598 [debug] [ThreadPool]: Creating schema "database: "casestudy"
schema: "staging"
"
[0m02:28:26.784303 [debug] [ThreadPool]: Using duckdb connection "create_casestudy_staging"
[0m02:28:26.784488 [debug] [ThreadPool]: On create_casestudy_staging: BEGIN
[0m02:28:26.784639 [debug] [ThreadPool]: Opening a new connection, currently in state closed
[0m02:28:26.791334 [debug] [ThreadPool]: SQL status: OK in 0.0 seconds
[0m02:28:26.791553 [debug] [ThreadPool]: Using duckdb connection "create_casestudy_staging"
[0m02:28:26.791707 [debug] [ThreadPool]: On create_casestudy_staging: /* {"app": "dbt", "dbt_version": "1.6.18", "profile_name": "default", "target_name": "dev", "connection_name": "create_casestudy_staging"} */
create schema if not exists "casestudy"."staging"
[0m02:28:26.791981 [debug] [ThreadPool]: SQL status: OK in 0.0 seconds
[0m02:28:26.792909 [debug] [ThreadPool]: On create_casestudy_staging: COMMIT
[0m02:28:26.793352 [debug] [ThreadPool]: Using duckdb connection "create_casestudy_staging"
[0m02:28:26.793642 [debug] [ThreadPool]: On create_casestudy_staging: COMMIT
[0m02:28:26.794209 [debug] [ThreadPool]: SQL status: OK in 0.0 seconds
[0m02:28:26.794527 [debug] [ThreadPool]: On create_casestudy_staging: Close
[0m02:28:26.796871 [debug] [ThreadPool]: Re-using an available connection from the pool (formerly create_casestudy_staging, now create_casestudy_intermediate)
[0m02:28:26.797264 [debug] [ThreadPool]: Creating schema "database: "casestudy"
schema: "intermediate"
"
[0m02:28:26.798558 [debug] [ThreadPool]: Using duckdb connection "create_casestudy_intermediate"
[0m02:28:26.798741 [debug] [ThreadPool]: On create_casestudy_intermediate: BEGIN
[0m02:28:26.798884 [debug] [ThreadPool]: Opening a new connection, currently in state closed
[0m02:28:26.805490 [debug] [ThreadPool]: SQL status: OK in 0.0 seconds
[0m02:28:26.805689 [debug] [ThreadPool]: Using duckdb connection "create_casestudy_intermediate"
[0m02:28:26.805841 [debug] [ThreadPool]: On create_casestudy_intermediate: /* {"app": "dbt", "dbt_version": "1.6.18", "profile_name": "default", "target_name": "dev", "connection_name": "create_casestudy_intermediate"} */
create schema if not exists "casestudy"."intermediate"
[0m02:28:26.806111 [debug] [ThreadPool]: SQL status: OK in 0.0 seconds
[0m02:28:26.806624 [debug] [ThreadPool]: On create_casestudy_intermediate: COMMIT
[0m02:28:26.806791 [debug] [ThreadPool]: Using duckdb connection "create_casestudy_intermediate"
[0m02:28:26.806934 [debug] [ThreadPool]: On create_casestudy_intermediate: COMMIT
[0m02:28:26.807191 [debug] [ThreadPool]: SQL status: OK in 0.0 seconds
[0m02:28:26.807356 [debug] [ThreadPool]: On create_casestudy_intermediate: Close
[0m02:28:26.809850 [debug] [ThreadPool]: Re-using an available connection from the pool (formerly create_casestudy_intermediate, now list_casestudy_raw)
[0m02:28:26.815730 [debug] [ThreadPool]: Using duckdb connection "list_casestudy_raw"
[0m02:28:26.815913 [debug] [ThreadPool]: On list_casestudy_raw: BEGIN
[0m02:28:26.816059 [debug] [ThreadPool]: Opening a new connection, currently in state closed
[0m02:28:26.822608 [debug] [ThreadPool]: SQL status: OK in 0.0 seconds
[0m02:28:26.822791 [debug] [ThreadPool]: Using duckdb connection "list_casestudy_raw"
[0m02:28:26.822944 [debug] [ThreadPool]: On list_casestudy_raw: /* {"app": "dbt", "dbt_version": "1.6.18", "profile_name": "default", "target_name": "dev", "connection_name": "list_casestudy_raw"} */
select
      'casestudy' as database,
      table_name as name,
      table_schema as schema,
      CASE table_type
        WHEN 'BASE TABLE' THEN 'table'
        WHEN 'VIEW' THEN 'view'
        WHEN 'LOCAL TEMPORARY' THEN 'table'
        END as type
    from system.information_schema.tables
    where table_schema = 'raw'
    and table_catalog = 'casestudy'
  
[0m02:28:26.831442 [debug] [ThreadPool]: SQL status: OK in 0.0 seconds
[0m02:28:26.832250 [debug] [ThreadPool]: On list_casestudy_raw: ROLLBACK
[0m02:28:26.832699 [debug] [ThreadPool]: Failed to rollback 'list_casestudy_raw'
[0m02:28:26.832884 [debug] [ThreadPool]: On list_casestudy_raw: Close
[0m02:28:26.834423 [debug] [ThreadPool]: Re-using an available connection from the pool (formerly list_casestudy_raw, now list_casestudy_staging)
[0m02:28:26.836965 [debug] [ThreadPool]: Using duckdb connection "list_casestudy_staging"
[0m02:28:26.837149 [debug] [ThreadPool]: On list_casestudy_staging: BEGIN
[0m02:28:26.837291 [debug] [ThreadPool]: Opening a new connection, currently in state closed
[0m02:28:26.843712 [debug] [ThreadPool]: SQL status: OK in 0.0 seconds
[0m02:28:26.843893 [debug] [ThreadPool]: Using duckdb connection "list_casestudy_staging"
[0m02:28:26.844050 [debug] [ThreadPool]: On list_casestudy_staging: /* {"app": "dbt", "dbt_version": "1.6.18", "profile_name": "default", "target_name": "dev", "connection_name": "list_casestudy_staging"} */
select
      'casestudy' as database,
      table_name as name,
      table_schema as schema,
      CASE table_type
        WHEN 'BASE TABLE' THEN 'table'
        WHEN 'VIEW' THEN 'view'
        WHEN 'LOCAL TEMPORARY' THEN 'table'
        END as type
    from system.information_schema.tables
    where table_schema = 'staging'
    and table_catalog = 'casestudy'
  
[0m02:28:26.850822 [debug] [ThreadPool]: SQL status: OK in 0.0 seconds
[0m02:28:26.851545 [debug] [ThreadPool]: On list_casestudy_staging: ROLLBACK
[0m02:28:26.851808 [debug] [ThreadPool]: Failed to rollback 'list_casestudy_staging'
[0m02:28:26.851953 [debug] [ThreadPool]: On list_casestudy_staging: Close
[0m02:28:26.854204 [debug] [ThreadPool]: Re-using an available connection from the pool (formerly list_casestudy_staging, now list_casestudy_intermediate)
[0m02:28:26.857128 [debug] [ThreadPool]: Using duckdb connection "list_casestudy_intermediate"
[0m02:28:26.857359 [debug] [ThreadPool]: On list_casestudy_intermediate: BEGIN
[0m02:28:26.857490 [debug] [ThreadPool]: Opening a new connection, currently in state closed
[0m02:28:26.867876 [debug] [ThreadPool]: SQL status: OK in 0.0 seconds
[0m02:28:26.868061 [debug] [ThreadPool]: Using duckdb connection "list_casestudy_intermediate"
[0m02:28:26.868617 [debug] [ThreadPool]: On list_casestudy_intermediate: /* {"app": "dbt", "dbt_version": "1.6.18", "profile_name": "default", "target_name": "dev", "connection_name": "list_casestudy_intermediate"} */
select
      'casestudy' as database,
      table_name as name,
      table_schema as schema,
      CASE table_type
        WHEN 'BASE TABLE' THEN 'table'
        WHEN 'VIEW' THEN 'view'
        WHEN 'LOCAL TEMPORARY' THEN 'table'
        END as type
    from system.information_schema.tables
    where table_schema = 'intermediate'
    and table_catalog = 'casestudy'
  
[0m02:28:26.880010 [debug] [ThreadPool]: SQL status: OK in 0.0 seconds
[0m02:28:26.880747 [debug] [ThreadPool]: On list_casestudy_intermediate: ROLLBACK
[0m02:28:26.881028 [debug] [ThreadPool]: Failed to rollback 'list_casestudy_intermediate'
[0m02:28:26.881186 [debug] [ThreadPool]: On list_casestudy_intermediate: Close
[0m02:28:26.883399 [debug] [MainThread]: Sending event: {'category': 'dbt', 'action': 'runnable_timing', 'label': '3aeec56f-ff13-44f7-96b5-c78c6b5fd01e', 'context': [<snowplow_tracker.self_describing_json.SelfDescribingJson object at 0x740a7497acd0>]}
[0m02:28:26.883679 [debug] [MainThread]: Using duckdb connection "master"
[0m02:28:26.883832 [debug] [MainThread]: On master: BEGIN
[0m02:28:26.883969 [debug] [MainThread]: Opening a new connection, currently in state init
[0m02:28:26.891171 [debug] [MainThread]: SQL status: OK in 0.0 seconds
[0m02:28:26.891361 [debug] [MainThread]: On master: COMMIT
[0m02:28:26.891510 [debug] [MainThread]: Using duckdb connection "master"
[0m02:28:26.891650 [debug] [MainThread]: On master: COMMIT
[0m02:28:26.891880 [debug] [MainThread]: SQL status: OK in 0.0 seconds
[0m02:28:26.892046 [debug] [MainThread]: On master: Close
[0m02:28:26.893745 [info ] [MainThread]: Concurrency: 1 threads (target='dev')
[0m02:28:26.893993 [info ] [MainThread]: 
[0m02:28:26.895583 [debug] [Thread-1 (]: Began running node model.vg_casestudy.stg_raw_staging__accounts
[0m02:28:26.895854 [info ] [Thread-1 (]: 1 of 11 START sql view model staging.stg_raw_staging__accounts ................. [RUN]
[0m02:28:26.896262 [debug] [Thread-1 (]: Acquiring new duckdb connection 'model.vg_casestudy.stg_raw_staging__accounts'
[0m02:28:26.896459 [debug] [Thread-1 (]: Began compiling node model.vg_casestudy.stg_raw_staging__accounts
[0m02:28:26.901643 [debug] [Thread-1 (]: Writing injected SQL for node "model.vg_casestudy.stg_raw_staging__accounts"
[0m02:28:26.902021 [debug] [Thread-1 (]: Timing info for model.vg_casestudy.stg_raw_staging__accounts (compile): 02:28:26.896579 => 02:28:26.901905
[0m02:28:26.902232 [debug] [Thread-1 (]: Began executing node model.vg_casestudy.stg_raw_staging__accounts
[0m02:28:26.920650 [debug] [Thread-1 (]: Writing runtime sql for node "model.vg_casestudy.stg_raw_staging__accounts"
[0m02:28:26.921071 [debug] [Thread-1 (]: Using duckdb connection "model.vg_casestudy.stg_raw_staging__accounts"
[0m02:28:26.921275 [debug] [Thread-1 (]: On model.vg_casestudy.stg_raw_staging__accounts: BEGIN
[0m02:28:26.921442 [debug] [Thread-1 (]: Opening a new connection, currently in state init
[0m02:28:26.930008 [debug] [Thread-1 (]: SQL status: OK in 0.0 seconds
[0m02:28:26.930258 [debug] [Thread-1 (]: Using duckdb connection "model.vg_casestudy.stg_raw_staging__accounts"
[0m02:28:26.930476 [debug] [Thread-1 (]: On model.vg_casestudy.stg_raw_staging__accounts: /* {"app": "dbt", "dbt_version": "1.6.18", "profile_name": "default", "target_name": "dev", "node_id": "model.vg_casestudy.stg_raw_staging__accounts"} */

  
  create view "casestudy"."staging"."stg_raw_staging__accounts__dbt_tmp" as (
    with source as (
    select * from "casestudy"."raw"."accounts"
),

renamed as (
    select
        account_id,
        customer_id,
        account_type,
        
CASE
    -- First try DD.MM.YYYY format (German format with dots)
    WHEN REGEXP_MATCHES(account_opening_date, '^\d{1,2}\.\d{1,2}\.\d{4}$') 
        THEN TRY_CAST(STRPTIME(account_opening_date, '%d.%m.%Y') AS DATE)
        
    -- Then try DD/MM/YYYY format (with slashes)
    WHEN REGEXP_MATCHES(account_opening_date, '^\d{1,2}/\d{1,2}/\d{4}$')
        AND CAST(SPLIT_PART(account_opening_date, '/', 1) AS INTEGER) <= 31 
        AND CAST(SPLIT_PART(account_opening_date, '/', 2) AS INTEGER) <= 12 
        THEN TRY_CAST(STRPTIME(account_opening_date, '%d/%m/%Y') AS DATE)
        
    -- Try MM/DD/YYYY format (US format with slashes)
    WHEN REGEXP_MATCHES(account_opening_date, '^\d{1,2}/\d{1,2}/\d{4}$')
        AND CAST(SPLIT_PART(account_opening_date, '/', 1) AS INTEGER) <= 12 
        THEN TRY_CAST(STRPTIME(account_opening_date, '%m/%d/%Y') AS DATE)
        
    -- Try YYYY-MM-DD format (ISO format)
    WHEN REGEXP_MATCHES(account_opening_date, '^\d{4}-\d{1,2}-\d{1,2}$')
        THEN TRY_CAST(STRPTIME(account_opening_date, '%Y-%m-%d') AS DATE)
        
    -- Try generic date parsing as last resort
    ELSE TRY_CAST(account_opening_date AS DATE)
END
 as account_opening_date,
        account_opening_date as account_opening_date_raw
    from source
    where account_type is not null and account_type != '' and account_type != '-'
),

final as (
    select
        account_id,
        customer_id,
        account_type,
        account_opening_date,
        -- Flag records with date parsing issues
        CASE WHEN account_opening_date IS NULL AND account_opening_date_raw IS NOT NULL
             THEN TRUE ELSE FALSE 
        END as has_date_parsing_error
    from renamed
)

select * from final
  );

[0m02:28:26.931481 [debug] [Thread-1 (]: SQL status: OK in 0.0 seconds
[0m02:28:26.971385 [debug] [Thread-1 (]: Using duckdb connection "model.vg_casestudy.stg_raw_staging__accounts"
[0m02:28:26.971666 [debug] [Thread-1 (]: On model.vg_casestudy.stg_raw_staging__accounts: /* {"app": "dbt", "dbt_version": "1.6.18", "profile_name": "default", "target_name": "dev", "node_id": "model.vg_casestudy.stg_raw_staging__accounts"} */
alter view "casestudy"."staging"."stg_raw_staging__accounts" rename to "stg_raw_staging__accounts__dbt_backup"
[0m02:28:26.972330 [debug] [Thread-1 (]: SQL status: OK in 0.0 seconds
[0m02:28:26.974061 [debug] [Thread-1 (]: Using duckdb connection "model.vg_casestudy.stg_raw_staging__accounts"
[0m02:28:26.974305 [debug] [Thread-1 (]: On model.vg_casestudy.stg_raw_staging__accounts: /* {"app": "dbt", "dbt_version": "1.6.18", "profile_name": "default", "target_name": "dev", "node_id": "model.vg_casestudy.stg_raw_staging__accounts"} */
alter view "casestudy"."staging"."stg_raw_staging__accounts__dbt_tmp" rename to "stg_raw_staging__accounts"
[0m02:28:26.974737 [debug] [Thread-1 (]: SQL status: OK in 0.0 seconds
[0m02:28:26.983867 [debug] [Thread-1 (]: On model.vg_casestudy.stg_raw_staging__accounts: COMMIT
[0m02:28:26.984097 [debug] [Thread-1 (]: Using duckdb connection "model.vg_casestudy.stg_raw_staging__accounts"
[0m02:28:26.984281 [debug] [Thread-1 (]: On model.vg_casestudy.stg_raw_staging__accounts: COMMIT
[0m02:28:26.986331 [debug] [Thread-1 (]: SQL status: OK in 0.0 seconds
[0m02:28:26.989025 [debug] [Thread-1 (]: Using duckdb connection "model.vg_casestudy.stg_raw_staging__accounts"
[0m02:28:26.989236 [debug] [Thread-1 (]: On model.vg_casestudy.stg_raw_staging__accounts: /* {"app": "dbt", "dbt_version": "1.6.18", "profile_name": "default", "target_name": "dev", "node_id": "model.vg_casestudy.stg_raw_staging__accounts"} */
drop view if exists "casestudy"."staging"."stg_raw_staging__accounts__dbt_backup" cascade
[0m02:28:26.990714 [debug] [Thread-1 (]: SQL status: OK in 0.0 seconds
[0m02:28:26.991528 [debug] [Thread-1 (]: Timing info for model.vg_casestudy.stg_raw_staging__accounts (execute): 02:28:26.902355 => 02:28:26.991432
[0m02:28:26.991725 [debug] [Thread-1 (]: On model.vg_casestudy.stg_raw_staging__accounts: Close
[0m02:28:27.003690 [debug] [Thread-1 (]: Sending event: {'category': 'dbt', 'action': 'run_model', 'label': '3aeec56f-ff13-44f7-96b5-c78c6b5fd01e', 'context': [<snowplow_tracker.self_describing_json.SelfDescribingJson object at 0x740a702baf90>]}
[0m02:28:27.004042 [info ] [Thread-1 (]: 1 of 11 OK created sql view model staging.stg_raw_staging__accounts ............ [[32mOK[0m in 0.11s]
[0m02:28:27.004358 [debug] [Thread-1 (]: Finished running node model.vg_casestudy.stg_raw_staging__accounts
[0m02:28:27.004567 [debug] [Thread-1 (]: Began running node model.vg_casestudy.stg_raw_staging__customers
[0m02:28:27.004944 [info ] [Thread-1 (]: 2 of 11 START sql view model staging.stg_raw_staging__customers ................ [RUN]
[0m02:28:27.005305 [debug] [Thread-1 (]: Re-using an available connection from the pool (formerly model.vg_casestudy.stg_raw_staging__accounts, now model.vg_casestudy.stg_raw_staging__customers)
[0m02:28:27.005500 [debug] [Thread-1 (]: Began compiling node model.vg_casestudy.stg_raw_staging__customers
[0m02:28:27.007059 [debug] [Thread-1 (]: Writing injected SQL for node "model.vg_casestudy.stg_raw_staging__customers"
[0m02:28:27.007400 [debug] [Thread-1 (]: Timing info for model.vg_casestudy.stg_raw_staging__customers (compile): 02:28:27.005618 => 02:28:27.007288
[0m02:28:27.007584 [debug] [Thread-1 (]: Began executing node model.vg_casestudy.stg_raw_staging__customers
[0m02:28:27.009570 [debug] [Thread-1 (]: Writing runtime sql for node "model.vg_casestudy.stg_raw_staging__customers"
[0m02:28:27.009872 [debug] [Thread-1 (]: Using duckdb connection "model.vg_casestudy.stg_raw_staging__customers"
[0m02:28:27.010056 [debug] [Thread-1 (]: On model.vg_casestudy.stg_raw_staging__customers: BEGIN
[0m02:28:27.010243 [debug] [Thread-1 (]: Opening a new connection, currently in state closed
[0m02:28:27.021644 [debug] [Thread-1 (]: SQL status: OK in 0.0 seconds
[0m02:28:27.022033 [debug] [Thread-1 (]: Using duckdb connection "model.vg_casestudy.stg_raw_staging__customers"
[0m02:28:27.022253 [debug] [Thread-1 (]: On model.vg_casestudy.stg_raw_staging__customers: /* {"app": "dbt", "dbt_version": "1.6.18", "profile_name": "default", "target_name": "dev", "node_id": "model.vg_casestudy.stg_raw_staging__customers"} */

  
  create view "casestudy"."staging"."stg_raw_staging__customers__dbt_tmp" as (
    with source as (
    select * from "casestudy"."raw"."customers"
),

renamed as (
    select distinct
        customer_id,
        trim(firstname) as firstname,
        trim(lastname) as lastname,
        Age as age,
        branch_id
    from source
)

select * from renamed
  );

[0m02:28:27.022925 [debug] [Thread-1 (]: SQL status: OK in 0.0 seconds
[0m02:28:27.025137 [debug] [Thread-1 (]: Using duckdb connection "model.vg_casestudy.stg_raw_staging__customers"
[0m02:28:27.025377 [debug] [Thread-1 (]: On model.vg_casestudy.stg_raw_staging__customers: /* {"app": "dbt", "dbt_version": "1.6.18", "profile_name": "default", "target_name": "dev", "node_id": "model.vg_casestudy.stg_raw_staging__customers"} */
alter view "casestudy"."staging"."stg_raw_staging__customers" rename to "stg_raw_staging__customers__dbt_backup"
[0m02:28:27.025732 [debug] [Thread-1 (]: SQL status: OK in 0.0 seconds
[0m02:28:27.027375 [debug] [Thread-1 (]: Using duckdb connection "model.vg_casestudy.stg_raw_staging__customers"
[0m02:28:27.027580 [debug] [Thread-1 (]: On model.vg_casestudy.stg_raw_staging__customers: /* {"app": "dbt", "dbt_version": "1.6.18", "profile_name": "default", "target_name": "dev", "node_id": "model.vg_casestudy.stg_raw_staging__customers"} */
alter view "casestudy"."staging"."stg_raw_staging__customers__dbt_tmp" rename to "stg_raw_staging__customers"
[0m02:28:27.028040 [debug] [Thread-1 (]: SQL status: OK in 0.0 seconds
[0m02:28:27.028909 [debug] [Thread-1 (]: On model.vg_casestudy.stg_raw_staging__customers: COMMIT
[0m02:28:27.029105 [debug] [Thread-1 (]: Using duckdb connection "model.vg_casestudy.stg_raw_staging__customers"
[0m02:28:27.029275 [debug] [Thread-1 (]: On model.vg_casestudy.stg_raw_staging__customers: COMMIT
[0m02:28:27.030657 [debug] [Thread-1 (]: SQL status: OK in 0.0 seconds
[0m02:28:27.032077 [debug] [Thread-1 (]: Using duckdb connection "model.vg_casestudy.stg_raw_staging__customers"
[0m02:28:27.032279 [debug] [Thread-1 (]: On model.vg_casestudy.stg_raw_staging__customers: /* {"app": "dbt", "dbt_version": "1.6.18", "profile_name": "default", "target_name": "dev", "node_id": "model.vg_casestudy.stg_raw_staging__customers"} */
drop view if exists "casestudy"."staging"."stg_raw_staging__customers__dbt_backup" cascade
[0m02:28:27.033161 [debug] [Thread-1 (]: SQL status: OK in 0.0 seconds
[0m02:28:27.033882 [debug] [Thread-1 (]: Timing info for model.vg_casestudy.stg_raw_staging__customers (execute): 02:28:27.007703 => 02:28:27.033781
[0m02:28:27.034065 [debug] [Thread-1 (]: On model.vg_casestudy.stg_raw_staging__customers: Close
[0m02:28:27.044583 [debug] [Thread-1 (]: Sending event: {'category': 'dbt', 'action': 'run_model', 'label': '3aeec56f-ff13-44f7-96b5-c78c6b5fd01e', 'context': [<snowplow_tracker.self_describing_json.SelfDescribingJson object at 0x740a702c4c50>]}
[0m02:28:27.044938 [info ] [Thread-1 (]: 2 of 11 OK created sql view model staging.stg_raw_staging__customers ........... [[32mOK[0m in 0.04s]
[0m02:28:27.045251 [debug] [Thread-1 (]: Finished running node model.vg_casestudy.stg_raw_staging__customers
[0m02:28:27.045477 [debug] [Thread-1 (]: Began running node model.vg_casestudy.stg_raw_staging__fx_rates
[0m02:28:27.045765 [info ] [Thread-1 (]: 3 of 11 START sql view model staging.stg_raw_staging__fx_rates ................. [RUN]
[0m02:28:27.046169 [debug] [Thread-1 (]: Re-using an available connection from the pool (formerly model.vg_casestudy.stg_raw_staging__customers, now model.vg_casestudy.stg_raw_staging__fx_rates)
[0m02:28:27.046371 [debug] [Thread-1 (]: Began compiling node model.vg_casestudy.stg_raw_staging__fx_rates
[0m02:28:27.050106 [debug] [Thread-1 (]: Writing injected SQL for node "model.vg_casestudy.stg_raw_staging__fx_rates"
[0m02:28:27.050465 [debug] [Thread-1 (]: Timing info for model.vg_casestudy.stg_raw_staging__fx_rates (compile): 02:28:27.046491 => 02:28:27.050351
[0m02:28:27.050649 [debug] [Thread-1 (]: Began executing node model.vg_casestudy.stg_raw_staging__fx_rates
[0m02:28:27.052603 [debug] [Thread-1 (]: Writing runtime sql for node "model.vg_casestudy.stg_raw_staging__fx_rates"
[0m02:28:27.052894 [debug] [Thread-1 (]: Using duckdb connection "model.vg_casestudy.stg_raw_staging__fx_rates"
[0m02:28:27.053071 [debug] [Thread-1 (]: On model.vg_casestudy.stg_raw_staging__fx_rates: BEGIN
[0m02:28:27.053249 [debug] [Thread-1 (]: Opening a new connection, currently in state closed
[0m02:28:27.060171 [debug] [Thread-1 (]: SQL status: OK in 0.0 seconds
[0m02:28:27.060492 [debug] [Thread-1 (]: Using duckdb connection "model.vg_casestudy.stg_raw_staging__fx_rates"
[0m02:28:27.060735 [debug] [Thread-1 (]: On model.vg_casestudy.stg_raw_staging__fx_rates: /* {"app": "dbt", "dbt_version": "1.6.18", "profile_name": "default", "target_name": "dev", "node_id": "model.vg_casestudy.stg_raw_staging__fx_rates"} */

  
  create view "casestudy"."staging"."stg_raw_staging__fx_rates__dbt_tmp" as (
    with source as (
    select * from "casestudy"."raw"."fx_rates"
),

renamed as (
    select
        trim(currency_iso_code) as currency_iso_code,
        
CASE
    WHEN fx_rate IS NULL THEN NULL
    -- If the value is already a valid number
    WHEN TRY_CAST(fx_rate AS DOUBLE) IS NOT NULL 
        THEN TRY_CAST(fx_rate AS DOUBLE)
    -- If contains both dot and comma (German notation)
    WHEN POSITION('.' IN fx_rate) > 0 AND POSITION(',' IN fx_rate) > 0 
        THEN TRY_CAST(REPLACE(REPLACE(TRIM(fx_rate), '.', ''), ',', '.') AS DOUBLE)
    -- If only contains comma, treat as decimal point
    WHEN POSITION(',' IN fx_rate) > 0 
        THEN TRY_CAST(REPLACE(TRIM(fx_rate), ',', '.') AS DOUBLE)
    -- If only contains dots, likely thousands separator
    WHEN POSITION('.' IN fx_rate) > 0 
        THEN TRY_CAST(REPLACE(TRIM(fx_rate), '.', '') AS DOUBLE)
    ELSE NULL
END
 as fx_rate,
        
CASE
    -- First try DD.MM.YYYY format (German format with dots)
    WHEN REGEXP_MATCHES(date, '^\d{1,2}\.\d{1,2}\.\d{4}$') 
        THEN TRY_CAST(STRPTIME(date, '%d.%m.%Y') AS DATE)
        
    -- Then try DD/MM/YYYY format (with slashes)
    WHEN REGEXP_MATCHES(date, '^\d{1,2}/\d{1,2}/\d{4}$')
        AND CAST(SPLIT_PART(date, '/', 1) AS INTEGER) <= 31 
        AND CAST(SPLIT_PART(date, '/', 2) AS INTEGER) <= 12 
        THEN TRY_CAST(STRPTIME(date, '%d/%m/%Y') AS DATE)
        
    -- Try MM/DD/YYYY format (US format with slashes)
    WHEN REGEXP_MATCHES(date, '^\d{1,2}/\d{1,2}/\d{4}$')
        AND CAST(SPLIT_PART(date, '/', 1) AS INTEGER) <= 12 
        THEN TRY_CAST(STRPTIME(date, '%m/%d/%Y') AS DATE)
        
    -- Try YYYY-MM-DD format (ISO format)
    WHEN REGEXP_MATCHES(date, '^\d{4}-\d{1,2}-\d{1,2}$')
        THEN TRY_CAST(STRPTIME(date, '%Y-%m-%d') AS DATE)
        
    -- Try generic date parsing as last resort
    ELSE TRY_CAST(date AS DATE)
END
 as fx_rate_date,
        date as fx_rate_date_raw
    from source
    where currency_iso_code is not null and trim(currency_iso_code) not in  ('(none)', '')
),

final as (
    select
        currency_iso_code,
        fx_rate,
        fx_rate_date,
        -- Flag records with date parsing issues
        CASE WHEN fx_rate_date IS NULL AND fx_rate_date_raw IS NOT NULL
             THEN TRUE ELSE FALSE 
        END as has_date_parsing_error
    from renamed
)

select * from final
  );

[0m02:28:27.062157 [debug] [Thread-1 (]: SQL status: OK in 0.0 seconds
[0m02:28:27.064223 [debug] [Thread-1 (]: Using duckdb connection "model.vg_casestudy.stg_raw_staging__fx_rates"
[0m02:28:27.064429 [debug] [Thread-1 (]: On model.vg_casestudy.stg_raw_staging__fx_rates: /* {"app": "dbt", "dbt_version": "1.6.18", "profile_name": "default", "target_name": "dev", "node_id": "model.vg_casestudy.stg_raw_staging__fx_rates"} */
alter view "casestudy"."staging"."stg_raw_staging__fx_rates" rename to "stg_raw_staging__fx_rates__dbt_backup"
[0m02:28:27.064794 [debug] [Thread-1 (]: SQL status: OK in 0.0 seconds
[0m02:28:27.066413 [debug] [Thread-1 (]: Using duckdb connection "model.vg_casestudy.stg_raw_staging__fx_rates"
[0m02:28:27.066613 [debug] [Thread-1 (]: On model.vg_casestudy.stg_raw_staging__fx_rates: /* {"app": "dbt", "dbt_version": "1.6.18", "profile_name": "default", "target_name": "dev", "node_id": "model.vg_casestudy.stg_raw_staging__fx_rates"} */
alter view "casestudy"."staging"."stg_raw_staging__fx_rates__dbt_tmp" rename to "stg_raw_staging__fx_rates"
[0m02:28:27.067137 [debug] [Thread-1 (]: SQL status: OK in 0.0 seconds
[0m02:28:27.067984 [debug] [Thread-1 (]: On model.vg_casestudy.stg_raw_staging__fx_rates: COMMIT
[0m02:28:27.068178 [debug] [Thread-1 (]: Using duckdb connection "model.vg_casestudy.stg_raw_staging__fx_rates"
[0m02:28:27.068344 [debug] [Thread-1 (]: On model.vg_casestudy.stg_raw_staging__fx_rates: COMMIT
[0m02:28:27.069752 [debug] [Thread-1 (]: SQL status: OK in 0.0 seconds
[0m02:28:27.071020 [debug] [Thread-1 (]: Using duckdb connection "model.vg_casestudy.stg_raw_staging__fx_rates"
[0m02:28:27.071224 [debug] [Thread-1 (]: On model.vg_casestudy.stg_raw_staging__fx_rates: /* {"app": "dbt", "dbt_version": "1.6.18", "profile_name": "default", "target_name": "dev", "node_id": "model.vg_casestudy.stg_raw_staging__fx_rates"} */
drop view if exists "casestudy"."staging"."stg_raw_staging__fx_rates__dbt_backup" cascade
[0m02:28:27.072101 [debug] [Thread-1 (]: SQL status: OK in 0.0 seconds
[0m02:28:27.072811 [debug] [Thread-1 (]: Timing info for model.vg_casestudy.stg_raw_staging__fx_rates (execute): 02:28:27.050768 => 02:28:27.072714
[0m02:28:27.072995 [debug] [Thread-1 (]: On model.vg_casestudy.stg_raw_staging__fx_rates: Close
[0m02:28:27.084480 [debug] [Thread-1 (]: Sending event: {'category': 'dbt', 'action': 'run_model', 'label': '3aeec56f-ff13-44f7-96b5-c78c6b5fd01e', 'context': [<snowplow_tracker.self_describing_json.SelfDescribingJson object at 0x740a74536b10>]}
[0m02:28:27.085194 [info ] [Thread-1 (]: 3 of 11 OK created sql view model staging.stg_raw_staging__fx_rates ............ [[32mOK[0m in 0.04s]
[0m02:28:27.085686 [debug] [Thread-1 (]: Finished running node model.vg_casestudy.stg_raw_staging__fx_rates
[0m02:28:27.085973 [debug] [Thread-1 (]: Began running node model.vg_casestudy.stg_raw_staging__loans
[0m02:28:27.086379 [info ] [Thread-1 (]: 4 of 11 START sql view model staging.stg_raw_staging__loans .................... [RUN]
[0m02:28:27.086847 [debug] [Thread-1 (]: Re-using an available connection from the pool (formerly model.vg_casestudy.stg_raw_staging__fx_rates, now model.vg_casestudy.stg_raw_staging__loans)
[0m02:28:27.087092 [debug] [Thread-1 (]: Began compiling node model.vg_casestudy.stg_raw_staging__loans
[0m02:28:27.089224 [debug] [Thread-1 (]: Writing injected SQL for node "model.vg_casestudy.stg_raw_staging__loans"
[0m02:28:27.089577 [debug] [Thread-1 (]: Timing info for model.vg_casestudy.stg_raw_staging__loans (compile): 02:28:27.087224 => 02:28:27.089460
[0m02:28:27.089756 [debug] [Thread-1 (]: Began executing node model.vg_casestudy.stg_raw_staging__loans
[0m02:28:27.091861 [debug] [Thread-1 (]: Writing runtime sql for node "model.vg_casestudy.stg_raw_staging__loans"
[0m02:28:27.092172 [debug] [Thread-1 (]: Using duckdb connection "model.vg_casestudy.stg_raw_staging__loans"
[0m02:28:27.092359 [debug] [Thread-1 (]: On model.vg_casestudy.stg_raw_staging__loans: BEGIN
[0m02:28:27.092519 [debug] [Thread-1 (]: Opening a new connection, currently in state closed
[0m02:28:27.100097 [debug] [Thread-1 (]: SQL status: OK in 0.0 seconds
[0m02:28:27.100397 [debug] [Thread-1 (]: Using duckdb connection "model.vg_casestudy.stg_raw_staging__loans"
[0m02:28:27.100665 [debug] [Thread-1 (]: On model.vg_casestudy.stg_raw_staging__loans: /* {"app": "dbt", "dbt_version": "1.6.18", "profile_name": "default", "target_name": "dev", "node_id": "model.vg_casestudy.stg_raw_staging__loans"} */

  
  create view "casestudy"."staging"."stg_raw_staging__loans__dbt_tmp" as (
    with source as (
    select * from "casestudy"."raw"."loans"
),

renamed as (
    select
        customer_id,
        loan_id,
        
CASE
    WHEN loan_amount IS NULL THEN NULL
    -- If the value is already a valid number
    WHEN TRY_CAST(loan_amount AS DOUBLE) IS NOT NULL 
        THEN TRY_CAST(loan_amount AS DOUBLE)
    -- If contains both dot and comma (German notation)
    WHEN POSITION('.' IN loan_amount) > 0 AND POSITION(',' IN loan_amount) > 0 
        THEN TRY_CAST(REPLACE(REPLACE(TRIM(loan_amount), '.', ''), ',', '.') AS DOUBLE)
    -- If only contains comma, treat as decimal point
    WHEN POSITION(',' IN loan_amount) > 0 
        THEN TRY_CAST(REPLACE(TRIM(loan_amount), ',', '.') AS DOUBLE)
    -- If only contains dots, likely thousands separator
    WHEN POSITION('.' IN loan_amount) > 0 
        THEN TRY_CAST(REPLACE(TRIM(loan_amount), '.', '') AS DOUBLE)
    ELSE NULL
END
 as loan_amount,
        loant_type,
        
CASE
    WHEN interest_rate IS NULL THEN NULL
    -- If the value is already a valid number
    WHEN TRY_CAST(interest_rate AS DOUBLE) IS NOT NULL 
        THEN TRY_CAST(interest_rate AS DOUBLE)
    -- If contains both dot and comma (German notation)
    WHEN POSITION('.' IN interest_rate) > 0 AND POSITION(',' IN interest_rate) > 0 
        THEN TRY_CAST(REPLACE(REPLACE(TRIM(interest_rate), '.', ''), ',', '.') AS DOUBLE)
    -- If only contains comma, treat as decimal point
    WHEN POSITION(',' IN interest_rate) > 0 
        THEN TRY_CAST(REPLACE(TRIM(interest_rate), ',', '.') AS DOUBLE)
    -- If only contains dots, likely thousands separator
    WHEN POSITION('.' IN interest_rate) > 0 
        THEN TRY_CAST(REPLACE(TRIM(interest_rate), '.', '') AS DOUBLE)
    ELSE NULL
END
 as interest_rate,
        loan_term,
        
CASE
    -- First try DD.MM.YYYY format (German format with dots)
    WHEN REGEXP_MATCHES(approval_rejection_date, '^\d{1,2}\.\d{1,2}\.\d{4}$') 
        THEN TRY_CAST(STRPTIME(approval_rejection_date, '%d.%m.%Y') AS DATE)
        
    -- Then try DD/MM/YYYY format (with slashes)
    WHEN REGEXP_MATCHES(approval_rejection_date, '^\d{1,2}/\d{1,2}/\d{4}$')
        AND CAST(SPLIT_PART(approval_rejection_date, '/', 1) AS INTEGER) <= 31 
        AND CAST(SPLIT_PART(approval_rejection_date, '/', 2) AS INTEGER) <= 12 
        THEN TRY_CAST(STRPTIME(approval_rejection_date, '%d/%m/%Y') AS DATE)
        
    -- Try MM/DD/YYYY format (US format with slashes)
    WHEN REGEXP_MATCHES(approval_rejection_date, '^\d{1,2}/\d{1,2}/\d{4}$')
        AND CAST(SPLIT_PART(approval_rejection_date, '/', 1) AS INTEGER) <= 12 
        THEN TRY_CAST(STRPTIME(approval_rejection_date, '%m/%d/%Y') AS DATE)
        
    -- Try YYYY-MM-DD format (ISO format)
    WHEN REGEXP_MATCHES(approval_rejection_date, '^\d{4}-\d{1,2}-\d{1,2}$')
        THEN TRY_CAST(STRPTIME(approval_rejection_date, '%Y-%m-%d') AS DATE)
        
    -- Try generic date parsing as last resort
    ELSE TRY_CAST(approval_rejection_date AS DATE)
END
 as approval_rejection_date,
        approval_rejection_date as approval_rejection_date_raw,
        loan_status
    from source
),

final as (
    select
        customer_id,
        loan_id,
        loan_amount,
        loant_type as loan_type,
        interest_rate,
        loan_term,
        approval_rejection_date,
        loan_status,
        -- Flag records with date parsing issues
        CASE WHEN approval_rejection_date IS NULL AND approval_rejection_date_raw IS NOT NULL
             THEN TRUE ELSE FALSE 
        END as has_date_parsing_error
    from renamed
)

select * from final
  );

[0m02:28:27.102116 [debug] [Thread-1 (]: SQL status: OK in 0.0 seconds
[0m02:28:27.104114 [debug] [Thread-1 (]: Using duckdb connection "model.vg_casestudy.stg_raw_staging__loans"
[0m02:28:27.104335 [debug] [Thread-1 (]: On model.vg_casestudy.stg_raw_staging__loans: /* {"app": "dbt", "dbt_version": "1.6.18", "profile_name": "default", "target_name": "dev", "node_id": "model.vg_casestudy.stg_raw_staging__loans"} */
alter view "casestudy"."staging"."stg_raw_staging__loans" rename to "stg_raw_staging__loans__dbt_backup"
[0m02:28:27.104708 [debug] [Thread-1 (]: SQL status: OK in 0.0 seconds
[0m02:28:27.106250 [debug] [Thread-1 (]: Using duckdb connection "model.vg_casestudy.stg_raw_staging__loans"
[0m02:28:27.106449 [debug] [Thread-1 (]: On model.vg_casestudy.stg_raw_staging__loans: /* {"app": "dbt", "dbt_version": "1.6.18", "profile_name": "default", "target_name": "dev", "node_id": "model.vg_casestudy.stg_raw_staging__loans"} */
alter view "casestudy"."staging"."stg_raw_staging__loans__dbt_tmp" rename to "stg_raw_staging__loans"
[0m02:28:27.106788 [debug] [Thread-1 (]: SQL status: OK in 0.0 seconds
[0m02:28:27.107682 [debug] [Thread-1 (]: On model.vg_casestudy.stg_raw_staging__loans: COMMIT
[0m02:28:27.107875 [debug] [Thread-1 (]: Using duckdb connection "model.vg_casestudy.stg_raw_staging__loans"
[0m02:28:27.108036 [debug] [Thread-1 (]: On model.vg_casestudy.stg_raw_staging__loans: COMMIT
[0m02:28:27.109810 [debug] [Thread-1 (]: SQL status: OK in 0.0 seconds
[0m02:28:27.112117 [debug] [Thread-1 (]: Using duckdb connection "model.vg_casestudy.stg_raw_staging__loans"
[0m02:28:27.112326 [debug] [Thread-1 (]: On model.vg_casestudy.stg_raw_staging__loans: /* {"app": "dbt", "dbt_version": "1.6.18", "profile_name": "default", "target_name": "dev", "node_id": "model.vg_casestudy.stg_raw_staging__loans"} */
drop view if exists "casestudy"."staging"."stg_raw_staging__loans__dbt_backup" cascade
[0m02:28:27.113266 [debug] [Thread-1 (]: SQL status: OK in 0.0 seconds
[0m02:28:27.113984 [debug] [Thread-1 (]: Timing info for model.vg_casestudy.stg_raw_staging__loans (execute): 02:28:27.089873 => 02:28:27.113886
[0m02:28:27.114171 [debug] [Thread-1 (]: On model.vg_casestudy.stg_raw_staging__loans: Close
[0m02:28:27.125408 [debug] [Thread-1 (]: Sending event: {'category': 'dbt', 'action': 'run_model', 'label': '3aeec56f-ff13-44f7-96b5-c78c6b5fd01e', 'context': [<snowplow_tracker.self_describing_json.SelfDescribingJson object at 0x740a703b7ed0>]}
[0m02:28:27.125935 [info ] [Thread-1 (]: 4 of 11 OK created sql view model staging.stg_raw_staging__loans ............... [[32mOK[0m in 0.04s]
[0m02:28:27.126411 [debug] [Thread-1 (]: Finished running node model.vg_casestudy.stg_raw_staging__loans
[0m02:28:27.126661 [debug] [Thread-1 (]: Began running node model.vg_casestudy.stg_raw_staging__transactions
[0m02:28:27.126942 [info ] [Thread-1 (]: 5 of 11 START sql view model staging.stg_raw_staging__transactions ............. [RUN]
[0m02:28:27.127348 [debug] [Thread-1 (]: Re-using an available connection from the pool (formerly model.vg_casestudy.stg_raw_staging__loans, now model.vg_casestudy.stg_raw_staging__transactions)
[0m02:28:27.127528 [debug] [Thread-1 (]: Began compiling node model.vg_casestudy.stg_raw_staging__transactions
[0m02:28:27.129509 [debug] [Thread-1 (]: Writing injected SQL for node "model.vg_casestudy.stg_raw_staging__transactions"
[0m02:28:27.129851 [debug] [Thread-1 (]: Timing info for model.vg_casestudy.stg_raw_staging__transactions (compile): 02:28:27.127640 => 02:28:27.129737
[0m02:28:27.130030 [debug] [Thread-1 (]: Began executing node model.vg_casestudy.stg_raw_staging__transactions
[0m02:28:27.132007 [debug] [Thread-1 (]: Writing runtime sql for node "model.vg_casestudy.stg_raw_staging__transactions"
[0m02:28:27.132306 [debug] [Thread-1 (]: Using duckdb connection "model.vg_casestudy.stg_raw_staging__transactions"
[0m02:28:27.132484 [debug] [Thread-1 (]: On model.vg_casestudy.stg_raw_staging__transactions: BEGIN
[0m02:28:27.132642 [debug] [Thread-1 (]: Opening a new connection, currently in state closed
[0m02:28:27.139475 [debug] [Thread-1 (]: SQL status: OK in 0.0 seconds
[0m02:28:27.139715 [debug] [Thread-1 (]: Using duckdb connection "model.vg_casestudy.stg_raw_staging__transactions"
[0m02:28:27.139953 [debug] [Thread-1 (]: On model.vg_casestudy.stg_raw_staging__transactions: /* {"app": "dbt", "dbt_version": "1.6.18", "profile_name": "default", "target_name": "dev", "node_id": "model.vg_casestudy.stg_raw_staging__transactions"} */

  
  create view "casestudy"."staging"."stg_raw_staging__transactions__dbt_tmp" as (
    with source as (
    select * from "casestudy"."raw"."transactions"
),

renamed as (
    select
        transaction_id,
        
CASE
    -- First try DD.MM.YYYY format (German format with dots)
    WHEN REGEXP_MATCHES(transaction_date, '^\d{1,2}\.\d{1,2}\.\d{4}$') 
        THEN TRY_CAST(STRPTIME(transaction_date, '%d.%m.%Y') AS DATE)
        
    -- Then try DD/MM/YYYY format (with slashes)
    WHEN REGEXP_MATCHES(transaction_date, '^\d{1,2}/\d{1,2}/\d{4}$')
        AND CAST(SPLIT_PART(transaction_date, '/', 1) AS INTEGER) <= 31 
        AND CAST(SPLIT_PART(transaction_date, '/', 2) AS INTEGER) <= 12 
        THEN TRY_CAST(STRPTIME(transaction_date, '%d/%m/%Y') AS DATE)
        
    -- Try MM/DD/YYYY format (US format with slashes)
    WHEN REGEXP_MATCHES(transaction_date, '^\d{1,2}/\d{1,2}/\d{4}$')
        AND CAST(SPLIT_PART(transaction_date, '/', 1) AS INTEGER) <= 12 
        THEN TRY_CAST(STRPTIME(transaction_date, '%m/%d/%Y') AS DATE)
        
    -- Try YYYY-MM-DD format (ISO format)
    WHEN REGEXP_MATCHES(transaction_date, '^\d{4}-\d{1,2}-\d{1,2}$')
        THEN TRY_CAST(STRPTIME(transaction_date, '%Y-%m-%d') AS DATE)
        
    -- Try generic date parsing as last resort
    ELSE TRY_CAST(transaction_date AS DATE)
END
 as transaction_date,
        transaction_date as transaction_date_raw,
        account_id,
        trim(transaction_type) as transaction_type,
        
CASE
    WHEN transaction_amount IS NULL THEN NULL
    -- If the value is already a valid number
    WHEN TRY_CAST(transaction_amount AS DOUBLE) IS NOT NULL 
        THEN TRY_CAST(transaction_amount AS DOUBLE)
    -- If contains both dot and comma (German notation)
    WHEN POSITION('.' IN transaction_amount) > 0 AND POSITION(',' IN transaction_amount) > 0 
        THEN TRY_CAST(REPLACE(REPLACE(TRIM(transaction_amount), '.', ''), ',', '.') AS DOUBLE)
    -- If only contains comma, treat as decimal point
    WHEN POSITION(',' IN transaction_amount) > 0 
        THEN TRY_CAST(REPLACE(TRIM(transaction_amount), ',', '.') AS DOUBLE)
    -- If only contains dots, likely thousands separator
    WHEN POSITION('.' IN transaction_amount) > 0 
        THEN TRY_CAST(REPLACE(TRIM(transaction_amount), '.', '') AS DOUBLE)
    ELSE NULL
END
 as transaction_amount,
        trim(transaction_currency) as transaction_currency
    from source
),

final as (
    select
        transaction_id,
        transaction_date,
        account_id,
        transaction_type,
        transaction_amount,
        transaction_currency,
        -- Flag records with date parsing issues
        CASE WHEN transaction_date IS NULL AND transaction_date_raw IS NOT NULL
             THEN TRUE ELSE FALSE 
        END as has_date_parsing_error
    from renamed
)

select * from final
  );

[0m02:28:27.141007 [debug] [Thread-1 (]: SQL status: OK in 0.0 seconds
[0m02:28:27.143016 [debug] [Thread-1 (]: Using duckdb connection "model.vg_casestudy.stg_raw_staging__transactions"
[0m02:28:27.143253 [debug] [Thread-1 (]: On model.vg_casestudy.stg_raw_staging__transactions: /* {"app": "dbt", "dbt_version": "1.6.18", "profile_name": "default", "target_name": "dev", "node_id": "model.vg_casestudy.stg_raw_staging__transactions"} */
alter view "casestudy"."staging"."stg_raw_staging__transactions" rename to "stg_raw_staging__transactions__dbt_backup"
[0m02:28:27.143696 [debug] [Thread-1 (]: SQL status: OK in 0.0 seconds
[0m02:28:27.145425 [debug] [Thread-1 (]: Using duckdb connection "model.vg_casestudy.stg_raw_staging__transactions"
[0m02:28:27.145630 [debug] [Thread-1 (]: On model.vg_casestudy.stg_raw_staging__transactions: /* {"app": "dbt", "dbt_version": "1.6.18", "profile_name": "default", "target_name": "dev", "node_id": "model.vg_casestudy.stg_raw_staging__transactions"} */
alter view "casestudy"."staging"."stg_raw_staging__transactions__dbt_tmp" rename to "stg_raw_staging__transactions"
[0m02:28:27.145970 [debug] [Thread-1 (]: SQL status: OK in 0.0 seconds
[0m02:28:27.146831 [debug] [Thread-1 (]: On model.vg_casestudy.stg_raw_staging__transactions: COMMIT
[0m02:28:27.147022 [debug] [Thread-1 (]: Using duckdb connection "model.vg_casestudy.stg_raw_staging__transactions"
[0m02:28:27.147193 [debug] [Thread-1 (]: On model.vg_casestudy.stg_raw_staging__transactions: COMMIT
[0m02:28:27.149225 [debug] [Thread-1 (]: SQL status: OK in 0.0 seconds
[0m02:28:27.150558 [debug] [Thread-1 (]: Using duckdb connection "model.vg_casestudy.stg_raw_staging__transactions"
[0m02:28:27.150754 [debug] [Thread-1 (]: On model.vg_casestudy.stg_raw_staging__transactions: /* {"app": "dbt", "dbt_version": "1.6.18", "profile_name": "default", "target_name": "dev", "node_id": "model.vg_casestudy.stg_raw_staging__transactions"} */
drop view if exists "casestudy"."staging"."stg_raw_staging__transactions__dbt_backup" cascade
[0m02:28:27.151631 [debug] [Thread-1 (]: SQL status: OK in 0.0 seconds
[0m02:28:27.152353 [debug] [Thread-1 (]: Timing info for model.vg_casestudy.stg_raw_staging__transactions (execute): 02:28:27.130158 => 02:28:27.152257
[0m02:28:27.152540 [debug] [Thread-1 (]: On model.vg_casestudy.stg_raw_staging__transactions: Close
[0m02:28:27.164850 [debug] [Thread-1 (]: Sending event: {'category': 'dbt', 'action': 'run_model', 'label': '3aeec56f-ff13-44f7-96b5-c78c6b5fd01e', 'context': [<snowplow_tracker.self_describing_json.SelfDescribingJson object at 0x740a703bef90>]}
[0m02:28:27.165377 [info ] [Thread-1 (]: 5 of 11 OK created sql view model staging.stg_raw_staging__transactions ........ [[32mOK[0m in 0.04s]
[0m02:28:27.165809 [debug] [Thread-1 (]: Finished running node model.vg_casestudy.stg_raw_staging__transactions
[0m02:28:27.166118 [debug] [Thread-1 (]: Began running node model.vg_casestudy.stg_staging_intermediate__currencies
[0m02:28:27.166541 [info ] [Thread-1 (]: 6 of 11 START sql table model intermediate.stg_staging_intermediate__currencies  [RUN]
[0m02:28:27.166907 [debug] [Thread-1 (]: Re-using an available connection from the pool (formerly model.vg_casestudy.stg_raw_staging__transactions, now model.vg_casestudy.stg_staging_intermediate__currencies)
[0m02:28:27.167102 [debug] [Thread-1 (]: Began compiling node model.vg_casestudy.stg_staging_intermediate__currencies
[0m02:28:27.168795 [debug] [Thread-1 (]: Writing injected SQL for node "model.vg_casestudy.stg_staging_intermediate__currencies"
[0m02:28:27.169144 [debug] [Thread-1 (]: Timing info for model.vg_casestudy.stg_staging_intermediate__currencies (compile): 02:28:27.167238 => 02:28:27.169022
[0m02:28:27.169330 [debug] [Thread-1 (]: Began executing node model.vg_casestudy.stg_staging_intermediate__currencies
[0m02:28:27.179730 [debug] [Thread-1 (]: Writing runtime sql for node "model.vg_casestudy.stg_staging_intermediate__currencies"
[0m02:28:27.180105 [debug] [Thread-1 (]: Using duckdb connection "model.vg_casestudy.stg_staging_intermediate__currencies"
[0m02:28:27.180316 [debug] [Thread-1 (]: On model.vg_casestudy.stg_staging_intermediate__currencies: BEGIN
[0m02:28:27.180489 [debug] [Thread-1 (]: Opening a new connection, currently in state closed
[0m02:28:27.187886 [debug] [Thread-1 (]: SQL status: OK in 0.0 seconds
[0m02:28:27.188153 [debug] [Thread-1 (]: Using duckdb connection "model.vg_casestudy.stg_staging_intermediate__currencies"
[0m02:28:27.188344 [debug] [Thread-1 (]: On model.vg_casestudy.stg_staging_intermediate__currencies: /* {"app": "dbt", "dbt_version": "1.6.18", "profile_name": "default", "target_name": "dev", "node_id": "model.vg_casestudy.stg_staging_intermediate__currencies"} */

  
    
    

    create  table
      "casestudy"."intermediate"."stg_staging_intermediate__currencies__dbt_tmp"
  
    as (
      with staging as (
    select * from "casestudy"."raw"."currencies"
),
cleaned as (
    select distinct
        trim(currency) as currency,
        trim(currency_iso_code) as currency_iso_code,
    from staging
    where currency_iso_code is not null and trim(currency_iso_code) != '(none)'
)

select * from cleaned
    );
  
  
[0m02:28:27.190506 [debug] [Thread-1 (]: SQL status: OK in 0.0 seconds
[0m02:28:27.192295 [debug] [Thread-1 (]: Using duckdb connection "model.vg_casestudy.stg_staging_intermediate__currencies"
[0m02:28:27.192501 [debug] [Thread-1 (]: On model.vg_casestudy.stg_staging_intermediate__currencies: /* {"app": "dbt", "dbt_version": "1.6.18", "profile_name": "default", "target_name": "dev", "node_id": "model.vg_casestudy.stg_staging_intermediate__currencies"} */
alter table "casestudy"."intermediate"."stg_staging_intermediate__currencies" rename to "stg_staging_intermediate__currencies__dbt_backup"
[0m02:28:27.192836 [debug] [Thread-1 (]: SQL status: OK in 0.0 seconds
[0m02:28:27.195272 [debug] [Thread-1 (]: Using duckdb connection "model.vg_casestudy.stg_staging_intermediate__currencies"
[0m02:28:27.195478 [debug] [Thread-1 (]: On model.vg_casestudy.stg_staging_intermediate__currencies: /* {"app": "dbt", "dbt_version": "1.6.18", "profile_name": "default", "target_name": "dev", "node_id": "model.vg_casestudy.stg_staging_intermediate__currencies"} */
alter table "casestudy"."intermediate"."stg_staging_intermediate__currencies__dbt_tmp" rename to "stg_staging_intermediate__currencies"
[0m02:28:27.195889 [debug] [Thread-1 (]: SQL status: OK in 0.0 seconds
[0m02:28:27.198766 [debug] [Thread-1 (]: On model.vg_casestudy.stg_staging_intermediate__currencies: COMMIT
[0m02:28:27.198973 [debug] [Thread-1 (]: Using duckdb connection "model.vg_casestudy.stg_staging_intermediate__currencies"
[0m02:28:27.199159 [debug] [Thread-1 (]: On model.vg_casestudy.stg_staging_intermediate__currencies: COMMIT
[0m02:28:27.200552 [debug] [Thread-1 (]: SQL status: OK in 0.0 seconds
[0m02:28:27.201857 [debug] [Thread-1 (]: Using duckdb connection "model.vg_casestudy.stg_staging_intermediate__currencies"
[0m02:28:27.202055 [debug] [Thread-1 (]: On model.vg_casestudy.stg_staging_intermediate__currencies: /* {"app": "dbt", "dbt_version": "1.6.18", "profile_name": "default", "target_name": "dev", "node_id": "model.vg_casestudy.stg_staging_intermediate__currencies"} */
drop table if exists "casestudy"."intermediate"."stg_staging_intermediate__currencies__dbt_backup" cascade
[0m02:28:27.203010 [debug] [Thread-1 (]: SQL status: OK in 0.0 seconds
[0m02:28:27.203717 [debug] [Thread-1 (]: Timing info for model.vg_casestudy.stg_staging_intermediate__currencies (execute): 02:28:27.169448 => 02:28:27.203621
[0m02:28:27.203903 [debug] [Thread-1 (]: On model.vg_casestudy.stg_staging_intermediate__currencies: Close
[0m02:28:27.217949 [debug] [Thread-1 (]: Sending event: {'category': 'dbt', 'action': 'run_model', 'label': '3aeec56f-ff13-44f7-96b5-c78c6b5fd01e', 'context': [<snowplow_tracker.self_describing_json.SelfDescribingJson object at 0x740a70074390>]}
[0m02:28:27.218318 [info ] [Thread-1 (]: 6 of 11 OK created sql table model intermediate.stg_staging_intermediate__currencies  [[32mOK[0m in 0.05s]
[0m02:28:27.218619 [debug] [Thread-1 (]: Finished running node model.vg_casestudy.stg_staging_intermediate__currencies
[0m02:28:27.218828 [debug] [Thread-1 (]: Began running node model.vg_casestudy.stg_staging_intermediate__accounts
[0m02:28:27.219130 [info ] [Thread-1 (]: 7 of 11 START sql table model intermediate.stg_staging_intermediate__accounts .. [RUN]
[0m02:28:27.219459 [debug] [Thread-1 (]: Re-using an available connection from the pool (formerly model.vg_casestudy.stg_staging_intermediate__currencies, now model.vg_casestudy.stg_staging_intermediate__accounts)
[0m02:28:27.219646 [debug] [Thread-1 (]: Began compiling node model.vg_casestudy.stg_staging_intermediate__accounts
[0m02:28:27.221303 [debug] [Thread-1 (]: Writing injected SQL for node "model.vg_casestudy.stg_staging_intermediate__accounts"
[0m02:28:27.221641 [debug] [Thread-1 (]: Timing info for model.vg_casestudy.stg_staging_intermediate__accounts (compile): 02:28:27.219763 => 02:28:27.221529
[0m02:28:27.221821 [debug] [Thread-1 (]: Began executing node model.vg_casestudy.stg_staging_intermediate__accounts
[0m02:28:27.223796 [debug] [Thread-1 (]: Writing runtime sql for node "model.vg_casestudy.stg_staging_intermediate__accounts"
[0m02:28:27.224088 [debug] [Thread-1 (]: Using duckdb connection "model.vg_casestudy.stg_staging_intermediate__accounts"
[0m02:28:27.224287 [debug] [Thread-1 (]: On model.vg_casestudy.stg_staging_intermediate__accounts: BEGIN
[0m02:28:27.224450 [debug] [Thread-1 (]: Opening a new connection, currently in state closed
[0m02:28:27.231737 [debug] [Thread-1 (]: SQL status: OK in 0.0 seconds
[0m02:28:27.232110 [debug] [Thread-1 (]: Using duckdb connection "model.vg_casestudy.stg_staging_intermediate__accounts"
[0m02:28:27.232365 [debug] [Thread-1 (]: On model.vg_casestudy.stg_staging_intermediate__accounts: /* {"app": "dbt", "dbt_version": "1.6.18", "profile_name": "default", "target_name": "dev", "node_id": "model.vg_casestudy.stg_staging_intermediate__accounts"} */

  
    
    

    create  table
      "casestudy"."intermediate"."stg_staging_intermediate__accounts__dbt_tmp"
  
    as (
      with staging as (
    select * from "casestudy"."staging"."stg_raw_staging__accounts"
), 
filtered as (
    select 
        account_id,
        customer_id,
        account_type,
        account_opening_date,
     from staging
    where not has_date_parsing_error
)

select * from filtered
    );
  
  
[0m02:28:27.236328 [debug] [Thread-1 (]: SQL status: OK in 0.0 seconds
[0m02:28:27.238421 [debug] [Thread-1 (]: Using duckdb connection "model.vg_casestudy.stg_staging_intermediate__accounts"
[0m02:28:27.238636 [debug] [Thread-1 (]: On model.vg_casestudy.stg_staging_intermediate__accounts: /* {"app": "dbt", "dbt_version": "1.6.18", "profile_name": "default", "target_name": "dev", "node_id": "model.vg_casestudy.stg_staging_intermediate__accounts"} */
alter table "casestudy"."intermediate"."stg_staging_intermediate__accounts" rename to "stg_staging_intermediate__accounts__dbt_backup"
[0m02:28:27.238992 [debug] [Thread-1 (]: SQL status: OK in 0.0 seconds
[0m02:28:27.240584 [debug] [Thread-1 (]: Using duckdb connection "model.vg_casestudy.stg_staging_intermediate__accounts"
[0m02:28:27.240797 [debug] [Thread-1 (]: On model.vg_casestudy.stg_staging_intermediate__accounts: /* {"app": "dbt", "dbt_version": "1.6.18", "profile_name": "default", "target_name": "dev", "node_id": "model.vg_casestudy.stg_staging_intermediate__accounts"} */
alter table "casestudy"."intermediate"."stg_staging_intermediate__accounts__dbt_tmp" rename to "stg_staging_intermediate__accounts"
[0m02:28:27.241191 [debug] [Thread-1 (]: SQL status: OK in 0.0 seconds
[0m02:28:27.242155 [debug] [Thread-1 (]: On model.vg_casestudy.stg_staging_intermediate__accounts: COMMIT
[0m02:28:27.242357 [debug] [Thread-1 (]: Using duckdb connection "model.vg_casestudy.stg_staging_intermediate__accounts"
[0m02:28:27.242536 [debug] [Thread-1 (]: On model.vg_casestudy.stg_staging_intermediate__accounts: COMMIT
[0m02:28:27.244038 [debug] [Thread-1 (]: SQL status: OK in 0.0 seconds
[0m02:28:27.245385 [debug] [Thread-1 (]: Using duckdb connection "model.vg_casestudy.stg_staging_intermediate__accounts"
[0m02:28:27.245587 [debug] [Thread-1 (]: On model.vg_casestudy.stg_staging_intermediate__accounts: /* {"app": "dbt", "dbt_version": "1.6.18", "profile_name": "default", "target_name": "dev", "node_id": "model.vg_casestudy.stg_staging_intermediate__accounts"} */
drop table if exists "casestudy"."intermediate"."stg_staging_intermediate__accounts__dbt_backup" cascade
[0m02:28:27.246521 [debug] [Thread-1 (]: SQL status: OK in 0.0 seconds
[0m02:28:27.247292 [debug] [Thread-1 (]: Timing info for model.vg_casestudy.stg_staging_intermediate__accounts (execute): 02:28:27.221935 => 02:28:27.247188
[0m02:28:27.247489 [debug] [Thread-1 (]: On model.vg_casestudy.stg_staging_intermediate__accounts: Close
[0m02:28:27.259816 [debug] [Thread-1 (]: Sending event: {'category': 'dbt', 'action': 'run_model', 'label': '3aeec56f-ff13-44f7-96b5-c78c6b5fd01e', 'context': [<snowplow_tracker.self_describing_json.SelfDescribingJson object at 0x740a70427710>]}
[0m02:28:27.260238 [info ] [Thread-1 (]: 7 of 11 OK created sql table model intermediate.stg_staging_intermediate__accounts  [[32mOK[0m in 0.04s]
[0m02:28:27.260558 [debug] [Thread-1 (]: Finished running node model.vg_casestudy.stg_staging_intermediate__accounts
[0m02:28:27.260790 [debug] [Thread-1 (]: Began running node model.vg_casestudy.stg_staging_intermediate__customers
[0m02:28:27.261101 [info ] [Thread-1 (]: 8 of 11 START sql table model intermediate.stg_staging_intermediate__customers . [RUN]
[0m02:28:27.261467 [debug] [Thread-1 (]: Re-using an available connection from the pool (formerly model.vg_casestudy.stg_staging_intermediate__accounts, now model.vg_casestudy.stg_staging_intermediate__customers)
[0m02:28:27.261672 [debug] [Thread-1 (]: Began compiling node model.vg_casestudy.stg_staging_intermediate__customers
[0m02:28:27.263528 [debug] [Thread-1 (]: Writing injected SQL for node "model.vg_casestudy.stg_staging_intermediate__customers"
[0m02:28:27.263908 [debug] [Thread-1 (]: Timing info for model.vg_casestudy.stg_staging_intermediate__customers (compile): 02:28:27.261796 => 02:28:27.263785
[0m02:28:27.264089 [debug] [Thread-1 (]: Began executing node model.vg_casestudy.stg_staging_intermediate__customers
[0m02:28:27.266187 [debug] [Thread-1 (]: Writing runtime sql for node "model.vg_casestudy.stg_staging_intermediate__customers"
[0m02:28:27.266495 [debug] [Thread-1 (]: Using duckdb connection "model.vg_casestudy.stg_staging_intermediate__customers"
[0m02:28:27.266689 [debug] [Thread-1 (]: On model.vg_casestudy.stg_staging_intermediate__customers: BEGIN
[0m02:28:27.266877 [debug] [Thread-1 (]: Opening a new connection, currently in state closed
[0m02:28:27.274276 [debug] [Thread-1 (]: SQL status: OK in 0.0 seconds
[0m02:28:27.274519 [debug] [Thread-1 (]: Using duckdb connection "model.vg_casestudy.stg_staging_intermediate__customers"
[0m02:28:27.274708 [debug] [Thread-1 (]: On model.vg_casestudy.stg_staging_intermediate__customers: /* {"app": "dbt", "dbt_version": "1.6.18", "profile_name": "default", "target_name": "dev", "node_id": "model.vg_casestudy.stg_staging_intermediate__customers"} */

  
    
    

    create  table
      "casestudy"."intermediate"."stg_staging_intermediate__customers__dbt_tmp"
  
    as (
      with staging as (
    select * from "casestudy"."staging"."stg_raw_staging__customers"
)

select * from staging
    );
  
  
[0m02:28:27.279828 [debug] [Thread-1 (]: SQL status: OK in 0.0 seconds
[0m02:28:27.282751 [debug] [Thread-1 (]: Using duckdb connection "model.vg_casestudy.stg_staging_intermediate__customers"
[0m02:28:27.282966 [debug] [Thread-1 (]: On model.vg_casestudy.stg_staging_intermediate__customers: /* {"app": "dbt", "dbt_version": "1.6.18", "profile_name": "default", "target_name": "dev", "node_id": "model.vg_casestudy.stg_staging_intermediate__customers"} */
alter table "casestudy"."intermediate"."stg_staging_intermediate__customers" rename to "stg_staging_intermediate__customers__dbt_backup"
[0m02:28:27.283332 [debug] [Thread-1 (]: SQL status: OK in 0.0 seconds
[0m02:28:27.284903 [debug] [Thread-1 (]: Using duckdb connection "model.vg_casestudy.stg_staging_intermediate__customers"
[0m02:28:27.285114 [debug] [Thread-1 (]: On model.vg_casestudy.stg_staging_intermediate__customers: /* {"app": "dbt", "dbt_version": "1.6.18", "profile_name": "default", "target_name": "dev", "node_id": "model.vg_casestudy.stg_staging_intermediate__customers"} */
alter table "casestudy"."intermediate"."stg_staging_intermediate__customers__dbt_tmp" rename to "stg_staging_intermediate__customers"
[0m02:28:27.285501 [debug] [Thread-1 (]: SQL status: OK in 0.0 seconds
[0m02:28:27.286458 [debug] [Thread-1 (]: On model.vg_casestudy.stg_staging_intermediate__customers: COMMIT
[0m02:28:27.286657 [debug] [Thread-1 (]: Using duckdb connection "model.vg_casestudy.stg_staging_intermediate__customers"
[0m02:28:27.286829 [debug] [Thread-1 (]: On model.vg_casestudy.stg_staging_intermediate__customers: COMMIT
[0m02:28:27.288684 [debug] [Thread-1 (]: SQL status: OK in 0.0 seconds
[0m02:28:27.290111 [debug] [Thread-1 (]: Using duckdb connection "model.vg_casestudy.stg_staging_intermediate__customers"
[0m02:28:27.290377 [debug] [Thread-1 (]: On model.vg_casestudy.stg_staging_intermediate__customers: /* {"app": "dbt", "dbt_version": "1.6.18", "profile_name": "default", "target_name": "dev", "node_id": "model.vg_casestudy.stg_staging_intermediate__customers"} */
drop table if exists "casestudy"."intermediate"."stg_staging_intermediate__customers__dbt_backup" cascade
[0m02:28:27.291695 [debug] [Thread-1 (]: SQL status: OK in 0.0 seconds
[0m02:28:27.292474 [debug] [Thread-1 (]: Timing info for model.vg_casestudy.stg_staging_intermediate__customers (execute): 02:28:27.264217 => 02:28:27.292375
[0m02:28:27.292671 [debug] [Thread-1 (]: On model.vg_casestudy.stg_staging_intermediate__customers: Close
[0m02:28:27.311926 [debug] [Thread-1 (]: Sending event: {'category': 'dbt', 'action': 'run_model', 'label': '3aeec56f-ff13-44f7-96b5-c78c6b5fd01e', 'context': [<snowplow_tracker.self_describing_json.SelfDescribingJson object at 0x740a70095ed0>]}
[0m02:28:27.312353 [info ] [Thread-1 (]: 8 of 11 OK created sql table model intermediate.stg_staging_intermediate__customers  [[32mOK[0m in 0.05s]
[0m02:28:27.312669 [debug] [Thread-1 (]: Finished running node model.vg_casestudy.stg_staging_intermediate__customers
[0m02:28:27.312889 [debug] [Thread-1 (]: Began running node model.vg_casestudy.stg_staging_intermediate__fx_rates
[0m02:28:27.313188 [info ] [Thread-1 (]: 9 of 11 START sql table model intermediate.stg_staging_intermediate__fx_rates .. [RUN]
[0m02:28:27.313541 [debug] [Thread-1 (]: Re-using an available connection from the pool (formerly model.vg_casestudy.stg_staging_intermediate__customers, now model.vg_casestudy.stg_staging_intermediate__fx_rates)
[0m02:28:27.313733 [debug] [Thread-1 (]: Began compiling node model.vg_casestudy.stg_staging_intermediate__fx_rates
[0m02:28:27.315456 [debug] [Thread-1 (]: Writing injected SQL for node "model.vg_casestudy.stg_staging_intermediate__fx_rates"
[0m02:28:27.315800 [debug] [Thread-1 (]: Timing info for model.vg_casestudy.stg_staging_intermediate__fx_rates (compile): 02:28:27.313851 => 02:28:27.315686
[0m02:28:27.315983 [debug] [Thread-1 (]: Began executing node model.vg_casestudy.stg_staging_intermediate__fx_rates
[0m02:28:27.317996 [debug] [Thread-1 (]: Writing runtime sql for node "model.vg_casestudy.stg_staging_intermediate__fx_rates"
[0m02:28:27.318298 [debug] [Thread-1 (]: Using duckdb connection "model.vg_casestudy.stg_staging_intermediate__fx_rates"
[0m02:28:27.318478 [debug] [Thread-1 (]: On model.vg_casestudy.stg_staging_intermediate__fx_rates: BEGIN
[0m02:28:27.318640 [debug] [Thread-1 (]: Opening a new connection, currently in state closed
[0m02:28:27.326050 [debug] [Thread-1 (]: SQL status: OK in 0.0 seconds
[0m02:28:27.326380 [debug] [Thread-1 (]: Using duckdb connection "model.vg_casestudy.stg_staging_intermediate__fx_rates"
[0m02:28:27.326598 [debug] [Thread-1 (]: On model.vg_casestudy.stg_staging_intermediate__fx_rates: /* {"app": "dbt", "dbt_version": "1.6.18", "profile_name": "default", "target_name": "dev", "node_id": "model.vg_casestudy.stg_staging_intermediate__fx_rates"} */

  
    
    

    create  table
      "casestudy"."intermediate"."stg_staging_intermediate__fx_rates__dbt_tmp"
  
    as (
      with staging as (
    select * from "casestudy"."staging"."stg_raw_staging__fx_rates"
),

filtered as (
    select
        currency_iso_code,
        fx_rate,
        fx_rate_date
    from staging
    where not has_date_parsing_error
)

select * from filtered
    );
  
  
[0m02:28:27.328999 [debug] [Thread-1 (]: SQL status: OK in 0.0 seconds
[0m02:28:27.330871 [debug] [Thread-1 (]: Using duckdb connection "model.vg_casestudy.stg_staging_intermediate__fx_rates"
[0m02:28:27.331080 [debug] [Thread-1 (]: On model.vg_casestudy.stg_staging_intermediate__fx_rates: /* {"app": "dbt", "dbt_version": "1.6.18", "profile_name": "default", "target_name": "dev", "node_id": "model.vg_casestudy.stg_staging_intermediate__fx_rates"} */
alter table "casestudy"."intermediate"."stg_staging_intermediate__fx_rates" rename to "stg_staging_intermediate__fx_rates__dbt_backup"
[0m02:28:27.331498 [debug] [Thread-1 (]: SQL status: OK in 0.0 seconds
[0m02:28:27.333080 [debug] [Thread-1 (]: Using duckdb connection "model.vg_casestudy.stg_staging_intermediate__fx_rates"
[0m02:28:27.333295 [debug] [Thread-1 (]: On model.vg_casestudy.stg_staging_intermediate__fx_rates: /* {"app": "dbt", "dbt_version": "1.6.18", "profile_name": "default", "target_name": "dev", "node_id": "model.vg_casestudy.stg_staging_intermediate__fx_rates"} */
alter table "casestudy"."intermediate"."stg_staging_intermediate__fx_rates__dbt_tmp" rename to "stg_staging_intermediate__fx_rates"
[0m02:28:27.333628 [debug] [Thread-1 (]: SQL status: OK in 0.0 seconds
[0m02:28:27.334583 [debug] [Thread-1 (]: On model.vg_casestudy.stg_staging_intermediate__fx_rates: COMMIT
[0m02:28:27.334782 [debug] [Thread-1 (]: Using duckdb connection "model.vg_casestudy.stg_staging_intermediate__fx_rates"
[0m02:28:27.334954 [debug] [Thread-1 (]: On model.vg_casestudy.stg_staging_intermediate__fx_rates: COMMIT
[0m02:28:27.336413 [debug] [Thread-1 (]: SQL status: OK in 0.0 seconds
[0m02:28:27.337792 [debug] [Thread-1 (]: Using duckdb connection "model.vg_casestudy.stg_staging_intermediate__fx_rates"
[0m02:28:27.337994 [debug] [Thread-1 (]: On model.vg_casestudy.stg_staging_intermediate__fx_rates: /* {"app": "dbt", "dbt_version": "1.6.18", "profile_name": "default", "target_name": "dev", "node_id": "model.vg_casestudy.stg_staging_intermediate__fx_rates"} */
drop table if exists "casestudy"."intermediate"."stg_staging_intermediate__fx_rates__dbt_backup" cascade
[0m02:28:27.339192 [debug] [Thread-1 (]: SQL status: OK in 0.0 seconds
[0m02:28:27.339927 [debug] [Thread-1 (]: Timing info for model.vg_casestudy.stg_staging_intermediate__fx_rates (execute): 02:28:27.316100 => 02:28:27.339828
[0m02:28:27.340119 [debug] [Thread-1 (]: On model.vg_casestudy.stg_staging_intermediate__fx_rates: Close
[0m02:28:27.352291 [debug] [Thread-1 (]: Sending event: {'category': 'dbt', 'action': 'run_model', 'label': '3aeec56f-ff13-44f7-96b5-c78c6b5fd01e', 'context': [<snowplow_tracker.self_describing_json.SelfDescribingJson object at 0x740a70559110>]}
[0m02:28:27.352684 [info ] [Thread-1 (]: 9 of 11 OK created sql table model intermediate.stg_staging_intermediate__fx_rates  [[32mOK[0m in 0.04s]
[0m02:28:27.352987 [debug] [Thread-1 (]: Finished running node model.vg_casestudy.stg_staging_intermediate__fx_rates
[0m02:28:27.353207 [debug] [Thread-1 (]: Began running node model.vg_casestudy.stg_staging_intermediate__loans
[0m02:28:27.353498 [info ] [Thread-1 (]: 10 of 11 START sql table model intermediate.stg_staging_intermediate__loans .... [RUN]
[0m02:28:27.353840 [debug] [Thread-1 (]: Re-using an available connection from the pool (formerly model.vg_casestudy.stg_staging_intermediate__fx_rates, now model.vg_casestudy.stg_staging_intermediate__loans)
[0m02:28:27.354029 [debug] [Thread-1 (]: Began compiling node model.vg_casestudy.stg_staging_intermediate__loans
[0m02:28:27.355741 [debug] [Thread-1 (]: Writing injected SQL for node "model.vg_casestudy.stg_staging_intermediate__loans"
[0m02:28:27.356079 [debug] [Thread-1 (]: Timing info for model.vg_casestudy.stg_staging_intermediate__loans (compile): 02:28:27.354158 => 02:28:27.355965
[0m02:28:27.356268 [debug] [Thread-1 (]: Began executing node model.vg_casestudy.stg_staging_intermediate__loans
[0m02:28:27.359332 [debug] [Thread-1 (]: Writing runtime sql for node "model.vg_casestudy.stg_staging_intermediate__loans"
[0m02:28:27.359629 [debug] [Thread-1 (]: Using duckdb connection "model.vg_casestudy.stg_staging_intermediate__loans"
[0m02:28:27.359808 [debug] [Thread-1 (]: On model.vg_casestudy.stg_staging_intermediate__loans: BEGIN
[0m02:28:27.359968 [debug] [Thread-1 (]: Opening a new connection, currently in state closed
[0m02:28:27.366972 [debug] [Thread-1 (]: SQL status: OK in 0.0 seconds
[0m02:28:27.367216 [debug] [Thread-1 (]: Using duckdb connection "model.vg_casestudy.stg_staging_intermediate__loans"
[0m02:28:27.367409 [debug] [Thread-1 (]: On model.vg_casestudy.stg_staging_intermediate__loans: /* {"app": "dbt", "dbt_version": "1.6.18", "profile_name": "default", "target_name": "dev", "node_id": "model.vg_casestudy.stg_staging_intermediate__loans"} */

  
    
    

    create  table
      "casestudy"."intermediate"."stg_staging_intermediate__loans__dbt_tmp"
  
    as (
      with staging as (
    select * from "casestudy"."staging"."stg_raw_staging__loans"
),

filtered as (
    select
        customer_id,
        loan_id,
        loan_amount,
        loan_type,
        interest_rate,
        loan_term,
        approval_rejection_date,
        loan_status
    from staging
    where not has_date_parsing_error
)

select * from filtered
    );
  
  
[0m02:28:27.376255 [debug] [Thread-1 (]: SQL status: OK in 0.0 seconds
[0m02:28:27.378504 [debug] [Thread-1 (]: Using duckdb connection "model.vg_casestudy.stg_staging_intermediate__loans"
[0m02:28:27.378753 [debug] [Thread-1 (]: On model.vg_casestudy.stg_staging_intermediate__loans: /* {"app": "dbt", "dbt_version": "1.6.18", "profile_name": "default", "target_name": "dev", "node_id": "model.vg_casestudy.stg_staging_intermediate__loans"} */
alter table "casestudy"."intermediate"."stg_staging_intermediate__loans" rename to "stg_staging_intermediate__loans__dbt_backup"
[0m02:28:27.379158 [debug] [Thread-1 (]: SQL status: OK in 0.0 seconds
[0m02:28:27.380754 [debug] [Thread-1 (]: Using duckdb connection "model.vg_casestudy.stg_staging_intermediate__loans"
[0m02:28:27.380959 [debug] [Thread-1 (]: On model.vg_casestudy.stg_staging_intermediate__loans: /* {"app": "dbt", "dbt_version": "1.6.18", "profile_name": "default", "target_name": "dev", "node_id": "model.vg_casestudy.stg_staging_intermediate__loans"} */
alter table "casestudy"."intermediate"."stg_staging_intermediate__loans__dbt_tmp" rename to "stg_staging_intermediate__loans"
[0m02:28:27.381301 [debug] [Thread-1 (]: SQL status: OK in 0.0 seconds
[0m02:28:27.382252 [debug] [Thread-1 (]: On model.vg_casestudy.stg_staging_intermediate__loans: COMMIT
[0m02:28:27.382462 [debug] [Thread-1 (]: Using duckdb connection "model.vg_casestudy.stg_staging_intermediate__loans"
[0m02:28:27.382637 [debug] [Thread-1 (]: On model.vg_casestudy.stg_staging_intermediate__loans: COMMIT
[0m02:28:27.384456 [debug] [Thread-1 (]: SQL status: OK in 0.0 seconds
[0m02:28:27.385853 [debug] [Thread-1 (]: Using duckdb connection "model.vg_casestudy.stg_staging_intermediate__loans"
[0m02:28:27.386058 [debug] [Thread-1 (]: On model.vg_casestudy.stg_staging_intermediate__loans: /* {"app": "dbt", "dbt_version": "1.6.18", "profile_name": "default", "target_name": "dev", "node_id": "model.vg_casestudy.stg_staging_intermediate__loans"} */
drop table if exists "casestudy"."intermediate"."stg_staging_intermediate__loans__dbt_backup" cascade
[0m02:28:27.386972 [debug] [Thread-1 (]: SQL status: OK in 0.0 seconds
[0m02:28:27.387697 [debug] [Thread-1 (]: Timing info for model.vg_casestudy.stg_staging_intermediate__loans (execute): 02:28:27.356385 => 02:28:27.387600
[0m02:28:27.387889 [debug] [Thread-1 (]: On model.vg_casestudy.stg_staging_intermediate__loans: Close
[0m02:28:27.401998 [debug] [Thread-1 (]: Sending event: {'category': 'dbt', 'action': 'run_model', 'label': '3aeec56f-ff13-44f7-96b5-c78c6b5fd01e', 'context': [<snowplow_tracker.self_describing_json.SelfDescribingJson object at 0x740a70076c50>]}
[0m02:28:27.402403 [info ] [Thread-1 (]: 10 of 11 OK created sql table model intermediate.stg_staging_intermediate__loans  [[32mOK[0m in 0.05s]
[0m02:28:27.402709 [debug] [Thread-1 (]: Finished running node model.vg_casestudy.stg_staging_intermediate__loans
[0m02:28:27.402924 [debug] [Thread-1 (]: Began running node model.vg_casestudy.stg_staging_intermediate__transactions
[0m02:28:27.403217 [info ] [Thread-1 (]: 11 of 11 START sql table model intermediate.stg_staging_intermediate__transactions  [RUN]
[0m02:28:27.403551 [debug] [Thread-1 (]: Re-using an available connection from the pool (formerly model.vg_casestudy.stg_staging_intermediate__loans, now model.vg_casestudy.stg_staging_intermediate__transactions)
[0m02:28:27.403741 [debug] [Thread-1 (]: Began compiling node model.vg_casestudy.stg_staging_intermediate__transactions
[0m02:28:27.405445 [debug] [Thread-1 (]: Writing injected SQL for node "model.vg_casestudy.stg_staging_intermediate__transactions"
[0m02:28:27.405793 [debug] [Thread-1 (]: Timing info for model.vg_casestudy.stg_staging_intermediate__transactions (compile): 02:28:27.403858 => 02:28:27.405679
[0m02:28:27.405971 [debug] [Thread-1 (]: Began executing node model.vg_casestudy.stg_staging_intermediate__transactions
[0m02:28:27.407899 [debug] [Thread-1 (]: Writing runtime sql for node "model.vg_casestudy.stg_staging_intermediate__transactions"
[0m02:28:27.408209 [debug] [Thread-1 (]: Using duckdb connection "model.vg_casestudy.stg_staging_intermediate__transactions"
[0m02:28:27.408395 [debug] [Thread-1 (]: On model.vg_casestudy.stg_staging_intermediate__transactions: BEGIN
[0m02:28:27.408554 [debug] [Thread-1 (]: Opening a new connection, currently in state closed
[0m02:28:27.416330 [debug] [Thread-1 (]: SQL status: OK in 0.0 seconds
[0m02:28:27.416658 [debug] [Thread-1 (]: Using duckdb connection "model.vg_casestudy.stg_staging_intermediate__transactions"
[0m02:28:27.416861 [debug] [Thread-1 (]: On model.vg_casestudy.stg_staging_intermediate__transactions: /* {"app": "dbt", "dbt_version": "1.6.18", "profile_name": "default", "target_name": "dev", "node_id": "model.vg_casestudy.stg_staging_intermediate__transactions"} */

  
    
    

    create  table
      "casestudy"."intermediate"."stg_staging_intermediate__transactions__dbt_tmp"
  
    as (
      with staging as (
    select * from "casestudy"."staging"."stg_raw_staging__transactions"
),

filtered as (
    select
        transaction_id,
        transaction_date,
        account_id,
        transaction_type,
        transaction_amount,
        transaction_currency
    from staging
    where not has_date_parsing_error
)

select * from filtered
    );
  
  
[0m02:28:27.455847 [debug] [Thread-1 (]: SQL status: OK in 0.0 seconds
[0m02:28:27.458099 [debug] [Thread-1 (]: Using duckdb connection "model.vg_casestudy.stg_staging_intermediate__transactions"
[0m02:28:27.458324 [debug] [Thread-1 (]: On model.vg_casestudy.stg_staging_intermediate__transactions: /* {"app": "dbt", "dbt_version": "1.6.18", "profile_name": "default", "target_name": "dev", "node_id": "model.vg_casestudy.stg_staging_intermediate__transactions"} */
alter table "casestudy"."intermediate"."stg_staging_intermediate__transactions" rename to "stg_staging_intermediate__transactions__dbt_backup"
[0m02:28:27.458760 [debug] [Thread-1 (]: SQL status: OK in 0.0 seconds
[0m02:28:27.460480 [debug] [Thread-1 (]: Using duckdb connection "model.vg_casestudy.stg_staging_intermediate__transactions"
[0m02:28:27.460775 [debug] [Thread-1 (]: On model.vg_casestudy.stg_staging_intermediate__transactions: /* {"app": "dbt", "dbt_version": "1.6.18", "profile_name": "default", "target_name": "dev", "node_id": "model.vg_casestudy.stg_staging_intermediate__transactions"} */
alter table "casestudy"."intermediate"."stg_staging_intermediate__transactions__dbt_tmp" rename to "stg_staging_intermediate__transactions"
[0m02:28:27.461232 [debug] [Thread-1 (]: SQL status: OK in 0.0 seconds
[0m02:28:27.462253 [debug] [Thread-1 (]: On model.vg_casestudy.stg_staging_intermediate__transactions: COMMIT
[0m02:28:27.462449 [debug] [Thread-1 (]: Using duckdb connection "model.vg_casestudy.stg_staging_intermediate__transactions"
[0m02:28:27.462617 [debug] [Thread-1 (]: On model.vg_casestudy.stg_staging_intermediate__transactions: COMMIT
[0m02:28:27.467662 [debug] [Thread-1 (]: SQL status: OK in 0.0 seconds
[0m02:28:27.469100 [debug] [Thread-1 (]: Using duckdb connection "model.vg_casestudy.stg_staging_intermediate__transactions"
[0m02:28:27.469309 [debug] [Thread-1 (]: On model.vg_casestudy.stg_staging_intermediate__transactions: /* {"app": "dbt", "dbt_version": "1.6.18", "profile_name": "default", "target_name": "dev", "node_id": "model.vg_casestudy.stg_staging_intermediate__transactions"} */
drop table if exists "casestudy"."intermediate"."stg_staging_intermediate__transactions__dbt_backup" cascade
[0m02:28:27.470257 [debug] [Thread-1 (]: SQL status: OK in 0.0 seconds
[0m02:28:27.471001 [debug] [Thread-1 (]: Timing info for model.vg_casestudy.stg_staging_intermediate__transactions (execute): 02:28:27.406085 => 02:28:27.470903
[0m02:28:27.471194 [debug] [Thread-1 (]: On model.vg_casestudy.stg_staging_intermediate__transactions: Close
[0m02:28:27.494900 [debug] [Thread-1 (]: Sending event: {'category': 'dbt', 'action': 'run_model', 'label': '3aeec56f-ff13-44f7-96b5-c78c6b5fd01e', 'context': [<snowplow_tracker.self_describing_json.SelfDescribingJson object at 0x740a70077850>]}
[0m02:28:27.495278 [info ] [Thread-1 (]: 11 of 11 OK created sql table model intermediate.stg_staging_intermediate__transactions  [[32mOK[0m in 0.09s]
[0m02:28:27.495577 [debug] [Thread-1 (]: Finished running node model.vg_casestudy.stg_staging_intermediate__transactions
[0m02:28:27.496658 [debug] [MainThread]: Using duckdb connection "master"
[0m02:28:27.496834 [debug] [MainThread]: On master: BEGIN
[0m02:28:27.496974 [debug] [MainThread]: Opening a new connection, currently in state closed
[0m02:28:27.504383 [debug] [MainThread]: SQL status: OK in 0.0 seconds
[0m02:28:27.504584 [debug] [MainThread]: On master: COMMIT
[0m02:28:27.504731 [debug] [MainThread]: Using duckdb connection "master"
[0m02:28:27.504867 [debug] [MainThread]: On master: COMMIT
[0m02:28:27.505183 [debug] [MainThread]: SQL status: OK in 0.0 seconds
[0m02:28:27.505350 [debug] [MainThread]: On master: Close
[0m02:28:27.506805 [debug] [MainThread]: Connection 'master' was properly closed.
[0m02:28:27.506983 [debug] [MainThread]: Connection 'list_casestudy_intermediate' was properly closed.
[0m02:28:27.507121 [debug] [MainThread]: Connection 'model.vg_casestudy.stg_staging_intermediate__transactions' was properly closed.
[0m02:28:27.507346 [info ] [MainThread]: 
[0m02:28:27.507523 [info ] [MainThread]: Finished running 5 view models, 6 table models in 0 hours 0 minutes and 0.77 seconds (0.77s).
[0m02:28:27.508433 [debug] [MainThread]: Command end result
[0m02:28:27.519635 [info ] [MainThread]: 
[0m02:28:27.519924 [info ] [MainThread]: [32mCompleted successfully[0m
[0m02:28:27.520090 [info ] [MainThread]: 
[0m02:28:27.520262 [info ] [MainThread]: Done. PASS=11 WARN=0 ERROR=0 SKIP=0 TOTAL=11
[0m02:28:27.520519 [debug] [MainThread]: Command `dbt run` succeeded at 02:28:27.520460 after 0.91 seconds
[0m02:28:27.520712 [debug] [MainThread]: Sending event: {'category': 'dbt', 'action': 'invocation', 'label': 'end', 'context': [<snowplow_tracker.self_describing_json.SelfDescribingJson object at 0x740a7909da50>, <snowplow_tracker.self_describing_json.SelfDescribingJson object at 0x740a7909c990>, <snowplow_tracker.self_describing_json.SelfDescribingJson object at 0x740a7909dbd0>]}
[0m02:28:27.520899 [debug] [MainThread]: Flushing usage events
[0m02:30:08.370277 [debug] [MainThread]: Sending event: {'category': 'dbt', 'action': 'invocation', 'label': 'start', 'context': [<snowplow_tracker.self_describing_json.SelfDescribingJson object at 0x7c7a2fe22050>, <snowplow_tracker.self_describing_json.SelfDescribingJson object at 0x7c7a3015bb10>, <snowplow_tracker.self_describing_json.SelfDescribingJson object at 0x7c7a301921d0>]}


============================== 02:30:08.373198 | f9c6553f-5fe9-4ba1-91f8-90d6cbeef8c8 ==============================
[0m02:30:08.373198 [info ] [MainThread]: Running with dbt=1.6.18
[0m02:30:08.373791 [debug] [MainThread]: running dbt with arguments {'printer_width': '80', 'indirect_selection': 'eager', 'write_json': 'True', 'log_cache_events': 'False', 'partial_parse': 'True', 'cache_selected_only': 'False', 'warn_error': 'None', 'debug': 'False', 'fail_fast': 'False', 'log_path': '/workspaces/varengold_data_analyst_case/transformation/logs', 'profiles_dir': '/workspaces/varengold_data_analyst_case/transformation', 'version_check': 'True', 'use_colors': 'True', 'use_experimental_parser': 'False', 'no_print': 'None', 'quiet': 'False', 'warn_error_options': 'WarnErrorOptions(include=[], exclude=[])', 'static_parser': 'True', 'invocation_command': 'dbt run --full-refresh', 'introspect': 'True', 'target_path': 'None', 'log_format': 'default', 'send_anonymous_usage_stats': 'True'}
[0m02:30:08.431087 [debug] [MainThread]: Sending event: {'category': 'dbt', 'action': 'project_id', 'label': 'f9c6553f-5fe9-4ba1-91f8-90d6cbeef8c8', 'context': [<snowplow_tracker.self_describing_json.SelfDescribingJson object at 0x7c7a3017d9d0>]}
[0m02:30:08.439068 [debug] [MainThread]: Sending event: {'category': 'dbt', 'action': 'adapter_info', 'label': 'f9c6553f-5fe9-4ba1-91f8-90d6cbeef8c8', 'context': [<snowplow_tracker.self_describing_json.SelfDescribingJson object at 0x7c7a2fe38910>]}
[0m02:30:08.439522 [info ] [MainThread]: Registered adapter: duckdb=1.6.2
[0m02:30:08.452314 [debug] [MainThread]: checksum: 7b9fab86a08e9e96a48a825af743c566d95b877e068b8c6d0dbafbf714447189, vars: {}, profile: , target: , version: 1.6.18
[0m02:30:08.474361 [debug] [MainThread]: Partial parsing enabled: 0 files deleted, 0 files added, 0 files changed.
[0m02:30:08.474642 [debug] [MainThread]: Partial parsing enabled, no changes found, skipping parsing
[0m02:30:08.475348 [warn ] [MainThread]: [[33mWARNING[0m]: Configuration paths exist in your dbt_project.yml file which do not apply to any resources.
There are 3 unused configuration paths:
- models.vg_casestudy.reporting
- models.vg_casestudy.marts
- models.vg_casestudy.main
[0m02:30:08.479227 [debug] [MainThread]: Sending event: {'category': 'dbt', 'action': 'load_project', 'label': 'f9c6553f-5fe9-4ba1-91f8-90d6cbeef8c8', 'context': [<snowplow_tracker.self_describing_json.SelfDescribingJson object at 0x7c7a2fbc8350>]}
[0m02:30:08.494021 [debug] [MainThread]: Sending event: {'category': 'dbt', 'action': 'resource_counts', 'label': 'f9c6553f-5fe9-4ba1-91f8-90d6cbeef8c8', 'context': [<snowplow_tracker.self_describing_json.SelfDescribingJson object at 0x7c7a2c4d2850>]}
[0m02:30:08.494400 [info ] [MainThread]: Found 11 models, 1 analysis, 2 seeds, 71 tests, 5 sources, 0 exposures, 0 metrics, 632 macros, 0 groups, 0 semantic models
[0m02:30:08.494601 [debug] [MainThread]: Sending event: {'category': 'dbt', 'action': 'runnable_timing', 'label': 'f9c6553f-5fe9-4ba1-91f8-90d6cbeef8c8', 'context': [<snowplow_tracker.self_describing_json.SelfDescribingJson object at 0x7c7a2b97bd50>]}
[0m02:30:08.496366 [info ] [MainThread]: 
[0m02:30:08.496819 [debug] [MainThread]: Acquiring new duckdb connection 'master'
[0m02:30:08.498164 [debug] [ThreadPool]: Acquiring new duckdb connection 'list_casestudy'
[0m02:30:08.511218 [debug] [ThreadPool]: Using duckdb connection "list_casestudy"
[0m02:30:08.511459 [debug] [ThreadPool]: On list_casestudy: /* {"app": "dbt", "dbt_version": "1.6.18", "profile_name": "default", "target_name": "dev", "connection_name": "list_casestudy"} */

    
    select schema_name
    from system.information_schema.schemata
    
    where catalog_name = '"casestudy"'
    
  
  
[0m02:30:08.511628 [debug] [ThreadPool]: Opening a new connection, currently in state init
[0m02:30:08.521724 [debug] [ThreadPool]: SQL status: OK in 0.0 seconds
[0m02:30:08.522630 [debug] [ThreadPool]: On list_casestudy: Close
[0m02:30:08.526828 [debug] [ThreadPool]: Using duckdb connection "list_casestudy"
[0m02:30:08.527145 [debug] [ThreadPool]: On list_casestudy: /* {"app": "dbt", "dbt_version": "1.6.18", "profile_name": "default", "target_name": "dev", "connection_name": "list_casestudy"} */

    
    select schema_name
    from system.information_schema.schemata
    
    where catalog_name = '"casestudy"'
    
  
  
[0m02:30:08.527345 [debug] [ThreadPool]: Opening a new connection, currently in state closed
[0m02:30:08.534731 [debug] [ThreadPool]: SQL status: OK in 0.0 seconds
[0m02:30:08.535548 [debug] [ThreadPool]: On list_casestudy: Close
[0m02:30:08.538415 [debug] [ThreadPool]: Re-using an available connection from the pool (formerly list_casestudy, now create_casestudy_intermediate)
[0m02:30:08.538937 [debug] [ThreadPool]: Creating schema "database: "casestudy"
schema: "intermediate"
"
[0m02:30:08.541668 [debug] [ThreadPool]: Using duckdb connection "create_casestudy_intermediate"
[0m02:30:08.541854 [debug] [ThreadPool]: On create_casestudy_intermediate: BEGIN
[0m02:30:08.541995 [debug] [ThreadPool]: Opening a new connection, currently in state closed
[0m02:30:08.548718 [debug] [ThreadPool]: SQL status: OK in 0.0 seconds
[0m02:30:08.548913 [debug] [ThreadPool]: Using duckdb connection "create_casestudy_intermediate"
[0m02:30:08.549067 [debug] [ThreadPool]: On create_casestudy_intermediate: /* {"app": "dbt", "dbt_version": "1.6.18", "profile_name": "default", "target_name": "dev", "connection_name": "create_casestudy_intermediate"} */
create schema if not exists "casestudy"."intermediate"
[0m02:30:08.549412 [debug] [ThreadPool]: SQL status: OK in 0.0 seconds
[0m02:30:08.549905 [debug] [ThreadPool]: On create_casestudy_intermediate: COMMIT
[0m02:30:08.550069 [debug] [ThreadPool]: Using duckdb connection "create_casestudy_intermediate"
[0m02:30:08.550218 [debug] [ThreadPool]: On create_casestudy_intermediate: COMMIT
[0m02:30:08.550460 [debug] [ThreadPool]: SQL status: OK in 0.0 seconds
[0m02:30:08.550621 [debug] [ThreadPool]: On create_casestudy_intermediate: Close
[0m02:30:08.552510 [debug] [ThreadPool]: Re-using an available connection from the pool (formerly create_casestudy_intermediate, now create_casestudy_staging)
[0m02:30:08.552898 [debug] [ThreadPool]: Creating schema "database: "casestudy"
schema: "staging"
"
[0m02:30:08.554388 [debug] [ThreadPool]: Using duckdb connection "create_casestudy_staging"
[0m02:30:08.554906 [debug] [ThreadPool]: On create_casestudy_staging: BEGIN
[0m02:30:08.555174 [debug] [ThreadPool]: Opening a new connection, currently in state closed
[0m02:30:08.561856 [debug] [ThreadPool]: SQL status: OK in 0.0 seconds
[0m02:30:08.562048 [debug] [ThreadPool]: Using duckdb connection "create_casestudy_staging"
[0m02:30:08.562210 [debug] [ThreadPool]: On create_casestudy_staging: /* {"app": "dbt", "dbt_version": "1.6.18", "profile_name": "default", "target_name": "dev", "connection_name": "create_casestudy_staging"} */
create schema if not exists "casestudy"."staging"
[0m02:30:08.562491 [debug] [ThreadPool]: SQL status: OK in 0.0 seconds
[0m02:30:08.562983 [debug] [ThreadPool]: On create_casestudy_staging: COMMIT
[0m02:30:08.563152 [debug] [ThreadPool]: Using duckdb connection "create_casestudy_staging"
[0m02:30:08.563295 [debug] [ThreadPool]: On create_casestudy_staging: COMMIT
[0m02:30:08.563537 [debug] [ThreadPool]: SQL status: OK in 0.0 seconds
[0m02:30:08.563705 [debug] [ThreadPool]: On create_casestudy_staging: Close
[0m02:30:08.566593 [debug] [ThreadPool]: Re-using an available connection from the pool (formerly create_casestudy_staging, now list_casestudy_intermediate)
[0m02:30:08.572175 [debug] [ThreadPool]: Using duckdb connection "list_casestudy_intermediate"
[0m02:30:08.572357 [debug] [ThreadPool]: On list_casestudy_intermediate: BEGIN
[0m02:30:08.572500 [debug] [ThreadPool]: Opening a new connection, currently in state closed
[0m02:30:08.578954 [debug] [ThreadPool]: SQL status: OK in 0.0 seconds
[0m02:30:08.579147 [debug] [ThreadPool]: Using duckdb connection "list_casestudy_intermediate"
[0m02:30:08.579306 [debug] [ThreadPool]: On list_casestudy_intermediate: /* {"app": "dbt", "dbt_version": "1.6.18", "profile_name": "default", "target_name": "dev", "connection_name": "list_casestudy_intermediate"} */
select
      'casestudy' as database,
      table_name as name,
      table_schema as schema,
      CASE table_type
        WHEN 'BASE TABLE' THEN 'table'
        WHEN 'VIEW' THEN 'view'
        WHEN 'LOCAL TEMPORARY' THEN 'table'
        END as type
    from system.information_schema.tables
    where table_schema = 'intermediate'
    and table_catalog = 'casestudy'
  
[0m02:30:08.586172 [debug] [ThreadPool]: SQL status: OK in 0.0 seconds
[0m02:30:08.586950 [debug] [ThreadPool]: On list_casestudy_intermediate: ROLLBACK
[0m02:30:08.587388 [debug] [ThreadPool]: Failed to rollback 'list_casestudy_intermediate'
[0m02:30:08.587555 [debug] [ThreadPool]: On list_casestudy_intermediate: Close
[0m02:30:08.590271 [debug] [ThreadPool]: Re-using an available connection from the pool (formerly list_casestudy_intermediate, now list_casestudy_raw)
[0m02:30:08.593699 [debug] [ThreadPool]: Using duckdb connection "list_casestudy_raw"
[0m02:30:08.594041 [debug] [ThreadPool]: On list_casestudy_raw: BEGIN
[0m02:30:08.594326 [debug] [ThreadPool]: Opening a new connection, currently in state closed
[0m02:30:08.603506 [debug] [ThreadPool]: SQL status: OK in 0.0 seconds
[0m02:30:08.603748 [debug] [ThreadPool]: Using duckdb connection "list_casestudy_raw"
[0m02:30:08.603917 [debug] [ThreadPool]: On list_casestudy_raw: /* {"app": "dbt", "dbt_version": "1.6.18", "profile_name": "default", "target_name": "dev", "connection_name": "list_casestudy_raw"} */
select
      'casestudy' as database,
      table_name as name,
      table_schema as schema,
      CASE table_type
        WHEN 'BASE TABLE' THEN 'table'
        WHEN 'VIEW' THEN 'view'
        WHEN 'LOCAL TEMPORARY' THEN 'table'
        END as type
    from system.information_schema.tables
    where table_schema = 'raw'
    and table_catalog = 'casestudy'
  
[0m02:30:08.609661 [debug] [ThreadPool]: SQL status: OK in 0.0 seconds
[0m02:30:08.610445 [debug] [ThreadPool]: On list_casestudy_raw: ROLLBACK
[0m02:30:08.610733 [debug] [ThreadPool]: Failed to rollback 'list_casestudy_raw'
[0m02:30:08.610894 [debug] [ThreadPool]: On list_casestudy_raw: Close
[0m02:30:08.612942 [debug] [ThreadPool]: Re-using an available connection from the pool (formerly list_casestudy_raw, now list_casestudy_staging)
[0m02:30:08.615566 [debug] [ThreadPool]: Using duckdb connection "list_casestudy_staging"
[0m02:30:08.615737 [debug] [ThreadPool]: On list_casestudy_staging: BEGIN
[0m02:30:08.615875 [debug] [ThreadPool]: Opening a new connection, currently in state closed
[0m02:30:08.622815 [debug] [ThreadPool]: SQL status: OK in 0.0 seconds
[0m02:30:08.623004 [debug] [ThreadPool]: Using duckdb connection "list_casestudy_staging"
[0m02:30:08.623169 [debug] [ThreadPool]: On list_casestudy_staging: /* {"app": "dbt", "dbt_version": "1.6.18", "profile_name": "default", "target_name": "dev", "connection_name": "list_casestudy_staging"} */
select
      'casestudy' as database,
      table_name as name,
      table_schema as schema,
      CASE table_type
        WHEN 'BASE TABLE' THEN 'table'
        WHEN 'VIEW' THEN 'view'
        WHEN 'LOCAL TEMPORARY' THEN 'table'
        END as type
    from system.information_schema.tables
    where table_schema = 'staging'
    and table_catalog = 'casestudy'
  
[0m02:30:08.629909 [debug] [ThreadPool]: SQL status: OK in 0.0 seconds
[0m02:30:08.630612 [debug] [ThreadPool]: On list_casestudy_staging: ROLLBACK
[0m02:30:08.630864 [debug] [ThreadPool]: Failed to rollback 'list_casestudy_staging'
[0m02:30:08.631011 [debug] [ThreadPool]: On list_casestudy_staging: Close
[0m02:30:08.633982 [debug] [MainThread]: Sending event: {'category': 'dbt', 'action': 'runnable_timing', 'label': 'f9c6553f-5fe9-4ba1-91f8-90d6cbeef8c8', 'context': [<snowplow_tracker.self_describing_json.SelfDescribingJson object at 0x7c7a3016d590>]}
[0m02:30:08.634541 [debug] [MainThread]: Using duckdb connection "master"
[0m02:30:08.634889 [debug] [MainThread]: On master: BEGIN
[0m02:30:08.635220 [debug] [MainThread]: Opening a new connection, currently in state init
[0m02:30:08.643064 [debug] [MainThread]: SQL status: OK in 0.0 seconds
[0m02:30:08.643268 [debug] [MainThread]: On master: COMMIT
[0m02:30:08.643421 [debug] [MainThread]: Using duckdb connection "master"
[0m02:30:08.643564 [debug] [MainThread]: On master: COMMIT
[0m02:30:08.643789 [debug] [MainThread]: SQL status: OK in 0.0 seconds
[0m02:30:08.643951 [debug] [MainThread]: On master: Close
[0m02:30:08.645310 [info ] [MainThread]: Concurrency: 1 threads (target='dev')
[0m02:30:08.645514 [info ] [MainThread]: 
[0m02:30:08.646997 [debug] [Thread-1 (]: Began running node model.vg_casestudy.stg_raw_staging__accounts
[0m02:30:08.647545 [info ] [Thread-1 (]: 1 of 11 START sql view model staging.stg_raw_staging__accounts ................. [RUN]
[0m02:30:08.648402 [debug] [Thread-1 (]: Acquiring new duckdb connection 'model.vg_casestudy.stg_raw_staging__accounts'
[0m02:30:08.648892 [debug] [Thread-1 (]: Began compiling node model.vg_casestudy.stg_raw_staging__accounts
[0m02:30:08.655436 [debug] [Thread-1 (]: Writing injected SQL for node "model.vg_casestudy.stg_raw_staging__accounts"
[0m02:30:08.655820 [debug] [Thread-1 (]: Timing info for model.vg_casestudy.stg_raw_staging__accounts (compile): 02:30:08.649196 => 02:30:08.655706
[0m02:30:08.656015 [debug] [Thread-1 (]: Began executing node model.vg_casestudy.stg_raw_staging__accounts
[0m02:30:08.676423 [debug] [Thread-1 (]: Writing runtime sql for node "model.vg_casestudy.stg_raw_staging__accounts"
[0m02:30:08.676871 [debug] [Thread-1 (]: Using duckdb connection "model.vg_casestudy.stg_raw_staging__accounts"
[0m02:30:08.677094 [debug] [Thread-1 (]: On model.vg_casestudy.stg_raw_staging__accounts: BEGIN
[0m02:30:08.677286 [debug] [Thread-1 (]: Opening a new connection, currently in state init
[0m02:30:08.685327 [debug] [Thread-1 (]: SQL status: OK in 0.0 seconds
[0m02:30:08.685568 [debug] [Thread-1 (]: Using duckdb connection "model.vg_casestudy.stg_raw_staging__accounts"
[0m02:30:08.685809 [debug] [Thread-1 (]: On model.vg_casestudy.stg_raw_staging__accounts: /* {"app": "dbt", "dbt_version": "1.6.18", "profile_name": "default", "target_name": "dev", "node_id": "model.vg_casestudy.stg_raw_staging__accounts"} */

  
  create view "casestudy"."staging"."stg_raw_staging__accounts__dbt_tmp" as (
    with source as (
    select * from "casestudy"."raw"."accounts"
),

renamed as (
    select
        account_id,
        customer_id,
        account_type,
        
CASE
    -- First try DD.MM.YYYY format (German format with dots)
    WHEN REGEXP_MATCHES(account_opening_date, '^\d{1,2}\.\d{1,2}\.\d{4}$') 
        THEN TRY_CAST(STRPTIME(account_opening_date, '%d.%m.%Y') AS DATE)
        
    -- Then try DD/MM/YYYY format (with slashes)
    WHEN REGEXP_MATCHES(account_opening_date, '^\d{1,2}/\d{1,2}/\d{4}$')
        AND CAST(SPLIT_PART(account_opening_date, '/', 1) AS INTEGER) <= 31 
        AND CAST(SPLIT_PART(account_opening_date, '/', 2) AS INTEGER) <= 12 
        THEN TRY_CAST(STRPTIME(account_opening_date, '%d/%m/%Y') AS DATE)
        
    -- Try MM/DD/YYYY format (US format with slashes)
    WHEN REGEXP_MATCHES(account_opening_date, '^\d{1,2}/\d{1,2}/\d{4}$')
        AND CAST(SPLIT_PART(account_opening_date, '/', 1) AS INTEGER) <= 12 
        THEN TRY_CAST(STRPTIME(account_opening_date, '%m/%d/%Y') AS DATE)
        
    -- Try YYYY-MM-DD format (ISO format)
    WHEN REGEXP_MATCHES(account_opening_date, '^\d{4}-\d{1,2}-\d{1,2}$')
        THEN TRY_CAST(STRPTIME(account_opening_date, '%Y-%m-%d') AS DATE)
        
    -- Try generic date parsing as last resort
    ELSE TRY_CAST(account_opening_date AS DATE)
END
 as account_opening_date,
        account_opening_date as account_opening_date_raw
    from source
    where account_type is not null and account_type != '' and account_type != '-'
),

final as (
    select
        account_id,
        customer_id,
        account_type,
        account_opening_date,
        -- Flag records with date parsing issues
        CASE WHEN account_opening_date IS NULL AND account_opening_date_raw IS NOT NULL
             THEN TRUE ELSE FALSE 
        END as has_date_parsing_error
    from renamed
)

select * from final
  );

[0m02:30:08.686816 [debug] [Thread-1 (]: SQL status: OK in 0.0 seconds
[0m02:30:08.728316 [debug] [Thread-1 (]: Using duckdb connection "model.vg_casestudy.stg_raw_staging__accounts"
[0m02:30:08.728654 [debug] [Thread-1 (]: On model.vg_casestudy.stg_raw_staging__accounts: /* {"app": "dbt", "dbt_version": "1.6.18", "profile_name": "default", "target_name": "dev", "node_id": "model.vg_casestudy.stg_raw_staging__accounts"} */
alter view "casestudy"."staging"."stg_raw_staging__accounts" rename to "stg_raw_staging__accounts__dbt_backup"
[0m02:30:08.729368 [debug] [Thread-1 (]: SQL status: OK in 0.0 seconds
[0m02:30:08.731361 [debug] [Thread-1 (]: Using duckdb connection "model.vg_casestudy.stg_raw_staging__accounts"
[0m02:30:08.731626 [debug] [Thread-1 (]: On model.vg_casestudy.stg_raw_staging__accounts: /* {"app": "dbt", "dbt_version": "1.6.18", "profile_name": "default", "target_name": "dev", "node_id": "model.vg_casestudy.stg_raw_staging__accounts"} */
alter view "casestudy"."staging"."stg_raw_staging__accounts__dbt_tmp" rename to "stg_raw_staging__accounts"
[0m02:30:08.732214 [debug] [Thread-1 (]: SQL status: OK in 0.0 seconds
[0m02:30:08.741888 [debug] [Thread-1 (]: On model.vg_casestudy.stg_raw_staging__accounts: COMMIT
[0m02:30:08.742182 [debug] [Thread-1 (]: Using duckdb connection "model.vg_casestudy.stg_raw_staging__accounts"
[0m02:30:08.742395 [debug] [Thread-1 (]: On model.vg_casestudy.stg_raw_staging__accounts: COMMIT
[0m02:30:08.744383 [debug] [Thread-1 (]: SQL status: OK in 0.0 seconds
[0m02:30:08.747319 [debug] [Thread-1 (]: Using duckdb connection "model.vg_casestudy.stg_raw_staging__accounts"
[0m02:30:08.747549 [debug] [Thread-1 (]: On model.vg_casestudy.stg_raw_staging__accounts: /* {"app": "dbt", "dbt_version": "1.6.18", "profile_name": "default", "target_name": "dev", "node_id": "model.vg_casestudy.stg_raw_staging__accounts"} */
drop view if exists "casestudy"."staging"."stg_raw_staging__accounts__dbt_backup" cascade
[0m02:30:08.748588 [debug] [Thread-1 (]: SQL status: OK in 0.0 seconds
[0m02:30:08.749486 [debug] [Thread-1 (]: Timing info for model.vg_casestudy.stg_raw_staging__accounts (execute): 02:30:08.656145 => 02:30:08.749386
[0m02:30:08.749707 [debug] [Thread-1 (]: On model.vg_casestudy.stg_raw_staging__accounts: Close
[0m02:30:08.761876 [debug] [Thread-1 (]: Sending event: {'category': 'dbt', 'action': 'run_model', 'label': 'f9c6553f-5fe9-4ba1-91f8-90d6cbeef8c8', 'context': [<snowplow_tracker.self_describing_json.SelfDescribingJson object at 0x7c7a2b9bd190>]}
[0m02:30:08.762275 [info ] [Thread-1 (]: 1 of 11 OK created sql view model staging.stg_raw_staging__accounts ............ [[32mOK[0m in 0.11s]
[0m02:30:08.762605 [debug] [Thread-1 (]: Finished running node model.vg_casestudy.stg_raw_staging__accounts
[0m02:30:08.762839 [debug] [Thread-1 (]: Began running node model.vg_casestudy.stg_raw_staging__customers
[0m02:30:08.763073 [info ] [Thread-1 (]: 2 of 11 START sql view model staging.stg_raw_staging__customers ................ [RUN]
[0m02:30:08.763437 [debug] [Thread-1 (]: Re-using an available connection from the pool (formerly model.vg_casestudy.stg_raw_staging__accounts, now model.vg_casestudy.stg_raw_staging__customers)
[0m02:30:08.763757 [debug] [Thread-1 (]: Began compiling node model.vg_casestudy.stg_raw_staging__customers
[0m02:30:08.765482 [debug] [Thread-1 (]: Writing injected SQL for node "model.vg_casestudy.stg_raw_staging__customers"
[0m02:30:08.765866 [debug] [Thread-1 (]: Timing info for model.vg_casestudy.stg_raw_staging__customers (compile): 02:30:08.763962 => 02:30:08.765744
[0m02:30:08.766065 [debug] [Thread-1 (]: Began executing node model.vg_casestudy.stg_raw_staging__customers
[0m02:30:08.768180 [debug] [Thread-1 (]: Writing runtime sql for node "model.vg_casestudy.stg_raw_staging__customers"
[0m02:30:08.768498 [debug] [Thread-1 (]: Using duckdb connection "model.vg_casestudy.stg_raw_staging__customers"
[0m02:30:08.768693 [debug] [Thread-1 (]: On model.vg_casestudy.stg_raw_staging__customers: BEGIN
[0m02:30:08.768875 [debug] [Thread-1 (]: Opening a new connection, currently in state closed
[0m02:30:08.776187 [debug] [Thread-1 (]: SQL status: OK in 0.0 seconds
[0m02:30:08.776591 [debug] [Thread-1 (]: Using duckdb connection "model.vg_casestudy.stg_raw_staging__customers"
[0m02:30:08.776897 [debug] [Thread-1 (]: On model.vg_casestudy.stg_raw_staging__customers: /* {"app": "dbt", "dbt_version": "1.6.18", "profile_name": "default", "target_name": "dev", "node_id": "model.vg_casestudy.stg_raw_staging__customers"} */

  
  create view "casestudy"."staging"."stg_raw_staging__customers__dbt_tmp" as (
    with source as (
    select * from "casestudy"."raw"."customers"
),

renamed as (
    select distinct
        customer_id,
        trim(firstname) as firstname,
        trim(lastname) as lastname,
        Age as age,
        branch_id
    from source
)

select * from renamed
  );

[0m02:30:08.777727 [debug] [Thread-1 (]: SQL status: OK in 0.0 seconds
[0m02:30:08.782710 [debug] [Thread-1 (]: Using duckdb connection "model.vg_casestudy.stg_raw_staging__customers"
[0m02:30:08.783305 [debug] [Thread-1 (]: On model.vg_casestudy.stg_raw_staging__customers: /* {"app": "dbt", "dbt_version": "1.6.18", "profile_name": "default", "target_name": "dev", "node_id": "model.vg_casestudy.stg_raw_staging__customers"} */
alter view "casestudy"."staging"."stg_raw_staging__customers" rename to "stg_raw_staging__customers__dbt_backup"
[0m02:30:08.784597 [debug] [Thread-1 (]: SQL status: OK in 0.0 seconds
[0m02:30:08.789133 [debug] [Thread-1 (]: Using duckdb connection "model.vg_casestudy.stg_raw_staging__customers"
[0m02:30:08.789688 [debug] [Thread-1 (]: On model.vg_casestudy.stg_raw_staging__customers: /* {"app": "dbt", "dbt_version": "1.6.18", "profile_name": "default", "target_name": "dev", "node_id": "model.vg_casestudy.stg_raw_staging__customers"} */
alter view "casestudy"."staging"."stg_raw_staging__customers__dbt_tmp" rename to "stg_raw_staging__customers"
[0m02:30:08.790974 [debug] [Thread-1 (]: SQL status: OK in 0.0 seconds
[0m02:30:08.793021 [debug] [Thread-1 (]: On model.vg_casestudy.stg_raw_staging__customers: COMMIT
[0m02:30:08.793478 [debug] [Thread-1 (]: Using duckdb connection "model.vg_casestudy.stg_raw_staging__customers"
[0m02:30:08.793844 [debug] [Thread-1 (]: On model.vg_casestudy.stg_raw_staging__customers: COMMIT
[0m02:30:08.796089 [debug] [Thread-1 (]: SQL status: OK in 0.0 seconds
[0m02:30:08.799014 [debug] [Thread-1 (]: Using duckdb connection "model.vg_casestudy.stg_raw_staging__customers"
[0m02:30:08.799449 [debug] [Thread-1 (]: On model.vg_casestudy.stg_raw_staging__customers: /* {"app": "dbt", "dbt_version": "1.6.18", "profile_name": "default", "target_name": "dev", "node_id": "model.vg_casestudy.stg_raw_staging__customers"} */
drop view if exists "casestudy"."staging"."stg_raw_staging__customers__dbt_backup" cascade
[0m02:30:08.801330 [debug] [Thread-1 (]: SQL status: OK in 0.0 seconds
[0m02:30:08.803242 [debug] [Thread-1 (]: Timing info for model.vg_casestudy.stg_raw_staging__customers (execute): 02:30:08.766202 => 02:30:08.803016
[0m02:30:08.803663 [debug] [Thread-1 (]: On model.vg_casestudy.stg_raw_staging__customers: Close
[0m02:30:08.818072 [debug] [Thread-1 (]: Sending event: {'category': 'dbt', 'action': 'run_model', 'label': 'f9c6553f-5fe9-4ba1-91f8-90d6cbeef8c8', 'context': [<snowplow_tracker.self_describing_json.SelfDescribingJson object at 0x7c7a2fddf150>]}
[0m02:30:08.818470 [info ] [Thread-1 (]: 2 of 11 OK created sql view model staging.stg_raw_staging__customers ........... [[32mOK[0m in 0.05s]
[0m02:30:08.818781 [debug] [Thread-1 (]: Finished running node model.vg_casestudy.stg_raw_staging__customers
[0m02:30:08.819001 [debug] [Thread-1 (]: Began running node model.vg_casestudy.stg_raw_staging__fx_rates
[0m02:30:08.819424 [info ] [Thread-1 (]: 3 of 11 START sql view model staging.stg_raw_staging__fx_rates ................. [RUN]
[0m02:30:08.819786 [debug] [Thread-1 (]: Re-using an available connection from the pool (formerly model.vg_casestudy.stg_raw_staging__customers, now model.vg_casestudy.stg_raw_staging__fx_rates)
[0m02:30:08.819975 [debug] [Thread-1 (]: Began compiling node model.vg_casestudy.stg_raw_staging__fx_rates
[0m02:30:08.824030 [debug] [Thread-1 (]: Writing injected SQL for node "model.vg_casestudy.stg_raw_staging__fx_rates"
[0m02:30:08.824400 [debug] [Thread-1 (]: Timing info for model.vg_casestudy.stg_raw_staging__fx_rates (compile): 02:30:08.820095 => 02:30:08.824284
[0m02:30:08.824582 [debug] [Thread-1 (]: Began executing node model.vg_casestudy.stg_raw_staging__fx_rates
[0m02:30:08.826696 [debug] [Thread-1 (]: Writing runtime sql for node "model.vg_casestudy.stg_raw_staging__fx_rates"
[0m02:30:08.827014 [debug] [Thread-1 (]: Using duckdb connection "model.vg_casestudy.stg_raw_staging__fx_rates"
[0m02:30:08.827211 [debug] [Thread-1 (]: On model.vg_casestudy.stg_raw_staging__fx_rates: BEGIN
[0m02:30:08.827383 [debug] [Thread-1 (]: Opening a new connection, currently in state closed
[0m02:30:08.834757 [debug] [Thread-1 (]: SQL status: OK in 0.0 seconds
[0m02:30:08.834990 [debug] [Thread-1 (]: Using duckdb connection "model.vg_casestudy.stg_raw_staging__fx_rates"
[0m02:30:08.835243 [debug] [Thread-1 (]: On model.vg_casestudy.stg_raw_staging__fx_rates: /* {"app": "dbt", "dbt_version": "1.6.18", "profile_name": "default", "target_name": "dev", "node_id": "model.vg_casestudy.stg_raw_staging__fx_rates"} */

  
  create view "casestudy"."staging"."stg_raw_staging__fx_rates__dbt_tmp" as (
    with source as (
    select * from "casestudy"."raw"."fx_rates"
),

renamed as (
    select
        trim(currency_iso_code) as currency_iso_code,
        
CASE
    WHEN fx_rate IS NULL THEN NULL
    -- If the value is already a valid number
    WHEN TRY_CAST(fx_rate AS DOUBLE) IS NOT NULL 
        THEN TRY_CAST(fx_rate AS DOUBLE)
    -- If contains both dot and comma (German notation)
    WHEN POSITION('.' IN fx_rate) > 0 AND POSITION(',' IN fx_rate) > 0 
        THEN TRY_CAST(REPLACE(REPLACE(TRIM(fx_rate), '.', ''), ',', '.') AS DOUBLE)
    -- If only contains comma, treat as decimal point
    WHEN POSITION(',' IN fx_rate) > 0 
        THEN TRY_CAST(REPLACE(TRIM(fx_rate), ',', '.') AS DOUBLE)
    -- If only contains dots, likely thousands separator
    WHEN POSITION('.' IN fx_rate) > 0 
        THEN TRY_CAST(REPLACE(TRIM(fx_rate), '.', '') AS DOUBLE)
    ELSE NULL
END
 as fx_rate,
        
CASE
    -- First try DD.MM.YYYY format (German format with dots)
    WHEN REGEXP_MATCHES(date, '^\d{1,2}\.\d{1,2}\.\d{4}$') 
        THEN TRY_CAST(STRPTIME(date, '%d.%m.%Y') AS DATE)
        
    -- Then try DD/MM/YYYY format (with slashes)
    WHEN REGEXP_MATCHES(date, '^\d{1,2}/\d{1,2}/\d{4}$')
        AND CAST(SPLIT_PART(date, '/', 1) AS INTEGER) <= 31 
        AND CAST(SPLIT_PART(date, '/', 2) AS INTEGER) <= 12 
        THEN TRY_CAST(STRPTIME(date, '%d/%m/%Y') AS DATE)
        
    -- Try MM/DD/YYYY format (US format with slashes)
    WHEN REGEXP_MATCHES(date, '^\d{1,2}/\d{1,2}/\d{4}$')
        AND CAST(SPLIT_PART(date, '/', 1) AS INTEGER) <= 12 
        THEN TRY_CAST(STRPTIME(date, '%m/%d/%Y') AS DATE)
        
    -- Try YYYY-MM-DD format (ISO format)
    WHEN REGEXP_MATCHES(date, '^\d{4}-\d{1,2}-\d{1,2}$')
        THEN TRY_CAST(STRPTIME(date, '%Y-%m-%d') AS DATE)
        
    -- Try generic date parsing as last resort
    ELSE TRY_CAST(date AS DATE)
END
 as fx_rate_date,
        date as fx_rate_date_raw
    from source
    where currency_iso_code is not null and trim(currency_iso_code) not in  ('(none)', '')
),

final as (
    select
        currency_iso_code,
        fx_rate,
        fx_rate_date,
        -- Flag records with date parsing issues
        CASE WHEN fx_rate_date IS NULL AND fx_rate_date_raw IS NOT NULL
             THEN TRUE ELSE FALSE 
        END as has_date_parsing_error
    from renamed
)

select * from final
  );

[0m02:30:08.836315 [debug] [Thread-1 (]: SQL status: OK in 0.0 seconds
[0m02:30:08.838250 [debug] [Thread-1 (]: Using duckdb connection "model.vg_casestudy.stg_raw_staging__fx_rates"
[0m02:30:08.838466 [debug] [Thread-1 (]: On model.vg_casestudy.stg_raw_staging__fx_rates: /* {"app": "dbt", "dbt_version": "1.6.18", "profile_name": "default", "target_name": "dev", "node_id": "model.vg_casestudy.stg_raw_staging__fx_rates"} */
alter view "casestudy"."staging"."stg_raw_staging__fx_rates" rename to "stg_raw_staging__fx_rates__dbt_backup"
[0m02:30:08.838862 [debug] [Thread-1 (]: SQL status: OK in 0.0 seconds
[0m02:30:08.840578 [debug] [Thread-1 (]: Using duckdb connection "model.vg_casestudy.stg_raw_staging__fx_rates"
[0m02:30:08.840795 [debug] [Thread-1 (]: On model.vg_casestudy.stg_raw_staging__fx_rates: /* {"app": "dbt", "dbt_version": "1.6.18", "profile_name": "default", "target_name": "dev", "node_id": "model.vg_casestudy.stg_raw_staging__fx_rates"} */
alter view "casestudy"."staging"."stg_raw_staging__fx_rates__dbt_tmp" rename to "stg_raw_staging__fx_rates"
[0m02:30:08.841165 [debug] [Thread-1 (]: SQL status: OK in 0.0 seconds
[0m02:30:08.842129 [debug] [Thread-1 (]: On model.vg_casestudy.stg_raw_staging__fx_rates: COMMIT
[0m02:30:08.842331 [debug] [Thread-1 (]: Using duckdb connection "model.vg_casestudy.stg_raw_staging__fx_rates"
[0m02:30:08.842506 [debug] [Thread-1 (]: On model.vg_casestudy.stg_raw_staging__fx_rates: COMMIT
[0m02:30:08.843979 [debug] [Thread-1 (]: SQL status: OK in 0.0 seconds
[0m02:30:08.845307 [debug] [Thread-1 (]: Using duckdb connection "model.vg_casestudy.stg_raw_staging__fx_rates"
[0m02:30:08.845506 [debug] [Thread-1 (]: On model.vg_casestudy.stg_raw_staging__fx_rates: /* {"app": "dbt", "dbt_version": "1.6.18", "profile_name": "default", "target_name": "dev", "node_id": "model.vg_casestudy.stg_raw_staging__fx_rates"} */
drop view if exists "casestudy"."staging"."stg_raw_staging__fx_rates__dbt_backup" cascade
[0m02:30:08.846538 [debug] [Thread-1 (]: SQL status: OK in 0.0 seconds
[0m02:30:08.847298 [debug] [Thread-1 (]: Timing info for model.vg_casestudy.stg_raw_staging__fx_rates (execute): 02:30:08.824697 => 02:30:08.847201
[0m02:30:08.847489 [debug] [Thread-1 (]: On model.vg_casestudy.stg_raw_staging__fx_rates: Close
[0m02:30:08.859000 [debug] [Thread-1 (]: Sending event: {'category': 'dbt', 'action': 'run_model', 'label': 'f9c6553f-5fe9-4ba1-91f8-90d6cbeef8c8', 'context': [<snowplow_tracker.self_describing_json.SelfDescribingJson object at 0x7c7a2ba2cc50>]}
[0m02:30:08.859385 [info ] [Thread-1 (]: 3 of 11 OK created sql view model staging.stg_raw_staging__fx_rates ............ [[32mOK[0m in 0.04s]
[0m02:30:08.859687 [debug] [Thread-1 (]: Finished running node model.vg_casestudy.stg_raw_staging__fx_rates
[0m02:30:08.859905 [debug] [Thread-1 (]: Began running node model.vg_casestudy.stg_raw_staging__loans
[0m02:30:08.860334 [info ] [Thread-1 (]: 4 of 11 START sql view model staging.stg_raw_staging__loans .................... [RUN]
[0m02:30:08.860704 [debug] [Thread-1 (]: Re-using an available connection from the pool (formerly model.vg_casestudy.stg_raw_staging__fx_rates, now model.vg_casestudy.stg_raw_staging__loans)
[0m02:30:08.860901 [debug] [Thread-1 (]: Began compiling node model.vg_casestudy.stg_raw_staging__loans
[0m02:30:08.863066 [debug] [Thread-1 (]: Writing injected SQL for node "model.vg_casestudy.stg_raw_staging__loans"
[0m02:30:08.863434 [debug] [Thread-1 (]: Timing info for model.vg_casestudy.stg_raw_staging__loans (compile): 02:30:08.861021 => 02:30:08.863315
[0m02:30:08.863621 [debug] [Thread-1 (]: Began executing node model.vg_casestudy.stg_raw_staging__loans
[0m02:30:08.865780 [debug] [Thread-1 (]: Writing runtime sql for node "model.vg_casestudy.stg_raw_staging__loans"
[0m02:30:08.866085 [debug] [Thread-1 (]: Using duckdb connection "model.vg_casestudy.stg_raw_staging__loans"
[0m02:30:08.866286 [debug] [Thread-1 (]: On model.vg_casestudy.stg_raw_staging__loans: BEGIN
[0m02:30:08.866457 [debug] [Thread-1 (]: Opening a new connection, currently in state closed
[0m02:30:08.874135 [debug] [Thread-1 (]: SQL status: OK in 0.0 seconds
[0m02:30:08.874488 [debug] [Thread-1 (]: Using duckdb connection "model.vg_casestudy.stg_raw_staging__loans"
[0m02:30:08.874763 [debug] [Thread-1 (]: On model.vg_casestudy.stg_raw_staging__loans: /* {"app": "dbt", "dbt_version": "1.6.18", "profile_name": "default", "target_name": "dev", "node_id": "model.vg_casestudy.stg_raw_staging__loans"} */

  
  create view "casestudy"."staging"."stg_raw_staging__loans__dbt_tmp" as (
    with source as (
    select * from "casestudy"."raw"."loans"
),

renamed as (
    select
        customer_id,
        loan_id,
        
CASE
    WHEN loan_amount IS NULL THEN NULL
    -- If the value is already a valid number
    WHEN TRY_CAST(loan_amount AS DOUBLE) IS NOT NULL 
        THEN TRY_CAST(loan_amount AS DOUBLE)
    -- If contains both dot and comma (German notation)
    WHEN POSITION('.' IN loan_amount) > 0 AND POSITION(',' IN loan_amount) > 0 
        THEN TRY_CAST(REPLACE(REPLACE(TRIM(loan_amount), '.', ''), ',', '.') AS DOUBLE)
    -- If only contains comma, treat as decimal point
    WHEN POSITION(',' IN loan_amount) > 0 
        THEN TRY_CAST(REPLACE(TRIM(loan_amount), ',', '.') AS DOUBLE)
    -- If only contains dots, likely thousands separator
    WHEN POSITION('.' IN loan_amount) > 0 
        THEN TRY_CAST(REPLACE(TRIM(loan_amount), '.', '') AS DOUBLE)
    ELSE NULL
END
 as loan_amount,
        loant_type,
        
CASE
    WHEN interest_rate IS NULL THEN NULL
    -- If the value is already a valid number
    WHEN TRY_CAST(interest_rate AS DOUBLE) IS NOT NULL 
        THEN TRY_CAST(interest_rate AS DOUBLE)
    -- If contains both dot and comma (German notation)
    WHEN POSITION('.' IN interest_rate) > 0 AND POSITION(',' IN interest_rate) > 0 
        THEN TRY_CAST(REPLACE(REPLACE(TRIM(interest_rate), '.', ''), ',', '.') AS DOUBLE)
    -- If only contains comma, treat as decimal point
    WHEN POSITION(',' IN interest_rate) > 0 
        THEN TRY_CAST(REPLACE(TRIM(interest_rate), ',', '.') AS DOUBLE)
    -- If only contains dots, likely thousands separator
    WHEN POSITION('.' IN interest_rate) > 0 
        THEN TRY_CAST(REPLACE(TRIM(interest_rate), '.', '') AS DOUBLE)
    ELSE NULL
END
 as interest_rate,
        loan_term,
        
CASE
    -- First try DD.MM.YYYY format (German format with dots)
    WHEN REGEXP_MATCHES(approval_rejection_date, '^\d{1,2}\.\d{1,2}\.\d{4}$') 
        THEN TRY_CAST(STRPTIME(approval_rejection_date, '%d.%m.%Y') AS DATE)
        
    -- Then try DD/MM/YYYY format (with slashes)
    WHEN REGEXP_MATCHES(approval_rejection_date, '^\d{1,2}/\d{1,2}/\d{4}$')
        AND CAST(SPLIT_PART(approval_rejection_date, '/', 1) AS INTEGER) <= 31 
        AND CAST(SPLIT_PART(approval_rejection_date, '/', 2) AS INTEGER) <= 12 
        THEN TRY_CAST(STRPTIME(approval_rejection_date, '%d/%m/%Y') AS DATE)
        
    -- Try MM/DD/YYYY format (US format with slashes)
    WHEN REGEXP_MATCHES(approval_rejection_date, '^\d{1,2}/\d{1,2}/\d{4}$')
        AND CAST(SPLIT_PART(approval_rejection_date, '/', 1) AS INTEGER) <= 12 
        THEN TRY_CAST(STRPTIME(approval_rejection_date, '%m/%d/%Y') AS DATE)
        
    -- Try YYYY-MM-DD format (ISO format)
    WHEN REGEXP_MATCHES(approval_rejection_date, '^\d{4}-\d{1,2}-\d{1,2}$')
        THEN TRY_CAST(STRPTIME(approval_rejection_date, '%Y-%m-%d') AS DATE)
        
    -- Try generic date parsing as last resort
    ELSE TRY_CAST(approval_rejection_date AS DATE)
END
 as approval_rejection_date,
        approval_rejection_date as approval_rejection_date_raw,
        loan_status
    from source
),

final as (
    select
        customer_id,
        loan_id,
        loan_amount,
        loant_type as loan_type,
        interest_rate,
        loan_term,
        approval_rejection_date,
        loan_status,
        -- Flag records with date parsing issues
        CASE WHEN approval_rejection_date IS NULL AND approval_rejection_date_raw IS NOT NULL
             THEN TRUE ELSE FALSE 
        END as has_date_parsing_error
    from renamed
)

select * from final
  );

[0m02:30:08.876293 [debug] [Thread-1 (]: SQL status: OK in 0.0 seconds
[0m02:30:08.878280 [debug] [Thread-1 (]: Using duckdb connection "model.vg_casestudy.stg_raw_staging__loans"
[0m02:30:08.878492 [debug] [Thread-1 (]: On model.vg_casestudy.stg_raw_staging__loans: /* {"app": "dbt", "dbt_version": "1.6.18", "profile_name": "default", "target_name": "dev", "node_id": "model.vg_casestudy.stg_raw_staging__loans"} */
alter view "casestudy"."staging"."stg_raw_staging__loans" rename to "stg_raw_staging__loans__dbt_backup"
[0m02:30:08.878871 [debug] [Thread-1 (]: SQL status: OK in 0.0 seconds
[0m02:30:08.880462 [debug] [Thread-1 (]: Using duckdb connection "model.vg_casestudy.stg_raw_staging__loans"
[0m02:30:08.880671 [debug] [Thread-1 (]: On model.vg_casestudy.stg_raw_staging__loans: /* {"app": "dbt", "dbt_version": "1.6.18", "profile_name": "default", "target_name": "dev", "node_id": "model.vg_casestudy.stg_raw_staging__loans"} */
alter view "casestudy"."staging"."stg_raw_staging__loans__dbt_tmp" rename to "stg_raw_staging__loans"
[0m02:30:08.881018 [debug] [Thread-1 (]: SQL status: OK in 0.0 seconds
[0m02:30:08.881941 [debug] [Thread-1 (]: On model.vg_casestudy.stg_raw_staging__loans: COMMIT
[0m02:30:08.882148 [debug] [Thread-1 (]: Using duckdb connection "model.vg_casestudy.stg_raw_staging__loans"
[0m02:30:08.882327 [debug] [Thread-1 (]: On model.vg_casestudy.stg_raw_staging__loans: COMMIT
[0m02:30:08.883673 [debug] [Thread-1 (]: SQL status: OK in 0.0 seconds
[0m02:30:08.885966 [debug] [Thread-1 (]: Using duckdb connection "model.vg_casestudy.stg_raw_staging__loans"
[0m02:30:08.886179 [debug] [Thread-1 (]: On model.vg_casestudy.stg_raw_staging__loans: /* {"app": "dbt", "dbt_version": "1.6.18", "profile_name": "default", "target_name": "dev", "node_id": "model.vg_casestudy.stg_raw_staging__loans"} */
drop view if exists "casestudy"."staging"."stg_raw_staging__loans__dbt_backup" cascade
[0m02:30:08.887057 [debug] [Thread-1 (]: SQL status: OK in 0.0 seconds
[0m02:30:08.887804 [debug] [Thread-1 (]: Timing info for model.vg_casestudy.stg_raw_staging__loans (execute): 02:30:08.863742 => 02:30:08.887697
[0m02:30:08.887994 [debug] [Thread-1 (]: On model.vg_casestudy.stg_raw_staging__loans: Close
[0m02:30:08.898687 [debug] [Thread-1 (]: Sending event: {'category': 'dbt', 'action': 'run_model', 'label': 'f9c6553f-5fe9-4ba1-91f8-90d6cbeef8c8', 'context': [<snowplow_tracker.self_describing_json.SelfDescribingJson object at 0x7c7a2bab8090>]}
[0m02:30:08.899059 [info ] [Thread-1 (]: 4 of 11 OK created sql view model staging.stg_raw_staging__loans ............... [[32mOK[0m in 0.04s]
[0m02:30:08.899370 [debug] [Thread-1 (]: Finished running node model.vg_casestudy.stg_raw_staging__loans
[0m02:30:08.899581 [debug] [Thread-1 (]: Began running node model.vg_casestudy.stg_raw_staging__transactions
[0m02:30:08.899992 [info ] [Thread-1 (]: 5 of 11 START sql view model staging.stg_raw_staging__transactions ............. [RUN]
[0m02:30:08.900359 [debug] [Thread-1 (]: Re-using an available connection from the pool (formerly model.vg_casestudy.stg_raw_staging__loans, now model.vg_casestudy.stg_raw_staging__transactions)
[0m02:30:08.900544 [debug] [Thread-1 (]: Began compiling node model.vg_casestudy.stg_raw_staging__transactions
[0m02:30:08.902589 [debug] [Thread-1 (]: Writing injected SQL for node "model.vg_casestudy.stg_raw_staging__transactions"
[0m02:30:08.902942 [debug] [Thread-1 (]: Timing info for model.vg_casestudy.stg_raw_staging__transactions (compile): 02:30:08.900655 => 02:30:08.902827
[0m02:30:08.903131 [debug] [Thread-1 (]: Began executing node model.vg_casestudy.stg_raw_staging__transactions
[0m02:30:08.905220 [debug] [Thread-1 (]: Writing runtime sql for node "model.vg_casestudy.stg_raw_staging__transactions"
[0m02:30:08.905525 [debug] [Thread-1 (]: Using duckdb connection "model.vg_casestudy.stg_raw_staging__transactions"
[0m02:30:08.905711 [debug] [Thread-1 (]: On model.vg_casestudy.stg_raw_staging__transactions: BEGIN
[0m02:30:08.905876 [debug] [Thread-1 (]: Opening a new connection, currently in state closed
[0m02:30:08.913138 [debug] [Thread-1 (]: SQL status: OK in 0.0 seconds
[0m02:30:08.913429 [debug] [Thread-1 (]: Using duckdb connection "model.vg_casestudy.stg_raw_staging__transactions"
[0m02:30:08.913684 [debug] [Thread-1 (]: On model.vg_casestudy.stg_raw_staging__transactions: /* {"app": "dbt", "dbt_version": "1.6.18", "profile_name": "default", "target_name": "dev", "node_id": "model.vg_casestudy.stg_raw_staging__transactions"} */

  
  create view "casestudy"."staging"."stg_raw_staging__transactions__dbt_tmp" as (
    with source as (
    select * from "casestudy"."raw"."transactions"
),

renamed as (
    select
        transaction_id,
        
CASE
    -- First try DD.MM.YYYY format (German format with dots)
    WHEN REGEXP_MATCHES(transaction_date, '^\d{1,2}\.\d{1,2}\.\d{4}$') 
        THEN TRY_CAST(STRPTIME(transaction_date, '%d.%m.%Y') AS DATE)
        
    -- Then try DD/MM/YYYY format (with slashes)
    WHEN REGEXP_MATCHES(transaction_date, '^\d{1,2}/\d{1,2}/\d{4}$')
        AND CAST(SPLIT_PART(transaction_date, '/', 1) AS INTEGER) <= 31 
        AND CAST(SPLIT_PART(transaction_date, '/', 2) AS INTEGER) <= 12 
        THEN TRY_CAST(STRPTIME(transaction_date, '%d/%m/%Y') AS DATE)
        
    -- Try MM/DD/YYYY format (US format with slashes)
    WHEN REGEXP_MATCHES(transaction_date, '^\d{1,2}/\d{1,2}/\d{4}$')
        AND CAST(SPLIT_PART(transaction_date, '/', 1) AS INTEGER) <= 12 
        THEN TRY_CAST(STRPTIME(transaction_date, '%m/%d/%Y') AS DATE)
        
    -- Try YYYY-MM-DD format (ISO format)
    WHEN REGEXP_MATCHES(transaction_date, '^\d{4}-\d{1,2}-\d{1,2}$')
        THEN TRY_CAST(STRPTIME(transaction_date, '%Y-%m-%d') AS DATE)
        
    -- Try generic date parsing as last resort
    ELSE TRY_CAST(transaction_date AS DATE)
END
 as transaction_date,
        transaction_date as transaction_date_raw,
        account_id,
        trim(transaction_type) as transaction_type,
        
CASE
    WHEN transaction_amount IS NULL THEN NULL
    -- If the value is already a valid number
    WHEN TRY_CAST(transaction_amount AS DOUBLE) IS NOT NULL 
        THEN TRY_CAST(transaction_amount AS DOUBLE)
    -- If contains both dot and comma (German notation)
    WHEN POSITION('.' IN transaction_amount) > 0 AND POSITION(',' IN transaction_amount) > 0 
        THEN TRY_CAST(REPLACE(REPLACE(TRIM(transaction_amount), '.', ''), ',', '.') AS DOUBLE)
    -- If only contains comma, treat as decimal point
    WHEN POSITION(',' IN transaction_amount) > 0 
        THEN TRY_CAST(REPLACE(TRIM(transaction_amount), ',', '.') AS DOUBLE)
    -- If only contains dots, likely thousands separator
    WHEN POSITION('.' IN transaction_amount) > 0 
        THEN TRY_CAST(REPLACE(TRIM(transaction_amount), '.', '') AS DOUBLE)
    ELSE NULL
END
 as transaction_amount,
        trim(transaction_currency) as transaction_currency
    from source
),

final as (
    select
        transaction_id,
        transaction_date,
        account_id,
        transaction_type,
        transaction_amount,
        transaction_currency,
        -- Flag records with date parsing issues
        CASE WHEN transaction_date IS NULL AND transaction_date_raw IS NOT NULL
             THEN TRUE ELSE FALSE 
        END as has_date_parsing_error
    from renamed
)

select * from final
  );

[0m02:30:08.914904 [debug] [Thread-1 (]: SQL status: OK in 0.0 seconds
[0m02:30:08.917276 [debug] [Thread-1 (]: Using duckdb connection "model.vg_casestudy.stg_raw_staging__transactions"
[0m02:30:08.917484 [debug] [Thread-1 (]: On model.vg_casestudy.stg_raw_staging__transactions: /* {"app": "dbt", "dbt_version": "1.6.18", "profile_name": "default", "target_name": "dev", "node_id": "model.vg_casestudy.stg_raw_staging__transactions"} */
alter view "casestudy"."staging"."stg_raw_staging__transactions" rename to "stg_raw_staging__transactions__dbt_backup"
[0m02:30:08.917861 [debug] [Thread-1 (]: SQL status: OK in 0.0 seconds
[0m02:30:08.919449 [debug] [Thread-1 (]: Using duckdb connection "model.vg_casestudy.stg_raw_staging__transactions"
[0m02:30:08.919656 [debug] [Thread-1 (]: On model.vg_casestudy.stg_raw_staging__transactions: /* {"app": "dbt", "dbt_version": "1.6.18", "profile_name": "default", "target_name": "dev", "node_id": "model.vg_casestudy.stg_raw_staging__transactions"} */
alter view "casestudy"."staging"."stg_raw_staging__transactions__dbt_tmp" rename to "stg_raw_staging__transactions"
[0m02:30:08.920013 [debug] [Thread-1 (]: SQL status: OK in 0.0 seconds
[0m02:30:08.920964 [debug] [Thread-1 (]: On model.vg_casestudy.stg_raw_staging__transactions: COMMIT
[0m02:30:08.921171 [debug] [Thread-1 (]: Using duckdb connection "model.vg_casestudy.stg_raw_staging__transactions"
[0m02:30:08.921358 [debug] [Thread-1 (]: On model.vg_casestudy.stg_raw_staging__transactions: COMMIT
[0m02:30:08.922776 [debug] [Thread-1 (]: SQL status: OK in 0.0 seconds
[0m02:30:08.924118 [debug] [Thread-1 (]: Using duckdb connection "model.vg_casestudy.stg_raw_staging__transactions"
[0m02:30:08.924323 [debug] [Thread-1 (]: On model.vg_casestudy.stg_raw_staging__transactions: /* {"app": "dbt", "dbt_version": "1.6.18", "profile_name": "default", "target_name": "dev", "node_id": "model.vg_casestudy.stg_raw_staging__transactions"} */
drop view if exists "casestudy"."staging"."stg_raw_staging__transactions__dbt_backup" cascade
[0m02:30:08.925214 [debug] [Thread-1 (]: SQL status: OK in 0.0 seconds
[0m02:30:08.925945 [debug] [Thread-1 (]: Timing info for model.vg_casestudy.stg_raw_staging__transactions (execute): 02:30:08.903260 => 02:30:08.925843
[0m02:30:08.926144 [debug] [Thread-1 (]: On model.vg_casestudy.stg_raw_staging__transactions: Close
[0m02:30:08.938227 [debug] [Thread-1 (]: Sending event: {'category': 'dbt', 'action': 'run_model', 'label': 'f9c6553f-5fe9-4ba1-91f8-90d6cbeef8c8', 'context': [<snowplow_tracker.self_describing_json.SelfDescribingJson object at 0x7c7a2b9dd290>]}
[0m02:30:08.938591 [info ] [Thread-1 (]: 5 of 11 OK created sql view model staging.stg_raw_staging__transactions ........ [[32mOK[0m in 0.04s]
[0m02:30:08.938886 [debug] [Thread-1 (]: Finished running node model.vg_casestudy.stg_raw_staging__transactions
[0m02:30:08.939103 [debug] [Thread-1 (]: Began running node model.vg_casestudy.stg_staging_intermediate__currencies
[0m02:30:08.939513 [info ] [Thread-1 (]: 6 of 11 START sql table model intermediate.stg_staging_intermediate__currencies  [RUN]
[0m02:30:08.939873 [debug] [Thread-1 (]: Re-using an available connection from the pool (formerly model.vg_casestudy.stg_raw_staging__transactions, now model.vg_casestudy.stg_staging_intermediate__currencies)
[0m02:30:08.940065 [debug] [Thread-1 (]: Began compiling node model.vg_casestudy.stg_staging_intermediate__currencies
[0m02:30:08.941733 [debug] [Thread-1 (]: Writing injected SQL for node "model.vg_casestudy.stg_staging_intermediate__currencies"
[0m02:30:08.942076 [debug] [Thread-1 (]: Timing info for model.vg_casestudy.stg_staging_intermediate__currencies (compile): 02:30:08.940193 => 02:30:08.941963
[0m02:30:08.942272 [debug] [Thread-1 (]: Began executing node model.vg_casestudy.stg_staging_intermediate__currencies
[0m02:30:08.953154 [debug] [Thread-1 (]: Writing runtime sql for node "model.vg_casestudy.stg_staging_intermediate__currencies"
[0m02:30:08.953633 [debug] [Thread-1 (]: Using duckdb connection "model.vg_casestudy.stg_staging_intermediate__currencies"
[0m02:30:08.953848 [debug] [Thread-1 (]: On model.vg_casestudy.stg_staging_intermediate__currencies: BEGIN
[0m02:30:08.954043 [debug] [Thread-1 (]: Opening a new connection, currently in state closed
[0m02:30:08.962090 [debug] [Thread-1 (]: SQL status: OK in 0.0 seconds
[0m02:30:08.962332 [debug] [Thread-1 (]: Using duckdb connection "model.vg_casestudy.stg_staging_intermediate__currencies"
[0m02:30:08.962534 [debug] [Thread-1 (]: On model.vg_casestudy.stg_staging_intermediate__currencies: /* {"app": "dbt", "dbt_version": "1.6.18", "profile_name": "default", "target_name": "dev", "node_id": "model.vg_casestudy.stg_staging_intermediate__currencies"} */

  
    
    

    create  table
      "casestudy"."intermediate"."stg_staging_intermediate__currencies__dbt_tmp"
  
    as (
      with staging as (
    select * from "casestudy"."raw"."currencies"
),
cleaned as (
    select distinct
        trim(currency) as currency,
        trim(currency_iso_code) as currency_iso_code,
    from staging
    where currency_iso_code is not null and trim(currency_iso_code) != '(none)'
)

select * from cleaned
    );
  
  
[0m02:30:08.965311 [debug] [Thread-1 (]: SQL status: OK in 0.0 seconds
[0m02:30:08.967198 [debug] [Thread-1 (]: Using duckdb connection "model.vg_casestudy.stg_staging_intermediate__currencies"
[0m02:30:08.967411 [debug] [Thread-1 (]: On model.vg_casestudy.stg_staging_intermediate__currencies: /* {"app": "dbt", "dbt_version": "1.6.18", "profile_name": "default", "target_name": "dev", "node_id": "model.vg_casestudy.stg_staging_intermediate__currencies"} */
alter table "casestudy"."intermediate"."stg_staging_intermediate__currencies" rename to "stg_staging_intermediate__currencies__dbt_backup"
[0m02:30:08.967766 [debug] [Thread-1 (]: SQL status: OK in 0.0 seconds
[0m02:30:08.970613 [debug] [Thread-1 (]: Using duckdb connection "model.vg_casestudy.stg_staging_intermediate__currencies"
[0m02:30:08.970833 [debug] [Thread-1 (]: On model.vg_casestudy.stg_staging_intermediate__currencies: /* {"app": "dbt", "dbt_version": "1.6.18", "profile_name": "default", "target_name": "dev", "node_id": "model.vg_casestudy.stg_staging_intermediate__currencies"} */
alter table "casestudy"."intermediate"."stg_staging_intermediate__currencies__dbt_tmp" rename to "stg_staging_intermediate__currencies"
[0m02:30:08.971170 [debug] [Thread-1 (]: SQL status: OK in 0.0 seconds
[0m02:30:08.973977 [debug] [Thread-1 (]: On model.vg_casestudy.stg_staging_intermediate__currencies: COMMIT
[0m02:30:08.974202 [debug] [Thread-1 (]: Using duckdb connection "model.vg_casestudy.stg_staging_intermediate__currencies"
[0m02:30:08.974384 [debug] [Thread-1 (]: On model.vg_casestudy.stg_staging_intermediate__currencies: COMMIT
[0m02:30:08.975857 [debug] [Thread-1 (]: SQL status: OK in 0.0 seconds
[0m02:30:08.977173 [debug] [Thread-1 (]: Using duckdb connection "model.vg_casestudy.stg_staging_intermediate__currencies"
[0m02:30:08.977379 [debug] [Thread-1 (]: On model.vg_casestudy.stg_staging_intermediate__currencies: /* {"app": "dbt", "dbt_version": "1.6.18", "profile_name": "default", "target_name": "dev", "node_id": "model.vg_casestudy.stg_staging_intermediate__currencies"} */
drop table if exists "casestudy"."intermediate"."stg_staging_intermediate__currencies__dbt_backup" cascade
[0m02:30:08.978218 [debug] [Thread-1 (]: SQL status: OK in 0.0 seconds
[0m02:30:08.978933 [debug] [Thread-1 (]: Timing info for model.vg_casestudy.stg_staging_intermediate__currencies (execute): 02:30:08.942390 => 02:30:08.978829
[0m02:30:08.979121 [debug] [Thread-1 (]: On model.vg_casestudy.stg_staging_intermediate__currencies: Close
[0m02:30:08.993108 [debug] [Thread-1 (]: Sending event: {'category': 'dbt', 'action': 'run_model', 'label': 'f9c6553f-5fe9-4ba1-91f8-90d6cbeef8c8', 'context': [<snowplow_tracker.self_describing_json.SelfDescribingJson object at 0x7c7a2b771390>]}
[0m02:30:08.993497 [info ] [Thread-1 (]: 6 of 11 OK created sql table model intermediate.stg_staging_intermediate__currencies  [[32mOK[0m in 0.05s]
[0m02:30:08.993799 [debug] [Thread-1 (]: Finished running node model.vg_casestudy.stg_staging_intermediate__currencies
[0m02:30:08.994011 [debug] [Thread-1 (]: Began running node model.vg_casestudy.stg_staging_intermediate__accounts
[0m02:30:08.994329 [info ] [Thread-1 (]: 7 of 11 START sql table model intermediate.stg_staging_intermediate__accounts .. [RUN]
[0m02:30:08.994662 [debug] [Thread-1 (]: Re-using an available connection from the pool (formerly model.vg_casestudy.stg_staging_intermediate__currencies, now model.vg_casestudy.stg_staging_intermediate__accounts)
[0m02:30:08.994846 [debug] [Thread-1 (]: Began compiling node model.vg_casestudy.stg_staging_intermediate__accounts
[0m02:30:08.996492 [debug] [Thread-1 (]: Writing injected SQL for node "model.vg_casestudy.stg_staging_intermediate__accounts"
[0m02:30:08.996830 [debug] [Thread-1 (]: Timing info for model.vg_casestudy.stg_staging_intermediate__accounts (compile): 02:30:08.994962 => 02:30:08.996719
[0m02:30:08.997007 [debug] [Thread-1 (]: Began executing node model.vg_casestudy.stg_staging_intermediate__accounts
[0m02:30:08.999012 [debug] [Thread-1 (]: Writing runtime sql for node "model.vg_casestudy.stg_staging_intermediate__accounts"
[0m02:30:08.999349 [debug] [Thread-1 (]: Using duckdb connection "model.vg_casestudy.stg_staging_intermediate__accounts"
[0m02:30:08.999532 [debug] [Thread-1 (]: On model.vg_casestudy.stg_staging_intermediate__accounts: BEGIN
[0m02:30:08.999694 [debug] [Thread-1 (]: Opening a new connection, currently in state closed
[0m02:30:09.007051 [debug] [Thread-1 (]: SQL status: OK in 0.0 seconds
[0m02:30:09.007379 [debug] [Thread-1 (]: Using duckdb connection "model.vg_casestudy.stg_staging_intermediate__accounts"
[0m02:30:09.007593 [debug] [Thread-1 (]: On model.vg_casestudy.stg_staging_intermediate__accounts: /* {"app": "dbt", "dbt_version": "1.6.18", "profile_name": "default", "target_name": "dev", "node_id": "model.vg_casestudy.stg_staging_intermediate__accounts"} */

  
    
    

    create  table
      "casestudy"."intermediate"."stg_staging_intermediate__accounts__dbt_tmp"
  
    as (
      with staging as (
    select * from "casestudy"."staging"."stg_raw_staging__accounts"
), 
filtered as (
    select 
        account_id,
        customer_id,
        account_type,
        account_opening_date,
     from staging
    where not has_date_parsing_error
)

select * from filtered
    );
  
  
[0m02:30:09.011880 [debug] [Thread-1 (]: SQL status: OK in 0.0 seconds
[0m02:30:09.013896 [debug] [Thread-1 (]: Using duckdb connection "model.vg_casestudy.stg_staging_intermediate__accounts"
[0m02:30:09.014136 [debug] [Thread-1 (]: On model.vg_casestudy.stg_staging_intermediate__accounts: /* {"app": "dbt", "dbt_version": "1.6.18", "profile_name": "default", "target_name": "dev", "node_id": "model.vg_casestudy.stg_staging_intermediate__accounts"} */
alter table "casestudy"."intermediate"."stg_staging_intermediate__accounts" rename to "stg_staging_intermediate__accounts__dbt_backup"
[0m02:30:09.014561 [debug] [Thread-1 (]: SQL status: OK in 0.0 seconds
[0m02:30:09.016365 [debug] [Thread-1 (]: Using duckdb connection "model.vg_casestudy.stg_staging_intermediate__accounts"
[0m02:30:09.016591 [debug] [Thread-1 (]: On model.vg_casestudy.stg_staging_intermediate__accounts: /* {"app": "dbt", "dbt_version": "1.6.18", "profile_name": "default", "target_name": "dev", "node_id": "model.vg_casestudy.stg_staging_intermediate__accounts"} */
alter table "casestudy"."intermediate"."stg_staging_intermediate__accounts__dbt_tmp" rename to "stg_staging_intermediate__accounts"
[0m02:30:09.017065 [debug] [Thread-1 (]: SQL status: OK in 0.0 seconds
[0m02:30:09.018113 [debug] [Thread-1 (]: On model.vg_casestudy.stg_staging_intermediate__accounts: COMMIT
[0m02:30:09.018344 [debug] [Thread-1 (]: Using duckdb connection "model.vg_casestudy.stg_staging_intermediate__accounts"
[0m02:30:09.018536 [debug] [Thread-1 (]: On model.vg_casestudy.stg_staging_intermediate__accounts: COMMIT
[0m02:30:09.020268 [debug] [Thread-1 (]: SQL status: OK in 0.0 seconds
[0m02:30:09.021854 [debug] [Thread-1 (]: Using duckdb connection "model.vg_casestudy.stg_staging_intermediate__accounts"
[0m02:30:09.022075 [debug] [Thread-1 (]: On model.vg_casestudy.stg_staging_intermediate__accounts: /* {"app": "dbt", "dbt_version": "1.6.18", "profile_name": "default", "target_name": "dev", "node_id": "model.vg_casestudy.stg_staging_intermediate__accounts"} */
drop table if exists "casestudy"."intermediate"."stg_staging_intermediate__accounts__dbt_backup" cascade
[0m02:30:09.023815 [debug] [Thread-1 (]: SQL status: OK in 0.0 seconds
[0m02:30:09.024664 [debug] [Thread-1 (]: Timing info for model.vg_casestudy.stg_staging_intermediate__accounts (execute): 02:30:08.997120 => 02:30:09.024559
[0m02:30:09.024875 [debug] [Thread-1 (]: On model.vg_casestudy.stg_staging_intermediate__accounts: Close
[0m02:30:09.042577 [debug] [Thread-1 (]: Sending event: {'category': 'dbt', 'action': 'run_model', 'label': 'f9c6553f-5fe9-4ba1-91f8-90d6cbeef8c8', 'context': [<snowplow_tracker.self_describing_json.SelfDescribingJson object at 0x7c7a2c488990>]}
[0m02:30:09.043005 [info ] [Thread-1 (]: 7 of 11 OK created sql table model intermediate.stg_staging_intermediate__accounts  [[32mOK[0m in 0.05s]
[0m02:30:09.043353 [debug] [Thread-1 (]: Finished running node model.vg_casestudy.stg_staging_intermediate__accounts
[0m02:30:09.043599 [debug] [Thread-1 (]: Began running node model.vg_casestudy.stg_staging_intermediate__customers
[0m02:30:09.043970 [info ] [Thread-1 (]: 8 of 11 START sql table model intermediate.stg_staging_intermediate__customers . [RUN]
[0m02:30:09.044407 [debug] [Thread-1 (]: Re-using an available connection from the pool (formerly model.vg_casestudy.stg_staging_intermediate__accounts, now model.vg_casestudy.stg_staging_intermediate__customers)
[0m02:30:09.044653 [debug] [Thread-1 (]: Began compiling node model.vg_casestudy.stg_staging_intermediate__customers
[0m02:30:09.046401 [debug] [Thread-1 (]: Writing injected SQL for node "model.vg_casestudy.stg_staging_intermediate__customers"
[0m02:30:09.046750 [debug] [Thread-1 (]: Timing info for model.vg_casestudy.stg_staging_intermediate__customers (compile): 02:30:09.044782 => 02:30:09.046634
[0m02:30:09.046930 [debug] [Thread-1 (]: Began executing node model.vg_casestudy.stg_staging_intermediate__customers
[0m02:30:09.049052 [debug] [Thread-1 (]: Writing runtime sql for node "model.vg_casestudy.stg_staging_intermediate__customers"
[0m02:30:09.049364 [debug] [Thread-1 (]: Using duckdb connection "model.vg_casestudy.stg_staging_intermediate__customers"
[0m02:30:09.049551 [debug] [Thread-1 (]: On model.vg_casestudy.stg_staging_intermediate__customers: BEGIN
[0m02:30:09.049713 [debug] [Thread-1 (]: Opening a new connection, currently in state closed
[0m02:30:09.056627 [debug] [Thread-1 (]: SQL status: OK in 0.0 seconds
[0m02:30:09.056853 [debug] [Thread-1 (]: Using duckdb connection "model.vg_casestudy.stg_staging_intermediate__customers"
[0m02:30:09.057031 [debug] [Thread-1 (]: On model.vg_casestudy.stg_staging_intermediate__customers: /* {"app": "dbt", "dbt_version": "1.6.18", "profile_name": "default", "target_name": "dev", "node_id": "model.vg_casestudy.stg_staging_intermediate__customers"} */

  
    
    

    create  table
      "casestudy"."intermediate"."stg_staging_intermediate__customers__dbt_tmp"
  
    as (
      with staging as (
    select * from "casestudy"."staging"."stg_raw_staging__customers"
)

select * from staging
    );
  
  
[0m02:30:09.062968 [debug] [Thread-1 (]: SQL status: OK in 0.0 seconds
[0m02:30:09.065941 [debug] [Thread-1 (]: Using duckdb connection "model.vg_casestudy.stg_staging_intermediate__customers"
[0m02:30:09.066178 [debug] [Thread-1 (]: On model.vg_casestudy.stg_staging_intermediate__customers: /* {"app": "dbt", "dbt_version": "1.6.18", "profile_name": "default", "target_name": "dev", "node_id": "model.vg_casestudy.stg_staging_intermediate__customers"} */
alter table "casestudy"."intermediate"."stg_staging_intermediate__customers" rename to "stg_staging_intermediate__customers__dbt_backup"
[0m02:30:09.066553 [debug] [Thread-1 (]: SQL status: OK in 0.0 seconds
[0m02:30:09.068116 [debug] [Thread-1 (]: Using duckdb connection "model.vg_casestudy.stg_staging_intermediate__customers"
[0m02:30:09.068342 [debug] [Thread-1 (]: On model.vg_casestudy.stg_staging_intermediate__customers: /* {"app": "dbt", "dbt_version": "1.6.18", "profile_name": "default", "target_name": "dev", "node_id": "model.vg_casestudy.stg_staging_intermediate__customers"} */
alter table "casestudy"."intermediate"."stg_staging_intermediate__customers__dbt_tmp" rename to "stg_staging_intermediate__customers"
[0m02:30:09.068669 [debug] [Thread-1 (]: SQL status: OK in 0.0 seconds
[0m02:30:09.069627 [debug] [Thread-1 (]: On model.vg_casestudy.stg_staging_intermediate__customers: COMMIT
[0m02:30:09.069829 [debug] [Thread-1 (]: Using duckdb connection "model.vg_casestudy.stg_staging_intermediate__customers"
[0m02:30:09.070002 [debug] [Thread-1 (]: On model.vg_casestudy.stg_staging_intermediate__customers: COMMIT
[0m02:30:09.072052 [debug] [Thread-1 (]: SQL status: OK in 0.0 seconds
[0m02:30:09.073397 [debug] [Thread-1 (]: Using duckdb connection "model.vg_casestudy.stg_staging_intermediate__customers"
[0m02:30:09.073649 [debug] [Thread-1 (]: On model.vg_casestudy.stg_staging_intermediate__customers: /* {"app": "dbt", "dbt_version": "1.6.18", "profile_name": "default", "target_name": "dev", "node_id": "model.vg_casestudy.stg_staging_intermediate__customers"} */
drop table if exists "casestudy"."intermediate"."stg_staging_intermediate__customers__dbt_backup" cascade
[0m02:30:09.074810 [debug] [Thread-1 (]: SQL status: OK in 0.0 seconds
[0m02:30:09.075579 [debug] [Thread-1 (]: Timing info for model.vg_casestudy.stg_staging_intermediate__customers (execute): 02:30:09.047046 => 02:30:09.075475
[0m02:30:09.075779 [debug] [Thread-1 (]: On model.vg_casestudy.stg_staging_intermediate__customers: Close
[0m02:30:09.094529 [debug] [Thread-1 (]: Sending event: {'category': 'dbt', 'action': 'run_model', 'label': 'f9c6553f-5fe9-4ba1-91f8-90d6cbeef8c8', 'context': [<snowplow_tracker.self_describing_json.SelfDescribingJson object at 0x7c7a2b792f10>]}
[0m02:30:09.094950 [info ] [Thread-1 (]: 8 of 11 OK created sql table model intermediate.stg_staging_intermediate__customers  [[32mOK[0m in 0.05s]
[0m02:30:09.095274 [debug] [Thread-1 (]: Finished running node model.vg_casestudy.stg_staging_intermediate__customers
[0m02:30:09.095501 [debug] [Thread-1 (]: Began running node model.vg_casestudy.stg_staging_intermediate__fx_rates
[0m02:30:09.095845 [info ] [Thread-1 (]: 9 of 11 START sql table model intermediate.stg_staging_intermediate__fx_rates .. [RUN]
[0m02:30:09.096195 [debug] [Thread-1 (]: Re-using an available connection from the pool (formerly model.vg_casestudy.stg_staging_intermediate__customers, now model.vg_casestudy.stg_staging_intermediate__fx_rates)
[0m02:30:09.096383 [debug] [Thread-1 (]: Began compiling node model.vg_casestudy.stg_staging_intermediate__fx_rates
[0m02:30:09.098046 [debug] [Thread-1 (]: Writing injected SQL for node "model.vg_casestudy.stg_staging_intermediate__fx_rates"
[0m02:30:09.098400 [debug] [Thread-1 (]: Timing info for model.vg_casestudy.stg_staging_intermediate__fx_rates (compile): 02:30:09.096497 => 02:30:09.098283
[0m02:30:09.098579 [debug] [Thread-1 (]: Began executing node model.vg_casestudy.stg_staging_intermediate__fx_rates
[0m02:30:09.100533 [debug] [Thread-1 (]: Writing runtime sql for node "model.vg_casestudy.stg_staging_intermediate__fx_rates"
[0m02:30:09.100826 [debug] [Thread-1 (]: Using duckdb connection "model.vg_casestudy.stg_staging_intermediate__fx_rates"
[0m02:30:09.101013 [debug] [Thread-1 (]: On model.vg_casestudy.stg_staging_intermediate__fx_rates: BEGIN
[0m02:30:09.101187 [debug] [Thread-1 (]: Opening a new connection, currently in state closed
[0m02:30:09.108494 [debug] [Thread-1 (]: SQL status: OK in 0.0 seconds
[0m02:30:09.108881 [debug] [Thread-1 (]: Using duckdb connection "model.vg_casestudy.stg_staging_intermediate__fx_rates"
[0m02:30:09.109079 [debug] [Thread-1 (]: On model.vg_casestudy.stg_staging_intermediate__fx_rates: /* {"app": "dbt", "dbt_version": "1.6.18", "profile_name": "default", "target_name": "dev", "node_id": "model.vg_casestudy.stg_staging_intermediate__fx_rates"} */

  
    
    

    create  table
      "casestudy"."intermediate"."stg_staging_intermediate__fx_rates__dbt_tmp"
  
    as (
      with staging as (
    select * from "casestudy"."staging"."stg_raw_staging__fx_rates"
),

filtered as (
    select
        currency_iso_code,
        fx_rate,
        fx_rate_date
    from staging
    where not has_date_parsing_error
)

select * from filtered
    );
  
  
[0m02:30:09.111575 [debug] [Thread-1 (]: SQL status: OK in 0.0 seconds
[0m02:30:09.113473 [debug] [Thread-1 (]: Using duckdb connection "model.vg_casestudy.stg_staging_intermediate__fx_rates"
[0m02:30:09.113679 [debug] [Thread-1 (]: On model.vg_casestudy.stg_staging_intermediate__fx_rates: /* {"app": "dbt", "dbt_version": "1.6.18", "profile_name": "default", "target_name": "dev", "node_id": "model.vg_casestudy.stg_staging_intermediate__fx_rates"} */
alter table "casestudy"."intermediate"."stg_staging_intermediate__fx_rates" rename to "stg_staging_intermediate__fx_rates__dbt_backup"
[0m02:30:09.114084 [debug] [Thread-1 (]: SQL status: OK in 0.0 seconds
[0m02:30:09.115657 [debug] [Thread-1 (]: Using duckdb connection "model.vg_casestudy.stg_staging_intermediate__fx_rates"
[0m02:30:09.115862 [debug] [Thread-1 (]: On model.vg_casestudy.stg_staging_intermediate__fx_rates: /* {"app": "dbt", "dbt_version": "1.6.18", "profile_name": "default", "target_name": "dev", "node_id": "model.vg_casestudy.stg_staging_intermediate__fx_rates"} */
alter table "casestudy"."intermediate"."stg_staging_intermediate__fx_rates__dbt_tmp" rename to "stg_staging_intermediate__fx_rates"
[0m02:30:09.116197 [debug] [Thread-1 (]: SQL status: OK in 0.0 seconds
[0m02:30:09.117159 [debug] [Thread-1 (]: On model.vg_casestudy.stg_staging_intermediate__fx_rates: COMMIT
[0m02:30:09.117355 [debug] [Thread-1 (]: Using duckdb connection "model.vg_casestudy.stg_staging_intermediate__fx_rates"
[0m02:30:09.117521 [debug] [Thread-1 (]: On model.vg_casestudy.stg_staging_intermediate__fx_rates: COMMIT
[0m02:30:09.118828 [debug] [Thread-1 (]: SQL status: OK in 0.0 seconds
[0m02:30:09.120152 [debug] [Thread-1 (]: Using duckdb connection "model.vg_casestudy.stg_staging_intermediate__fx_rates"
[0m02:30:09.120342 [debug] [Thread-1 (]: On model.vg_casestudy.stg_staging_intermediate__fx_rates: /* {"app": "dbt", "dbt_version": "1.6.18", "profile_name": "default", "target_name": "dev", "node_id": "model.vg_casestudy.stg_staging_intermediate__fx_rates"} */
drop table if exists "casestudy"."intermediate"."stg_staging_intermediate__fx_rates__dbt_backup" cascade
[0m02:30:09.121770 [debug] [Thread-1 (]: SQL status: OK in 0.0 seconds
[0m02:30:09.122571 [debug] [Thread-1 (]: Timing info for model.vg_casestudy.stg_staging_intermediate__fx_rates (execute): 02:30:09.098692 => 02:30:09.122459
[0m02:30:09.122773 [debug] [Thread-1 (]: On model.vg_casestudy.stg_staging_intermediate__fx_rates: Close
[0m02:30:09.135950 [debug] [Thread-1 (]: Sending event: {'category': 'dbt', 'action': 'run_model', 'label': 'f9c6553f-5fe9-4ba1-91f8-90d6cbeef8c8', 'context': [<snowplow_tracker.self_describing_json.SelfDescribingJson object at 0x7c7a2b7b44d0>]}
[0m02:30:09.136737 [info ] [Thread-1 (]: 9 of 11 OK created sql table model intermediate.stg_staging_intermediate__fx_rates  [[32mOK[0m in 0.04s]
[0m02:30:09.137371 [debug] [Thread-1 (]: Finished running node model.vg_casestudy.stg_staging_intermediate__fx_rates
[0m02:30:09.137758 [debug] [Thread-1 (]: Began running node model.vg_casestudy.stg_staging_intermediate__loans
[0m02:30:09.138298 [info ] [Thread-1 (]: 10 of 11 START sql table model intermediate.stg_staging_intermediate__loans .... [RUN]
[0m02:30:09.138904 [debug] [Thread-1 (]: Re-using an available connection from the pool (formerly model.vg_casestudy.stg_staging_intermediate__fx_rates, now model.vg_casestudy.stg_staging_intermediate__loans)
[0m02:30:09.139096 [debug] [Thread-1 (]: Began compiling node model.vg_casestudy.stg_staging_intermediate__loans
[0m02:30:09.140849 [debug] [Thread-1 (]: Writing injected SQL for node "model.vg_casestudy.stg_staging_intermediate__loans"
[0m02:30:09.141199 [debug] [Thread-1 (]: Timing info for model.vg_casestudy.stg_staging_intermediate__loans (compile): 02:30:09.139224 => 02:30:09.141079
[0m02:30:09.141380 [debug] [Thread-1 (]: Began executing node model.vg_casestudy.stg_staging_intermediate__loans
[0m02:30:09.144490 [debug] [Thread-1 (]: Writing runtime sql for node "model.vg_casestudy.stg_staging_intermediate__loans"
[0m02:30:09.144790 [debug] [Thread-1 (]: Using duckdb connection "model.vg_casestudy.stg_staging_intermediate__loans"
[0m02:30:09.144972 [debug] [Thread-1 (]: On model.vg_casestudy.stg_staging_intermediate__loans: BEGIN
[0m02:30:09.145148 [debug] [Thread-1 (]: Opening a new connection, currently in state closed
[0m02:30:09.152491 [debug] [Thread-1 (]: SQL status: OK in 0.0 seconds
[0m02:30:09.152811 [debug] [Thread-1 (]: Using duckdb connection "model.vg_casestudy.stg_staging_intermediate__loans"
[0m02:30:09.153006 [debug] [Thread-1 (]: On model.vg_casestudy.stg_staging_intermediate__loans: /* {"app": "dbt", "dbt_version": "1.6.18", "profile_name": "default", "target_name": "dev", "node_id": "model.vg_casestudy.stg_staging_intermediate__loans"} */

  
    
    

    create  table
      "casestudy"."intermediate"."stg_staging_intermediate__loans__dbt_tmp"
  
    as (
      with staging as (
    select * from "casestudy"."staging"."stg_raw_staging__loans"
),

filtered as (
    select
        customer_id,
        loan_id,
        loan_amount,
        loan_type,
        interest_rate,
        loan_term,
        approval_rejection_date,
        loan_status
    from staging
    where not has_date_parsing_error
)

select * from filtered
    );
  
  
[0m02:30:09.162375 [debug] [Thread-1 (]: SQL status: OK in 0.0 seconds
[0m02:30:09.164274 [debug] [Thread-1 (]: Using duckdb connection "model.vg_casestudy.stg_staging_intermediate__loans"
[0m02:30:09.164494 [debug] [Thread-1 (]: On model.vg_casestudy.stg_staging_intermediate__loans: /* {"app": "dbt", "dbt_version": "1.6.18", "profile_name": "default", "target_name": "dev", "node_id": "model.vg_casestudy.stg_staging_intermediate__loans"} */
alter table "casestudy"."intermediate"."stg_staging_intermediate__loans" rename to "stg_staging_intermediate__loans__dbt_backup"
[0m02:30:09.164851 [debug] [Thread-1 (]: SQL status: OK in 0.0 seconds
[0m02:30:09.166449 [debug] [Thread-1 (]: Using duckdb connection "model.vg_casestudy.stg_staging_intermediate__loans"
[0m02:30:09.166653 [debug] [Thread-1 (]: On model.vg_casestudy.stg_staging_intermediate__loans: /* {"app": "dbt", "dbt_version": "1.6.18", "profile_name": "default", "target_name": "dev", "node_id": "model.vg_casestudy.stg_staging_intermediate__loans"} */
alter table "casestudy"."intermediate"."stg_staging_intermediate__loans__dbt_tmp" rename to "stg_staging_intermediate__loans"
[0m02:30:09.166981 [debug] [Thread-1 (]: SQL status: OK in 0.0 seconds
[0m02:30:09.167918 [debug] [Thread-1 (]: On model.vg_casestudy.stg_staging_intermediate__loans: COMMIT
[0m02:30:09.168115 [debug] [Thread-1 (]: Using duckdb connection "model.vg_casestudy.stg_staging_intermediate__loans"
[0m02:30:09.168291 [debug] [Thread-1 (]: On model.vg_casestudy.stg_staging_intermediate__loans: COMMIT
[0m02:30:09.170180 [debug] [Thread-1 (]: SQL status: OK in 0.0 seconds
[0m02:30:09.171556 [debug] [Thread-1 (]: Using duckdb connection "model.vg_casestudy.stg_staging_intermediate__loans"
[0m02:30:09.171759 [debug] [Thread-1 (]: On model.vg_casestudy.stg_staging_intermediate__loans: /* {"app": "dbt", "dbt_version": "1.6.18", "profile_name": "default", "target_name": "dev", "node_id": "model.vg_casestudy.stg_staging_intermediate__loans"} */
drop table if exists "casestudy"."intermediate"."stg_staging_intermediate__loans__dbt_backup" cascade
[0m02:30:09.172736 [debug] [Thread-1 (]: SQL status: OK in 0.0 seconds
[0m02:30:09.173455 [debug] [Thread-1 (]: Timing info for model.vg_casestudy.stg_staging_intermediate__loans (execute): 02:30:09.141495 => 02:30:09.173357
[0m02:30:09.173646 [debug] [Thread-1 (]: On model.vg_casestudy.stg_staging_intermediate__loans: Close
[0m02:30:09.187746 [debug] [Thread-1 (]: Sending event: {'category': 'dbt', 'action': 'run_model', 'label': 'f9c6553f-5fe9-4ba1-91f8-90d6cbeef8c8', 'context': [<snowplow_tracker.self_describing_json.SelfDescribingJson object at 0x7c7a2baab5d0>]}
[0m02:30:09.188138 [info ] [Thread-1 (]: 10 of 11 OK created sql table model intermediate.stg_staging_intermediate__loans  [[32mOK[0m in 0.05s]
[0m02:30:09.188455 [debug] [Thread-1 (]: Finished running node model.vg_casestudy.stg_staging_intermediate__loans
[0m02:30:09.188682 [debug] [Thread-1 (]: Began running node model.vg_casestudy.stg_staging_intermediate__transactions
[0m02:30:09.189003 [info ] [Thread-1 (]: 11 of 11 START sql table model intermediate.stg_staging_intermediate__transactions  [RUN]
[0m02:30:09.189371 [debug] [Thread-1 (]: Re-using an available connection from the pool (formerly model.vg_casestudy.stg_staging_intermediate__loans, now model.vg_casestudy.stg_staging_intermediate__transactions)
[0m02:30:09.189586 [debug] [Thread-1 (]: Began compiling node model.vg_casestudy.stg_staging_intermediate__transactions
[0m02:30:09.191298 [debug] [Thread-1 (]: Writing injected SQL for node "model.vg_casestudy.stg_staging_intermediate__transactions"
[0m02:30:09.191657 [debug] [Thread-1 (]: Timing info for model.vg_casestudy.stg_staging_intermediate__transactions (compile): 02:30:09.189709 => 02:30:09.191535
[0m02:30:09.191850 [debug] [Thread-1 (]: Began executing node model.vg_casestudy.stg_staging_intermediate__transactions
[0m02:30:09.193835 [debug] [Thread-1 (]: Writing runtime sql for node "model.vg_casestudy.stg_staging_intermediate__transactions"
[0m02:30:09.194149 [debug] [Thread-1 (]: Using duckdb connection "model.vg_casestudy.stg_staging_intermediate__transactions"
[0m02:30:09.194348 [debug] [Thread-1 (]: On model.vg_casestudy.stg_staging_intermediate__transactions: BEGIN
[0m02:30:09.194519 [debug] [Thread-1 (]: Opening a new connection, currently in state closed
[0m02:30:09.203816 [debug] [Thread-1 (]: SQL status: OK in 0.0 seconds
[0m02:30:09.204288 [debug] [Thread-1 (]: Using duckdb connection "model.vg_casestudy.stg_staging_intermediate__transactions"
[0m02:30:09.204635 [debug] [Thread-1 (]: On model.vg_casestudy.stg_staging_intermediate__transactions: /* {"app": "dbt", "dbt_version": "1.6.18", "profile_name": "default", "target_name": "dev", "node_id": "model.vg_casestudy.stg_staging_intermediate__transactions"} */

  
    
    

    create  table
      "casestudy"."intermediate"."stg_staging_intermediate__transactions__dbt_tmp"
  
    as (
      with staging as (
    select * from "casestudy"."staging"."stg_raw_staging__transactions"
),

filtered as (
    select
        transaction_id,
        transaction_date,
        account_id,
        transaction_type,
        transaction_amount,
        transaction_currency
    from staging
    where not has_date_parsing_error
)

select * from filtered
    );
  
  
[0m02:30:09.242877 [debug] [Thread-1 (]: SQL status: OK in 0.0 seconds
[0m02:30:09.244876 [debug] [Thread-1 (]: Using duckdb connection "model.vg_casestudy.stg_staging_intermediate__transactions"
[0m02:30:09.245095 [debug] [Thread-1 (]: On model.vg_casestudy.stg_staging_intermediate__transactions: /* {"app": "dbt", "dbt_version": "1.6.18", "profile_name": "default", "target_name": "dev", "node_id": "model.vg_casestudy.stg_staging_intermediate__transactions"} */
alter table "casestudy"."intermediate"."stg_staging_intermediate__transactions" rename to "stg_staging_intermediate__transactions__dbt_backup"
[0m02:30:09.245513 [debug] [Thread-1 (]: SQL status: OK in 0.0 seconds
[0m02:30:09.247404 [debug] [Thread-1 (]: Using duckdb connection "model.vg_casestudy.stg_staging_intermediate__transactions"
[0m02:30:09.247630 [debug] [Thread-1 (]: On model.vg_casestudy.stg_staging_intermediate__transactions: /* {"app": "dbt", "dbt_version": "1.6.18", "profile_name": "default", "target_name": "dev", "node_id": "model.vg_casestudy.stg_staging_intermediate__transactions"} */
alter table "casestudy"."intermediate"."stg_staging_intermediate__transactions__dbt_tmp" rename to "stg_staging_intermediate__transactions"
[0m02:30:09.247996 [debug] [Thread-1 (]: SQL status: OK in 0.0 seconds
[0m02:30:09.248983 [debug] [Thread-1 (]: On model.vg_casestudy.stg_staging_intermediate__transactions: COMMIT
[0m02:30:09.249184 [debug] [Thread-1 (]: Using duckdb connection "model.vg_casestudy.stg_staging_intermediate__transactions"
[0m02:30:09.249359 [debug] [Thread-1 (]: On model.vg_casestudy.stg_staging_intermediate__transactions: COMMIT
[0m02:30:09.254721 [debug] [Thread-1 (]: SQL status: OK in 0.0 seconds
[0m02:30:09.256140 [debug] [Thread-1 (]: Using duckdb connection "model.vg_casestudy.stg_staging_intermediate__transactions"
[0m02:30:09.256341 [debug] [Thread-1 (]: On model.vg_casestudy.stg_staging_intermediate__transactions: /* {"app": "dbt", "dbt_version": "1.6.18", "profile_name": "default", "target_name": "dev", "node_id": "model.vg_casestudy.stg_staging_intermediate__transactions"} */
drop table if exists "casestudy"."intermediate"."stg_staging_intermediate__transactions__dbt_backup" cascade
[0m02:30:09.257285 [debug] [Thread-1 (]: SQL status: OK in 0.0 seconds
[0m02:30:09.258017 [debug] [Thread-1 (]: Timing info for model.vg_casestudy.stg_staging_intermediate__transactions (execute): 02:30:09.191970 => 02:30:09.257918
[0m02:30:09.258220 [debug] [Thread-1 (]: On model.vg_casestudy.stg_staging_intermediate__transactions: Close
[0m02:30:09.281836 [debug] [Thread-1 (]: Sending event: {'category': 'dbt', 'action': 'run_model', 'label': 'f9c6553f-5fe9-4ba1-91f8-90d6cbeef8c8', 'context': [<snowplow_tracker.self_describing_json.SelfDescribingJson object at 0x7c7a2b74ab90>]}
[0m02:30:09.282586 [info ] [Thread-1 (]: 11 of 11 OK created sql table model intermediate.stg_staging_intermediate__transactions  [[32mOK[0m in 0.09s]
[0m02:30:09.283239 [debug] [Thread-1 (]: Finished running node model.vg_casestudy.stg_staging_intermediate__transactions
[0m02:30:09.284567 [debug] [MainThread]: Using duckdb connection "master"
[0m02:30:09.284758 [debug] [MainThread]: On master: BEGIN
[0m02:30:09.284908 [debug] [MainThread]: Opening a new connection, currently in state closed
[0m02:30:09.292955 [debug] [MainThread]: SQL status: OK in 0.0 seconds
[0m02:30:09.293191 [debug] [MainThread]: On master: COMMIT
[0m02:30:09.293345 [debug] [MainThread]: Using duckdb connection "master"
[0m02:30:09.293490 [debug] [MainThread]: On master: COMMIT
[0m02:30:09.293745 [debug] [MainThread]: SQL status: OK in 0.0 seconds
[0m02:30:09.293909 [debug] [MainThread]: On master: Close
[0m02:30:09.297083 [debug] [MainThread]: Connection 'master' was properly closed.
[0m02:30:09.297526 [debug] [MainThread]: Connection 'list_casestudy_staging' was properly closed.
[0m02:30:09.297865 [debug] [MainThread]: Connection 'model.vg_casestudy.stg_staging_intermediate__transactions' was properly closed.
[0m02:30:09.298338 [info ] [MainThread]: 
[0m02:30:09.298726 [info ] [MainThread]: Finished running 5 view models, 6 table models in 0 hours 0 minutes and 0.80 seconds (0.80s).
[0m02:30:09.300402 [debug] [MainThread]: Command end result
[0m02:30:09.311205 [info ] [MainThread]: 
[0m02:30:09.311491 [info ] [MainThread]: [32mCompleted successfully[0m
[0m02:30:09.311656 [info ] [MainThread]: 
[0m02:30:09.311816 [info ] [MainThread]: Done. PASS=11 WARN=0 ERROR=0 SKIP=0 TOTAL=11
[0m02:30:09.312064 [debug] [MainThread]: Command `dbt run` succeeded at 02:30:09.312006 after 0.95 seconds
[0m02:30:09.312269 [debug] [MainThread]: Sending event: {'category': 'dbt', 'action': 'invocation', 'label': 'end', 'context': [<snowplow_tracker.self_describing_json.SelfDescribingJson object at 0x7c7a30198d50>, <snowplow_tracker.self_describing_json.SelfDescribingJson object at 0x7c7a30303790>, <snowplow_tracker.self_describing_json.SelfDescribingJson object at 0x7c7a3471da50>]}
[0m02:30:09.312457 [debug] [MainThread]: Flushing usage events
[0m02:30:23.684205 [debug] [MainThread]: Sending event: {'category': 'dbt', 'action': 'invocation', 'label': 'start', 'context': [<snowplow_tracker.self_describing_json.SelfDescribingJson object at 0x759a30087590>, <snowplow_tracker.self_describing_json.SelfDescribingJson object at 0x759a2fceebd0>, <snowplow_tracker.self_describing_json.SelfDescribingJson object at 0x759a3256bfd0>]}


============================== 02:30:23.685778 | 679749e6-b802-4fdc-a30c-c04bccfe50f3 ==============================
[0m02:30:23.685778 [info ] [MainThread]: Running with dbt=1.6.18
[0m02:30:23.686062 [debug] [MainThread]: running dbt with arguments {'printer_width': '80', 'indirect_selection': 'eager', 'log_cache_events': 'False', 'write_json': 'True', 'partial_parse': 'True', 'cache_selected_only': 'False', 'profiles_dir': '/workspaces/varengold_data_analyst_case/transformation', 'fail_fast': 'False', 'version_check': 'True', 'log_path': '/workspaces/varengold_data_analyst_case/transformation/logs', 'warn_error': 'None', 'debug': 'False', 'use_colors': 'True', 'use_experimental_parser': 'False', 'no_print': 'None', 'quiet': 'False', 'warn_error_options': 'WarnErrorOptions(include=[], exclude=[])', 'introspect': 'True', 'invocation_command': 'dbt run-operation explore_schemas', 'static_parser': 'True', 'target_path': 'None', 'log_format': 'default', 'send_anonymous_usage_stats': 'True'}
[0m02:30:23.740984 [debug] [MainThread]: Sending event: {'category': 'dbt', 'action': 'project_id', 'label': '679749e6-b802-4fdc-a30c-c04bccfe50f3', 'context': [<snowplow_tracker.self_describing_json.SelfDescribingJson object at 0x759a2bb76910>]}
[0m02:30:23.748938 [debug] [MainThread]: Sending event: {'category': 'dbt', 'action': 'adapter_info', 'label': '679749e6-b802-4fdc-a30c-c04bccfe50f3', 'context': [<snowplow_tracker.self_describing_json.SelfDescribingJson object at 0x759a30070f50>]}
[0m02:30:23.749391 [info ] [MainThread]: Registered adapter: duckdb=1.6.2
[0m02:30:23.762428 [debug] [MainThread]: checksum: 7b9fab86a08e9e96a48a825af743c566d95b877e068b8c6d0dbafbf714447189, vars: {}, profile: , target: , version: 1.6.18
[0m02:30:23.786227 [debug] [MainThread]: Partial parsing enabled: 0 files deleted, 0 files added, 0 files changed.
[0m02:30:23.786514 [debug] [MainThread]: Partial parsing enabled, no changes found, skipping parsing
[0m02:30:23.787255 [warn ] [MainThread]: [[33mWARNING[0m]: Configuration paths exist in your dbt_project.yml file which do not apply to any resources.
There are 3 unused configuration paths:
- models.vg_casestudy.reporting
- models.vg_casestudy.main
- models.vg_casestudy.marts
[0m02:30:23.792640 [debug] [MainThread]: Sending event: {'category': 'dbt', 'action': 'load_project', 'label': '679749e6-b802-4fdc-a30c-c04bccfe50f3', 'context': [<snowplow_tracker.self_describing_json.SelfDescribingJson object at 0x759a2b95b610>]}
[0m02:30:23.808060 [debug] [MainThread]: Sending event: {'category': 'dbt', 'action': 'resource_counts', 'label': '679749e6-b802-4fdc-a30c-c04bccfe50f3', 'context': [<snowplow_tracker.self_describing_json.SelfDescribingJson object at 0x759a2b9ab410>]}
[0m02:30:23.808409 [info ] [MainThread]: Found 11 models, 1 analysis, 2 seeds, 71 tests, 5 sources, 0 exposures, 0 metrics, 632 macros, 0 groups, 0 semantic models
[0m02:30:23.808606 [debug] [MainThread]: Sending event: {'category': 'dbt', 'action': 'runnable_timing', 'label': '679749e6-b802-4fdc-a30c-c04bccfe50f3', 'context': [<snowplow_tracker.self_describing_json.SelfDescribingJson object at 0x759a2fab9e50>]}
[0m02:30:23.809024 [debug] [MainThread]: Acquiring new duckdb connection 'macro_explore_schemas'
[0m02:30:23.809209 [debug] [MainThread]: Using duckdb connection "macro_explore_schemas"
[0m02:30:23.809352 [debug] [MainThread]: On macro_explore_schemas: BEGIN
[0m02:30:23.809486 [debug] [MainThread]: Opening a new connection, currently in state init
[0m02:30:23.818462 [debug] [MainThread]: SQL status: OK in 0.0 seconds
[0m02:30:23.818757 [debug] [MainThread]: On macro_explore_schemas: COMMIT
[0m02:30:23.818921 [debug] [MainThread]: Using duckdb connection "macro_explore_schemas"
[0m02:30:23.819069 [debug] [MainThread]: On macro_explore_schemas: COMMIT
[0m02:30:23.819322 [debug] [MainThread]: SQL status: OK in 0.0 seconds
[0m02:30:23.825150 [debug] [MainThread]: Using duckdb connection "macro_explore_schemas"
[0m02:30:23.825357 [debug] [MainThread]: On macro_explore_schemas: /* {"app": "dbt", "dbt_version": "1.6.18", "profile_name": "default", "target_name": "dev", "connection_name": "macro_explore_schemas"} */

    
        SELECT schema_name FROM information_schema.schemata
    
  
[0m02:30:23.826010 [debug] [MainThread]: SQL status: OK in 0.0 seconds
[0m02:30:23.826822 [debug] [MainThread]: On macro_explore_schemas: Close
[0m02:30:23.829431 [debug] [MainThread]: Command `dbt run-operation` succeeded at 02:30:23.829352 after 0.15 seconds
[0m02:30:23.829620 [debug] [MainThread]: Connection 'macro_explore_schemas' was properly closed.
[0m02:30:23.829802 [debug] [MainThread]: Sending event: {'category': 'dbt', 'action': 'invocation', 'label': 'end', 'context': [<snowplow_tracker.self_describing_json.SelfDescribingJson object at 0x759a2b9aa410>, <snowplow_tracker.self_describing_json.SelfDescribingJson object at 0x759a2b9a8e10>, <snowplow_tracker.self_describing_json.SelfDescribingJson object at 0x759a2b9a8550>]}
[0m02:30:23.830016 [debug] [MainThread]: Flushing usage events
[0m02:32:03.645803 [debug] [MainThread]: Sending event: {'category': 'dbt', 'action': 'invocation', 'label': 'start', 'context': [<snowplow_tracker.self_describing_json.SelfDescribingJson object at 0x7e9cad73d610>, <snowplow_tracker.self_describing_json.SelfDescribingJson object at 0x7e9cad8f8850>, <snowplow_tracker.self_describing_json.SelfDescribingJson object at 0x7e9cadd27f50>]}


============================== 02:32:03.649166 | 5f0c7093-2535-4b97-bc14-eac63ff1fdfe ==============================
[0m02:32:03.649166 [info ] [MainThread]: Running with dbt=1.6.18
[0m02:32:03.649531 [debug] [MainThread]: running dbt with arguments {'printer_width': '80', 'indirect_selection': 'eager', 'log_cache_events': 'False', 'write_json': 'True', 'partial_parse': 'True', 'cache_selected_only': 'False', 'profiles_dir': '/workspaces/varengold_data_analyst_case/transformation', 'fail_fast': 'False', 'version_check': 'True', 'log_path': '/workspaces/varengold_data_analyst_case/transformation/logs', 'debug': 'False', 'warn_error': 'None', 'use_colors': 'True', 'use_experimental_parser': 'False', 'no_print': 'None', 'quiet': 'False', 'log_format': 'default', 'invocation_command': 'dbt run-operation explore_schemas', 'static_parser': 'True', 'warn_error_options': 'WarnErrorOptions(include=[], exclude=[])', 'target_path': 'None', 'introspect': 'True', 'send_anonymous_usage_stats': 'True'}
[0m02:32:03.701725 [debug] [MainThread]: Sending event: {'category': 'dbt', 'action': 'project_id', 'label': '5f0c7093-2535-4b97-bc14-eac63ff1fdfe', 'context': [<snowplow_tracker.self_describing_json.SelfDescribingJson object at 0x7e9cad750d10>]}
[0m02:32:03.709527 [debug] [MainThread]: Sending event: {'category': 'dbt', 'action': 'adapter_info', 'label': '5f0c7093-2535-4b97-bc14-eac63ff1fdfe', 'context': [<snowplow_tracker.self_describing_json.SelfDescribingJson object at 0x7e9cadd56850>]}
[0m02:32:03.709906 [info ] [MainThread]: Registered adapter: duckdb=1.6.2
[0m02:32:03.722599 [debug] [MainThread]: checksum: 7b9fab86a08e9e96a48a825af743c566d95b877e068b8c6d0dbafbf714447189, vars: {}, profile: , target: , version: 1.6.18
[0m02:32:03.744484 [debug] [MainThread]: Partial parsing enabled: 0 files deleted, 0 files added, 0 files changed.
[0m02:32:03.744787 [debug] [MainThread]: Partial parsing enabled, no changes found, skipping parsing
[0m02:32:03.745694 [warn ] [MainThread]: [[33mWARNING[0m]: Configuration paths exist in your dbt_project.yml file which do not apply to any resources.
There are 3 unused configuration paths:
- models.vg_casestudy.main
- models.vg_casestudy.reporting
- models.vg_casestudy.marts
[0m02:32:03.749680 [debug] [MainThread]: Sending event: {'category': 'dbt', 'action': 'load_project', 'label': '5f0c7093-2535-4b97-bc14-eac63ff1fdfe', 'context': [<snowplow_tracker.self_describing_json.SelfDescribingJson object at 0x7e9ca96ac390>]}
[0m02:32:03.762663 [debug] [MainThread]: Sending event: {'category': 'dbt', 'action': 'resource_counts', 'label': '5f0c7093-2535-4b97-bc14-eac63ff1fdfe', 'context': [<snowplow_tracker.self_describing_json.SelfDescribingJson object at 0x7e9cad78fa10>]}
[0m02:32:03.763018 [info ] [MainThread]: Found 11 models, 1 analysis, 2 seeds, 71 tests, 5 sources, 0 exposures, 0 metrics, 632 macros, 0 groups, 0 semantic models
[0m02:32:03.763229 [debug] [MainThread]: Sending event: {'category': 'dbt', 'action': 'runnable_timing', 'label': '5f0c7093-2535-4b97-bc14-eac63ff1fdfe', 'context': [<snowplow_tracker.self_describing_json.SelfDescribingJson object at 0x7e9cadd24490>]}
[0m02:32:03.763658 [debug] [MainThread]: Acquiring new duckdb connection 'macro_explore_schemas'
[0m02:32:03.763837 [debug] [MainThread]: Using duckdb connection "macro_explore_schemas"
[0m02:32:03.763986 [debug] [MainThread]: On macro_explore_schemas: BEGIN
[0m02:32:03.764129 [debug] [MainThread]: Opening a new connection, currently in state init
[0m02:32:03.773162 [debug] [MainThread]: SQL status: OK in 0.0 seconds
[0m02:32:03.773429 [debug] [MainThread]: On macro_explore_schemas: COMMIT
[0m02:32:03.773594 [debug] [MainThread]: Using duckdb connection "macro_explore_schemas"
[0m02:32:03.773742 [debug] [MainThread]: On macro_explore_schemas: COMMIT
[0m02:32:03.773985 [debug] [MainThread]: SQL status: OK in 0.0 seconds
[0m02:32:03.779948 [debug] [MainThread]: Using duckdb connection "macro_explore_schemas"
[0m02:32:03.780202 [debug] [MainThread]: On macro_explore_schemas: /* {"app": "dbt", "dbt_version": "1.6.18", "profile_name": "default", "target_name": "dev", "connection_name": "macro_explore_schemas"} */

    
        SELECT schema_name FROM information_schema.schemata
    
  
[0m02:32:03.781210 [debug] [MainThread]: SQL status: OK in 0.0 seconds
[0m02:32:03.782183 [debug] [MainThread]: On macro_explore_schemas: Close
[0m02:32:03.785296 [debug] [MainThread]: Command `dbt run-operation` succeeded at 02:32:03.785217 after 0.14 seconds
[0m02:32:03.785497 [debug] [MainThread]: Connection 'macro_explore_schemas' was properly closed.
[0m02:32:03.785678 [debug] [MainThread]: Sending event: {'category': 'dbt', 'action': 'invocation', 'label': 'end', 'context': [<snowplow_tracker.self_describing_json.SelfDescribingJson object at 0x7e9cae31db50>, <snowplow_tracker.self_describing_json.SelfDescribingJson object at 0x7e9cad75fdd0>, <snowplow_tracker.self_describing_json.SelfDescribingJson object at 0x7e9caa09fbd0>]}
[0m02:32:03.785883 [debug] [MainThread]: Flushing usage events
[0m13:36:23.432689 [debug] [MainThread]: Sending event: {'category': 'dbt', 'action': 'invocation', 'label': 'start', 'context': [<snowplow_tracker.self_describing_json.SelfDescribingJson object at 0x7b2cff8c3e90>, <snowplow_tracker.self_describing_json.SelfDescribingJson object at 0x7b2cff9267d0>, <snowplow_tracker.self_describing_json.SelfDescribingJson object at 0x7b2cff927490>]}


============================== 13:36:23.445004 | b276d3ee-4b64-4cd3-88f4-29fb35b86ea8 ==============================
[0m13:36:23.445004 [info ] [MainThread]: Running with dbt=1.10.8
[0m13:36:23.446305 [debug] [MainThread]: running dbt with arguments {'printer_width': '80', 'indirect_selection': 'eager', 'write_json': 'True', 'log_cache_events': 'False', 'partial_parse': 'True', 'cache_selected_only': 'False', 'profiles_dir': '/workspaces/vg_case_study_data_analyst/transformation', 'fail_fast': 'False', 'version_check': 'True', 'log_path': '/workspaces/vg_case_study_data_analyst/transformation/logs', 'debug': 'False', 'warn_error': 'None', 'use_colors': 'True', 'use_experimental_parser': 'False', 'no_print': 'None', 'quiet': 'False', 'empty': 'None', 'log_format': 'default', 'static_parser': 'True', 'warn_error_options': 'WarnErrorOptionsV2(error=[], warn=[], silence=[])', 'introspect': 'True', 'target_path': 'None', 'invocation_command': 'dbt deps', 'send_anonymous_usage_stats': 'True'}
[0m13:36:23.753800 [debug] [MainThread]: Sending event: {'category': 'dbt', 'action': 'project_id', 'label': 'b276d3ee-4b64-4cd3-88f4-29fb35b86ea8', 'context': [<snowplow_tracker.self_describing_json.SelfDescribingJson object at 0x7b2cff7db2d0>]}
[0m13:36:24.239601 [debug] [MainThread]: Set downloads directory='/tmp/dbt-downloads-h2z84g6s'
[0m13:36:24.241426 [debug] [MainThread]: Making package index registry request: GET https://hub.getdbt.com/api/v1/index.json
[0m13:36:24.385139 [debug] [MainThread]: Response from registry index: GET https://hub.getdbt.com/api/v1/index.json 200
[0m13:36:24.388011 [debug] [MainThread]: Making package registry request: GET https://hub.getdbt.com/api/v1/dbt-labs/codegen.json
[0m13:36:24.464354 [debug] [MainThread]: Response from registry: GET https://hub.getdbt.com/api/v1/dbt-labs/codegen.json 200
[0m13:36:24.470783 [debug] [MainThread]: Making package registry request: GET https://hub.getdbt.com/api/v1/dbt-labs/dbt_utils.json
[0m13:36:24.545950 [debug] [MainThread]: Response from registry: GET https://hub.getdbt.com/api/v1/dbt-labs/dbt_utils.json 200
[0m13:36:24.550209 [debug] [MainThread]: Making package registry request: GET https://hub.getdbt.com/api/v1/godatadriven/dbt_date.json
[0m13:36:24.622448 [debug] [MainThread]: Response from registry: GET https://hub.getdbt.com/api/v1/godatadriven/dbt_date.json 200
[0m13:36:24.642126 [info ] [MainThread]: Updating lock file in file path: /workspaces/vg_case_study_data_analyst/transformation/package-lock.yml
[0m13:36:25.569136 [debug] [MainThread]: Set downloads directory='/tmp/dbt-downloads-2y1jszvr'
[0m13:36:25.573810 [info ] [MainThread]: Installing dbt-labs/codegen
[0m13:36:27.140108 [info ] [MainThread]: Installed from version 0.13.1
[0m13:36:27.140894 [info ] [MainThread]: Up to date!
[0m13:36:27.141708 [debug] [MainThread]: Sending event: {'category': 'dbt', 'action': 'package', 'label': 'b276d3ee-4b64-4cd3-88f4-29fb35b86ea8', 'property_': 'install', 'context': [<snowplow_tracker.self_describing_json.SelfDescribingJson object at 0x7b2cff72fad0>, <snowplow_tracker.self_describing_json.SelfDescribingJson object at 0x7b2cff8c3610>]}
[0m13:36:27.142486 [info ] [MainThread]: Installing dbt-labs/dbt_utils
[0m13:36:29.602466 [info ] [MainThread]: Installed from version 1.3.0
[0m13:36:29.603406 [info ] [MainThread]: Up to date!
[0m13:36:29.604254 [debug] [MainThread]: Sending event: {'category': 'dbt', 'action': 'package', 'label': 'b276d3ee-4b64-4cd3-88f4-29fb35b86ea8', 'property_': 'install', 'context': [<snowplow_tracker.self_describing_json.SelfDescribingJson object at 0x7b2cff9261d0>, <snowplow_tracker.self_describing_json.SelfDescribingJson object at 0x7b2d00731b10>]}
[0m13:36:29.605324 [info ] [MainThread]: Installing godatadriven/dbt_date
[0m13:36:30.546519 [info ] [MainThread]: Installed from version 0.11.0
[0m13:36:30.547249 [info ] [MainThread]: Updated version available: 0.16.1
[0m13:36:30.548031 [debug] [MainThread]: Sending event: {'category': 'dbt', 'action': 'package', 'label': 'b276d3ee-4b64-4cd3-88f4-29fb35b86ea8', 'property_': 'install', 'context': [<snowplow_tracker.self_describing_json.SelfDescribingJson object at 0x7b2d0201a7d0>, <snowplow_tracker.self_describing_json.SelfDescribingJson object at 0x7b2cff7f8350>]}
[0m13:36:30.548800 [info ] [MainThread]: 
[0m13:36:30.549436 [info ] [MainThread]: Updates available for packages: ['godatadriven/dbt_date']                 
Update your versions in packages.yml, then run dbt deps
[0m13:36:30.552019 [debug] [MainThread]: Resource report: {"command_name": "deps", "command_success": true, "command_wall_clock_time": 7.192619, "process_in_blocks": "13712", "process_kernel_time": 1.288805, "process_mem_max_rss": "101464", "process_out_blocks": "424", "process_user_time": 1.570994}
[0m13:36:30.552919 [debug] [MainThread]: Command `dbt deps` succeeded at 13:36:30.552803 after 7.19 seconds
[0m13:36:30.554136 [debug] [MainThread]: Sending event: {'category': 'dbt', 'action': 'invocation', 'label': 'end', 'context': [<snowplow_tracker.self_describing_json.SelfDescribingJson object at 0x7b2d00741990>, <snowplow_tracker.self_describing_json.SelfDescribingJson object at 0x7b2cff90b5d0>, <snowplow_tracker.self_describing_json.SelfDescribingJson object at 0x7b2d03b0ea90>]}
[0m13:36:30.556617 [debug] [MainThread]: Flushing usage events
[0m13:36:31.084282 [debug] [MainThread]: An error was encountered while trying to flush usage events
[0m13:40:07.947938 [debug] [MainThread]: Sending event: {'category': 'dbt', 'action': 'invocation', 'label': 'start', 'context': [<snowplow_tracker.self_describing_json.SelfDescribingJson object at 0x7c85be701e50>, <snowplow_tracker.self_describing_json.SelfDescribingJson object at 0x7c85be701290>, <snowplow_tracker.self_describing_json.SelfDescribingJson object at 0x7c85be7029d0>]}


============================== 13:40:07.958841 | 06649f71-e048-4428-acf4-1aa173ad204f ==============================
[0m13:40:07.958841 [info ] [MainThread]: Running with dbt=1.10.8
[0m13:40:07.959704 [debug] [MainThread]: running dbt with arguments {'printer_width': '80', 'indirect_selection': 'eager', 'log_cache_events': 'False', 'write_json': 'True', 'partial_parse': 'True', 'cache_selected_only': 'False', 'profiles_dir': '/workspaces/vg_case_study_data_analyst/transformation', 'fail_fast': 'False', 'debug': 'False', 'log_path': '/workspaces/vg_case_study_data_analyst/transformation/logs', 'version_check': 'True', 'warn_error': 'None', 'use_colors': 'True', 'use_experimental_parser': 'False', 'no_print': 'None', 'quiet': 'False', 'empty': 'None', 'log_format': 'default', 'introspect': 'True', 'warn_error_options': 'WarnErrorOptionsV2(error=[], warn=[], silence=[])', 'invocation_command': 'dbt debug', 'target_path': 'None', 'static_parser': 'True', 'send_anonymous_usage_stats': 'True'}
[0m13:40:08.181024 [info ] [MainThread]: dbt version: 1.10.8
[0m13:40:08.181913 [info ] [MainThread]: python version: 3.11.6
[0m13:40:08.182727 [info ] [MainThread]: python path: /workspaces/vg_case_study_data_analyst/transformation/.venv/bin/python
[0m13:40:08.183390 [info ] [MainThread]: os info: Linux-6.6.87.2-microsoft-standard-WSL2-x86_64-with-glibc2.31
[0m13:40:08.660600 [info ] [MainThread]: Using profiles dir at /workspaces/vg_case_study_data_analyst/transformation
[0m13:40:08.661841 [info ] [MainThread]: Using profiles.yml file at /workspaces/vg_case_study_data_analyst/transformation/profiles.yml
[0m13:40:08.662654 [info ] [MainThread]: Using dbt_project.yml file at /workspaces/vg_case_study_data_analyst/transformation/dbt_project.yml
[0m13:40:08.688946 [info ] [MainThread]: adapter type: duckdb
[0m13:40:08.690231 [info ] [MainThread]: adapter version: 1.8.4
[0m13:40:08.781204 [info ] [MainThread]: Configuration:
[0m13:40:08.782172 [info ] [MainThread]:   profiles.yml file [[32mOK found and valid[0m]
[0m13:40:08.782966 [info ] [MainThread]:   dbt_project.yml file [[32mOK found and valid[0m]
[0m13:40:08.783755 [info ] [MainThread]: Required dependencies:
[0m13:40:08.784472 [debug] [MainThread]: Executing "git --help"
[0m13:40:08.787692 [debug] [MainThread]: STDOUT: "b"usage: git [--version] [--help] [-C <path>] [-c <name>=<value>]\n           [--exec-path[=<path>]] [--html-path] [--man-path] [--info-path]\n           [-p | --paginate | -P | --no-pager] [--no-replace-objects] [--bare]\n           [--git-dir=<path>] [--work-tree=<path>] [--namespace=<name>]\n           <command> [<args>]\n\nThese are common Git commands used in various situations:\n\nstart a working area (see also: git help tutorial)\n   clone             Clone a repository into a new directory\n   init              Create an empty Git repository or reinitialize an existing one\n\nwork on the current change (see also: git help everyday)\n   add               Add file contents to the index\n   mv                Move or rename a file, a directory, or a symlink\n   restore           Restore working tree files\n   rm                Remove files from the working tree and from the index\n   sparse-checkout   Initialize and modify the sparse-checkout\n\nexamine the history and state (see also: git help revisions)\n   bisect            Use binary search to find the commit that introduced a bug\n   diff              Show changes between commits, commit and working tree, etc\n   grep              Print lines matching a pattern\n   log               Show commit logs\n   show              Show various types of objects\n   status            Show the working tree status\n\ngrow, mark and tweak your common history\n   branch            List, create, or delete branches\n   commit            Record changes to the repository\n   merge             Join two or more development histories together\n   rebase            Reapply commits on top of another base tip\n   reset             Reset current HEAD to the specified state\n   switch            Switch branches\n   tag               Create, list, delete or verify a tag object signed with GPG\n\ncollaborate (see also: git help workflows)\n   fetch             Download objects and refs from another repository\n   pull              Fetch from and integrate with another repository or a local branch\n   push              Update remote refs along with associated objects\n\n'git help -a' and 'git help -g' list available subcommands and some\nconcept guides. See 'git help <command>' or 'git help <concept>'\nto read about a specific subcommand or concept.\nSee 'git help git' for an overview of the system.\n""
[0m13:40:08.788932 [debug] [MainThread]: STDERR: "b''"
[0m13:40:08.790183 [info ] [MainThread]:  - git [[32mOK found[0m]

[0m13:40:08.791612 [info ] [MainThread]: Connection:
[0m13:40:08.792894 [info ] [MainThread]:   database: casestudy
[0m13:40:08.794423 [info ] [MainThread]:   schema: main
[0m13:40:08.797098 [info ] [MainThread]:   path: casestudy.duckdb
[0m13:40:08.799724 [info ] [MainThread]:   config_options: None
[0m13:40:08.801855 [info ] [MainThread]:   extensions: ['icu']
[0m13:40:08.803284 [info ] [MainThread]:   settings: {}
[0m13:40:08.804917 [info ] [MainThread]:   external_root: .
[0m13:40:08.806795 [info ] [MainThread]:   use_credential_provider: None
[0m13:40:08.807967 [info ] [MainThread]:   attach: None
[0m13:40:08.808869 [info ] [MainThread]:   filesystems: None
[0m13:40:08.810364 [info ] [MainThread]:   remote: None
[0m13:40:08.812150 [info ] [MainThread]:   plugins: None
[0m13:40:08.813693 [info ] [MainThread]:   disable_transactions: False
[0m13:40:08.819479 [info ] [MainThread]: Registered adapter: duckdb=1.8.4
[0m13:40:16.055822 [debug] [MainThread]: Acquiring new duckdb connection 'debug'
[0m13:40:17.767777 [debug] [MainThread]: Using duckdb connection "debug"
[0m13:40:17.768495 [debug] [MainThread]: On debug: select 1 as id
[0m13:40:17.769048 [debug] [MainThread]: Opening a new connection, currently in state init
[0m13:40:19.262019 [debug] [MainThread]: SQL status: OK in 1.493 seconds
[0m13:40:19.263738 [debug] [MainThread]: On debug: Close
[0m13:40:19.269233 [info ] [MainThread]:   Connection test: [[32mOK connection ok[0m]

[0m13:40:19.270439 [info ] [MainThread]: [32mAll checks passed![0m
[0m13:40:19.273706 [debug] [MainThread]: Resource report: {"command_name": "debug", "command_success": true, "command_wall_clock_time": 11.382775, "process_in_blocks": "64904", "process_kernel_time": 1.605999, "process_mem_max_rss": "253468", "process_out_blocks": "107152", "process_user_time": 3.232748}
[0m13:40:19.275425 [debug] [MainThread]: Command `dbt debug` succeeded at 13:40:19.275309 after 11.38 seconds
[0m13:40:19.277032 [debug] [MainThread]: Connection 'debug' was properly closed.
[0m13:40:19.278416 [debug] [MainThread]: Sending event: {'category': 'dbt', 'action': 'invocation', 'label': 'end', 'context': [<snowplow_tracker.self_describing_json.SelfDescribingJson object at 0x7c85be8c55d0>, <snowplow_tracker.self_describing_json.SelfDescribingJson object at 0x7c85baf60790>, <snowplow_tracker.self_describing_json.SelfDescribingJson object at 0x7c85be8c5ad0>]}
[0m13:40:19.279595 [debug] [MainThread]: Flushing usage events
[0m13:40:19.944253 [debug] [MainThread]: An error was encountered while trying to flush usage events
[0m13:40:54.076618 [debug] [MainThread]: Sending event: {'category': 'dbt', 'action': 'invocation', 'label': 'start', 'context': [<snowplow_tracker.self_describing_json.SelfDescribingJson object at 0x7b8c120c7fd0>, <snowplow_tracker.self_describing_json.SelfDescribingJson object at 0x7b8c11aeae90>, <snowplow_tracker.self_describing_json.SelfDescribingJson object at 0x7b8c1298d350>]}


============================== 13:40:54.083503 | f226b317-920c-499c-8b77-e6a27f356ba6 ==============================
[0m13:40:54.083503 [info ] [MainThread]: Running with dbt=1.10.8
[0m13:40:54.084382 [debug] [MainThread]: running dbt with arguments {'printer_width': '80', 'indirect_selection': 'eager', 'write_json': 'True', 'log_cache_events': 'False', 'partial_parse': 'True', 'cache_selected_only': 'False', 'profiles_dir': '/workspaces/vg_case_study_data_analyst/transformation', 'fail_fast': 'False', 'warn_error': 'None', 'log_path': '/workspaces/vg_case_study_data_analyst/transformation/logs', 'version_check': 'True', 'debug': 'False', 'use_colors': 'True', 'use_experimental_parser': 'False', 'no_print': 'None', 'quiet': 'False', 'empty': 'False', 'log_format': 'default', 'introspect': 'True', 'warn_error_options': 'WarnErrorOptionsV2(error=[], warn=[], silence=[])', 'static_parser': 'True', 'target_path': 'None', 'invocation_command': 'dbt run', 'send_anonymous_usage_stats': 'True'}
[0m13:40:54.684189 [debug] [MainThread]: Sending event: {'category': 'dbt', 'action': 'project_id', 'label': 'f226b317-920c-499c-8b77-e6a27f356ba6', 'context': [<snowplow_tracker.self_describing_json.SelfDescribingJson object at 0x7b8c0e330a50>]}
[0m13:40:54.724176 [debug] [MainThread]: Sending event: {'category': 'dbt', 'action': 'adapter_info', 'label': 'f226b317-920c-499c-8b77-e6a27f356ba6', 'context': [<snowplow_tracker.self_describing_json.SelfDescribingJson object at 0x7b8c14711d90>]}
[0m13:40:54.733027 [info ] [MainThread]: Registered adapter: duckdb=1.8.4
[0m13:40:59.566002 [debug] [MainThread]: checksum: 265d66e81f90af29a7a28579c9b54d938c94f4a57c57be5f853267ae509b5fcb, vars: {}, profile: , target: , version: 1.10.8
[0m13:40:59.663999 [info ] [MainThread]: Unable to do partial parsing because of a version mismatch
[0m13:40:59.665295 [debug] [MainThread]: Sending event: {'category': 'dbt', 'action': 'partial_parser', 'label': 'f226b317-920c-499c-8b77-e6a27f356ba6', 'context': [<snowplow_tracker.self_describing_json.SelfDescribingJson object at 0x7b8c12458190>]}
[0m13:41:05.809879 [warn ] [MainThread]: [[33mWARNING[0m][MissingArgumentsPropertyInGenericTestDeprecation]: Deprecated
functionality
Found top-level arguments to test `relationships`. Arguments to generic tests
should be nested under the `arguments` property.`
[0m13:41:05.812039 [debug] [MainThread]: Sending event: {'category': 'dbt', 'action': 'deprecation', 'label': 'f226b317-920c-499c-8b77-e6a27f356ba6', 'property_': 'warn', 'context': [<snowplow_tracker.self_describing_json.SelfDescribingJson object at 0x7b8c0d72ee90>]}
[0m13:41:06.037227 [warn ] [MainThread]: [[33mWARNING[0m]: Configuration paths exist in your dbt_project.yml file which do not apply to any resources.
There are 3 unused configuration paths:
- models.vg_casestudy.reporting
- models.vg_casestudy.main
- models.vg_casestudy.marts
[0m13:41:06.047403 [debug] [MainThread]: Sending event: {'category': 'dbt', 'action': 'load_project', 'label': 'f226b317-920c-499c-8b77-e6a27f356ba6', 'context': [<snowplow_tracker.self_describing_json.SelfDescribingJson object at 0x7b8c11a2ea90>]}
[0m13:41:06.166101 [debug] [MainThread]: Wrote artifact WritableManifest to /workspaces/vg_case_study_data_analyst/transformation/target/manifest.json
[0m13:41:06.178374 [debug] [MainThread]: Wrote artifact SemanticManifest to /workspaces/vg_case_study_data_analyst/transformation/target/semantic_manifest.json
[0m13:41:06.449269 [debug] [MainThread]: Sending event: {'category': 'dbt', 'action': 'resource_counts', 'label': 'f226b317-920c-499c-8b77-e6a27f356ba6', 'context': [<snowplow_tracker.self_describing_json.SelfDescribingJson object at 0x7b8c0d875490>]}
[0m13:41:06.450313 [info ] [MainThread]: Found 11 models, 1 analysis, 2 seeds, 71 data tests, 5 sources, 707 macros
[0m13:41:06.451467 [debug] [MainThread]: Sending event: {'category': 'dbt', 'action': 'runnable_timing', 'label': 'f226b317-920c-499c-8b77-e6a27f356ba6', 'context': [<snowplow_tracker.self_describing_json.SelfDescribingJson object at 0x7b8c1412ab10>]}
[0m13:41:06.454081 [info ] [MainThread]: 
[0m13:41:06.455013 [info ] [MainThread]: Concurrency: 1 threads (target='dev')
[0m13:41:06.455617 [info ] [MainThread]: 
[0m13:41:06.456637 [debug] [MainThread]: Acquiring new duckdb connection 'master'
[0m13:41:06.462488 [debug] [ThreadPool]: Acquiring new duckdb connection 'list_casestudy'
[0m13:41:08.412768 [debug] [ThreadPool]: Using duckdb connection "list_casestudy"
[0m13:41:08.413574 [debug] [ThreadPool]: On list_casestudy: /* {"app": "dbt", "dbt_version": "1.10.8", "profile_name": "default", "target_name": "dev", "connection_name": "list_casestudy"} */

    
    select schema_name
    from system.information_schema.schemata
    
    where catalog_name = '"casestudy"'
    
  
  
[0m13:41:08.414213 [debug] [ThreadPool]: Opening a new connection, currently in state init
[0m13:41:08.521119 [debug] [ThreadPool]: SQL status: OK in 0.107 seconds
[0m13:41:08.523062 [debug] [ThreadPool]: On list_casestudy: Close
[0m13:41:08.531596 [debug] [ThreadPool]: Using duckdb connection "list_casestudy"
[0m13:41:08.532521 [debug] [ThreadPool]: On list_casestudy: /* {"app": "dbt", "dbt_version": "1.10.8", "profile_name": "default", "target_name": "dev", "connection_name": "list_casestudy"} */

    
    select schema_name
    from system.information_schema.schemata
    
    where catalog_name = '"casestudy"'
    
  
  
[0m13:41:08.533158 [debug] [ThreadPool]: Opening a new connection, currently in state closed
[0m13:41:08.547419 [debug] [ThreadPool]: SQL status: OK in 0.014 seconds
[0m13:41:08.548888 [debug] [ThreadPool]: On list_casestudy: Close
[0m13:41:08.551715 [debug] [ThreadPool]: Re-using an available connection from the pool (formerly list_casestudy, now create_casestudy_intermediate)
[0m13:41:08.552612 [debug] [ThreadPool]: Creating schema "database: "casestudy"
schema: "intermediate"
"
[0m13:41:08.557526 [debug] [ThreadPool]: Using duckdb connection "create_casestudy_intermediate"
[0m13:41:08.558339 [debug] [ThreadPool]: On create_casestudy_intermediate: /* {"app": "dbt", "dbt_version": "1.10.8", "profile_name": "default", "target_name": "dev", "connection_name": "create_casestudy_intermediate"} */

    
        select type from duckdb_databases()
        where database_name='casestudy'
        and type='sqlite'
    
  
[0m13:41:08.558927 [debug] [ThreadPool]: Opening a new connection, currently in state closed
[0m13:41:08.572578 [debug] [ThreadPool]: SQL status: OK in 0.014 seconds
[0m13:41:08.574148 [debug] [ThreadPool]: Using duckdb connection "create_casestudy_intermediate"
[0m13:41:08.574831 [debug] [ThreadPool]: On create_casestudy_intermediate: BEGIN
[0m13:41:08.575713 [debug] [ThreadPool]: SQL status: OK in 0.000 seconds
[0m13:41:08.576351 [debug] [ThreadPool]: Using duckdb connection "create_casestudy_intermediate"
[0m13:41:08.577024 [debug] [ThreadPool]: On create_casestudy_intermediate: /* {"app": "dbt", "dbt_version": "1.10.8", "profile_name": "default", "target_name": "dev", "connection_name": "create_casestudy_intermediate"} */

    
    
        create schema if not exists "casestudy"."intermediate"
    
[0m13:41:08.578454 [debug] [ThreadPool]: SQL status: OK in 0.001 seconds
[0m13:41:08.579542 [debug] [ThreadPool]: On create_casestudy_intermediate: COMMIT
[0m13:41:08.580135 [debug] [ThreadPool]: Using duckdb connection "create_casestudy_intermediate"
[0m13:41:08.580720 [debug] [ThreadPool]: On create_casestudy_intermediate: COMMIT
[0m13:41:08.581570 [debug] [ThreadPool]: SQL status: OK in 0.000 seconds
[0m13:41:08.582232 [debug] [ThreadPool]: On create_casestudy_intermediate: Close
[0m13:41:08.585643 [debug] [ThreadPool]: Re-using an available connection from the pool (formerly create_casestudy_intermediate, now create_casestudy_staging)
[0m13:41:08.586463 [debug] [ThreadPool]: Creating schema "database: "casestudy"
schema: "staging"
"
[0m13:41:08.588484 [debug] [ThreadPool]: Using duckdb connection "create_casestudy_staging"
[0m13:41:08.589203 [debug] [ThreadPool]: On create_casestudy_staging: /* {"app": "dbt", "dbt_version": "1.10.8", "profile_name": "default", "target_name": "dev", "connection_name": "create_casestudy_staging"} */

    
        select type from duckdb_databases()
        where database_name='casestudy'
        and type='sqlite'
    
  
[0m13:41:08.589839 [debug] [ThreadPool]: Opening a new connection, currently in state closed
[0m13:41:08.603738 [debug] [ThreadPool]: SQL status: OK in 0.014 seconds
[0m13:41:08.606072 [debug] [ThreadPool]: Using duckdb connection "create_casestudy_staging"
[0m13:41:08.606941 [debug] [ThreadPool]: On create_casestudy_staging: BEGIN
[0m13:41:08.608018 [debug] [ThreadPool]: SQL status: OK in 0.000 seconds
[0m13:41:08.608722 [debug] [ThreadPool]: Using duckdb connection "create_casestudy_staging"
[0m13:41:08.609289 [debug] [ThreadPool]: On create_casestudy_staging: /* {"app": "dbt", "dbt_version": "1.10.8", "profile_name": "default", "target_name": "dev", "connection_name": "create_casestudy_staging"} */

    
    
        create schema if not exists "casestudy"."staging"
    
[0m13:41:08.610168 [debug] [ThreadPool]: SQL status: OK in 0.000 seconds
[0m13:41:08.611189 [debug] [ThreadPool]: On create_casestudy_staging: COMMIT
[0m13:41:08.611882 [debug] [ThreadPool]: Using duckdb connection "create_casestudy_staging"
[0m13:41:08.612475 [debug] [ThreadPool]: On create_casestudy_staging: COMMIT
[0m13:41:08.613207 [debug] [ThreadPool]: SQL status: OK in 0.000 seconds
[0m13:41:08.613760 [debug] [ThreadPool]: On create_casestudy_staging: Close
[0m13:41:08.617309 [debug] [ThreadPool]: Re-using an available connection from the pool (formerly create_casestudy_staging, now list_casestudy_intermediate)
[0m13:41:08.621513 [debug] [ThreadPool]: Using duckdb connection "list_casestudy_intermediate"
[0m13:41:08.622426 [debug] [ThreadPool]: On list_casestudy_intermediate: BEGIN
[0m13:41:08.622996 [debug] [ThreadPool]: Opening a new connection, currently in state closed
[0m13:41:08.637765 [debug] [ThreadPool]: SQL status: OK in 0.015 seconds
[0m13:41:08.638647 [debug] [ThreadPool]: Using duckdb connection "list_casestudy_intermediate"
[0m13:41:08.639309 [debug] [ThreadPool]: On list_casestudy_intermediate: /* {"app": "dbt", "dbt_version": "1.10.8", "profile_name": "default", "target_name": "dev", "connection_name": "list_casestudy_intermediate"} */
select
      'casestudy' as database,
      table_name as name,
      table_schema as schema,
      CASE table_type
        WHEN 'BASE TABLE' THEN 'table'
        WHEN 'VIEW' THEN 'view'
        WHEN 'LOCAL TEMPORARY' THEN 'table'
        END as type
    from system.information_schema.tables
    where table_schema = 'intermediate'
    and table_catalog = 'casestudy'
  
[0m13:41:08.654019 [debug] [ThreadPool]: SQL status: OK in 0.014 seconds
[0m13:41:08.655621 [debug] [ThreadPool]: On list_casestudy_intermediate: ROLLBACK
[0m13:41:08.659981 [debug] [ThreadPool]: Failed to rollback 'list_casestudy_intermediate'
[0m13:41:08.660740 [debug] [ThreadPool]: On list_casestudy_intermediate: Close
[0m13:41:08.663594 [debug] [ThreadPool]: Re-using an available connection from the pool (formerly list_casestudy_intermediate, now list_casestudy_staging)
[0m13:41:08.666069 [debug] [ThreadPool]: Using duckdb connection "list_casestudy_staging"
[0m13:41:08.666722 [debug] [ThreadPool]: On list_casestudy_staging: BEGIN
[0m13:41:08.667271 [debug] [ThreadPool]: Opening a new connection, currently in state closed
[0m13:41:08.681115 [debug] [ThreadPool]: SQL status: OK in 0.014 seconds
[0m13:41:08.682046 [debug] [ThreadPool]: Using duckdb connection "list_casestudy_staging"
[0m13:41:08.682673 [debug] [ThreadPool]: On list_casestudy_staging: /* {"app": "dbt", "dbt_version": "1.10.8", "profile_name": "default", "target_name": "dev", "connection_name": "list_casestudy_staging"} */
select
      'casestudy' as database,
      table_name as name,
      table_schema as schema,
      CASE table_type
        WHEN 'BASE TABLE' THEN 'table'
        WHEN 'VIEW' THEN 'view'
        WHEN 'LOCAL TEMPORARY' THEN 'table'
        END as type
    from system.information_schema.tables
    where table_schema = 'staging'
    and table_catalog = 'casestudy'
  
[0m13:41:08.689538 [debug] [ThreadPool]: SQL status: OK in 0.006 seconds
[0m13:41:08.691019 [debug] [ThreadPool]: On list_casestudy_staging: ROLLBACK
[0m13:41:08.692941 [debug] [ThreadPool]: Failed to rollback 'list_casestudy_staging'
[0m13:41:08.693606 [debug] [ThreadPool]: On list_casestudy_staging: Close
[0m13:41:08.696312 [debug] [ThreadPool]: Re-using an available connection from the pool (formerly list_casestudy_staging, now list_casestudy_raw)
[0m13:41:08.698891 [debug] [ThreadPool]: Using duckdb connection "list_casestudy_raw"
[0m13:41:08.699734 [debug] [ThreadPool]: On list_casestudy_raw: BEGIN
[0m13:41:08.700348 [debug] [ThreadPool]: Opening a new connection, currently in state closed
[0m13:41:08.713825 [debug] [ThreadPool]: SQL status: OK in 0.013 seconds
[0m13:41:08.714699 [debug] [ThreadPool]: Using duckdb connection "list_casestudy_raw"
[0m13:41:08.715353 [debug] [ThreadPool]: On list_casestudy_raw: /* {"app": "dbt", "dbt_version": "1.10.8", "profile_name": "default", "target_name": "dev", "connection_name": "list_casestudy_raw"} */
select
      'casestudy' as database,
      table_name as name,
      table_schema as schema,
      CASE table_type
        WHEN 'BASE TABLE' THEN 'table'
        WHEN 'VIEW' THEN 'view'
        WHEN 'LOCAL TEMPORARY' THEN 'table'
        END as type
    from system.information_schema.tables
    where table_schema = 'raw'
    and table_catalog = 'casestudy'
  
[0m13:41:08.721988 [debug] [ThreadPool]: SQL status: OK in 0.006 seconds
[0m13:41:08.723825 [debug] [ThreadPool]: On list_casestudy_raw: ROLLBACK
[0m13:41:08.725711 [debug] [ThreadPool]: Failed to rollback 'list_casestudy_raw'
[0m13:41:08.726330 [debug] [ThreadPool]: On list_casestudy_raw: Close
[0m13:41:08.730856 [debug] [MainThread]: Sending event: {'category': 'dbt', 'action': 'runnable_timing', 'label': 'f226b317-920c-499c-8b77-e6a27f356ba6', 'context': [<snowplow_tracker.self_describing_json.SelfDescribingJson object at 0x7b8bef84c190>]}
[0m13:41:08.731987 [debug] [MainThread]: Using duckdb connection "master"
[0m13:41:08.732722 [debug] [MainThread]: On master: BEGIN
[0m13:41:08.733321 [debug] [MainThread]: Opening a new connection, currently in state init
[0m13:41:08.752862 [debug] [MainThread]: SQL status: OK in 0.019 seconds
[0m13:41:08.753760 [debug] [MainThread]: On master: COMMIT
[0m13:41:08.754600 [debug] [MainThread]: Using duckdb connection "master"
[0m13:41:08.755203 [debug] [MainThread]: On master: COMMIT
[0m13:41:08.756193 [debug] [MainThread]: SQL status: OK in 0.000 seconds
[0m13:41:08.756855 [debug] [MainThread]: On master: Close
[0m13:41:08.762550 [debug] [Thread-1 (]: Began running node model.vg_casestudy.stg_raw_staging__accounts
[0m13:41:08.763644 [info ] [Thread-1 (]: 1 of 11 START sql view model staging.stg_raw_staging__accounts ................. [RUN]
[0m13:41:08.764503 [debug] [Thread-1 (]: Acquiring new duckdb connection 'model.vg_casestudy.stg_raw_staging__accounts'
[0m13:41:08.765131 [debug] [Thread-1 (]: Began compiling node model.vg_casestudy.stg_raw_staging__accounts
[0m13:41:08.770327 [debug] [Thread-1 (]: Writing injected SQL for node "model.vg_casestudy.stg_raw_staging__accounts"
[0m13:41:08.780909 [debug] [Thread-1 (]: Began executing node model.vg_casestudy.stg_raw_staging__accounts
[0m13:41:08.803004 [debug] [Thread-1 (]: Writing runtime sql for node "model.vg_casestudy.stg_raw_staging__accounts"
[0m13:41:08.809263 [debug] [Thread-1 (]: Using duckdb connection "model.vg_casestudy.stg_raw_staging__accounts"
[0m13:41:08.810619 [debug] [Thread-1 (]: On model.vg_casestudy.stg_raw_staging__accounts: BEGIN
[0m13:41:08.811761 [debug] [Thread-1 (]: Opening a new connection, currently in state init
[0m13:41:08.833616 [debug] [Thread-1 (]: SQL status: OK in 0.022 seconds
[0m13:41:08.835028 [debug] [Thread-1 (]: Using duckdb connection "model.vg_casestudy.stg_raw_staging__accounts"
[0m13:41:08.836010 [debug] [Thread-1 (]: On model.vg_casestudy.stg_raw_staging__accounts: /* {"app": "dbt", "dbt_version": "1.10.8", "profile_name": "default", "target_name": "dev", "node_id": "model.vg_casestudy.stg_raw_staging__accounts"} */

  
  create view "casestudy"."staging"."stg_raw_staging__accounts__dbt_tmp" as (
    with source as (
    select * from "casestudy"."raw"."accounts"
),

renamed as (
    select
        account_id,
        customer_id,
        account_type,
        
CASE
    -- First try DD.MM.YYYY format (German format with dots)
    WHEN REGEXP_MATCHES(account_opening_date, '^\d{1,2}\.\d{1,2}\.\d{4}$') 
        THEN TRY_CAST(STRPTIME(account_opening_date, '%d.%m.%Y') AS DATE)
        
    -- Then try DD/MM/YYYY format (with slashes)
    WHEN REGEXP_MATCHES(account_opening_date, '^\d{1,2}/\d{1,2}/\d{4}$')
        AND CAST(SPLIT_PART(account_opening_date, '/', 1) AS INTEGER) <= 31 
        AND CAST(SPLIT_PART(account_opening_date, '/', 2) AS INTEGER) <= 12 
        THEN TRY_CAST(STRPTIME(account_opening_date, '%d/%m/%Y') AS DATE)
        
    -- Try MM/DD/YYYY format (US format with slashes)
    WHEN REGEXP_MATCHES(account_opening_date, '^\d{1,2}/\d{1,2}/\d{4}$')
        AND CAST(SPLIT_PART(account_opening_date, '/', 1) AS INTEGER) <= 12 
        THEN TRY_CAST(STRPTIME(account_opening_date, '%m/%d/%Y') AS DATE)
        
    -- Try YYYY-MM-DD format (ISO format)
    WHEN REGEXP_MATCHES(account_opening_date, '^\d{4}-\d{1,2}-\d{1,2}$')
        THEN TRY_CAST(STRPTIME(account_opening_date, '%Y-%m-%d') AS DATE)
        
    -- Try generic date parsing as last resort
    ELSE TRY_CAST(account_opening_date AS DATE)
END
 as account_opening_date,
        account_opening_date as account_opening_date_raw
    from source
    where account_type is not null and account_type != '' and account_type != '-'
),

final as (
    select
        account_id,
        customer_id,
        account_type,
        account_opening_date,
        -- Flag records with date parsing issues
        CASE WHEN account_opening_date IS NULL AND account_opening_date_raw IS NOT NULL
             THEN TRUE ELSE FALSE 
        END as has_date_parsing_error
    from renamed
)

select * from final
  );

[0m13:41:08.841194 [debug] [Thread-1 (]: SQL status: OK in 0.004 seconds
[0m13:41:08.846231 [debug] [Thread-1 (]: Using duckdb connection "model.vg_casestudy.stg_raw_staging__accounts"
[0m13:41:08.847135 [debug] [Thread-1 (]: On model.vg_casestudy.stg_raw_staging__accounts: /* {"app": "dbt", "dbt_version": "1.10.8", "profile_name": "default", "target_name": "dev", "node_id": "model.vg_casestudy.stg_raw_staging__accounts"} */
alter view "casestudy"."staging"."stg_raw_staging__accounts" rename to "stg_raw_staging__accounts__dbt_backup"
[0m13:41:08.848558 [debug] [Thread-1 (]: SQL status: OK in 0.001 seconds
[0m13:41:08.851919 [debug] [Thread-1 (]: Using duckdb connection "model.vg_casestudy.stg_raw_staging__accounts"
[0m13:41:08.852706 [debug] [Thread-1 (]: On model.vg_casestudy.stg_raw_staging__accounts: /* {"app": "dbt", "dbt_version": "1.10.8", "profile_name": "default", "target_name": "dev", "node_id": "model.vg_casestudy.stg_raw_staging__accounts"} */
alter view "casestudy"."staging"."stg_raw_staging__accounts__dbt_tmp" rename to "stg_raw_staging__accounts"
[0m13:41:08.853742 [debug] [Thread-1 (]: SQL status: OK in 0.000 seconds
[0m13:41:08.863704 [debug] [Thread-1 (]: On model.vg_casestudy.stg_raw_staging__accounts: COMMIT
[0m13:41:08.864751 [debug] [Thread-1 (]: Using duckdb connection "model.vg_casestudy.stg_raw_staging__accounts"
[0m13:41:08.866147 [debug] [Thread-1 (]: On model.vg_casestudy.stg_raw_staging__accounts: COMMIT
[0m13:41:08.873362 [debug] [Thread-1 (]: SQL status: OK in 0.006 seconds
[0m13:41:08.877424 [debug] [Thread-1 (]: Using duckdb connection "model.vg_casestudy.stg_raw_staging__accounts"
[0m13:41:08.878445 [debug] [Thread-1 (]: On model.vg_casestudy.stg_raw_staging__accounts: /* {"app": "dbt", "dbt_version": "1.10.8", "profile_name": "default", "target_name": "dev", "node_id": "model.vg_casestudy.stg_raw_staging__accounts"} */
drop view if exists "casestudy"."staging"."stg_raw_staging__accounts__dbt_backup" cascade
[0m13:41:08.881935 [debug] [Thread-1 (]: SQL status: OK in 0.002 seconds
[0m13:41:08.884341 [debug] [Thread-1 (]: On model.vg_casestudy.stg_raw_staging__accounts: Close
[0m13:41:08.915196 [debug] [Thread-1 (]: Sending event: {'category': 'dbt', 'action': 'run_model', 'label': 'f226b317-920c-499c-8b77-e6a27f356ba6', 'context': [<snowplow_tracker.self_describing_json.SelfDescribingJson object at 0x7b8beeba3b90>]}
[0m13:41:08.916239 [info ] [Thread-1 (]: 1 of 11 OK created sql view model staging.stg_raw_staging__accounts ............ [[32mOK[0m in 0.15s]
[0m13:41:08.917159 [debug] [Thread-1 (]: Finished running node model.vg_casestudy.stg_raw_staging__accounts
[0m13:41:08.917829 [debug] [Thread-1 (]: Began running node model.vg_casestudy.stg_raw_staging__customers
[0m13:41:08.918577 [info ] [Thread-1 (]: 2 of 11 START sql view model staging.stg_raw_staging__customers ................ [RUN]
[0m13:41:08.919454 [debug] [Thread-1 (]: Re-using an available connection from the pool (formerly model.vg_casestudy.stg_raw_staging__accounts, now model.vg_casestudy.stg_raw_staging__customers)
[0m13:41:08.920109 [debug] [Thread-1 (]: Began compiling node model.vg_casestudy.stg_raw_staging__customers
[0m13:41:08.922633 [debug] [Thread-1 (]: Writing injected SQL for node "model.vg_casestudy.stg_raw_staging__customers"
[0m13:41:08.931110 [debug] [Thread-1 (]: Began executing node model.vg_casestudy.stg_raw_staging__customers
[0m13:41:08.934691 [debug] [Thread-1 (]: Writing runtime sql for node "model.vg_casestudy.stg_raw_staging__customers"
[0m13:41:08.940679 [debug] [Thread-1 (]: Using duckdb connection "model.vg_casestudy.stg_raw_staging__customers"
[0m13:41:08.941441 [debug] [Thread-1 (]: On model.vg_casestudy.stg_raw_staging__customers: BEGIN
[0m13:41:08.942058 [debug] [Thread-1 (]: Opening a new connection, currently in state closed
[0m13:41:08.958143 [debug] [Thread-1 (]: SQL status: OK in 0.016 seconds
[0m13:41:08.959079 [debug] [Thread-1 (]: Using duckdb connection "model.vg_casestudy.stg_raw_staging__customers"
[0m13:41:08.959837 [debug] [Thread-1 (]: On model.vg_casestudy.stg_raw_staging__customers: /* {"app": "dbt", "dbt_version": "1.10.8", "profile_name": "default", "target_name": "dev", "node_id": "model.vg_casestudy.stg_raw_staging__customers"} */

  
  create view "casestudy"."staging"."stg_raw_staging__customers__dbt_tmp" as (
    with source as (
    select * from "casestudy"."raw"."customers"
),

renamed as (
    select distinct
        customer_id,
        trim(firstname) as firstname,
        trim(lastname) as lastname,
        Age as age,
        branch_id
    from source
)

select * from renamed
  );

[0m13:41:08.961947 [debug] [Thread-1 (]: SQL status: OK in 0.001 seconds
[0m13:41:08.964956 [debug] [Thread-1 (]: Using duckdb connection "model.vg_casestudy.stg_raw_staging__customers"
[0m13:41:08.965681 [debug] [Thread-1 (]: On model.vg_casestudy.stg_raw_staging__customers: /* {"app": "dbt", "dbt_version": "1.10.8", "profile_name": "default", "target_name": "dev", "node_id": "model.vg_casestudy.stg_raw_staging__customers"} */
alter view "casestudy"."staging"."stg_raw_staging__customers" rename to "stg_raw_staging__customers__dbt_backup"
[0m13:41:08.966774 [debug] [Thread-1 (]: SQL status: OK in 0.000 seconds
[0m13:41:08.969217 [debug] [Thread-1 (]: Using duckdb connection "model.vg_casestudy.stg_raw_staging__customers"
[0m13:41:08.969902 [debug] [Thread-1 (]: On model.vg_casestudy.stg_raw_staging__customers: /* {"app": "dbt", "dbt_version": "1.10.8", "profile_name": "default", "target_name": "dev", "node_id": "model.vg_casestudy.stg_raw_staging__customers"} */
alter view "casestudy"."staging"."stg_raw_staging__customers__dbt_tmp" rename to "stg_raw_staging__customers"
[0m13:41:08.971060 [debug] [Thread-1 (]: SQL status: OK in 0.000 seconds
[0m13:41:08.972516 [debug] [Thread-1 (]: On model.vg_casestudy.stg_raw_staging__customers: COMMIT
[0m13:41:08.973227 [debug] [Thread-1 (]: Using duckdb connection "model.vg_casestudy.stg_raw_staging__customers"
[0m13:41:08.973887 [debug] [Thread-1 (]: On model.vg_casestudy.stg_raw_staging__customers: COMMIT
[0m13:41:08.982387 [debug] [Thread-1 (]: SQL status: OK in 0.007 seconds
[0m13:41:08.985009 [debug] [Thread-1 (]: Using duckdb connection "model.vg_casestudy.stg_raw_staging__customers"
[0m13:41:08.985690 [debug] [Thread-1 (]: On model.vg_casestudy.stg_raw_staging__customers: /* {"app": "dbt", "dbt_version": "1.10.8", "profile_name": "default", "target_name": "dev", "node_id": "model.vg_casestudy.stg_raw_staging__customers"} */
drop view if exists "casestudy"."staging"."stg_raw_staging__customers__dbt_backup" cascade
[0m13:41:08.989502 [debug] [Thread-1 (]: SQL status: OK in 0.003 seconds
[0m13:41:08.991228 [debug] [Thread-1 (]: On model.vg_casestudy.stg_raw_staging__customers: Close
[0m13:41:09.015114 [debug] [Thread-1 (]: Sending event: {'category': 'dbt', 'action': 'run_model', 'label': 'f226b317-920c-499c-8b77-e6a27f356ba6', 'context': [<snowplow_tracker.self_describing_json.SelfDescribingJson object at 0x7b8c145d5a90>]}
[0m13:41:09.016347 [info ] [Thread-1 (]: 2 of 11 OK created sql view model staging.stg_raw_staging__customers ........... [[32mOK[0m in 0.10s]
[0m13:41:09.017564 [debug] [Thread-1 (]: Finished running node model.vg_casestudy.stg_raw_staging__customers
[0m13:41:09.018436 [debug] [Thread-1 (]: Began running node model.vg_casestudy.stg_raw_staging__fx_rates
[0m13:41:09.019372 [info ] [Thread-1 (]: 3 of 11 START sql view model staging.stg_raw_staging__fx_rates ................. [RUN]
[0m13:41:09.020306 [debug] [Thread-1 (]: Re-using an available connection from the pool (formerly model.vg_casestudy.stg_raw_staging__customers, now model.vg_casestudy.stg_raw_staging__fx_rates)
[0m13:41:09.021102 [debug] [Thread-1 (]: Began compiling node model.vg_casestudy.stg_raw_staging__fx_rates
[0m13:41:09.025333 [debug] [Thread-1 (]: Writing injected SQL for node "model.vg_casestudy.stg_raw_staging__fx_rates"
[0m13:41:09.036834 [debug] [Thread-1 (]: Began executing node model.vg_casestudy.stg_raw_staging__fx_rates
[0m13:41:09.041598 [debug] [Thread-1 (]: Writing runtime sql for node "model.vg_casestudy.stg_raw_staging__fx_rates"
[0m13:41:09.053973 [debug] [Thread-1 (]: Using duckdb connection "model.vg_casestudy.stg_raw_staging__fx_rates"
[0m13:41:09.055348 [debug] [Thread-1 (]: On model.vg_casestudy.stg_raw_staging__fx_rates: BEGIN
[0m13:41:09.056558 [debug] [Thread-1 (]: Opening a new connection, currently in state closed
[0m13:41:09.083011 [debug] [Thread-1 (]: SQL status: OK in 0.026 seconds
[0m13:41:09.084240 [debug] [Thread-1 (]: Using duckdb connection "model.vg_casestudy.stg_raw_staging__fx_rates"
[0m13:41:09.085899 [debug] [Thread-1 (]: On model.vg_casestudy.stg_raw_staging__fx_rates: /* {"app": "dbt", "dbt_version": "1.10.8", "profile_name": "default", "target_name": "dev", "node_id": "model.vg_casestudy.stg_raw_staging__fx_rates"} */

  
  create view "casestudy"."staging"."stg_raw_staging__fx_rates__dbt_tmp" as (
    with source as (
    select * from "casestudy"."raw"."fx_rates"
),

renamed as (
    select
        trim(currency_iso_code) as currency_iso_code,
        
CASE
    WHEN fx_rate IS NULL THEN NULL
    -- If the value is already a valid number
    WHEN TRY_CAST(fx_rate AS DOUBLE) IS NOT NULL 
        THEN TRY_CAST(fx_rate AS DOUBLE)
    -- If contains both dot and comma (German notation)
    WHEN POSITION('.' IN fx_rate) > 0 AND POSITION(',' IN fx_rate) > 0 
        THEN TRY_CAST(REPLACE(REPLACE(TRIM(fx_rate), '.', ''), ',', '.') AS DOUBLE)
    -- If only contains comma, treat as decimal point
    WHEN POSITION(',' IN fx_rate) > 0 
        THEN TRY_CAST(REPLACE(TRIM(fx_rate), ',', '.') AS DOUBLE)
    -- If only contains dots, likely thousands separator
    WHEN POSITION('.' IN fx_rate) > 0 
        THEN TRY_CAST(REPLACE(TRIM(fx_rate), '.', '') AS DOUBLE)
    ELSE NULL
END
 as fx_rate,
        
CASE
    -- First try DD.MM.YYYY format (German format with dots)
    WHEN REGEXP_MATCHES(date, '^\d{1,2}\.\d{1,2}\.\d{4}$') 
        THEN TRY_CAST(STRPTIME(date, '%d.%m.%Y') AS DATE)
        
    -- Then try DD/MM/YYYY format (with slashes)
    WHEN REGEXP_MATCHES(date, '^\d{1,2}/\d{1,2}/\d{4}$')
        AND CAST(SPLIT_PART(date, '/', 1) AS INTEGER) <= 31 
        AND CAST(SPLIT_PART(date, '/', 2) AS INTEGER) <= 12 
        THEN TRY_CAST(STRPTIME(date, '%d/%m/%Y') AS DATE)
        
    -- Try MM/DD/YYYY format (US format with slashes)
    WHEN REGEXP_MATCHES(date, '^\d{1,2}/\d{1,2}/\d{4}$')
        AND CAST(SPLIT_PART(date, '/', 1) AS INTEGER) <= 12 
        THEN TRY_CAST(STRPTIME(date, '%m/%d/%Y') AS DATE)
        
    -- Try YYYY-MM-DD format (ISO format)
    WHEN REGEXP_MATCHES(date, '^\d{4}-\d{1,2}-\d{1,2}$')
        THEN TRY_CAST(STRPTIME(date, '%Y-%m-%d') AS DATE)
        
    -- Try generic date parsing as last resort
    ELSE TRY_CAST(date AS DATE)
END
 as fx_rate_date,
        date as fx_rate_date_raw
    from source
    where currency_iso_code is not null and trim(currency_iso_code) not in  ('(none)', '')
),

final as (
    select
        currency_iso_code,
        fx_rate,
        fx_rate_date,
        -- Flag records with date parsing issues
        CASE WHEN fx_rate_date IS NULL AND fx_rate_date_raw IS NOT NULL
             THEN TRUE ELSE FALSE 
        END as has_date_parsing_error
    from renamed
)

select * from final
  );

[0m13:41:09.088292 [debug] [Thread-1 (]: SQL status: OK in 0.001 seconds
[0m13:41:09.091142 [debug] [Thread-1 (]: Using duckdb connection "model.vg_casestudy.stg_raw_staging__fx_rates"
[0m13:41:09.092091 [debug] [Thread-1 (]: On model.vg_casestudy.stg_raw_staging__fx_rates: /* {"app": "dbt", "dbt_version": "1.10.8", "profile_name": "default", "target_name": "dev", "node_id": "model.vg_casestudy.stg_raw_staging__fx_rates"} */
alter view "casestudy"."staging"."stg_raw_staging__fx_rates" rename to "stg_raw_staging__fx_rates__dbt_backup"
[0m13:41:09.093587 [debug] [Thread-1 (]: SQL status: OK in 0.000 seconds
[0m13:41:09.096465 [debug] [Thread-1 (]: Using duckdb connection "model.vg_casestudy.stg_raw_staging__fx_rates"
[0m13:41:09.097321 [debug] [Thread-1 (]: On model.vg_casestudy.stg_raw_staging__fx_rates: /* {"app": "dbt", "dbt_version": "1.10.8", "profile_name": "default", "target_name": "dev", "node_id": "model.vg_casestudy.stg_raw_staging__fx_rates"} */
alter view "casestudy"."staging"."stg_raw_staging__fx_rates__dbt_tmp" rename to "stg_raw_staging__fx_rates"
[0m13:41:09.098480 [debug] [Thread-1 (]: SQL status: OK in 0.000 seconds
[0m13:41:09.099923 [debug] [Thread-1 (]: On model.vg_casestudy.stg_raw_staging__fx_rates: COMMIT
[0m13:41:09.100788 [debug] [Thread-1 (]: Using duckdb connection "model.vg_casestudy.stg_raw_staging__fx_rates"
[0m13:41:09.101778 [debug] [Thread-1 (]: On model.vg_casestudy.stg_raw_staging__fx_rates: COMMIT
[0m13:41:09.108214 [debug] [Thread-1 (]: SQL status: OK in 0.005 seconds
[0m13:41:09.111363 [debug] [Thread-1 (]: Using duckdb connection "model.vg_casestudy.stg_raw_staging__fx_rates"
[0m13:41:09.112313 [debug] [Thread-1 (]: On model.vg_casestudy.stg_raw_staging__fx_rates: /* {"app": "dbt", "dbt_version": "1.10.8", "profile_name": "default", "target_name": "dev", "node_id": "model.vg_casestudy.stg_raw_staging__fx_rates"} */
drop view if exists "casestudy"."staging"."stg_raw_staging__fx_rates__dbt_backup" cascade
[0m13:41:09.115392 [debug] [Thread-1 (]: SQL status: OK in 0.002 seconds
[0m13:41:09.116794 [debug] [Thread-1 (]: On model.vg_casestudy.stg_raw_staging__fx_rates: Close
[0m13:41:09.140431 [debug] [Thread-1 (]: Sending event: {'category': 'dbt', 'action': 'run_model', 'label': 'f226b317-920c-499c-8b77-e6a27f356ba6', 'context': [<snowplow_tracker.self_describing_json.SelfDescribingJson object at 0x7b8beecbc250>]}
[0m13:41:09.141648 [info ] [Thread-1 (]: 3 of 11 OK created sql view model staging.stg_raw_staging__fx_rates ............ [[32mOK[0m in 0.12s]
[0m13:41:09.143013 [debug] [Thread-1 (]: Finished running node model.vg_casestudy.stg_raw_staging__fx_rates
[0m13:41:09.143853 [debug] [Thread-1 (]: Began running node model.vg_casestudy.stg_staging_intermediate__currencies
[0m13:41:09.144714 [info ] [Thread-1 (]: 4 of 11 START sql table model intermediate.stg_staging_intermediate__currencies  [RUN]
[0m13:41:09.145664 [debug] [Thread-1 (]: Re-using an available connection from the pool (formerly model.vg_casestudy.stg_raw_staging__fx_rates, now model.vg_casestudy.stg_staging_intermediate__currencies)
[0m13:41:09.146405 [debug] [Thread-1 (]: Began compiling node model.vg_casestudy.stg_staging_intermediate__currencies
[0m13:41:09.149129 [debug] [Thread-1 (]: Writing injected SQL for node "model.vg_casestudy.stg_staging_intermediate__currencies"
[0m13:41:09.157511 [debug] [Thread-1 (]: Began executing node model.vg_casestudy.stg_staging_intermediate__currencies
[0m13:41:09.171547 [debug] [Thread-1 (]: Writing runtime sql for node "model.vg_casestudy.stg_staging_intermediate__currencies"
[0m13:41:09.181061 [debug] [Thread-1 (]: Using duckdb connection "model.vg_casestudy.stg_staging_intermediate__currencies"
[0m13:41:09.182018 [debug] [Thread-1 (]: On model.vg_casestudy.stg_staging_intermediate__currencies: BEGIN
[0m13:41:09.182836 [debug] [Thread-1 (]: Opening a new connection, currently in state closed
[0m13:41:09.201184 [debug] [Thread-1 (]: SQL status: OK in 0.018 seconds
[0m13:41:09.202161 [debug] [Thread-1 (]: Using duckdb connection "model.vg_casestudy.stg_staging_intermediate__currencies"
[0m13:41:09.203054 [debug] [Thread-1 (]: On model.vg_casestudy.stg_staging_intermediate__currencies: /* {"app": "dbt", "dbt_version": "1.10.8", "profile_name": "default", "target_name": "dev", "node_id": "model.vg_casestudy.stg_staging_intermediate__currencies"} */

  
    
    

    create  table
      "casestudy"."intermediate"."stg_staging_intermediate__currencies__dbt_tmp"
  
    as (
      with staging as (
    select * from "casestudy"."raw"."currencies"
),
cleaned as (
    select distinct
        trim(currency) as currency,
        trim(currency_iso_code) as currency_iso_code,
    from staging
    where currency_iso_code is not null and trim(currency_iso_code) != '(none)'
)

select * from cleaned
    );
  
  
[0m13:41:09.223090 [debug] [Thread-1 (]: SQL status: OK in 0.019 seconds
[0m13:41:09.226513 [debug] [Thread-1 (]: Using duckdb connection "model.vg_casestudy.stg_staging_intermediate__currencies"
[0m13:41:09.228149 [debug] [Thread-1 (]: On model.vg_casestudy.stg_staging_intermediate__currencies: /* {"app": "dbt", "dbt_version": "1.10.8", "profile_name": "default", "target_name": "dev", "node_id": "model.vg_casestudy.stg_staging_intermediate__currencies"} */
alter table "casestudy"."intermediate"."stg_staging_intermediate__currencies" rename to "stg_staging_intermediate__currencies__dbt_backup"
[0m13:41:09.230584 [debug] [Thread-1 (]: SQL status: OK in 0.001 seconds
[0m13:41:09.233668 [debug] [Thread-1 (]: Using duckdb connection "model.vg_casestudy.stg_staging_intermediate__currencies"
[0m13:41:09.234542 [debug] [Thread-1 (]: On model.vg_casestudy.stg_staging_intermediate__currencies: /* {"app": "dbt", "dbt_version": "1.10.8", "profile_name": "default", "target_name": "dev", "node_id": "model.vg_casestudy.stg_staging_intermediate__currencies"} */
alter table "casestudy"."intermediate"."stg_staging_intermediate__currencies__dbt_tmp" rename to "stg_staging_intermediate__currencies"
[0m13:41:09.235855 [debug] [Thread-1 (]: SQL status: OK in 0.000 seconds
[0m13:41:09.241518 [debug] [Thread-1 (]: On model.vg_casestudy.stg_staging_intermediate__currencies: COMMIT
[0m13:41:09.242772 [debug] [Thread-1 (]: Using duckdb connection "model.vg_casestudy.stg_staging_intermediate__currencies"
[0m13:41:09.243860 [debug] [Thread-1 (]: On model.vg_casestudy.stg_staging_intermediate__currencies: COMMIT
[0m13:41:09.250673 [debug] [Thread-1 (]: SQL status: OK in 0.006 seconds
[0m13:41:09.253317 [debug] [Thread-1 (]: Using duckdb connection "model.vg_casestudy.stg_staging_intermediate__currencies"
[0m13:41:09.254125 [debug] [Thread-1 (]: On model.vg_casestudy.stg_staging_intermediate__currencies: /* {"app": "dbt", "dbt_version": "1.10.8", "profile_name": "default", "target_name": "dev", "node_id": "model.vg_casestudy.stg_staging_intermediate__currencies"} */
drop table if exists "casestudy"."intermediate"."stg_staging_intermediate__currencies__dbt_backup" cascade
[0m13:41:09.256980 [debug] [Thread-1 (]: SQL status: OK in 0.002 seconds
[0m13:41:09.258414 [debug] [Thread-1 (]: On model.vg_casestudy.stg_staging_intermediate__currencies: Close
[0m13:41:09.291565 [debug] [Thread-1 (]: Sending event: {'category': 'dbt', 'action': 'run_model', 'label': 'f226b317-920c-499c-8b77-e6a27f356ba6', 'context': [<snowplow_tracker.self_describing_json.SelfDescribingJson object at 0x7b8bd0f5ec90>]}
[0m13:41:09.292963 [info ] [Thread-1 (]: 4 of 11 OK created sql table model intermediate.stg_staging_intermediate__currencies  [[32mOK[0m in 0.15s]
[0m13:41:09.293987 [debug] [Thread-1 (]: Finished running node model.vg_casestudy.stg_staging_intermediate__currencies
[0m13:41:09.294823 [debug] [Thread-1 (]: Began running node model.vg_casestudy.stg_staging_intermediate__accounts
[0m13:41:09.295893 [info ] [Thread-1 (]: 5 of 11 START sql table model intermediate.stg_staging_intermediate__accounts .. [RUN]
[0m13:41:09.296806 [debug] [Thread-1 (]: Re-using an available connection from the pool (formerly model.vg_casestudy.stg_staging_intermediate__currencies, now model.vg_casestudy.stg_staging_intermediate__accounts)
[0m13:41:09.297630 [debug] [Thread-1 (]: Began compiling node model.vg_casestudy.stg_staging_intermediate__accounts
[0m13:41:09.300246 [debug] [Thread-1 (]: Writing injected SQL for node "model.vg_casestudy.stg_staging_intermediate__accounts"
[0m13:41:09.311103 [debug] [Thread-1 (]: Began executing node model.vg_casestudy.stg_staging_intermediate__accounts
[0m13:41:09.314505 [debug] [Thread-1 (]: Writing runtime sql for node "model.vg_casestudy.stg_staging_intermediate__accounts"
[0m13:41:09.323096 [debug] [Thread-1 (]: Using duckdb connection "model.vg_casestudy.stg_staging_intermediate__accounts"
[0m13:41:09.323984 [debug] [Thread-1 (]: On model.vg_casestudy.stg_staging_intermediate__accounts: BEGIN
[0m13:41:09.324760 [debug] [Thread-1 (]: Opening a new connection, currently in state closed
[0m13:41:09.342616 [debug] [Thread-1 (]: SQL status: OK in 0.018 seconds
[0m13:41:09.343728 [debug] [Thread-1 (]: Using duckdb connection "model.vg_casestudy.stg_staging_intermediate__accounts"
[0m13:41:09.344576 [debug] [Thread-1 (]: On model.vg_casestudy.stg_staging_intermediate__accounts: /* {"app": "dbt", "dbt_version": "1.10.8", "profile_name": "default", "target_name": "dev", "node_id": "model.vg_casestudy.stg_staging_intermediate__accounts"} */

  
    
    

    create  table
      "casestudy"."intermediate"."stg_staging_intermediate__accounts__dbt_tmp"
  
    as (
      with staging as (
    select * from "casestudy"."staging"."stg_raw_staging__accounts"
), 
filtered as (
    select 
        account_id,
        customer_id,
        account_type,
        account_opening_date,
     from staging
    where not has_date_parsing_error
)

select * from filtered
    );
  
  
[0m13:41:09.361642 [debug] [Thread-1 (]: SQL status: OK in 0.016 seconds
[0m13:41:09.365000 [debug] [Thread-1 (]: Using duckdb connection "model.vg_casestudy.stg_staging_intermediate__accounts"
[0m13:41:09.365890 [debug] [Thread-1 (]: On model.vg_casestudy.stg_staging_intermediate__accounts: /* {"app": "dbt", "dbt_version": "1.10.8", "profile_name": "default", "target_name": "dev", "node_id": "model.vg_casestudy.stg_staging_intermediate__accounts"} */
alter table "casestudy"."intermediate"."stg_staging_intermediate__accounts" rename to "stg_staging_intermediate__accounts__dbt_backup"
[0m13:41:09.367140 [debug] [Thread-1 (]: SQL status: OK in 0.000 seconds
[0m13:41:09.369924 [debug] [Thread-1 (]: Using duckdb connection "model.vg_casestudy.stg_staging_intermediate__accounts"
[0m13:41:09.370748 [debug] [Thread-1 (]: On model.vg_casestudy.stg_staging_intermediate__accounts: /* {"app": "dbt", "dbt_version": "1.10.8", "profile_name": "default", "target_name": "dev", "node_id": "model.vg_casestudy.stg_staging_intermediate__accounts"} */
alter table "casestudy"."intermediate"."stg_staging_intermediate__accounts__dbt_tmp" rename to "stg_staging_intermediate__accounts"
[0m13:41:09.371957 [debug] [Thread-1 (]: SQL status: OK in 0.000 seconds
[0m13:41:09.373391 [debug] [Thread-1 (]: On model.vg_casestudy.stg_staging_intermediate__accounts: COMMIT
[0m13:41:09.374235 [debug] [Thread-1 (]: Using duckdb connection "model.vg_casestudy.stg_staging_intermediate__accounts"
[0m13:41:09.374940 [debug] [Thread-1 (]: On model.vg_casestudy.stg_staging_intermediate__accounts: COMMIT
[0m13:41:09.386571 [debug] [Thread-1 (]: SQL status: OK in 0.011 seconds
[0m13:41:09.390757 [debug] [Thread-1 (]: Using duckdb connection "model.vg_casestudy.stg_staging_intermediate__accounts"
[0m13:41:09.392799 [debug] [Thread-1 (]: On model.vg_casestudy.stg_staging_intermediate__accounts: /* {"app": "dbt", "dbt_version": "1.10.8", "profile_name": "default", "target_name": "dev", "node_id": "model.vg_casestudy.stg_staging_intermediate__accounts"} */
drop table if exists "casestudy"."intermediate"."stg_staging_intermediate__accounts__dbt_backup" cascade
[0m13:41:09.396765 [debug] [Thread-1 (]: SQL status: OK in 0.003 seconds
[0m13:41:09.398465 [debug] [Thread-1 (]: On model.vg_casestudy.stg_staging_intermediate__accounts: Close
[0m13:41:09.426318 [debug] [Thread-1 (]: Sending event: {'category': 'dbt', 'action': 'run_model', 'label': 'f226b317-920c-499c-8b77-e6a27f356ba6', 'context': [<snowplow_tracker.self_describing_json.SelfDescribingJson object at 0x7b8c11afe3d0>]}
[0m13:41:09.427560 [info ] [Thread-1 (]: 5 of 11 OK created sql table model intermediate.stg_staging_intermediate__accounts  [[32mOK[0m in 0.13s]
[0m13:41:09.428725 [debug] [Thread-1 (]: Finished running node model.vg_casestudy.stg_staging_intermediate__accounts
[0m13:41:09.429586 [debug] [Thread-1 (]: Began running node model.vg_casestudy.stg_raw_staging__loans
[0m13:41:09.430470 [info ] [Thread-1 (]: 6 of 11 START sql view model staging.stg_raw_staging__loans .................... [RUN]
[0m13:41:09.431442 [debug] [Thread-1 (]: Re-using an available connection from the pool (formerly model.vg_casestudy.stg_staging_intermediate__accounts, now model.vg_casestudy.stg_raw_staging__loans)
[0m13:41:09.432037 [debug] [Thread-1 (]: Began compiling node model.vg_casestudy.stg_raw_staging__loans
[0m13:41:09.435153 [debug] [Thread-1 (]: Writing injected SQL for node "model.vg_casestudy.stg_raw_staging__loans"
[0m13:41:09.447755 [debug] [Thread-1 (]: Began executing node model.vg_casestudy.stg_raw_staging__loans
[0m13:41:09.453049 [debug] [Thread-1 (]: Writing runtime sql for node "model.vg_casestudy.stg_raw_staging__loans"
[0m13:41:09.462224 [debug] [Thread-1 (]: Using duckdb connection "model.vg_casestudy.stg_raw_staging__loans"
[0m13:41:09.463113 [debug] [Thread-1 (]: On model.vg_casestudy.stg_raw_staging__loans: BEGIN
[0m13:41:09.463836 [debug] [Thread-1 (]: Opening a new connection, currently in state closed
[0m13:41:09.480951 [debug] [Thread-1 (]: SQL status: OK in 0.017 seconds
[0m13:41:09.482064 [debug] [Thread-1 (]: Using duckdb connection "model.vg_casestudy.stg_raw_staging__loans"
[0m13:41:09.482979 [debug] [Thread-1 (]: On model.vg_casestudy.stg_raw_staging__loans: /* {"app": "dbt", "dbt_version": "1.10.8", "profile_name": "default", "target_name": "dev", "node_id": "model.vg_casestudy.stg_raw_staging__loans"} */

  
  create view "casestudy"."staging"."stg_raw_staging__loans__dbt_tmp" as (
    with source as (
    select * from "casestudy"."raw"."loans"
),

renamed as (
    select
        customer_id,
        loan_id,
        
CASE
    WHEN loan_amount IS NULL THEN NULL
    -- If the value is already a valid number
    WHEN TRY_CAST(loan_amount AS DOUBLE) IS NOT NULL 
        THEN TRY_CAST(loan_amount AS DOUBLE)
    -- If contains both dot and comma (German notation)
    WHEN POSITION('.' IN loan_amount) > 0 AND POSITION(',' IN loan_amount) > 0 
        THEN TRY_CAST(REPLACE(REPLACE(TRIM(loan_amount), '.', ''), ',', '.') AS DOUBLE)
    -- If only contains comma, treat as decimal point
    WHEN POSITION(',' IN loan_amount) > 0 
        THEN TRY_CAST(REPLACE(TRIM(loan_amount), ',', '.') AS DOUBLE)
    -- If only contains dots, likely thousands separator
    WHEN POSITION('.' IN loan_amount) > 0 
        THEN TRY_CAST(REPLACE(TRIM(loan_amount), '.', '') AS DOUBLE)
    ELSE NULL
END
 as loan_amount,
        loant_type,
        
CASE
    WHEN interest_rate IS NULL THEN NULL
    -- If the value is already a valid number
    WHEN TRY_CAST(interest_rate AS DOUBLE) IS NOT NULL 
        THEN TRY_CAST(interest_rate AS DOUBLE)
    -- If contains both dot and comma (German notation)
    WHEN POSITION('.' IN interest_rate) > 0 AND POSITION(',' IN interest_rate) > 0 
        THEN TRY_CAST(REPLACE(REPLACE(TRIM(interest_rate), '.', ''), ',', '.') AS DOUBLE)
    -- If only contains comma, treat as decimal point
    WHEN POSITION(',' IN interest_rate) > 0 
        THEN TRY_CAST(REPLACE(TRIM(interest_rate), ',', '.') AS DOUBLE)
    -- If only contains dots, likely thousands separator
    WHEN POSITION('.' IN interest_rate) > 0 
        THEN TRY_CAST(REPLACE(TRIM(interest_rate), '.', '') AS DOUBLE)
    ELSE NULL
END
 as interest_rate,
        loan_term,
        
CASE
    -- First try DD.MM.YYYY format (German format with dots)
    WHEN REGEXP_MATCHES(approval_rejection_date, '^\d{1,2}\.\d{1,2}\.\d{4}$') 
        THEN TRY_CAST(STRPTIME(approval_rejection_date, '%d.%m.%Y') AS DATE)
        
    -- Then try DD/MM/YYYY format (with slashes)
    WHEN REGEXP_MATCHES(approval_rejection_date, '^\d{1,2}/\d{1,2}/\d{4}$')
        AND CAST(SPLIT_PART(approval_rejection_date, '/', 1) AS INTEGER) <= 31 
        AND CAST(SPLIT_PART(approval_rejection_date, '/', 2) AS INTEGER) <= 12 
        THEN TRY_CAST(STRPTIME(approval_rejection_date, '%d/%m/%Y') AS DATE)
        
    -- Try MM/DD/YYYY format (US format with slashes)
    WHEN REGEXP_MATCHES(approval_rejection_date, '^\d{1,2}/\d{1,2}/\d{4}$')
        AND CAST(SPLIT_PART(approval_rejection_date, '/', 1) AS INTEGER) <= 12 
        THEN TRY_CAST(STRPTIME(approval_rejection_date, '%m/%d/%Y') AS DATE)
        
    -- Try YYYY-MM-DD format (ISO format)
    WHEN REGEXP_MATCHES(approval_rejection_date, '^\d{4}-\d{1,2}-\d{1,2}$')
        THEN TRY_CAST(STRPTIME(approval_rejection_date, '%Y-%m-%d') AS DATE)
        
    -- Try generic date parsing as last resort
    ELSE TRY_CAST(approval_rejection_date AS DATE)
END
 as approval_rejection_date,
        approval_rejection_date as approval_rejection_date_raw,
        loan_status
    from source
),

final as (
    select
        customer_id,
        loan_id,
        loan_amount,
        loant_type as loan_type,
        interest_rate,
        loan_term,
        approval_rejection_date,
        loan_status,
        -- Flag records with date parsing issues
        CASE WHEN approval_rejection_date IS NULL AND approval_rejection_date_raw IS NOT NULL
             THEN TRUE ELSE FALSE 
        END as has_date_parsing_error
    from renamed
)

select * from final
  );

[0m13:41:09.485088 [debug] [Thread-1 (]: SQL status: OK in 0.001 seconds
[0m13:41:09.487945 [debug] [Thread-1 (]: Using duckdb connection "model.vg_casestudy.stg_raw_staging__loans"
[0m13:41:09.488741 [debug] [Thread-1 (]: On model.vg_casestudy.stg_raw_staging__loans: /* {"app": "dbt", "dbt_version": "1.10.8", "profile_name": "default", "target_name": "dev", "node_id": "model.vg_casestudy.stg_raw_staging__loans"} */
alter view "casestudy"."staging"."stg_raw_staging__loans" rename to "stg_raw_staging__loans__dbt_backup"
[0m13:41:09.489794 [debug] [Thread-1 (]: SQL status: OK in 0.000 seconds
[0m13:41:09.494410 [debug] [Thread-1 (]: Using duckdb connection "model.vg_casestudy.stg_raw_staging__loans"
[0m13:41:09.495413 [debug] [Thread-1 (]: On model.vg_casestudy.stg_raw_staging__loans: /* {"app": "dbt", "dbt_version": "1.10.8", "profile_name": "default", "target_name": "dev", "node_id": "model.vg_casestudy.stg_raw_staging__loans"} */
alter view "casestudy"."staging"."stg_raw_staging__loans__dbt_tmp" rename to "stg_raw_staging__loans"
[0m13:41:09.496716 [debug] [Thread-1 (]: SQL status: OK in 0.001 seconds
[0m13:41:09.498240 [debug] [Thread-1 (]: On model.vg_casestudy.stg_raw_staging__loans: COMMIT
[0m13:41:09.499032 [debug] [Thread-1 (]: Using duckdb connection "model.vg_casestudy.stg_raw_staging__loans"
[0m13:41:09.499799 [debug] [Thread-1 (]: On model.vg_casestudy.stg_raw_staging__loans: COMMIT
[0m13:41:09.510809 [debug] [Thread-1 (]: SQL status: OK in 0.010 seconds
[0m13:41:09.513158 [debug] [Thread-1 (]: Using duckdb connection "model.vg_casestudy.stg_raw_staging__loans"
[0m13:41:09.513997 [debug] [Thread-1 (]: On model.vg_casestudy.stg_raw_staging__loans: /* {"app": "dbt", "dbt_version": "1.10.8", "profile_name": "default", "target_name": "dev", "node_id": "model.vg_casestudy.stg_raw_staging__loans"} */
drop view if exists "casestudy"."staging"."stg_raw_staging__loans__dbt_backup" cascade
[0m13:41:09.516694 [debug] [Thread-1 (]: SQL status: OK in 0.002 seconds
[0m13:41:09.518095 [debug] [Thread-1 (]: On model.vg_casestudy.stg_raw_staging__loans: Close
[0m13:41:09.541067 [debug] [Thread-1 (]: Sending event: {'category': 'dbt', 'action': 'run_model', 'label': 'f226b317-920c-499c-8b77-e6a27f356ba6', 'context': [<snowplow_tracker.self_describing_json.SelfDescribingJson object at 0x7b8bd0f9a790>]}
[0m13:41:09.544484 [info ] [Thread-1 (]: 6 of 11 OK created sql view model staging.stg_raw_staging__loans ............... [[32mOK[0m in 0.11s]
[0m13:41:09.545628 [debug] [Thread-1 (]: Finished running node model.vg_casestudy.stg_raw_staging__loans
[0m13:41:09.546516 [debug] [Thread-1 (]: Began running node model.vg_casestudy.stg_staging_intermediate__customers
[0m13:41:09.547424 [info ] [Thread-1 (]: 7 of 11 START sql table model intermediate.stg_staging_intermediate__customers . [RUN]
[0m13:41:09.548947 [debug] [Thread-1 (]: Re-using an available connection from the pool (formerly model.vg_casestudy.stg_raw_staging__loans, now model.vg_casestudy.stg_staging_intermediate__customers)
[0m13:41:09.549703 [debug] [Thread-1 (]: Began compiling node model.vg_casestudy.stg_staging_intermediate__customers
[0m13:41:09.552872 [debug] [Thread-1 (]: Writing injected SQL for node "model.vg_casestudy.stg_staging_intermediate__customers"
[0m13:41:09.563700 [debug] [Thread-1 (]: Began executing node model.vg_casestudy.stg_staging_intermediate__customers
[0m13:41:09.566976 [debug] [Thread-1 (]: Writing runtime sql for node "model.vg_casestudy.stg_staging_intermediate__customers"
[0m13:41:09.575959 [debug] [Thread-1 (]: Using duckdb connection "model.vg_casestudy.stg_staging_intermediate__customers"
[0m13:41:09.576916 [debug] [Thread-1 (]: On model.vg_casestudy.stg_staging_intermediate__customers: BEGIN
[0m13:41:09.577906 [debug] [Thread-1 (]: Opening a new connection, currently in state closed
[0m13:41:09.600430 [debug] [Thread-1 (]: SQL status: OK in 0.022 seconds
[0m13:41:09.601619 [debug] [Thread-1 (]: Using duckdb connection "model.vg_casestudy.stg_staging_intermediate__customers"
[0m13:41:09.602536 [debug] [Thread-1 (]: On model.vg_casestudy.stg_staging_intermediate__customers: /* {"app": "dbt", "dbt_version": "1.10.8", "profile_name": "default", "target_name": "dev", "node_id": "model.vg_casestudy.stg_staging_intermediate__customers"} */

  
    
    

    create  table
      "casestudy"."intermediate"."stg_staging_intermediate__customers__dbt_tmp"
  
    as (
      with staging as (
    select * from "casestudy"."staging"."stg_raw_staging__customers"
)

select * from staging
    );
  
  
[0m13:41:09.616971 [debug] [Thread-1 (]: SQL status: OK in 0.013 seconds
[0m13:41:09.620277 [debug] [Thread-1 (]: Using duckdb connection "model.vg_casestudy.stg_staging_intermediate__customers"
[0m13:41:09.621406 [debug] [Thread-1 (]: On model.vg_casestudy.stg_staging_intermediate__customers: /* {"app": "dbt", "dbt_version": "1.10.8", "profile_name": "default", "target_name": "dev", "node_id": "model.vg_casestudy.stg_staging_intermediate__customers"} */
alter table "casestudy"."intermediate"."stg_staging_intermediate__customers" rename to "stg_staging_intermediate__customers__dbt_backup"
[0m13:41:09.622797 [debug] [Thread-1 (]: SQL status: OK in 0.000 seconds
[0m13:41:09.626222 [debug] [Thread-1 (]: Using duckdb connection "model.vg_casestudy.stg_staging_intermediate__customers"
[0m13:41:09.627558 [debug] [Thread-1 (]: On model.vg_casestudy.stg_staging_intermediate__customers: /* {"app": "dbt", "dbt_version": "1.10.8", "profile_name": "default", "target_name": "dev", "node_id": "model.vg_casestudy.stg_staging_intermediate__customers"} */
alter table "casestudy"."intermediate"."stg_staging_intermediate__customers__dbt_tmp" rename to "stg_staging_intermediate__customers"
[0m13:41:09.629053 [debug] [Thread-1 (]: SQL status: OK in 0.001 seconds
[0m13:41:09.630582 [debug] [Thread-1 (]: On model.vg_casestudy.stg_staging_intermediate__customers: COMMIT
[0m13:41:09.631532 [debug] [Thread-1 (]: Using duckdb connection "model.vg_casestudy.stg_staging_intermediate__customers"
[0m13:41:09.632526 [debug] [Thread-1 (]: On model.vg_casestudy.stg_staging_intermediate__customers: COMMIT
[0m13:41:09.643481 [debug] [Thread-1 (]: SQL status: OK in 0.010 seconds
[0m13:41:09.647395 [debug] [Thread-1 (]: Using duckdb connection "model.vg_casestudy.stg_staging_intermediate__customers"
[0m13:41:09.648369 [debug] [Thread-1 (]: On model.vg_casestudy.stg_staging_intermediate__customers: /* {"app": "dbt", "dbt_version": "1.10.8", "profile_name": "default", "target_name": "dev", "node_id": "model.vg_casestudy.stg_staging_intermediate__customers"} */
drop table if exists "casestudy"."intermediate"."stg_staging_intermediate__customers__dbt_backup" cascade
[0m13:41:09.651435 [debug] [Thread-1 (]: SQL status: OK in 0.002 seconds
[0m13:41:09.652891 [debug] [Thread-1 (]: On model.vg_casestudy.stg_staging_intermediate__customers: Close
[0m13:41:09.685201 [debug] [Thread-1 (]: Sending event: {'category': 'dbt', 'action': 'run_model', 'label': 'f226b317-920c-499c-8b77-e6a27f356ba6', 'context': [<snowplow_tracker.self_describing_json.SelfDescribingJson object at 0x7b8bd0f61890>]}
[0m13:41:09.686378 [info ] [Thread-1 (]: 7 of 11 OK created sql table model intermediate.stg_staging_intermediate__customers  [[32mOK[0m in 0.14s]
[0m13:41:09.687385 [debug] [Thread-1 (]: Finished running node model.vg_casestudy.stg_staging_intermediate__customers
[0m13:41:09.688189 [debug] [Thread-1 (]: Began running node model.vg_casestudy.stg_raw_staging__transactions
[0m13:41:09.689122 [info ] [Thread-1 (]: 8 of 11 START sql view model staging.stg_raw_staging__transactions ............. [RUN]
[0m13:41:09.689906 [debug] [Thread-1 (]: Re-using an available connection from the pool (formerly model.vg_casestudy.stg_staging_intermediate__customers, now model.vg_casestudy.stg_raw_staging__transactions)
[0m13:41:09.691156 [debug] [Thread-1 (]: Began compiling node model.vg_casestudy.stg_raw_staging__transactions
[0m13:41:09.748905 [debug] [Thread-1 (]: Writing injected SQL for node "model.vg_casestudy.stg_raw_staging__transactions"
[0m13:41:09.760901 [debug] [Thread-1 (]: Began executing node model.vg_casestudy.stg_raw_staging__transactions
[0m13:41:09.764640 [debug] [Thread-1 (]: Writing runtime sql for node "model.vg_casestudy.stg_raw_staging__transactions"
[0m13:41:09.772427 [debug] [Thread-1 (]: Using duckdb connection "model.vg_casestudy.stg_raw_staging__transactions"
[0m13:41:09.773321 [debug] [Thread-1 (]: On model.vg_casestudy.stg_raw_staging__transactions: BEGIN
[0m13:41:09.774210 [debug] [Thread-1 (]: Opening a new connection, currently in state closed
[0m13:41:09.793363 [debug] [Thread-1 (]: SQL status: OK in 0.019 seconds
[0m13:41:09.794416 [debug] [Thread-1 (]: Using duckdb connection "model.vg_casestudy.stg_raw_staging__transactions"
[0m13:41:09.795369 [debug] [Thread-1 (]: On model.vg_casestudy.stg_raw_staging__transactions: /* {"app": "dbt", "dbt_version": "1.10.8", "profile_name": "default", "target_name": "dev", "node_id": "model.vg_casestudy.stg_raw_staging__transactions"} */

  
  create view "casestudy"."staging"."stg_raw_staging__transactions__dbt_tmp" as (
    with source as (
    select * from "casestudy"."raw"."transactions"
),

renamed as (
    select
        transaction_id,
        
CASE
    -- First try DD.MM.YYYY format (German format with dots)
    WHEN REGEXP_MATCHES(transaction_date, '^\d{1,2}\.\d{1,2}\.\d{4}$') 
        THEN TRY_CAST(STRPTIME(transaction_date, '%d.%m.%Y') AS DATE)
        
    -- Then try DD/MM/YYYY format (with slashes)
    WHEN REGEXP_MATCHES(transaction_date, '^\d{1,2}/\d{1,2}/\d{4}$')
        AND CAST(SPLIT_PART(transaction_date, '/', 1) AS INTEGER) <= 31 
        AND CAST(SPLIT_PART(transaction_date, '/', 2) AS INTEGER) <= 12 
        THEN TRY_CAST(STRPTIME(transaction_date, '%d/%m/%Y') AS DATE)
        
    -- Try MM/DD/YYYY format (US format with slashes)
    WHEN REGEXP_MATCHES(transaction_date, '^\d{1,2}/\d{1,2}/\d{4}$')
        AND CAST(SPLIT_PART(transaction_date, '/', 1) AS INTEGER) <= 12 
        THEN TRY_CAST(STRPTIME(transaction_date, '%m/%d/%Y') AS DATE)
        
    -- Try YYYY-MM-DD format (ISO format)
    WHEN REGEXP_MATCHES(transaction_date, '^\d{4}-\d{1,2}-\d{1,2}$')
        THEN TRY_CAST(STRPTIME(transaction_date, '%Y-%m-%d') AS DATE)
        
    -- Try generic date parsing as last resort
    ELSE TRY_CAST(transaction_date AS DATE)
END
 as transaction_date,
        transaction_date as transaction_date_raw,
        account_id,
        trim(transaction_type) as transaction_type,
        
CASE
    WHEN transaction_amount IS NULL THEN NULL
    -- If the value is already a valid number
    WHEN TRY_CAST(transaction_amount AS DOUBLE) IS NOT NULL 
        THEN TRY_CAST(transaction_amount AS DOUBLE)
    -- If contains both dot and comma (German notation)
    WHEN POSITION('.' IN transaction_amount) > 0 AND POSITION(',' IN transaction_amount) > 0 
        THEN TRY_CAST(REPLACE(REPLACE(TRIM(transaction_amount), '.', ''), ',', '.') AS DOUBLE)
    -- If only contains comma, treat as decimal point
    WHEN POSITION(',' IN transaction_amount) > 0 
        THEN TRY_CAST(REPLACE(TRIM(transaction_amount), ',', '.') AS DOUBLE)
    -- If only contains dots, likely thousands separator
    WHEN POSITION('.' IN transaction_amount) > 0 
        THEN TRY_CAST(REPLACE(TRIM(transaction_amount), '.', '') AS DOUBLE)
    ELSE NULL
END
 as transaction_amount,
        trim(transaction_currency) as transaction_currency
    from source
),

final as (
    select
        transaction_id,
        transaction_date,
        account_id,
        transaction_type,
        transaction_amount,
        transaction_currency,
        -- Flag records with date parsing issues
        CASE WHEN transaction_date IS NULL AND transaction_date_raw IS NOT NULL
             THEN TRUE ELSE FALSE 
        END as has_date_parsing_error
    from renamed
)

select * from final
  );

[0m13:41:09.797465 [debug] [Thread-1 (]: SQL status: OK in 0.001 seconds
[0m13:41:09.800342 [debug] [Thread-1 (]: Using duckdb connection "model.vg_casestudy.stg_raw_staging__transactions"
[0m13:41:09.801173 [debug] [Thread-1 (]: On model.vg_casestudy.stg_raw_staging__transactions: /* {"app": "dbt", "dbt_version": "1.10.8", "profile_name": "default", "target_name": "dev", "node_id": "model.vg_casestudy.stg_raw_staging__transactions"} */
alter view "casestudy"."staging"."stg_raw_staging__transactions" rename to "stg_raw_staging__transactions__dbt_backup"
[0m13:41:09.802283 [debug] [Thread-1 (]: SQL status: OK in 0.000 seconds
[0m13:41:09.804728 [debug] [Thread-1 (]: Using duckdb connection "model.vg_casestudy.stg_raw_staging__transactions"
[0m13:41:09.805521 [debug] [Thread-1 (]: On model.vg_casestudy.stg_raw_staging__transactions: /* {"app": "dbt", "dbt_version": "1.10.8", "profile_name": "default", "target_name": "dev", "node_id": "model.vg_casestudy.stg_raw_staging__transactions"} */
alter view "casestudy"."staging"."stg_raw_staging__transactions__dbt_tmp" rename to "stg_raw_staging__transactions"
[0m13:41:09.807063 [debug] [Thread-1 (]: SQL status: OK in 0.000 seconds
[0m13:41:09.808554 [debug] [Thread-1 (]: On model.vg_casestudy.stg_raw_staging__transactions: COMMIT
[0m13:41:09.809361 [debug] [Thread-1 (]: Using duckdb connection "model.vg_casestudy.stg_raw_staging__transactions"
[0m13:41:09.810074 [debug] [Thread-1 (]: On model.vg_casestudy.stg_raw_staging__transactions: COMMIT
[0m13:41:09.815530 [debug] [Thread-1 (]: SQL status: OK in 0.005 seconds
[0m13:41:09.817789 [debug] [Thread-1 (]: Using duckdb connection "model.vg_casestudy.stg_raw_staging__transactions"
[0m13:41:09.818621 [debug] [Thread-1 (]: On model.vg_casestudy.stg_raw_staging__transactions: /* {"app": "dbt", "dbt_version": "1.10.8", "profile_name": "default", "target_name": "dev", "node_id": "model.vg_casestudy.stg_raw_staging__transactions"} */
drop view if exists "casestudy"."staging"."stg_raw_staging__transactions__dbt_backup" cascade
[0m13:41:09.821400 [debug] [Thread-1 (]: SQL status: OK in 0.002 seconds
[0m13:41:09.822899 [debug] [Thread-1 (]: On model.vg_casestudy.stg_raw_staging__transactions: Close
[0m13:41:09.846821 [debug] [Thread-1 (]: Sending event: {'category': 'dbt', 'action': 'run_model', 'label': 'f226b317-920c-499c-8b77-e6a27f356ba6', 'context': [<snowplow_tracker.self_describing_json.SelfDescribingJson object at 0x7b8bd0f63950>]}
[0m13:41:09.848064 [info ] [Thread-1 (]: 8 of 11 OK created sql view model staging.stg_raw_staging__transactions ........ [[32mOK[0m in 0.16s]
[0m13:41:09.849036 [debug] [Thread-1 (]: Finished running node model.vg_casestudy.stg_raw_staging__transactions
[0m13:41:09.849882 [debug] [Thread-1 (]: Began running node model.vg_casestudy.stg_staging_intermediate__fx_rates
[0m13:41:09.850811 [info ] [Thread-1 (]: 9 of 11 START sql table model intermediate.stg_staging_intermediate__fx_rates .. [RUN]
[0m13:41:09.851687 [debug] [Thread-1 (]: Re-using an available connection from the pool (formerly model.vg_casestudy.stg_raw_staging__transactions, now model.vg_casestudy.stg_staging_intermediate__fx_rates)
[0m13:41:09.852421 [debug] [Thread-1 (]: Began compiling node model.vg_casestudy.stg_staging_intermediate__fx_rates
[0m13:41:09.854915 [debug] [Thread-1 (]: Writing injected SQL for node "model.vg_casestudy.stg_staging_intermediate__fx_rates"
[0m13:41:09.866528 [debug] [Thread-1 (]: Began executing node model.vg_casestudy.stg_staging_intermediate__fx_rates
[0m13:41:09.870203 [debug] [Thread-1 (]: Writing runtime sql for node "model.vg_casestudy.stg_staging_intermediate__fx_rates"
[0m13:41:09.882389 [debug] [Thread-1 (]: Using duckdb connection "model.vg_casestudy.stg_staging_intermediate__fx_rates"
[0m13:41:09.883685 [debug] [Thread-1 (]: On model.vg_casestudy.stg_staging_intermediate__fx_rates: BEGIN
[0m13:41:09.884837 [debug] [Thread-1 (]: Opening a new connection, currently in state closed
[0m13:41:09.902570 [debug] [Thread-1 (]: SQL status: OK in 0.018 seconds
[0m13:41:09.903566 [debug] [Thread-1 (]: Using duckdb connection "model.vg_casestudy.stg_staging_intermediate__fx_rates"
[0m13:41:09.904272 [debug] [Thread-1 (]: On model.vg_casestudy.stg_staging_intermediate__fx_rates: /* {"app": "dbt", "dbt_version": "1.10.8", "profile_name": "default", "target_name": "dev", "node_id": "model.vg_casestudy.stg_staging_intermediate__fx_rates"} */

  
    
    

    create  table
      "casestudy"."intermediate"."stg_staging_intermediate__fx_rates__dbt_tmp"
  
    as (
      with staging as (
    select * from "casestudy"."staging"."stg_raw_staging__fx_rates"
),

filtered as (
    select
        currency_iso_code,
        fx_rate,
        fx_rate_date
    from staging
    where not has_date_parsing_error
)

select * from filtered
    );
  
  
[0m13:41:09.915688 [debug] [Thread-1 (]: SQL status: OK in 0.011 seconds
[0m13:41:09.918450 [debug] [Thread-1 (]: Using duckdb connection "model.vg_casestudy.stg_staging_intermediate__fx_rates"
[0m13:41:09.919341 [debug] [Thread-1 (]: On model.vg_casestudy.stg_staging_intermediate__fx_rates: /* {"app": "dbt", "dbt_version": "1.10.8", "profile_name": "default", "target_name": "dev", "node_id": "model.vg_casestudy.stg_staging_intermediate__fx_rates"} */
alter table "casestudy"."intermediate"."stg_staging_intermediate__fx_rates" rename to "stg_staging_intermediate__fx_rates__dbt_backup"
[0m13:41:09.920571 [debug] [Thread-1 (]: SQL status: OK in 0.000 seconds
[0m13:41:09.924893 [debug] [Thread-1 (]: Using duckdb connection "model.vg_casestudy.stg_staging_intermediate__fx_rates"
[0m13:41:09.926103 [debug] [Thread-1 (]: On model.vg_casestudy.stg_staging_intermediate__fx_rates: /* {"app": "dbt", "dbt_version": "1.10.8", "profile_name": "default", "target_name": "dev", "node_id": "model.vg_casestudy.stg_staging_intermediate__fx_rates"} */
alter table "casestudy"."intermediate"."stg_staging_intermediate__fx_rates__dbt_tmp" rename to "stg_staging_intermediate__fx_rates"
[0m13:41:09.927801 [debug] [Thread-1 (]: SQL status: OK in 0.000 seconds
[0m13:41:09.929624 [debug] [Thread-1 (]: On model.vg_casestudy.stg_staging_intermediate__fx_rates: COMMIT
[0m13:41:09.930969 [debug] [Thread-1 (]: Using duckdb connection "model.vg_casestudy.stg_staging_intermediate__fx_rates"
[0m13:41:09.932021 [debug] [Thread-1 (]: On model.vg_casestudy.stg_staging_intermediate__fx_rates: COMMIT
[0m13:41:09.938383 [debug] [Thread-1 (]: SQL status: OK in 0.005 seconds
[0m13:41:09.941270 [debug] [Thread-1 (]: Using duckdb connection "model.vg_casestudy.stg_staging_intermediate__fx_rates"
[0m13:41:09.942677 [debug] [Thread-1 (]: On model.vg_casestudy.stg_staging_intermediate__fx_rates: /* {"app": "dbt", "dbt_version": "1.10.8", "profile_name": "default", "target_name": "dev", "node_id": "model.vg_casestudy.stg_staging_intermediate__fx_rates"} */
drop table if exists "casestudy"."intermediate"."stg_staging_intermediate__fx_rates__dbt_backup" cascade
[0m13:41:09.945973 [debug] [Thread-1 (]: SQL status: OK in 0.002 seconds
[0m13:41:09.947802 [debug] [Thread-1 (]: On model.vg_casestudy.stg_staging_intermediate__fx_rates: Close
[0m13:41:09.974258 [debug] [Thread-1 (]: Sending event: {'category': 'dbt', 'action': 'run_model', 'label': 'f226b317-920c-499c-8b77-e6a27f356ba6', 'context': [<snowplow_tracker.self_describing_json.SelfDescribingJson object at 0x7b8bef98f350>]}
[0m13:41:09.975505 [info ] [Thread-1 (]: 9 of 11 OK created sql table model intermediate.stg_staging_intermediate__fx_rates  [[32mOK[0m in 0.12s]
[0m13:41:09.976617 [debug] [Thread-1 (]: Finished running node model.vg_casestudy.stg_staging_intermediate__fx_rates
[0m13:41:09.977465 [debug] [Thread-1 (]: Began running node model.vg_casestudy.stg_staging_intermediate__loans
[0m13:41:09.978341 [info ] [Thread-1 (]: 10 of 11 START sql table model intermediate.stg_staging_intermediate__loans .... [RUN]
[0m13:41:09.979366 [debug] [Thread-1 (]: Re-using an available connection from the pool (formerly model.vg_casestudy.stg_staging_intermediate__fx_rates, now model.vg_casestudy.stg_staging_intermediate__loans)
[0m13:41:09.979961 [debug] [Thread-1 (]: Began compiling node model.vg_casestudy.stg_staging_intermediate__loans
[0m13:41:09.982508 [debug] [Thread-1 (]: Writing injected SQL for node "model.vg_casestudy.stg_staging_intermediate__loans"
[0m13:41:09.993589 [debug] [Thread-1 (]: Began executing node model.vg_casestudy.stg_staging_intermediate__loans
[0m13:41:09.997032 [debug] [Thread-1 (]: Writing runtime sql for node "model.vg_casestudy.stg_staging_intermediate__loans"
[0m13:41:10.005640 [debug] [Thread-1 (]: Using duckdb connection "model.vg_casestudy.stg_staging_intermediate__loans"
[0m13:41:10.006901 [debug] [Thread-1 (]: On model.vg_casestudy.stg_staging_intermediate__loans: BEGIN
[0m13:41:10.007704 [debug] [Thread-1 (]: Opening a new connection, currently in state closed
[0m13:41:10.025103 [debug] [Thread-1 (]: SQL status: OK in 0.017 seconds
[0m13:41:10.026026 [debug] [Thread-1 (]: Using duckdb connection "model.vg_casestudy.stg_staging_intermediate__loans"
[0m13:41:10.026797 [debug] [Thread-1 (]: On model.vg_casestudy.stg_staging_intermediate__loans: /* {"app": "dbt", "dbt_version": "1.10.8", "profile_name": "default", "target_name": "dev", "node_id": "model.vg_casestudy.stg_staging_intermediate__loans"} */

  
    
    

    create  table
      "casestudy"."intermediate"."stg_staging_intermediate__loans__dbt_tmp"
  
    as (
      with staging as (
    select * from "casestudy"."staging"."stg_raw_staging__loans"
),

filtered as (
    select
        customer_id,
        loan_id,
        loan_amount,
        loan_type,
        interest_rate,
        loan_term,
        approval_rejection_date,
        loan_status
    from staging
    where not has_date_parsing_error
)

select * from filtered
    );
  
  
[0m13:41:10.041096 [debug] [Thread-1 (]: SQL status: OK in 0.013 seconds
[0m13:41:10.044978 [debug] [Thread-1 (]: Using duckdb connection "model.vg_casestudy.stg_staging_intermediate__loans"
[0m13:41:10.046064 [debug] [Thread-1 (]: On model.vg_casestudy.stg_staging_intermediate__loans: /* {"app": "dbt", "dbt_version": "1.10.8", "profile_name": "default", "target_name": "dev", "node_id": "model.vg_casestudy.stg_staging_intermediate__loans"} */
alter table "casestudy"."intermediate"."stg_staging_intermediate__loans" rename to "stg_staging_intermediate__loans__dbt_backup"
[0m13:41:10.047854 [debug] [Thread-1 (]: SQL status: OK in 0.001 seconds
[0m13:41:10.050848 [debug] [Thread-1 (]: Using duckdb connection "model.vg_casestudy.stg_staging_intermediate__loans"
[0m13:41:10.051985 [debug] [Thread-1 (]: On model.vg_casestudy.stg_staging_intermediate__loans: /* {"app": "dbt", "dbt_version": "1.10.8", "profile_name": "default", "target_name": "dev", "node_id": "model.vg_casestudy.stg_staging_intermediate__loans"} */
alter table "casestudy"."intermediate"."stg_staging_intermediate__loans__dbt_tmp" rename to "stg_staging_intermediate__loans"
[0m13:41:10.053247 [debug] [Thread-1 (]: SQL status: OK in 0.000 seconds
[0m13:41:10.054724 [debug] [Thread-1 (]: On model.vg_casestudy.stg_staging_intermediate__loans: COMMIT
[0m13:41:10.055612 [debug] [Thread-1 (]: Using duckdb connection "model.vg_casestudy.stg_staging_intermediate__loans"
[0m13:41:10.056404 [debug] [Thread-1 (]: On model.vg_casestudy.stg_staging_intermediate__loans: COMMIT
[0m13:41:10.066326 [debug] [Thread-1 (]: SQL status: OK in 0.009 seconds
[0m13:41:10.069164 [debug] [Thread-1 (]: Using duckdb connection "model.vg_casestudy.stg_staging_intermediate__loans"
[0m13:41:10.070227 [debug] [Thread-1 (]: On model.vg_casestudy.stg_staging_intermediate__loans: /* {"app": "dbt", "dbt_version": "1.10.8", "profile_name": "default", "target_name": "dev", "node_id": "model.vg_casestudy.stg_staging_intermediate__loans"} */
drop table if exists "casestudy"."intermediate"."stg_staging_intermediate__loans__dbt_backup" cascade
[0m13:41:10.073637 [debug] [Thread-1 (]: SQL status: OK in 0.002 seconds
[0m13:41:10.075107 [debug] [Thread-1 (]: On model.vg_casestudy.stg_staging_intermediate__loans: Close
[0m13:41:10.122168 [debug] [Thread-1 (]: Sending event: {'category': 'dbt', 'action': 'run_model', 'label': 'f226b317-920c-499c-8b77-e6a27f356ba6', 'context': [<snowplow_tracker.self_describing_json.SelfDescribingJson object at 0x7b8bef98c690>]}
[0m13:41:10.124141 [info ] [Thread-1 (]: 10 of 11 OK created sql table model intermediate.stg_staging_intermediate__loans  [[32mOK[0m in 0.14s]
[0m13:41:10.126056 [debug] [Thread-1 (]: Finished running node model.vg_casestudy.stg_staging_intermediate__loans
[0m13:41:10.127460 [debug] [Thread-1 (]: Began running node model.vg_casestudy.stg_staging_intermediate__transactions
[0m13:41:10.129305 [info ] [Thread-1 (]: 11 of 11 START sql table model intermediate.stg_staging_intermediate__transactions  [RUN]
[0m13:41:10.130979 [debug] [Thread-1 (]: Re-using an available connection from the pool (formerly model.vg_casestudy.stg_staging_intermediate__loans, now model.vg_casestudy.stg_staging_intermediate__transactions)
[0m13:41:10.132674 [debug] [Thread-1 (]: Began compiling node model.vg_casestudy.stg_staging_intermediate__transactions
[0m13:41:10.140969 [debug] [Thread-1 (]: Writing injected SQL for node "model.vg_casestudy.stg_staging_intermediate__transactions"
[0m13:41:10.159407 [debug] [Thread-1 (]: Began executing node model.vg_casestudy.stg_staging_intermediate__transactions
[0m13:41:10.166490 [debug] [Thread-1 (]: Writing runtime sql for node "model.vg_casestudy.stg_staging_intermediate__transactions"
[0m13:41:10.179987 [debug] [Thread-1 (]: Using duckdb connection "model.vg_casestudy.stg_staging_intermediate__transactions"
[0m13:41:10.181731 [debug] [Thread-1 (]: On model.vg_casestudy.stg_staging_intermediate__transactions: BEGIN
[0m13:41:10.182862 [debug] [Thread-1 (]: Opening a new connection, currently in state closed
[0m13:41:10.206425 [debug] [Thread-1 (]: SQL status: OK in 0.024 seconds
[0m13:41:10.207939 [debug] [Thread-1 (]: Using duckdb connection "model.vg_casestudy.stg_staging_intermediate__transactions"
[0m13:41:10.209596 [debug] [Thread-1 (]: On model.vg_casestudy.stg_staging_intermediate__transactions: /* {"app": "dbt", "dbt_version": "1.10.8", "profile_name": "default", "target_name": "dev", "node_id": "model.vg_casestudy.stg_staging_intermediate__transactions"} */

  
    
    

    create  table
      "casestudy"."intermediate"."stg_staging_intermediate__transactions__dbt_tmp"
  
    as (
      with staging as (
    select * from "casestudy"."staging"."stg_raw_staging__transactions"
),

filtered as (
    select
        transaction_id,
        transaction_date,
        account_id,
        transaction_type,
        transaction_amount,
        transaction_currency
    from staging
    where not has_date_parsing_error
)

select * from filtered
    );
  
  
[0m13:41:10.267592 [debug] [Thread-1 (]: SQL status: OK in 0.057 seconds
[0m13:41:10.270670 [debug] [Thread-1 (]: Using duckdb connection "model.vg_casestudy.stg_staging_intermediate__transactions"
[0m13:41:10.271853 [debug] [Thread-1 (]: On model.vg_casestudy.stg_staging_intermediate__transactions: /* {"app": "dbt", "dbt_version": "1.10.8", "profile_name": "default", "target_name": "dev", "node_id": "model.vg_casestudy.stg_staging_intermediate__transactions"} */
alter table "casestudy"."intermediate"."stg_staging_intermediate__transactions" rename to "stg_staging_intermediate__transactions__dbt_backup"
[0m13:41:10.273180 [debug] [Thread-1 (]: SQL status: OK in 0.000 seconds
[0m13:41:10.275998 [debug] [Thread-1 (]: Using duckdb connection "model.vg_casestudy.stg_staging_intermediate__transactions"
[0m13:41:10.277038 [debug] [Thread-1 (]: On model.vg_casestudy.stg_staging_intermediate__transactions: /* {"app": "dbt", "dbt_version": "1.10.8", "profile_name": "default", "target_name": "dev", "node_id": "model.vg_casestudy.stg_staging_intermediate__transactions"} */
alter table "casestudy"."intermediate"."stg_staging_intermediate__transactions__dbt_tmp" rename to "stg_staging_intermediate__transactions"
[0m13:41:10.278449 [debug] [Thread-1 (]: SQL status: OK in 0.000 seconds
[0m13:41:10.280075 [debug] [Thread-1 (]: On model.vg_casestudy.stg_staging_intermediate__transactions: COMMIT
[0m13:41:10.280953 [debug] [Thread-1 (]: Using duckdb connection "model.vg_casestudy.stg_staging_intermediate__transactions"
[0m13:41:10.281776 [debug] [Thread-1 (]: On model.vg_casestudy.stg_staging_intermediate__transactions: COMMIT
[0m13:41:10.332948 [debug] [Thread-1 (]: SQL status: OK in 0.050 seconds
[0m13:41:10.335991 [debug] [Thread-1 (]: Using duckdb connection "model.vg_casestudy.stg_staging_intermediate__transactions"
[0m13:41:10.337084 [debug] [Thread-1 (]: On model.vg_casestudy.stg_staging_intermediate__transactions: /* {"app": "dbt", "dbt_version": "1.10.8", "profile_name": "default", "target_name": "dev", "node_id": "model.vg_casestudy.stg_staging_intermediate__transactions"} */
drop table if exists "casestudy"."intermediate"."stg_staging_intermediate__transactions__dbt_backup" cascade
[0m13:41:10.340085 [debug] [Thread-1 (]: SQL status: OK in 0.002 seconds
[0m13:41:10.341504 [debug] [Thread-1 (]: On model.vg_casestudy.stg_staging_intermediate__transactions: Close
[0m13:41:10.385587 [debug] [Thread-1 (]: Sending event: {'category': 'dbt', 'action': 'run_model', 'label': 'f226b317-920c-499c-8b77-e6a27f356ba6', 'context': [<snowplow_tracker.self_describing_json.SelfDescribingJson object at 0x7b8c0d651650>]}
[0m13:41:10.387004 [info ] [Thread-1 (]: 11 of 11 OK created sql table model intermediate.stg_staging_intermediate__transactions  [[32mOK[0m in 0.25s]
[0m13:41:10.388213 [debug] [Thread-1 (]: Finished running node model.vg_casestudy.stg_staging_intermediate__transactions
[0m13:41:10.390258 [debug] [MainThread]: Using duckdb connection "master"
[0m13:41:10.391183 [debug] [MainThread]: On master: BEGIN
[0m13:41:10.391856 [debug] [MainThread]: Opening a new connection, currently in state closed
[0m13:41:10.413171 [debug] [MainThread]: SQL status: OK in 0.021 seconds
[0m13:41:10.414560 [debug] [MainThread]: On master: COMMIT
[0m13:41:10.415883 [debug] [MainThread]: Using duckdb connection "master"
[0m13:41:10.416775 [debug] [MainThread]: On master: COMMIT
[0m13:41:10.417966 [debug] [MainThread]: SQL status: OK in 0.000 seconds
[0m13:41:10.418901 [debug] [MainThread]: On master: Close
[0m13:41:10.422359 [debug] [MainThread]: Connection 'master' was properly closed.
[0m13:41:10.424002 [debug] [MainThread]: Connection 'list_casestudy_raw' was properly closed.
[0m13:41:10.424992 [debug] [MainThread]: Connection 'model.vg_casestudy.stg_staging_intermediate__transactions' was properly closed.
[0m13:41:10.426123 [info ] [MainThread]: 
[0m13:41:10.427382 [info ] [MainThread]: Finished running 6 table models, 5 view models in 0 hours 0 minutes and 3.97 seconds (3.97s).
[0m13:41:10.429091 [debug] [MainThread]: Command end result
[0m13:41:10.494586 [debug] [MainThread]: Wrote artifact WritableManifest to /workspaces/vg_case_study_data_analyst/transformation/target/manifest.json
[0m13:41:10.506052 [debug] [MainThread]: Wrote artifact SemanticManifest to /workspaces/vg_case_study_data_analyst/transformation/target/semantic_manifest.json
[0m13:41:10.514780 [debug] [MainThread]: Wrote artifact RunExecutionResult to /workspaces/vg_case_study_data_analyst/transformation/target/run_results.json
[0m13:41:10.515835 [info ] [MainThread]: 
[0m13:41:10.516573 [info ] [MainThread]: [32mCompleted successfully[0m
[0m13:41:10.517272 [info ] [MainThread]: 
[0m13:41:10.517921 [info ] [MainThread]: Done. PASS=11 WARN=0 ERROR=0 SKIP=0 NO-OP=0 TOTAL=11
[0m13:41:10.518761 [warn ] [MainThread]: [[33mWARNING[0m][DeprecationsSummary]: Deprecated functionality
Summary of encountered deprecations:
- MissingArgumentsPropertyInGenericTestDeprecation: 18 occurrences
To see all deprecation instances instead of just the first occurrence of each,
run command again with the `--show-all-deprecations` flag. You may also need to
run with `--no-partial-parse` as some deprecations are only encountered during
parsing.
[0m13:41:10.521054 [debug] [MainThread]: Resource report: {"command_name": "run", "command_success": true, "command_wall_clock_time": 16.487915, "process_in_blocks": "71840", "process_kernel_time": 1.478507, "process_mem_max_rss": "170232", "process_out_blocks": "96", "process_user_time": 4.193882}
[0m13:41:10.522039 [debug] [MainThread]: Command `dbt run` succeeded at 13:41:10.521912 after 16.49 seconds
[0m13:41:10.523405 [debug] [MainThread]: Sending event: {'category': 'dbt', 'action': 'invocation', 'label': 'end', 'context': [<snowplow_tracker.self_describing_json.SelfDescribingJson object at 0x7b8c12a1fd50>, <snowplow_tracker.self_describing_json.SelfDescribingJson object at 0x7b8c15d7ea90>, <snowplow_tracker.self_describing_json.SelfDescribingJson object at 0x7b8c15d63b10>]}
[0m13:41:10.524349 [debug] [MainThread]: Flushing usage events
[0m13:41:11.600893 [debug] [MainThread]: An error was encountered while trying to flush usage events
[0m13:42:18.451143 [debug] [MainThread]: Sending event: {'category': 'dbt', 'action': 'invocation', 'label': 'start', 'context': [<snowplow_tracker.self_describing_json.SelfDescribingJson object at 0x7e9ad73773d0>, <snowplow_tracker.self_describing_json.SelfDescribingJson object at 0x7e9ad876f590>, <snowplow_tracker.self_describing_json.SelfDescribingJson object at 0x7e9ad73e6b10>]}


============================== 13:42:18.457710 | fa44e044-1f40-4ca6-810a-42c7c3211671 ==============================
[0m13:42:18.457710 [info ] [MainThread]: Running with dbt=1.10.8
[0m13:42:18.458642 [debug] [MainThread]: running dbt with arguments {'printer_width': '80', 'indirect_selection': 'eager', 'write_json': 'True', 'log_cache_events': 'False', 'partial_parse': 'True', 'cache_selected_only': 'False', 'warn_error': 'None', 'fail_fast': 'False', 'debug': 'False', 'log_path': '/workspaces/vg_case_study_data_analyst/transformation/logs', 'version_check': 'True', 'profiles_dir': '/workspaces/vg_case_study_data_analyst/transformation', 'use_colors': 'True', 'use_experimental_parser': 'False', 'no_print': 'None', 'quiet': 'False', 'empty': 'None', 'log_format': 'default', 'introspect': 'True', 'warn_error_options': 'WarnErrorOptionsV2(error=[], warn=[], silence=[])', 'static_parser': 'True', 'target_path': 'None', 'invocation_command': 'dbt test', 'send_anonymous_usage_stats': 'True'}
[0m13:42:18.984865 [debug] [MainThread]: Sending event: {'category': 'dbt', 'action': 'project_id', 'label': 'fa44e044-1f40-4ca6-810a-42c7c3211671', 'context': [<snowplow_tracker.self_describing_json.SelfDescribingJson object at 0x7e9ad7235710>]}
[0m13:42:19.032881 [debug] [MainThread]: Sending event: {'category': 'dbt', 'action': 'adapter_info', 'label': 'fa44e044-1f40-4ca6-810a-42c7c3211671', 'context': [<snowplow_tracker.self_describing_json.SelfDescribingJson object at 0x7e9ad9f6ccd0>]}
[0m13:42:19.042871 [info ] [MainThread]: Registered adapter: duckdb=1.8.4
[0m13:42:24.180828 [debug] [MainThread]: checksum: 265d66e81f90af29a7a28579c9b54d938c94f4a57c57be5f853267ae509b5fcb, vars: {}, profile: , target: , version: 1.10.8
[0m13:42:27.308765 [debug] [MainThread]: Partial parsing enabled: 0 files deleted, 0 files added, 0 files changed.
[0m13:42:27.309598 [debug] [MainThread]: Partial parsing enabled, no changes found, skipping parsing
[0m13:42:27.314680 [warn ] [MainThread]: [[33mWARNING[0m]: Configuration paths exist in your dbt_project.yml file which do not apply to any resources.
There are 3 unused configuration paths:
- models.vg_casestudy.reporting
- models.vg_casestudy.marts
- models.vg_casestudy.main
[0m13:42:27.364332 [debug] [MainThread]: Sending event: {'category': 'dbt', 'action': 'load_project', 'label': 'fa44e044-1f40-4ca6-810a-42c7c3211671', 'context': [<snowplow_tracker.self_describing_json.SelfDescribingJson object at 0x7e9ad2ff0610>]}
[0m13:42:27.509585 [debug] [MainThread]: Wrote artifact WritableManifest to /workspaces/vg_case_study_data_analyst/transformation/target/manifest.json
[0m13:42:27.517097 [debug] [MainThread]: Wrote artifact SemanticManifest to /workspaces/vg_case_study_data_analyst/transformation/target/semantic_manifest.json
[0m13:42:27.670643 [debug] [MainThread]: Sending event: {'category': 'dbt', 'action': 'resource_counts', 'label': 'fa44e044-1f40-4ca6-810a-42c7c3211671', 'context': [<snowplow_tracker.self_describing_json.SelfDescribingJson object at 0x7e9ad2f34810>]}
[0m13:42:27.671479 [info ] [MainThread]: Found 11 models, 1 analysis, 2 seeds, 71 data tests, 5 sources, 707 macros
[0m13:42:27.672347 [debug] [MainThread]: Sending event: {'category': 'dbt', 'action': 'runnable_timing', 'label': 'fa44e044-1f40-4ca6-810a-42c7c3211671', 'context': [<snowplow_tracker.self_describing_json.SelfDescribingJson object at 0x7e9ad31b65d0>]}
[0m13:42:27.676461 [info ] [MainThread]: 
[0m13:42:27.677470 [info ] [MainThread]: Concurrency: 1 threads (target='dev')
[0m13:42:27.678079 [info ] [MainThread]: 
[0m13:42:27.679336 [debug] [MainThread]: Acquiring new duckdb connection 'master'
[0m13:42:27.690419 [debug] [ThreadPool]: Acquiring new duckdb connection 'list_casestudy_intermediate'
[0m13:42:29.323203 [debug] [ThreadPool]: Using duckdb connection "list_casestudy_intermediate"
[0m13:42:29.323963 [debug] [ThreadPool]: On list_casestudy_intermediate: BEGIN
[0m13:42:29.324664 [debug] [ThreadPool]: Opening a new connection, currently in state init
[0m13:42:29.414850 [debug] [ThreadPool]: SQL status: OK in 0.090 seconds
[0m13:42:29.415666 [debug] [ThreadPool]: Using duckdb connection "list_casestudy_intermediate"
[0m13:42:29.416324 [debug] [ThreadPool]: On list_casestudy_intermediate: /* {"app": "dbt", "dbt_version": "1.10.8", "profile_name": "default", "target_name": "dev", "connection_name": "list_casestudy_intermediate"} */
select
      'casestudy' as database,
      table_name as name,
      table_schema as schema,
      CASE table_type
        WHEN 'BASE TABLE' THEN 'table'
        WHEN 'VIEW' THEN 'view'
        WHEN 'LOCAL TEMPORARY' THEN 'table'
        END as type
    from system.information_schema.tables
    where table_schema = 'intermediate'
    and table_catalog = 'casestudy'
  
[0m13:42:29.436813 [debug] [ThreadPool]: SQL status: OK in 0.020 seconds
[0m13:42:29.438519 [debug] [ThreadPool]: On list_casestudy_intermediate: ROLLBACK
[0m13:42:29.442930 [debug] [ThreadPool]: Failed to rollback 'list_casestudy_intermediate'
[0m13:42:29.443588 [debug] [ThreadPool]: On list_casestudy_intermediate: Close
[0m13:42:29.447248 [debug] [ThreadPool]: Re-using an available connection from the pool (formerly list_casestudy_intermediate, now list_casestudy_staging)
[0m13:42:29.450004 [debug] [ThreadPool]: Using duckdb connection "list_casestudy_staging"
[0m13:42:29.450655 [debug] [ThreadPool]: On list_casestudy_staging: BEGIN
[0m13:42:29.451267 [debug] [ThreadPool]: Opening a new connection, currently in state closed
[0m13:42:29.464836 [debug] [ThreadPool]: SQL status: OK in 0.014 seconds
[0m13:42:29.465687 [debug] [ThreadPool]: Using duckdb connection "list_casestudy_staging"
[0m13:42:29.466352 [debug] [ThreadPool]: On list_casestudy_staging: /* {"app": "dbt", "dbt_version": "1.10.8", "profile_name": "default", "target_name": "dev", "connection_name": "list_casestudy_staging"} */
select
      'casestudy' as database,
      table_name as name,
      table_schema as schema,
      CASE table_type
        WHEN 'BASE TABLE' THEN 'table'
        WHEN 'VIEW' THEN 'view'
        WHEN 'LOCAL TEMPORARY' THEN 'table'
        END as type
    from system.information_schema.tables
    where table_schema = 'staging'
    and table_catalog = 'casestudy'
  
[0m13:42:29.473047 [debug] [ThreadPool]: SQL status: OK in 0.006 seconds
[0m13:42:29.474636 [debug] [ThreadPool]: On list_casestudy_staging: ROLLBACK
[0m13:42:29.476435 [debug] [ThreadPool]: Failed to rollback 'list_casestudy_staging'
[0m13:42:29.477052 [debug] [ThreadPool]: On list_casestudy_staging: Close
[0m13:42:29.479803 [debug] [ThreadPool]: Re-using an available connection from the pool (formerly list_casestudy_staging, now list_casestudy_raw)
[0m13:42:29.482286 [debug] [ThreadPool]: Using duckdb connection "list_casestudy_raw"
[0m13:42:29.482973 [debug] [ThreadPool]: On list_casestudy_raw: BEGIN
[0m13:42:29.483495 [debug] [ThreadPool]: Opening a new connection, currently in state closed
[0m13:42:29.498149 [debug] [ThreadPool]: SQL status: OK in 0.015 seconds
[0m13:42:29.499316 [debug] [ThreadPool]: Using duckdb connection "list_casestudy_raw"
[0m13:42:29.499972 [debug] [ThreadPool]: On list_casestudy_raw: /* {"app": "dbt", "dbt_version": "1.10.8", "profile_name": "default", "target_name": "dev", "connection_name": "list_casestudy_raw"} */
select
      'casestudy' as database,
      table_name as name,
      table_schema as schema,
      CASE table_type
        WHEN 'BASE TABLE' THEN 'table'
        WHEN 'VIEW' THEN 'view'
        WHEN 'LOCAL TEMPORARY' THEN 'table'
        END as type
    from system.information_schema.tables
    where table_schema = 'raw'
    and table_catalog = 'casestudy'
  
[0m13:42:29.507443 [debug] [ThreadPool]: SQL status: OK in 0.007 seconds
[0m13:42:29.509508 [debug] [ThreadPool]: On list_casestudy_raw: ROLLBACK
[0m13:42:29.511549 [debug] [ThreadPool]: Failed to rollback 'list_casestudy_raw'
[0m13:42:29.512248 [debug] [ThreadPool]: On list_casestudy_raw: Close
[0m13:42:29.515594 [debug] [MainThread]: Sending event: {'category': 'dbt', 'action': 'runnable_timing', 'label': 'fa44e044-1f40-4ca6-810a-42c7c3211671', 'context': [<snowplow_tracker.self_describing_json.SelfDescribingJson object at 0x7e9ad2d81210>]}
[0m13:42:29.516797 [debug] [MainThread]: Using duckdb connection "master"
[0m13:42:29.521927 [debug] [MainThread]: On master: BEGIN
[0m13:42:29.522957 [debug] [MainThread]: Opening a new connection, currently in state init
[0m13:42:29.549277 [debug] [MainThread]: SQL status: OK in 0.026 seconds
[0m13:42:29.551831 [debug] [MainThread]: On master: COMMIT
[0m13:42:29.553258 [debug] [MainThread]: Using duckdb connection "master"
[0m13:42:29.554346 [debug] [MainThread]: On master: COMMIT
[0m13:42:29.555735 [debug] [MainThread]: SQL status: OK in 0.000 seconds
[0m13:42:29.557123 [debug] [MainThread]: On master: Close
[0m13:42:29.565195 [debug] [Thread-1 (]: Began running node test.vg_casestudy.accepted_values_stg_raw_staging__accounts_account_type__savings__current.8db4e271bb
[0m13:42:29.568456 [info ] [Thread-1 (]: 1 of 71 START test accepted_values_stg_raw_staging__accounts_account_type__savings__current  [RUN]
[0m13:42:29.570018 [debug] [Thread-1 (]: Acquiring new duckdb connection 'test.vg_casestudy.accepted_values_stg_raw_staging__accounts_account_type__savings__current.8db4e271bb'
[0m13:42:29.572013 [debug] [Thread-1 (]: Began compiling node test.vg_casestudy.accepted_values_stg_raw_staging__accounts_account_type__savings__current.8db4e271bb
[0m13:42:29.594786 [debug] [Thread-1 (]: Writing injected SQL for node "test.vg_casestudy.accepted_values_stg_raw_staging__accounts_account_type__savings__current.8db4e271bb"
[0m13:42:29.613316 [debug] [Thread-1 (]: Began executing node test.vg_casestudy.accepted_values_stg_raw_staging__accounts_account_type__savings__current.8db4e271bb
[0m13:42:29.631599 [debug] [Thread-1 (]: Writing runtime sql for node "test.vg_casestudy.accepted_values_stg_raw_staging__accounts_account_type__savings__current.8db4e271bb"
[0m13:42:29.650930 [debug] [Thread-1 (]: Using duckdb connection "test.vg_casestudy.accepted_values_stg_raw_staging__accounts_account_type__savings__current.8db4e271bb"
[0m13:42:29.652200 [debug] [Thread-1 (]: On test.vg_casestudy.accepted_values_stg_raw_staging__accounts_account_type__savings__current.8db4e271bb: BEGIN
[0m13:42:29.653240 [debug] [Thread-1 (]: Opening a new connection, currently in state init
[0m13:42:29.676685 [debug] [Thread-1 (]: SQL status: OK in 0.023 seconds
[0m13:42:29.677936 [debug] [Thread-1 (]: Using duckdb connection "test.vg_casestudy.accepted_values_stg_raw_staging__accounts_account_type__savings__current.8db4e271bb"
[0m13:42:29.679144 [debug] [Thread-1 (]: On test.vg_casestudy.accepted_values_stg_raw_staging__accounts_account_type__savings__current.8db4e271bb: /* {"app": "dbt", "dbt_version": "1.10.8", "profile_name": "default", "target_name": "dev", "node_id": "test.vg_casestudy.accepted_values_stg_raw_staging__accounts_account_type__savings__current.8db4e271bb"} */

    select
      count(*) as failures,
      count(*) != 0 as should_warn,
      count(*) != 0 as should_error
    from (
      
    
  
    
    

with all_values as (

    select
        account_type as value_field,
        count(*) as n_records

    from "casestudy"."staging"."stg_raw_staging__accounts"
    group by account_type

)

select *
from all_values
where value_field not in (
    'savings','current'
)



  
  
      
    ) dbt_internal_test
[0m13:42:29.695886 [debug] [Thread-1 (]: SQL status: OK in 0.015 seconds
[0m13:42:29.699894 [debug] [Thread-1 (]: On test.vg_casestudy.accepted_values_stg_raw_staging__accounts_account_type__savings__current.8db4e271bb: ROLLBACK
[0m13:42:29.702783 [debug] [Thread-1 (]: Failed to rollback 'test.vg_casestudy.accepted_values_stg_raw_staging__accounts_account_type__savings__current.8db4e271bb'
[0m13:42:29.703596 [debug] [Thread-1 (]: On test.vg_casestudy.accepted_values_stg_raw_staging__accounts_account_type__savings__current.8db4e271bb: Close
[0m13:42:29.706889 [info ] [Thread-1 (]: 1 of 71 PASS accepted_values_stg_raw_staging__accounts_account_type__savings__current  [[32mPASS[0m in 0.14s]
[0m13:42:29.708337 [debug] [Thread-1 (]: Finished running node test.vg_casestudy.accepted_values_stg_raw_staging__accounts_account_type__savings__current.8db4e271bb
[0m13:42:29.709355 [debug] [Thread-1 (]: Began running node test.vg_casestudy.accepted_values_stg_raw_staging__loans_loan_status__approved__rejected__closed.667473d6c1
[0m13:42:29.710215 [info ] [Thread-1 (]: 2 of 71 START test accepted_values_stg_raw_staging__loans_loan_status__approved__rejected__closed  [RUN]
[0m13:42:29.711430 [debug] [Thread-1 (]: Re-using an available connection from the pool (formerly test.vg_casestudy.accepted_values_stg_raw_staging__accounts_account_type__savings__current.8db4e271bb, now test.vg_casestudy.accepted_values_stg_raw_staging__loans_loan_status__approved__rejected__closed.667473d6c1)
[0m13:42:29.712514 [debug] [Thread-1 (]: Began compiling node test.vg_casestudy.accepted_values_stg_raw_staging__loans_loan_status__approved__rejected__closed.667473d6c1
[0m13:42:29.717901 [debug] [Thread-1 (]: Writing injected SQL for node "test.vg_casestudy.accepted_values_stg_raw_staging__loans_loan_status__approved__rejected__closed.667473d6c1"
[0m13:42:29.736817 [debug] [Thread-1 (]: Began executing node test.vg_casestudy.accepted_values_stg_raw_staging__loans_loan_status__approved__rejected__closed.667473d6c1
[0m13:42:29.739739 [debug] [Thread-1 (]: Writing runtime sql for node "test.vg_casestudy.accepted_values_stg_raw_staging__loans_loan_status__approved__rejected__closed.667473d6c1"
[0m13:42:29.754590 [debug] [Thread-1 (]: Using duckdb connection "test.vg_casestudy.accepted_values_stg_raw_staging__loans_loan_status__approved__rejected__closed.667473d6c1"
[0m13:42:29.755505 [debug] [Thread-1 (]: On test.vg_casestudy.accepted_values_stg_raw_staging__loans_loan_status__approved__rejected__closed.667473d6c1: BEGIN
[0m13:42:29.756250 [debug] [Thread-1 (]: Opening a new connection, currently in state closed
[0m13:42:29.782592 [debug] [Thread-1 (]: SQL status: OK in 0.026 seconds
[0m13:42:29.785334 [debug] [Thread-1 (]: Using duckdb connection "test.vg_casestudy.accepted_values_stg_raw_staging__loans_loan_status__approved__rejected__closed.667473d6c1"
[0m13:42:29.786893 [debug] [Thread-1 (]: On test.vg_casestudy.accepted_values_stg_raw_staging__loans_loan_status__approved__rejected__closed.667473d6c1: /* {"app": "dbt", "dbt_version": "1.10.8", "profile_name": "default", "target_name": "dev", "node_id": "test.vg_casestudy.accepted_values_stg_raw_staging__loans_loan_status__approved__rejected__closed.667473d6c1"} */

    select
      count(*) as failures,
      count(*) != 0 as should_warn,
      count(*) != 0 as should_error
    from (
      
    
  
    
    

with all_values as (

    select
        loan_status as value_field,
        count(*) as n_records

    from "casestudy"."staging"."stg_raw_staging__loans"
    group by loan_status

)

select *
from all_values
where value_field not in (
    'approved','rejected','closed'
)



  
  
      
    ) dbt_internal_test
[0m13:42:29.795340 [debug] [Thread-1 (]: SQL status: OK in 0.007 seconds
[0m13:42:29.798471 [debug] [Thread-1 (]: On test.vg_casestudy.accepted_values_stg_raw_staging__loans_loan_status__approved__rejected__closed.667473d6c1: ROLLBACK
[0m13:42:29.804414 [debug] [Thread-1 (]: Failed to rollback 'test.vg_casestudy.accepted_values_stg_raw_staging__loans_loan_status__approved__rejected__closed.667473d6c1'
[0m13:42:29.806188 [debug] [Thread-1 (]: On test.vg_casestudy.accepted_values_stg_raw_staging__loans_loan_status__approved__rejected__closed.667473d6c1: Close
[0m13:42:29.810963 [info ] [Thread-1 (]: 2 of 71 PASS accepted_values_stg_raw_staging__loans_loan_status__approved__rejected__closed  [[32mPASS[0m in 0.10s]
[0m13:42:29.812342 [debug] [Thread-1 (]: Finished running node test.vg_casestudy.accepted_values_stg_raw_staging__loans_loan_status__approved__rejected__closed.667473d6c1
[0m13:42:29.813480 [debug] [Thread-1 (]: Began running node test.vg_casestudy.accepted_values_stg_raw_staging__loans_loan_term__12__24__36__48__60.88d346fe3c
[0m13:42:29.814593 [info ] [Thread-1 (]: 3 of 71 START test accepted_values_stg_raw_staging__loans_loan_term__12__24__36__48__60  [RUN]
[0m13:42:29.815490 [debug] [Thread-1 (]: Re-using an available connection from the pool (formerly test.vg_casestudy.accepted_values_stg_raw_staging__loans_loan_status__approved__rejected__closed.667473d6c1, now test.vg_casestudy.accepted_values_stg_raw_staging__loans_loan_term__12__24__36__48__60.88d346fe3c)
[0m13:42:29.816420 [debug] [Thread-1 (]: Began compiling node test.vg_casestudy.accepted_values_stg_raw_staging__loans_loan_term__12__24__36__48__60.88d346fe3c
[0m13:42:29.821122 [debug] [Thread-1 (]: Writing injected SQL for node "test.vg_casestudy.accepted_values_stg_raw_staging__loans_loan_term__12__24__36__48__60.88d346fe3c"
[0m13:42:29.835638 [debug] [Thread-1 (]: Began executing node test.vg_casestudy.accepted_values_stg_raw_staging__loans_loan_term__12__24__36__48__60.88d346fe3c
[0m13:42:29.838419 [debug] [Thread-1 (]: Writing runtime sql for node "test.vg_casestudy.accepted_values_stg_raw_staging__loans_loan_term__12__24__36__48__60.88d346fe3c"
[0m13:42:29.849991 [debug] [Thread-1 (]: Using duckdb connection "test.vg_casestudy.accepted_values_stg_raw_staging__loans_loan_term__12__24__36__48__60.88d346fe3c"
[0m13:42:29.851130 [debug] [Thread-1 (]: On test.vg_casestudy.accepted_values_stg_raw_staging__loans_loan_term__12__24__36__48__60.88d346fe3c: BEGIN
[0m13:42:29.852461 [debug] [Thread-1 (]: Opening a new connection, currently in state closed
[0m13:42:29.873232 [debug] [Thread-1 (]: SQL status: OK in 0.021 seconds
[0m13:42:29.874449 [debug] [Thread-1 (]: Using duckdb connection "test.vg_casestudy.accepted_values_stg_raw_staging__loans_loan_term__12__24__36__48__60.88d346fe3c"
[0m13:42:29.875321 [debug] [Thread-1 (]: On test.vg_casestudy.accepted_values_stg_raw_staging__loans_loan_term__12__24__36__48__60.88d346fe3c: /* {"app": "dbt", "dbt_version": "1.10.8", "profile_name": "default", "target_name": "dev", "node_id": "test.vg_casestudy.accepted_values_stg_raw_staging__loans_loan_term__12__24__36__48__60.88d346fe3c"} */

    select
      count(*) as failures,
      count(*) != 0 as should_warn,
      count(*) != 0 as should_error
    from (
      
    
  
    
    

with all_values as (

    select
        loan_term as value_field,
        count(*) as n_records

    from "casestudy"."staging"."stg_raw_staging__loans"
    group by loan_term

)

select *
from all_values
where value_field not in (
    '12','24','36','48','60'
)



  
  
      
    ) dbt_internal_test
[0m13:42:29.885836 [debug] [Thread-1 (]: SQL status: OK in 0.009 seconds
[0m13:42:29.888315 [debug] [Thread-1 (]: On test.vg_casestudy.accepted_values_stg_raw_staging__loans_loan_term__12__24__36__48__60.88d346fe3c: ROLLBACK
[0m13:42:29.892020 [debug] [Thread-1 (]: Failed to rollback 'test.vg_casestudy.accepted_values_stg_raw_staging__loans_loan_term__12__24__36__48__60.88d346fe3c'
[0m13:42:29.893175 [debug] [Thread-1 (]: On test.vg_casestudy.accepted_values_stg_raw_staging__loans_loan_term__12__24__36__48__60.88d346fe3c: Close
[0m13:42:29.896821 [info ] [Thread-1 (]: 3 of 71 PASS accepted_values_stg_raw_staging__loans_loan_term__12__24__36__48__60  [[32mPASS[0m in 0.08s]
[0m13:42:29.897939 [debug] [Thread-1 (]: Finished running node test.vg_casestudy.accepted_values_stg_raw_staging__loans_loan_term__12__24__36__48__60.88d346fe3c
[0m13:42:29.899286 [debug] [Thread-1 (]: Began running node test.vg_casestudy.accepted_values_stg_raw_staging__loans_loan_type__personal__mortgage__auto.f98f448e68
[0m13:42:29.900388 [info ] [Thread-1 (]: 4 of 71 START test accepted_values_stg_raw_staging__loans_loan_type__personal__mortgage__auto  [RUN]
[0m13:42:29.901552 [debug] [Thread-1 (]: Re-using an available connection from the pool (formerly test.vg_casestudy.accepted_values_stg_raw_staging__loans_loan_term__12__24__36__48__60.88d346fe3c, now test.vg_casestudy.accepted_values_stg_raw_staging__loans_loan_type__personal__mortgage__auto.f98f448e68)
[0m13:42:29.902696 [debug] [Thread-1 (]: Began compiling node test.vg_casestudy.accepted_values_stg_raw_staging__loans_loan_type__personal__mortgage__auto.f98f448e68
[0m13:42:29.908135 [debug] [Thread-1 (]: Writing injected SQL for node "test.vg_casestudy.accepted_values_stg_raw_staging__loans_loan_type__personal__mortgage__auto.f98f448e68"
[0m13:42:29.922543 [debug] [Thread-1 (]: Began executing node test.vg_casestudy.accepted_values_stg_raw_staging__loans_loan_type__personal__mortgage__auto.f98f448e68
[0m13:42:29.926574 [debug] [Thread-1 (]: Writing runtime sql for node "test.vg_casestudy.accepted_values_stg_raw_staging__loans_loan_type__personal__mortgage__auto.f98f448e68"
[0m13:42:29.936592 [debug] [Thread-1 (]: Using duckdb connection "test.vg_casestudy.accepted_values_stg_raw_staging__loans_loan_type__personal__mortgage__auto.f98f448e68"
[0m13:42:29.937507 [debug] [Thread-1 (]: On test.vg_casestudy.accepted_values_stg_raw_staging__loans_loan_type__personal__mortgage__auto.f98f448e68: BEGIN
[0m13:42:29.938282 [debug] [Thread-1 (]: Opening a new connection, currently in state closed
[0m13:42:29.955694 [debug] [Thread-1 (]: SQL status: OK in 0.017 seconds
[0m13:42:29.956745 [debug] [Thread-1 (]: Using duckdb connection "test.vg_casestudy.accepted_values_stg_raw_staging__loans_loan_type__personal__mortgage__auto.f98f448e68"
[0m13:42:29.957632 [debug] [Thread-1 (]: On test.vg_casestudy.accepted_values_stg_raw_staging__loans_loan_type__personal__mortgage__auto.f98f448e68: /* {"app": "dbt", "dbt_version": "1.10.8", "profile_name": "default", "target_name": "dev", "node_id": "test.vg_casestudy.accepted_values_stg_raw_staging__loans_loan_type__personal__mortgage__auto.f98f448e68"} */

    select
      count(*) as failures,
      count(*) != 0 as should_warn,
      count(*) != 0 as should_error
    from (
      
    
  
    
    

with all_values as (

    select
        loan_type as value_field,
        count(*) as n_records

    from "casestudy"."staging"."stg_raw_staging__loans"
    group by loan_type

)

select *
from all_values
where value_field not in (
    'personal','mortgage','auto'
)



  
  
      
    ) dbt_internal_test
[0m13:42:29.961967 [debug] [Thread-1 (]: SQL status: OK in 0.003 seconds
[0m13:42:29.964023 [debug] [Thread-1 (]: On test.vg_casestudy.accepted_values_stg_raw_staging__loans_loan_type__personal__mortgage__auto.f98f448e68: ROLLBACK
[0m13:42:29.967601 [debug] [Thread-1 (]: Failed to rollback 'test.vg_casestudy.accepted_values_stg_raw_staging__loans_loan_type__personal__mortgage__auto.f98f448e68'
[0m13:42:29.968598 [debug] [Thread-1 (]: On test.vg_casestudy.accepted_values_stg_raw_staging__loans_loan_type__personal__mortgage__auto.f98f448e68: Close
[0m13:42:29.971623 [info ] [Thread-1 (]: 4 of 71 PASS accepted_values_stg_raw_staging__loans_loan_type__personal__mortgage__auto  [[32mPASS[0m in 0.07s]
[0m13:42:29.972710 [debug] [Thread-1 (]: Finished running node test.vg_casestudy.accepted_values_stg_raw_staging__loans_loan_type__personal__mortgage__auto.f98f448e68
[0m13:42:29.973572 [debug] [Thread-1 (]: Began running node test.vg_casestudy.accepted_values_stg_raw_staging__transactions_transaction_type__transfer__deposit__withdrawal.9d791cc0ee
[0m13:42:29.974356 [info ] [Thread-1 (]: 5 of 71 START test accepted_values_stg_raw_staging__transactions_transaction_type__transfer__deposit__withdrawal  [RUN]
[0m13:42:29.975195 [debug] [Thread-1 (]: Re-using an available connection from the pool (formerly test.vg_casestudy.accepted_values_stg_raw_staging__loans_loan_type__personal__mortgage__auto.f98f448e68, now test.vg_casestudy.accepted_values_stg_raw_staging__transactions_transaction_type__transfer__deposit__withdrawal.9d791cc0ee)
[0m13:42:29.975941 [debug] [Thread-1 (]: Began compiling node test.vg_casestudy.accepted_values_stg_raw_staging__transactions_transaction_type__transfer__deposit__withdrawal.9d791cc0ee
[0m13:42:29.980542 [debug] [Thread-1 (]: Writing injected SQL for node "test.vg_casestudy.accepted_values_stg_raw_staging__transactions_transaction_type__transfer__deposit__withdrawal.9d791cc0ee"
[0m13:42:29.998866 [debug] [Thread-1 (]: Began executing node test.vg_casestudy.accepted_values_stg_raw_staging__transactions_transaction_type__transfer__deposit__withdrawal.9d791cc0ee
[0m13:42:30.001849 [debug] [Thread-1 (]: Writing runtime sql for node "test.vg_casestudy.accepted_values_stg_raw_staging__transactions_transaction_type__transfer__deposit__withdrawal.9d791cc0ee"
[0m13:42:30.017640 [debug] [Thread-1 (]: Using duckdb connection "test.vg_casestudy.accepted_values_stg_raw_staging__transactions_transaction_type__transfer__deposit__withdrawal.9d791cc0ee"
[0m13:42:30.018654 [debug] [Thread-1 (]: On test.vg_casestudy.accepted_values_stg_raw_staging__transactions_transaction_type__transfer__deposit__withdrawal.9d791cc0ee: BEGIN
[0m13:42:30.019525 [debug] [Thread-1 (]: Opening a new connection, currently in state closed
[0m13:42:30.037925 [debug] [Thread-1 (]: SQL status: OK in 0.018 seconds
[0m13:42:30.039013 [debug] [Thread-1 (]: Using duckdb connection "test.vg_casestudy.accepted_values_stg_raw_staging__transactions_transaction_type__transfer__deposit__withdrawal.9d791cc0ee"
[0m13:42:30.039882 [debug] [Thread-1 (]: On test.vg_casestudy.accepted_values_stg_raw_staging__transactions_transaction_type__transfer__deposit__withdrawal.9d791cc0ee: /* {"app": "dbt", "dbt_version": "1.10.8", "profile_name": "default", "target_name": "dev", "node_id": "test.vg_casestudy.accepted_values_stg_raw_staging__transactions_transaction_type__transfer__deposit__withdrawal.9d791cc0ee"} */

    select
      count(*) as failures,
      count(*) != 0 as should_warn,
      count(*) != 0 as should_error
    from (
      
    
  
    
    

with all_values as (

    select
        transaction_type as value_field,
        count(*) as n_records

    from "casestudy"."staging"."stg_raw_staging__transactions"
    group by transaction_type

)

select *
from all_values
where value_field not in (
    'transfer','deposit','withdrawal'
)



  
  
      
    ) dbt_internal_test
[0m13:42:30.050006 [debug] [Thread-1 (]: SQL status: OK in 0.009 seconds
[0m13:42:30.052456 [debug] [Thread-1 (]: On test.vg_casestudy.accepted_values_stg_raw_staging__transactions_transaction_type__transfer__deposit__withdrawal.9d791cc0ee: ROLLBACK
[0m13:42:30.055548 [debug] [Thread-1 (]: Failed to rollback 'test.vg_casestudy.accepted_values_stg_raw_staging__transactions_transaction_type__transfer__deposit__withdrawal.9d791cc0ee'
[0m13:42:30.056418 [debug] [Thread-1 (]: On test.vg_casestudy.accepted_values_stg_raw_staging__transactions_transaction_type__transfer__deposit__withdrawal.9d791cc0ee: Close
[0m13:42:30.059515 [info ] [Thread-1 (]: 5 of 71 PASS accepted_values_stg_raw_staging__transactions_transaction_type__transfer__deposit__withdrawal  [[32mPASS[0m in 0.08s]
[0m13:42:30.060637 [debug] [Thread-1 (]: Finished running node test.vg_casestudy.accepted_values_stg_raw_staging__transactions_transaction_type__transfer__deposit__withdrawal.9d791cc0ee
[0m13:42:30.061569 [debug] [Thread-1 (]: Began running node test.vg_casestudy.accepted_values_stg_staging_intermediate__loans_loan_status__approved__rejected__closed.3143a4d227
[0m13:42:30.062378 [info ] [Thread-1 (]: 6 of 71 START test accepted_values_stg_staging_intermediate__loans_loan_status__approved__rejected__closed  [RUN]
[0m13:42:30.063119 [debug] [Thread-1 (]: Re-using an available connection from the pool (formerly test.vg_casestudy.accepted_values_stg_raw_staging__transactions_transaction_type__transfer__deposit__withdrawal.9d791cc0ee, now test.vg_casestudy.accepted_values_stg_staging_intermediate__loans_loan_status__approved__rejected__closed.3143a4d227)
[0m13:42:30.063921 [debug] [Thread-1 (]: Began compiling node test.vg_casestudy.accepted_values_stg_staging_intermediate__loans_loan_status__approved__rejected__closed.3143a4d227
[0m13:42:30.068363 [debug] [Thread-1 (]: Writing injected SQL for node "test.vg_casestudy.accepted_values_stg_staging_intermediate__loans_loan_status__approved__rejected__closed.3143a4d227"
[0m13:42:30.087376 [debug] [Thread-1 (]: Began executing node test.vg_casestudy.accepted_values_stg_staging_intermediate__loans_loan_status__approved__rejected__closed.3143a4d227
[0m13:42:30.090229 [debug] [Thread-1 (]: Writing runtime sql for node "test.vg_casestudy.accepted_values_stg_staging_intermediate__loans_loan_status__approved__rejected__closed.3143a4d227"
[0m13:42:30.108467 [debug] [Thread-1 (]: Using duckdb connection "test.vg_casestudy.accepted_values_stg_staging_intermediate__loans_loan_status__approved__rejected__closed.3143a4d227"
[0m13:42:30.109652 [debug] [Thread-1 (]: On test.vg_casestudy.accepted_values_stg_staging_intermediate__loans_loan_status__approved__rejected__closed.3143a4d227: BEGIN
[0m13:42:30.110850 [debug] [Thread-1 (]: Opening a new connection, currently in state closed
[0m13:42:30.129975 [debug] [Thread-1 (]: SQL status: OK in 0.019 seconds
[0m13:42:30.131556 [debug] [Thread-1 (]: Using duckdb connection "test.vg_casestudy.accepted_values_stg_staging_intermediate__loans_loan_status__approved__rejected__closed.3143a4d227"
[0m13:42:30.132608 [debug] [Thread-1 (]: On test.vg_casestudy.accepted_values_stg_staging_intermediate__loans_loan_status__approved__rejected__closed.3143a4d227: /* {"app": "dbt", "dbt_version": "1.10.8", "profile_name": "default", "target_name": "dev", "node_id": "test.vg_casestudy.accepted_values_stg_staging_intermediate__loans_loan_status__approved__rejected__closed.3143a4d227"} */

    select
      count(*) as failures,
      count(*) != 0 as should_warn,
      count(*) != 0 as should_error
    from (
      
    
  
    
    

with all_values as (

    select
        loan_status as value_field,
        count(*) as n_records

    from "casestudy"."intermediate"."stg_staging_intermediate__loans"
    group by loan_status

)

select *
from all_values
where value_field not in (
    'approved','rejected','closed'
)



  
  
      
    ) dbt_internal_test
[0m13:42:30.136406 [debug] [Thread-1 (]: SQL status: OK in 0.003 seconds
[0m13:42:30.138072 [debug] [Thread-1 (]: On test.vg_casestudy.accepted_values_stg_staging_intermediate__loans_loan_status__approved__rejected__closed.3143a4d227: ROLLBACK
[0m13:42:30.141252 [debug] [Thread-1 (]: Failed to rollback 'test.vg_casestudy.accepted_values_stg_staging_intermediate__loans_loan_status__approved__rejected__closed.3143a4d227'
[0m13:42:30.142321 [debug] [Thread-1 (]: On test.vg_casestudy.accepted_values_stg_staging_intermediate__loans_loan_status__approved__rejected__closed.3143a4d227: Close
[0m13:42:30.146577 [info ] [Thread-1 (]: 6 of 71 PASS accepted_values_stg_staging_intermediate__loans_loan_status__approved__rejected__closed  [[32mPASS[0m in 0.08s]
[0m13:42:30.147808 [debug] [Thread-1 (]: Finished running node test.vg_casestudy.accepted_values_stg_staging_intermediate__loans_loan_status__approved__rejected__closed.3143a4d227
[0m13:42:30.148856 [debug] [Thread-1 (]: Began running node test.vg_casestudy.accepted_values_stg_staging_intermediate__loans_loan_term__12__24__36__48__60.5ea4cabc39
[0m13:42:30.149885 [info ] [Thread-1 (]: 7 of 71 START test accepted_values_stg_staging_intermediate__loans_loan_term__12__24__36__48__60  [RUN]
[0m13:42:30.150813 [debug] [Thread-1 (]: Re-using an available connection from the pool (formerly test.vg_casestudy.accepted_values_stg_staging_intermediate__loans_loan_status__approved__rejected__closed.3143a4d227, now test.vg_casestudy.accepted_values_stg_staging_intermediate__loans_loan_term__12__24__36__48__60.5ea4cabc39)
[0m13:42:30.151848 [debug] [Thread-1 (]: Began compiling node test.vg_casestudy.accepted_values_stg_staging_intermediate__loans_loan_term__12__24__36__48__60.5ea4cabc39
[0m13:42:30.156716 [debug] [Thread-1 (]: Writing injected SQL for node "test.vg_casestudy.accepted_values_stg_staging_intermediate__loans_loan_term__12__24__36__48__60.5ea4cabc39"
[0m13:42:30.171845 [debug] [Thread-1 (]: Began executing node test.vg_casestudy.accepted_values_stg_staging_intermediate__loans_loan_term__12__24__36__48__60.5ea4cabc39
[0m13:42:30.174498 [debug] [Thread-1 (]: Writing runtime sql for node "test.vg_casestudy.accepted_values_stg_staging_intermediate__loans_loan_term__12__24__36__48__60.5ea4cabc39"
[0m13:42:30.185272 [debug] [Thread-1 (]: Using duckdb connection "test.vg_casestudy.accepted_values_stg_staging_intermediate__loans_loan_term__12__24__36__48__60.5ea4cabc39"
[0m13:42:30.186216 [debug] [Thread-1 (]: On test.vg_casestudy.accepted_values_stg_staging_intermediate__loans_loan_term__12__24__36__48__60.5ea4cabc39: BEGIN
[0m13:42:30.187090 [debug] [Thread-1 (]: Opening a new connection, currently in state closed
[0m13:42:30.206515 [debug] [Thread-1 (]: SQL status: OK in 0.019 seconds
[0m13:42:30.207842 [debug] [Thread-1 (]: Using duckdb connection "test.vg_casestudy.accepted_values_stg_staging_intermediate__loans_loan_term__12__24__36__48__60.5ea4cabc39"
[0m13:42:30.209235 [debug] [Thread-1 (]: On test.vg_casestudy.accepted_values_stg_staging_intermediate__loans_loan_term__12__24__36__48__60.5ea4cabc39: /* {"app": "dbt", "dbt_version": "1.10.8", "profile_name": "default", "target_name": "dev", "node_id": "test.vg_casestudy.accepted_values_stg_staging_intermediate__loans_loan_term__12__24__36__48__60.5ea4cabc39"} */

    select
      count(*) as failures,
      count(*) != 0 as should_warn,
      count(*) != 0 as should_error
    from (
      
    
  
    
    

with all_values as (

    select
        loan_term as value_field,
        count(*) as n_records

    from "casestudy"."intermediate"."stg_staging_intermediate__loans"
    group by loan_term

)

select *
from all_values
where value_field not in (
    '12','24','36','48','60'
)



  
  
      
    ) dbt_internal_test
[0m13:42:30.213562 [debug] [Thread-1 (]: SQL status: OK in 0.003 seconds
[0m13:42:30.215541 [debug] [Thread-1 (]: On test.vg_casestudy.accepted_values_stg_staging_intermediate__loans_loan_term__12__24__36__48__60.5ea4cabc39: ROLLBACK
[0m13:42:30.219160 [debug] [Thread-1 (]: Failed to rollback 'test.vg_casestudy.accepted_values_stg_staging_intermediate__loans_loan_term__12__24__36__48__60.5ea4cabc39'
[0m13:42:30.220163 [debug] [Thread-1 (]: On test.vg_casestudy.accepted_values_stg_staging_intermediate__loans_loan_term__12__24__36__48__60.5ea4cabc39: Close
[0m13:42:30.223168 [info ] [Thread-1 (]: 7 of 71 PASS accepted_values_stg_staging_intermediate__loans_loan_term__12__24__36__48__60  [[32mPASS[0m in 0.07s]
[0m13:42:30.224427 [debug] [Thread-1 (]: Finished running node test.vg_casestudy.accepted_values_stg_staging_intermediate__loans_loan_term__12__24__36__48__60.5ea4cabc39
[0m13:42:30.225445 [debug] [Thread-1 (]: Began running node test.vg_casestudy.date_is_past_stg_raw_staging__accounts_account_opening_date.b05801e56a
[0m13:42:30.226248 [info ] [Thread-1 (]: 8 of 71 START test date_is_past_stg_raw_staging__accounts_account_opening_date . [RUN]
[0m13:42:30.227088 [debug] [Thread-1 (]: Re-using an available connection from the pool (formerly test.vg_casestudy.accepted_values_stg_staging_intermediate__loans_loan_term__12__24__36__48__60.5ea4cabc39, now test.vg_casestudy.date_is_past_stg_raw_staging__accounts_account_opening_date.b05801e56a)
[0m13:42:30.227853 [debug] [Thread-1 (]: Began compiling node test.vg_casestudy.date_is_past_stg_raw_staging__accounts_account_opening_date.b05801e56a
[0m13:42:30.233668 [debug] [Thread-1 (]: Writing injected SQL for node "test.vg_casestudy.date_is_past_stg_raw_staging__accounts_account_opening_date.b05801e56a"
[0m13:42:30.243624 [debug] [Thread-1 (]: Began executing node test.vg_casestudy.date_is_past_stg_raw_staging__accounts_account_opening_date.b05801e56a
[0m13:42:30.246299 [debug] [Thread-1 (]: Writing runtime sql for node "test.vg_casestudy.date_is_past_stg_raw_staging__accounts_account_opening_date.b05801e56a"
[0m13:42:30.256729 [debug] [Thread-1 (]: Using duckdb connection "test.vg_casestudy.date_is_past_stg_raw_staging__accounts_account_opening_date.b05801e56a"
[0m13:42:30.257692 [debug] [Thread-1 (]: On test.vg_casestudy.date_is_past_stg_raw_staging__accounts_account_opening_date.b05801e56a: BEGIN
[0m13:42:30.258441 [debug] [Thread-1 (]: Opening a new connection, currently in state closed
[0m13:42:30.277998 [debug] [Thread-1 (]: SQL status: OK in 0.019 seconds
[0m13:42:30.279604 [debug] [Thread-1 (]: Using duckdb connection "test.vg_casestudy.date_is_past_stg_raw_staging__accounts_account_opening_date.b05801e56a"
[0m13:42:30.281719 [debug] [Thread-1 (]: On test.vg_casestudy.date_is_past_stg_raw_staging__accounts_account_opening_date.b05801e56a: /* {"app": "dbt", "dbt_version": "1.10.8", "profile_name": "default", "target_name": "dev", "node_id": "test.vg_casestudy.date_is_past_stg_raw_staging__accounts_account_opening_date.b05801e56a"} */

    select
      count(*) as failures,
      count(*) != 0 as should_warn,
      count(*) != 0 as should_error
    from (
      
    
  

    select *
    from "casestudy"."staging"."stg_raw_staging__accounts"
    where account_opening_date > current_date()
    

  
  
      
    ) dbt_internal_test
[0m13:42:30.292656 [debug] [Thread-1 (]: SQL status: OK in 0.010 seconds
[0m13:42:30.294442 [debug] [Thread-1 (]: On test.vg_casestudy.date_is_past_stg_raw_staging__accounts_account_opening_date.b05801e56a: ROLLBACK
[0m13:42:30.298150 [debug] [Thread-1 (]: Failed to rollback 'test.vg_casestudy.date_is_past_stg_raw_staging__accounts_account_opening_date.b05801e56a'
[0m13:42:30.299286 [debug] [Thread-1 (]: On test.vg_casestudy.date_is_past_stg_raw_staging__accounts_account_opening_date.b05801e56a: Close
[0m13:42:30.302444 [info ] [Thread-1 (]: 8 of 71 PASS date_is_past_stg_raw_staging__accounts_account_opening_date ....... [[32mPASS[0m in 0.08s]
[0m13:42:30.303415 [debug] [Thread-1 (]: Finished running node test.vg_casestudy.date_is_past_stg_raw_staging__accounts_account_opening_date.b05801e56a
[0m13:42:30.304397 [debug] [Thread-1 (]: Began running node test.vg_casestudy.date_is_past_stg_raw_staging__fx_rates_fx_rate_date.7b2c6986f5
[0m13:42:30.305221 [info ] [Thread-1 (]: 9 of 71 START test date_is_past_stg_raw_staging__fx_rates_fx_rate_date ......... [RUN]
[0m13:42:30.306014 [debug] [Thread-1 (]: Re-using an available connection from the pool (formerly test.vg_casestudy.date_is_past_stg_raw_staging__accounts_account_opening_date.b05801e56a, now test.vg_casestudy.date_is_past_stg_raw_staging__fx_rates_fx_rate_date.7b2c6986f5)
[0m13:42:30.306894 [debug] [Thread-1 (]: Began compiling node test.vg_casestudy.date_is_past_stg_raw_staging__fx_rates_fx_rate_date.7b2c6986f5
[0m13:42:30.310913 [debug] [Thread-1 (]: Writing injected SQL for node "test.vg_casestudy.date_is_past_stg_raw_staging__fx_rates_fx_rate_date.7b2c6986f5"
[0m13:42:30.327112 [debug] [Thread-1 (]: Began executing node test.vg_casestudy.date_is_past_stg_raw_staging__fx_rates_fx_rate_date.7b2c6986f5
[0m13:42:30.329620 [debug] [Thread-1 (]: Writing runtime sql for node "test.vg_casestudy.date_is_past_stg_raw_staging__fx_rates_fx_rate_date.7b2c6986f5"
[0m13:42:30.344654 [debug] [Thread-1 (]: Using duckdb connection "test.vg_casestudy.date_is_past_stg_raw_staging__fx_rates_fx_rate_date.7b2c6986f5"
[0m13:42:30.345731 [debug] [Thread-1 (]: On test.vg_casestudy.date_is_past_stg_raw_staging__fx_rates_fx_rate_date.7b2c6986f5: BEGIN
[0m13:42:30.346639 [debug] [Thread-1 (]: Opening a new connection, currently in state closed
[0m13:42:30.363973 [debug] [Thread-1 (]: SQL status: OK in 0.017 seconds
[0m13:42:30.364947 [debug] [Thread-1 (]: Using duckdb connection "test.vg_casestudy.date_is_past_stg_raw_staging__fx_rates_fx_rate_date.7b2c6986f5"
[0m13:42:30.365815 [debug] [Thread-1 (]: On test.vg_casestudy.date_is_past_stg_raw_staging__fx_rates_fx_rate_date.7b2c6986f5: /* {"app": "dbt", "dbt_version": "1.10.8", "profile_name": "default", "target_name": "dev", "node_id": "test.vg_casestudy.date_is_past_stg_raw_staging__fx_rates_fx_rate_date.7b2c6986f5"} */

    select
      count(*) as failures,
      count(*) != 0 as should_warn,
      count(*) != 0 as should_error
    from (
      
    
  

    select *
    from "casestudy"."staging"."stg_raw_staging__fx_rates"
    where fx_rate_date > current_date()
    

  
  
      
    ) dbt_internal_test
[0m13:42:30.371173 [debug] [Thread-1 (]: SQL status: OK in 0.004 seconds
[0m13:42:30.373015 [debug] [Thread-1 (]: On test.vg_casestudy.date_is_past_stg_raw_staging__fx_rates_fx_rate_date.7b2c6986f5: ROLLBACK
[0m13:42:30.376236 [debug] [Thread-1 (]: Failed to rollback 'test.vg_casestudy.date_is_past_stg_raw_staging__fx_rates_fx_rate_date.7b2c6986f5'
[0m13:42:30.377412 [debug] [Thread-1 (]: On test.vg_casestudy.date_is_past_stg_raw_staging__fx_rates_fx_rate_date.7b2c6986f5: Close
[0m13:42:30.381136 [info ] [Thread-1 (]: 9 of 71 PASS date_is_past_stg_raw_staging__fx_rates_fx_rate_date ............... [[32mPASS[0m in 0.07s]
[0m13:42:30.382481 [debug] [Thread-1 (]: Finished running node test.vg_casestudy.date_is_past_stg_raw_staging__fx_rates_fx_rate_date.7b2c6986f5
[0m13:42:30.383331 [debug] [Thread-1 (]: Began running node test.vg_casestudy.date_is_past_stg_raw_staging__loans_approval_rejection_date.92db02c0aa
[0m13:42:30.384109 [info ] [Thread-1 (]: 10 of 71 START test date_is_past_stg_raw_staging__loans_approval_rejection_date  [RUN]
[0m13:42:30.384990 [debug] [Thread-1 (]: Re-using an available connection from the pool (formerly test.vg_casestudy.date_is_past_stg_raw_staging__fx_rates_fx_rate_date.7b2c6986f5, now test.vg_casestudy.date_is_past_stg_raw_staging__loans_approval_rejection_date.92db02c0aa)
[0m13:42:30.385769 [debug] [Thread-1 (]: Began compiling node test.vg_casestudy.date_is_past_stg_raw_staging__loans_approval_rejection_date.92db02c0aa
[0m13:42:30.389067 [debug] [Thread-1 (]: Writing injected SQL for node "test.vg_casestudy.date_is_past_stg_raw_staging__loans_approval_rejection_date.92db02c0aa"
[0m13:42:30.399434 [debug] [Thread-1 (]: Began executing node test.vg_casestudy.date_is_past_stg_raw_staging__loans_approval_rejection_date.92db02c0aa
[0m13:42:30.403496 [debug] [Thread-1 (]: Writing runtime sql for node "test.vg_casestudy.date_is_past_stg_raw_staging__loans_approval_rejection_date.92db02c0aa"
[0m13:42:30.423565 [debug] [Thread-1 (]: Using duckdb connection "test.vg_casestudy.date_is_past_stg_raw_staging__loans_approval_rejection_date.92db02c0aa"
[0m13:42:30.424852 [debug] [Thread-1 (]: On test.vg_casestudy.date_is_past_stg_raw_staging__loans_approval_rejection_date.92db02c0aa: BEGIN
[0m13:42:30.426197 [debug] [Thread-1 (]: Opening a new connection, currently in state closed
[0m13:42:30.447888 [debug] [Thread-1 (]: SQL status: OK in 0.022 seconds
[0m13:42:30.449120 [debug] [Thread-1 (]: Using duckdb connection "test.vg_casestudy.date_is_past_stg_raw_staging__loans_approval_rejection_date.92db02c0aa"
[0m13:42:30.450127 [debug] [Thread-1 (]: On test.vg_casestudy.date_is_past_stg_raw_staging__loans_approval_rejection_date.92db02c0aa: /* {"app": "dbt", "dbt_version": "1.10.8", "profile_name": "default", "target_name": "dev", "node_id": "test.vg_casestudy.date_is_past_stg_raw_staging__loans_approval_rejection_date.92db02c0aa"} */

    select
      count(*) as failures,
      count(*) != 0 as should_warn,
      count(*) != 0 as should_error
    from (
      
    
  

    select *
    from "casestudy"."staging"."stg_raw_staging__loans"
    where approval_rejection_date > current_date()
    

  
  
      
    ) dbt_internal_test
[0m13:42:30.457366 [debug] [Thread-1 (]: SQL status: OK in 0.006 seconds
[0m13:42:30.459304 [debug] [Thread-1 (]: On test.vg_casestudy.date_is_past_stg_raw_staging__loans_approval_rejection_date.92db02c0aa: ROLLBACK
[0m13:42:30.462410 [debug] [Thread-1 (]: Failed to rollback 'test.vg_casestudy.date_is_past_stg_raw_staging__loans_approval_rejection_date.92db02c0aa'
[0m13:42:30.463221 [debug] [Thread-1 (]: On test.vg_casestudy.date_is_past_stg_raw_staging__loans_approval_rejection_date.92db02c0aa: Close
[0m13:42:30.466110 [info ] [Thread-1 (]: 10 of 71 PASS date_is_past_stg_raw_staging__loans_approval_rejection_date ...... [[32mPASS[0m in 0.08s]
[0m13:42:30.467032 [debug] [Thread-1 (]: Finished running node test.vg_casestudy.date_is_past_stg_raw_staging__loans_approval_rejection_date.92db02c0aa
[0m13:42:30.467991 [debug] [Thread-1 (]: Began running node test.vg_casestudy.date_is_past_stg_staging_intermediate__accounts_account_opening_date.f0a9449f31
[0m13:42:30.468723 [info ] [Thread-1 (]: 11 of 71 START test date_is_past_stg_staging_intermediate__accounts_account_opening_date  [RUN]
[0m13:42:30.469483 [debug] [Thread-1 (]: Re-using an available connection from the pool (formerly test.vg_casestudy.date_is_past_stg_raw_staging__loans_approval_rejection_date.92db02c0aa, now test.vg_casestudy.date_is_past_stg_staging_intermediate__accounts_account_opening_date.f0a9449f31)
[0m13:42:30.470261 [debug] [Thread-1 (]: Began compiling node test.vg_casestudy.date_is_past_stg_staging_intermediate__accounts_account_opening_date.f0a9449f31
[0m13:42:30.473548 [debug] [Thread-1 (]: Writing injected SQL for node "test.vg_casestudy.date_is_past_stg_staging_intermediate__accounts_account_opening_date.f0a9449f31"
[0m13:42:30.485233 [debug] [Thread-1 (]: Began executing node test.vg_casestudy.date_is_past_stg_staging_intermediate__accounts_account_opening_date.f0a9449f31
[0m13:42:30.488231 [debug] [Thread-1 (]: Writing runtime sql for node "test.vg_casestudy.date_is_past_stg_staging_intermediate__accounts_account_opening_date.f0a9449f31"
[0m13:42:30.498009 [debug] [Thread-1 (]: Using duckdb connection "test.vg_casestudy.date_is_past_stg_staging_intermediate__accounts_account_opening_date.f0a9449f31"
[0m13:42:30.498853 [debug] [Thread-1 (]: On test.vg_casestudy.date_is_past_stg_staging_intermediate__accounts_account_opening_date.f0a9449f31: BEGIN
[0m13:42:30.499620 [debug] [Thread-1 (]: Opening a new connection, currently in state closed
[0m13:42:30.516981 [debug] [Thread-1 (]: SQL status: OK in 0.017 seconds
[0m13:42:30.518113 [debug] [Thread-1 (]: Using duckdb connection "test.vg_casestudy.date_is_past_stg_staging_intermediate__accounts_account_opening_date.f0a9449f31"
[0m13:42:30.519035 [debug] [Thread-1 (]: On test.vg_casestudy.date_is_past_stg_staging_intermediate__accounts_account_opening_date.f0a9449f31: /* {"app": "dbt", "dbt_version": "1.10.8", "profile_name": "default", "target_name": "dev", "node_id": "test.vg_casestudy.date_is_past_stg_staging_intermediate__accounts_account_opening_date.f0a9449f31"} */

    select
      count(*) as failures,
      count(*) != 0 as should_warn,
      count(*) != 0 as should_error
    from (
      
    
  

    select *
    from "casestudy"."intermediate"."stg_staging_intermediate__accounts"
    where account_opening_date > current_date()
    

  
  
      
    ) dbt_internal_test
[0m13:42:30.520785 [debug] [Thread-1 (]: SQL status: OK in 0.001 seconds
[0m13:42:30.522420 [debug] [Thread-1 (]: On test.vg_casestudy.date_is_past_stg_staging_intermediate__accounts_account_opening_date.f0a9449f31: ROLLBACK
[0m13:42:30.525342 [debug] [Thread-1 (]: Failed to rollback 'test.vg_casestudy.date_is_past_stg_staging_intermediate__accounts_account_opening_date.f0a9449f31'
[0m13:42:30.526161 [debug] [Thread-1 (]: On test.vg_casestudy.date_is_past_stg_staging_intermediate__accounts_account_opening_date.f0a9449f31: Close
[0m13:42:30.529822 [info ] [Thread-1 (]: 11 of 71 PASS date_is_past_stg_staging_intermediate__accounts_account_opening_date  [[32mPASS[0m in 0.06s]
[0m13:42:30.531449 [debug] [Thread-1 (]: Finished running node test.vg_casestudy.date_is_past_stg_staging_intermediate__accounts_account_opening_date.f0a9449f31
[0m13:42:30.532973 [debug] [Thread-1 (]: Began running node test.vg_casestudy.date_is_past_stg_staging_intermediate__fx_rates_fx_rate_date.6dd6ccf2e2
[0m13:42:30.533925 [info ] [Thread-1 (]: 12 of 71 START test date_is_past_stg_staging_intermediate__fx_rates_fx_rate_date  [RUN]
[0m13:42:30.534693 [debug] [Thread-1 (]: Re-using an available connection from the pool (formerly test.vg_casestudy.date_is_past_stg_staging_intermediate__accounts_account_opening_date.f0a9449f31, now test.vg_casestudy.date_is_past_stg_staging_intermediate__fx_rates_fx_rate_date.6dd6ccf2e2)
[0m13:42:30.535732 [debug] [Thread-1 (]: Began compiling node test.vg_casestudy.date_is_past_stg_staging_intermediate__fx_rates_fx_rate_date.6dd6ccf2e2
[0m13:42:30.539406 [debug] [Thread-1 (]: Writing injected SQL for node "test.vg_casestudy.date_is_past_stg_staging_intermediate__fx_rates_fx_rate_date.6dd6ccf2e2"
[0m13:42:30.551260 [debug] [Thread-1 (]: Began executing node test.vg_casestudy.date_is_past_stg_staging_intermediate__fx_rates_fx_rate_date.6dd6ccf2e2
[0m13:42:30.553972 [debug] [Thread-1 (]: Writing runtime sql for node "test.vg_casestudy.date_is_past_stg_staging_intermediate__fx_rates_fx_rate_date.6dd6ccf2e2"
[0m13:42:30.564945 [debug] [Thread-1 (]: Using duckdb connection "test.vg_casestudy.date_is_past_stg_staging_intermediate__fx_rates_fx_rate_date.6dd6ccf2e2"
[0m13:42:30.566064 [debug] [Thread-1 (]: On test.vg_casestudy.date_is_past_stg_staging_intermediate__fx_rates_fx_rate_date.6dd6ccf2e2: BEGIN
[0m13:42:30.566869 [debug] [Thread-1 (]: Opening a new connection, currently in state closed
[0m13:42:30.583504 [debug] [Thread-1 (]: SQL status: OK in 0.017 seconds
[0m13:42:30.584529 [debug] [Thread-1 (]: Using duckdb connection "test.vg_casestudy.date_is_past_stg_staging_intermediate__fx_rates_fx_rate_date.6dd6ccf2e2"
[0m13:42:30.585369 [debug] [Thread-1 (]: On test.vg_casestudy.date_is_past_stg_staging_intermediate__fx_rates_fx_rate_date.6dd6ccf2e2: /* {"app": "dbt", "dbt_version": "1.10.8", "profile_name": "default", "target_name": "dev", "node_id": "test.vg_casestudy.date_is_past_stg_staging_intermediate__fx_rates_fx_rate_date.6dd6ccf2e2"} */

    select
      count(*) as failures,
      count(*) != 0 as should_warn,
      count(*) != 0 as should_error
    from (
      
    
  

    select *
    from "casestudy"."intermediate"."stg_staging_intermediate__fx_rates"
    where fx_rate_date > current_date()
    

  
  
      
    ) dbt_internal_test
[0m13:42:30.587013 [debug] [Thread-1 (]: SQL status: OK in 0.001 seconds
[0m13:42:30.588740 [debug] [Thread-1 (]: On test.vg_casestudy.date_is_past_stg_staging_intermediate__fx_rates_fx_rate_date.6dd6ccf2e2: ROLLBACK
[0m13:42:30.591674 [debug] [Thread-1 (]: Failed to rollback 'test.vg_casestudy.date_is_past_stg_staging_intermediate__fx_rates_fx_rate_date.6dd6ccf2e2'
[0m13:42:30.592494 [debug] [Thread-1 (]: On test.vg_casestudy.date_is_past_stg_staging_intermediate__fx_rates_fx_rate_date.6dd6ccf2e2: Close
[0m13:42:30.595143 [info ] [Thread-1 (]: 12 of 71 PASS date_is_past_stg_staging_intermediate__fx_rates_fx_rate_date ..... [[32mPASS[0m in 0.06s]
[0m13:42:30.596211 [debug] [Thread-1 (]: Finished running node test.vg_casestudy.date_is_past_stg_staging_intermediate__fx_rates_fx_rate_date.6dd6ccf2e2
[0m13:42:30.597291 [debug] [Thread-1 (]: Began running node test.vg_casestudy.date_is_past_stg_staging_intermediate__loans_approval_rejection_date.61c247afe7
[0m13:42:30.598302 [info ] [Thread-1 (]: 13 of 71 START test date_is_past_stg_staging_intermediate__loans_approval_rejection_date  [RUN]
[0m13:42:30.599067 [debug] [Thread-1 (]: Re-using an available connection from the pool (formerly test.vg_casestudy.date_is_past_stg_staging_intermediate__fx_rates_fx_rate_date.6dd6ccf2e2, now test.vg_casestudy.date_is_past_stg_staging_intermediate__loans_approval_rejection_date.61c247afe7)
[0m13:42:30.599895 [debug] [Thread-1 (]: Began compiling node test.vg_casestudy.date_is_past_stg_staging_intermediate__loans_approval_rejection_date.61c247afe7
[0m13:42:30.605575 [debug] [Thread-1 (]: Writing injected SQL for node "test.vg_casestudy.date_is_past_stg_staging_intermediate__loans_approval_rejection_date.61c247afe7"
[0m13:42:30.617800 [debug] [Thread-1 (]: Began executing node test.vg_casestudy.date_is_past_stg_staging_intermediate__loans_approval_rejection_date.61c247afe7
[0m13:42:30.620311 [debug] [Thread-1 (]: Writing runtime sql for node "test.vg_casestudy.date_is_past_stg_staging_intermediate__loans_approval_rejection_date.61c247afe7"
[0m13:42:30.630438 [debug] [Thread-1 (]: Using duckdb connection "test.vg_casestudy.date_is_past_stg_staging_intermediate__loans_approval_rejection_date.61c247afe7"
[0m13:42:30.631623 [debug] [Thread-1 (]: On test.vg_casestudy.date_is_past_stg_staging_intermediate__loans_approval_rejection_date.61c247afe7: BEGIN
[0m13:42:30.632593 [debug] [Thread-1 (]: Opening a new connection, currently in state closed
[0m13:42:30.650304 [debug] [Thread-1 (]: SQL status: OK in 0.018 seconds
[0m13:42:30.651498 [debug] [Thread-1 (]: Using duckdb connection "test.vg_casestudy.date_is_past_stg_staging_intermediate__loans_approval_rejection_date.61c247afe7"
[0m13:42:30.652729 [debug] [Thread-1 (]: On test.vg_casestudy.date_is_past_stg_staging_intermediate__loans_approval_rejection_date.61c247afe7: /* {"app": "dbt", "dbt_version": "1.10.8", "profile_name": "default", "target_name": "dev", "node_id": "test.vg_casestudy.date_is_past_stg_staging_intermediate__loans_approval_rejection_date.61c247afe7"} */

    select
      count(*) as failures,
      count(*) != 0 as should_warn,
      count(*) != 0 as should_error
    from (
      
    
  

    select *
    from "casestudy"."intermediate"."stg_staging_intermediate__loans"
    where approval_rejection_date > current_date()
    

  
  
      
    ) dbt_internal_test
[0m13:42:30.654201 [debug] [Thread-1 (]: SQL status: OK in 0.001 seconds
[0m13:42:30.656148 [debug] [Thread-1 (]: On test.vg_casestudy.date_is_past_stg_staging_intermediate__loans_approval_rejection_date.61c247afe7: ROLLBACK
[0m13:42:30.659735 [debug] [Thread-1 (]: Failed to rollback 'test.vg_casestudy.date_is_past_stg_staging_intermediate__loans_approval_rejection_date.61c247afe7'
[0m13:42:30.660709 [debug] [Thread-1 (]: On test.vg_casestudy.date_is_past_stg_staging_intermediate__loans_approval_rejection_date.61c247afe7: Close
[0m13:42:30.663992 [info ] [Thread-1 (]: 13 of 71 PASS date_is_past_stg_staging_intermediate__loans_approval_rejection_date  [[32mPASS[0m in 0.06s]
[0m13:42:30.665158 [debug] [Thread-1 (]: Finished running node test.vg_casestudy.date_is_past_stg_staging_intermediate__loans_approval_rejection_date.61c247afe7
[0m13:42:30.666002 [debug] [Thread-1 (]: Began running node test.vg_casestudy.not_null_stg_raw_staging__accounts_account_id.c6fceee87c
[0m13:42:30.666611 [info ] [Thread-1 (]: 14 of 71 START test not_null_stg_raw_staging__accounts_account_id .............. [RUN]
[0m13:42:30.667464 [debug] [Thread-1 (]: Re-using an available connection from the pool (formerly test.vg_casestudy.date_is_past_stg_staging_intermediate__loans_approval_rejection_date.61c247afe7, now test.vg_casestudy.not_null_stg_raw_staging__accounts_account_id.c6fceee87c)
[0m13:42:30.668272 [debug] [Thread-1 (]: Began compiling node test.vg_casestudy.not_null_stg_raw_staging__accounts_account_id.c6fceee87c
[0m13:42:30.673687 [debug] [Thread-1 (]: Writing injected SQL for node "test.vg_casestudy.not_null_stg_raw_staging__accounts_account_id.c6fceee87c"
[0m13:42:30.684760 [debug] [Thread-1 (]: Began executing node test.vg_casestudy.not_null_stg_raw_staging__accounts_account_id.c6fceee87c
[0m13:42:30.687312 [debug] [Thread-1 (]: Writing runtime sql for node "test.vg_casestudy.not_null_stg_raw_staging__accounts_account_id.c6fceee87c"
[0m13:42:30.698583 [debug] [Thread-1 (]: Using duckdb connection "test.vg_casestudy.not_null_stg_raw_staging__accounts_account_id.c6fceee87c"
[0m13:42:30.699507 [debug] [Thread-1 (]: On test.vg_casestudy.not_null_stg_raw_staging__accounts_account_id.c6fceee87c: BEGIN
[0m13:42:30.700572 [debug] [Thread-1 (]: Opening a new connection, currently in state closed
[0m13:42:30.718019 [debug] [Thread-1 (]: SQL status: OK in 0.017 seconds
[0m13:42:30.719094 [debug] [Thread-1 (]: Using duckdb connection "test.vg_casestudy.not_null_stg_raw_staging__accounts_account_id.c6fceee87c"
[0m13:42:30.720005 [debug] [Thread-1 (]: On test.vg_casestudy.not_null_stg_raw_staging__accounts_account_id.c6fceee87c: /* {"app": "dbt", "dbt_version": "1.10.8", "profile_name": "default", "target_name": "dev", "node_id": "test.vg_casestudy.not_null_stg_raw_staging__accounts_account_id.c6fceee87c"} */

    select
      count(*) as failures,
      count(*) != 0 as should_warn,
      count(*) != 0 as should_error
    from (
      
    
  
    
    



select account_id
from "casestudy"."staging"."stg_raw_staging__accounts"
where account_id is null



  
  
      
    ) dbt_internal_test
[0m13:42:30.722064 [debug] [Thread-1 (]: SQL status: OK in 0.001 seconds
[0m13:42:30.723593 [debug] [Thread-1 (]: On test.vg_casestudy.not_null_stg_raw_staging__accounts_account_id.c6fceee87c: ROLLBACK
[0m13:42:30.726686 [debug] [Thread-1 (]: Failed to rollback 'test.vg_casestudy.not_null_stg_raw_staging__accounts_account_id.c6fceee87c'
[0m13:42:30.727484 [debug] [Thread-1 (]: On test.vg_casestudy.not_null_stg_raw_staging__accounts_account_id.c6fceee87c: Close
[0m13:42:30.732121 [info ] [Thread-1 (]: 14 of 71 PASS not_null_stg_raw_staging__accounts_account_id .................... [[32mPASS[0m in 0.06s]
[0m13:42:30.735061 [debug] [Thread-1 (]: Finished running node test.vg_casestudy.not_null_stg_raw_staging__accounts_account_id.c6fceee87c
[0m13:42:30.736635 [debug] [Thread-1 (]: Began running node test.vg_casestudy.not_null_stg_raw_staging__accounts_account_type.298c80ded4
[0m13:42:30.738036 [info ] [Thread-1 (]: 15 of 71 START test not_null_stg_raw_staging__accounts_account_type ............ [RUN]
[0m13:42:30.739499 [debug] [Thread-1 (]: Re-using an available connection from the pool (formerly test.vg_casestudy.not_null_stg_raw_staging__accounts_account_id.c6fceee87c, now test.vg_casestudy.not_null_stg_raw_staging__accounts_account_type.298c80ded4)
[0m13:42:30.742223 [debug] [Thread-1 (]: Began compiling node test.vg_casestudy.not_null_stg_raw_staging__accounts_account_type.298c80ded4
[0m13:42:30.747877 [debug] [Thread-1 (]: Writing injected SQL for node "test.vg_casestudy.not_null_stg_raw_staging__accounts_account_type.298c80ded4"
[0m13:42:30.760781 [debug] [Thread-1 (]: Began executing node test.vg_casestudy.not_null_stg_raw_staging__accounts_account_type.298c80ded4
[0m13:42:30.763764 [debug] [Thread-1 (]: Writing runtime sql for node "test.vg_casestudy.not_null_stg_raw_staging__accounts_account_type.298c80ded4"
[0m13:42:30.775255 [debug] [Thread-1 (]: Using duckdb connection "test.vg_casestudy.not_null_stg_raw_staging__accounts_account_type.298c80ded4"
[0m13:42:30.776360 [debug] [Thread-1 (]: On test.vg_casestudy.not_null_stg_raw_staging__accounts_account_type.298c80ded4: BEGIN
[0m13:42:30.777201 [debug] [Thread-1 (]: Opening a new connection, currently in state closed
[0m13:42:30.795747 [debug] [Thread-1 (]: SQL status: OK in 0.018 seconds
[0m13:42:30.797209 [debug] [Thread-1 (]: Using duckdb connection "test.vg_casestudy.not_null_stg_raw_staging__accounts_account_type.298c80ded4"
[0m13:42:30.798110 [debug] [Thread-1 (]: On test.vg_casestudy.not_null_stg_raw_staging__accounts_account_type.298c80ded4: /* {"app": "dbt", "dbt_version": "1.10.8", "profile_name": "default", "target_name": "dev", "node_id": "test.vg_casestudy.not_null_stg_raw_staging__accounts_account_type.298c80ded4"} */

    select
      count(*) as failures,
      count(*) != 0 as should_warn,
      count(*) != 0 as should_error
    from (
      
    
  
    
    



select account_type
from "casestudy"."staging"."stg_raw_staging__accounts"
where account_type is null



  
  
      
    ) dbt_internal_test
[0m13:42:30.802052 [debug] [Thread-1 (]: SQL status: OK in 0.003 seconds
[0m13:42:30.803672 [debug] [Thread-1 (]: On test.vg_casestudy.not_null_stg_raw_staging__accounts_account_type.298c80ded4: ROLLBACK
[0m13:42:30.806602 [debug] [Thread-1 (]: Failed to rollback 'test.vg_casestudy.not_null_stg_raw_staging__accounts_account_type.298c80ded4'
[0m13:42:30.807376 [debug] [Thread-1 (]: On test.vg_casestudy.not_null_stg_raw_staging__accounts_account_type.298c80ded4: Close
[0m13:42:30.810565 [info ] [Thread-1 (]: 15 of 71 PASS not_null_stg_raw_staging__accounts_account_type .................. [[32mPASS[0m in 0.07s]
[0m13:42:30.811982 [debug] [Thread-1 (]: Finished running node test.vg_casestudy.not_null_stg_raw_staging__accounts_account_type.298c80ded4
[0m13:42:30.812924 [debug] [Thread-1 (]: Began running node test.vg_casestudy.not_null_stg_raw_staging__accounts_customer_id.99ecced993
[0m13:42:30.813863 [info ] [Thread-1 (]: 16 of 71 START test not_null_stg_raw_staging__accounts_customer_id ............. [RUN]
[0m13:42:30.815078 [debug] [Thread-1 (]: Re-using an available connection from the pool (formerly test.vg_casestudy.not_null_stg_raw_staging__accounts_account_type.298c80ded4, now test.vg_casestudy.not_null_stg_raw_staging__accounts_customer_id.99ecced993)
[0m13:42:30.816287 [debug] [Thread-1 (]: Began compiling node test.vg_casestudy.not_null_stg_raw_staging__accounts_customer_id.99ecced993
[0m13:42:30.820886 [debug] [Thread-1 (]: Writing injected SQL for node "test.vg_casestudy.not_null_stg_raw_staging__accounts_customer_id.99ecced993"
[0m13:42:30.830651 [debug] [Thread-1 (]: Began executing node test.vg_casestudy.not_null_stg_raw_staging__accounts_customer_id.99ecced993
[0m13:42:30.834259 [debug] [Thread-1 (]: Writing runtime sql for node "test.vg_casestudy.not_null_stg_raw_staging__accounts_customer_id.99ecced993"
[0m13:42:30.844726 [debug] [Thread-1 (]: Using duckdb connection "test.vg_casestudy.not_null_stg_raw_staging__accounts_customer_id.99ecced993"
[0m13:42:30.846190 [debug] [Thread-1 (]: On test.vg_casestudy.not_null_stg_raw_staging__accounts_customer_id.99ecced993: BEGIN
[0m13:42:30.848060 [debug] [Thread-1 (]: Opening a new connection, currently in state closed
[0m13:42:30.868090 [debug] [Thread-1 (]: SQL status: OK in 0.020 seconds
[0m13:42:30.869317 [debug] [Thread-1 (]: Using duckdb connection "test.vg_casestudy.not_null_stg_raw_staging__accounts_customer_id.99ecced993"
[0m13:42:30.870256 [debug] [Thread-1 (]: On test.vg_casestudy.not_null_stg_raw_staging__accounts_customer_id.99ecced993: /* {"app": "dbt", "dbt_version": "1.10.8", "profile_name": "default", "target_name": "dev", "node_id": "test.vg_casestudy.not_null_stg_raw_staging__accounts_customer_id.99ecced993"} */

    select
      count(*) as failures,
      count(*) != 0 as should_warn,
      count(*) != 0 as should_error
    from (
      
    
  
    
    



select customer_id
from "casestudy"."staging"."stg_raw_staging__accounts"
where customer_id is null



  
  
      
    ) dbt_internal_test
[0m13:42:30.873008 [debug] [Thread-1 (]: SQL status: OK in 0.002 seconds
[0m13:42:30.874998 [debug] [Thread-1 (]: On test.vg_casestudy.not_null_stg_raw_staging__accounts_customer_id.99ecced993: ROLLBACK
[0m13:42:30.878003 [debug] [Thread-1 (]: Failed to rollback 'test.vg_casestudy.not_null_stg_raw_staging__accounts_customer_id.99ecced993'
[0m13:42:30.878889 [debug] [Thread-1 (]: On test.vg_casestudy.not_null_stg_raw_staging__accounts_customer_id.99ecced993: Close
[0m13:42:30.882776 [info ] [Thread-1 (]: 16 of 71 PASS not_null_stg_raw_staging__accounts_customer_id ................... [[32mPASS[0m in 0.07s]
[0m13:42:30.883941 [debug] [Thread-1 (]: Finished running node test.vg_casestudy.not_null_stg_raw_staging__accounts_customer_id.99ecced993
[0m13:42:30.884835 [debug] [Thread-1 (]: Began running node test.vg_casestudy.not_null_stg_raw_staging__customers_age.402d2aacc9
[0m13:42:30.885608 [info ] [Thread-1 (]: 17 of 71 START test not_null_stg_raw_staging__customers_age .................... [RUN]
[0m13:42:30.886424 [debug] [Thread-1 (]: Re-using an available connection from the pool (formerly test.vg_casestudy.not_null_stg_raw_staging__accounts_customer_id.99ecced993, now test.vg_casestudy.not_null_stg_raw_staging__customers_age.402d2aacc9)
[0m13:42:30.887207 [debug] [Thread-1 (]: Began compiling node test.vg_casestudy.not_null_stg_raw_staging__customers_age.402d2aacc9
[0m13:42:30.892385 [debug] [Thread-1 (]: Writing injected SQL for node "test.vg_casestudy.not_null_stg_raw_staging__customers_age.402d2aacc9"
[0m13:42:30.909794 [debug] [Thread-1 (]: Began executing node test.vg_casestudy.not_null_stg_raw_staging__customers_age.402d2aacc9
[0m13:42:30.912248 [debug] [Thread-1 (]: Writing runtime sql for node "test.vg_casestudy.not_null_stg_raw_staging__customers_age.402d2aacc9"
[0m13:42:30.927907 [debug] [Thread-1 (]: Using duckdb connection "test.vg_casestudy.not_null_stg_raw_staging__customers_age.402d2aacc9"
[0m13:42:30.928901 [debug] [Thread-1 (]: On test.vg_casestudy.not_null_stg_raw_staging__customers_age.402d2aacc9: BEGIN
[0m13:42:30.930013 [debug] [Thread-1 (]: Opening a new connection, currently in state closed
[0m13:42:30.949275 [debug] [Thread-1 (]: SQL status: OK in 0.019 seconds
[0m13:42:30.950322 [debug] [Thread-1 (]: Using duckdb connection "test.vg_casestudy.not_null_stg_raw_staging__customers_age.402d2aacc9"
[0m13:42:30.951193 [debug] [Thread-1 (]: On test.vg_casestudy.not_null_stg_raw_staging__customers_age.402d2aacc9: /* {"app": "dbt", "dbt_version": "1.10.8", "profile_name": "default", "target_name": "dev", "node_id": "test.vg_casestudy.not_null_stg_raw_staging__customers_age.402d2aacc9"} */

    select
      count(*) as failures,
      count(*) != 0 as should_warn,
      count(*) != 0 as should_error
    from (
      
    
  
    
    



select age
from "casestudy"."staging"."stg_raw_staging__customers"
where age is null



  
  
      
    ) dbt_internal_test
[0m13:42:30.952829 [debug] [Thread-1 (]: SQL status: OK in 0.001 seconds
[0m13:42:30.954354 [debug] [Thread-1 (]: On test.vg_casestudy.not_null_stg_raw_staging__customers_age.402d2aacc9: ROLLBACK
[0m13:42:30.957075 [debug] [Thread-1 (]: Failed to rollback 'test.vg_casestudy.not_null_stg_raw_staging__customers_age.402d2aacc9'
[0m13:42:30.957928 [debug] [Thread-1 (]: On test.vg_casestudy.not_null_stg_raw_staging__customers_age.402d2aacc9: Close
[0m13:42:30.960667 [info ] [Thread-1 (]: 17 of 71 PASS not_null_stg_raw_staging__customers_age .......................... [[32mPASS[0m in 0.07s]
[0m13:42:30.961734 [debug] [Thread-1 (]: Finished running node test.vg_casestudy.not_null_stg_raw_staging__customers_age.402d2aacc9
[0m13:42:30.962699 [debug] [Thread-1 (]: Began running node test.vg_casestudy.not_null_stg_raw_staging__customers_branch_id.96cc924db7
[0m13:42:30.963688 [info ] [Thread-1 (]: 18 of 71 START test not_null_stg_raw_staging__customers_branch_id .............. [RUN]
[0m13:42:30.964562 [debug] [Thread-1 (]: Re-using an available connection from the pool (formerly test.vg_casestudy.not_null_stg_raw_staging__customers_age.402d2aacc9, now test.vg_casestudy.not_null_stg_raw_staging__customers_branch_id.96cc924db7)
[0m13:42:30.965327 [debug] [Thread-1 (]: Began compiling node test.vg_casestudy.not_null_stg_raw_staging__customers_branch_id.96cc924db7
[0m13:42:30.968766 [debug] [Thread-1 (]: Writing injected SQL for node "test.vg_casestudy.not_null_stg_raw_staging__customers_branch_id.96cc924db7"
[0m13:42:30.982111 [debug] [Thread-1 (]: Began executing node test.vg_casestudy.not_null_stg_raw_staging__customers_branch_id.96cc924db7
[0m13:42:30.984784 [debug] [Thread-1 (]: Writing runtime sql for node "test.vg_casestudy.not_null_stg_raw_staging__customers_branch_id.96cc924db7"
[0m13:42:30.994202 [debug] [Thread-1 (]: Using duckdb connection "test.vg_casestudy.not_null_stg_raw_staging__customers_branch_id.96cc924db7"
[0m13:42:30.995029 [debug] [Thread-1 (]: On test.vg_casestudy.not_null_stg_raw_staging__customers_branch_id.96cc924db7: BEGIN
[0m13:42:30.996147 [debug] [Thread-1 (]: Opening a new connection, currently in state closed
[0m13:42:31.012406 [debug] [Thread-1 (]: SQL status: OK in 0.016 seconds
[0m13:42:31.013517 [debug] [Thread-1 (]: Using duckdb connection "test.vg_casestudy.not_null_stg_raw_staging__customers_branch_id.96cc924db7"
[0m13:42:31.014290 [debug] [Thread-1 (]: On test.vg_casestudy.not_null_stg_raw_staging__customers_branch_id.96cc924db7: /* {"app": "dbt", "dbt_version": "1.10.8", "profile_name": "default", "target_name": "dev", "node_id": "test.vg_casestudy.not_null_stg_raw_staging__customers_branch_id.96cc924db7"} */

    select
      count(*) as failures,
      count(*) != 0 as should_warn,
      count(*) != 0 as should_error
    from (
      
    
  
    
    



select branch_id
from "casestudy"."staging"."stg_raw_staging__customers"
where branch_id is null



  
  
      
    ) dbt_internal_test
[0m13:42:31.015914 [debug] [Thread-1 (]: SQL status: OK in 0.001 seconds
[0m13:42:31.017509 [debug] [Thread-1 (]: On test.vg_casestudy.not_null_stg_raw_staging__customers_branch_id.96cc924db7: ROLLBACK
[0m13:42:31.020508 [debug] [Thread-1 (]: Failed to rollback 'test.vg_casestudy.not_null_stg_raw_staging__customers_branch_id.96cc924db7'
[0m13:42:31.021313 [debug] [Thread-1 (]: On test.vg_casestudy.not_null_stg_raw_staging__customers_branch_id.96cc924db7: Close
[0m13:42:31.024018 [info ] [Thread-1 (]: 18 of 71 PASS not_null_stg_raw_staging__customers_branch_id .................... [[32mPASS[0m in 0.06s]
[0m13:42:31.025191 [debug] [Thread-1 (]: Finished running node test.vg_casestudy.not_null_stg_raw_staging__customers_branch_id.96cc924db7
[0m13:42:31.026105 [debug] [Thread-1 (]: Began running node test.vg_casestudy.not_null_stg_raw_staging__customers_customer_id.d27d30a04a
[0m13:42:31.027103 [info ] [Thread-1 (]: 19 of 71 START test not_null_stg_raw_staging__customers_customer_id ............ [RUN]
[0m13:42:31.029092 [debug] [Thread-1 (]: Re-using an available connection from the pool (formerly test.vg_casestudy.not_null_stg_raw_staging__customers_branch_id.96cc924db7, now test.vg_casestudy.not_null_stg_raw_staging__customers_customer_id.d27d30a04a)
[0m13:42:31.031371 [debug] [Thread-1 (]: Began compiling node test.vg_casestudy.not_null_stg_raw_staging__customers_customer_id.d27d30a04a
[0m13:42:31.035776 [debug] [Thread-1 (]: Writing injected SQL for node "test.vg_casestudy.not_null_stg_raw_staging__customers_customer_id.d27d30a04a"
[0m13:42:31.067836 [debug] [Thread-1 (]: Began executing node test.vg_casestudy.not_null_stg_raw_staging__customers_customer_id.d27d30a04a
[0m13:42:31.070455 [debug] [Thread-1 (]: Writing runtime sql for node "test.vg_casestudy.not_null_stg_raw_staging__customers_customer_id.d27d30a04a"
[0m13:42:31.080912 [debug] [Thread-1 (]: Using duckdb connection "test.vg_casestudy.not_null_stg_raw_staging__customers_customer_id.d27d30a04a"
[0m13:42:31.081804 [debug] [Thread-1 (]: On test.vg_casestudy.not_null_stg_raw_staging__customers_customer_id.d27d30a04a: BEGIN
[0m13:42:31.082771 [debug] [Thread-1 (]: Opening a new connection, currently in state closed
[0m13:42:31.105227 [debug] [Thread-1 (]: SQL status: OK in 0.022 seconds
[0m13:42:31.106369 [debug] [Thread-1 (]: Using duckdb connection "test.vg_casestudy.not_null_stg_raw_staging__customers_customer_id.d27d30a04a"
[0m13:42:31.107123 [debug] [Thread-1 (]: On test.vg_casestudy.not_null_stg_raw_staging__customers_customer_id.d27d30a04a: /* {"app": "dbt", "dbt_version": "1.10.8", "profile_name": "default", "target_name": "dev", "node_id": "test.vg_casestudy.not_null_stg_raw_staging__customers_customer_id.d27d30a04a"} */

    select
      count(*) as failures,
      count(*) != 0 as should_warn,
      count(*) != 0 as should_error
    from (
      
    
  
    
    



select customer_id
from "casestudy"."staging"."stg_raw_staging__customers"
where customer_id is null



  
  
      
    ) dbt_internal_test
[0m13:42:31.109100 [debug] [Thread-1 (]: SQL status: OK in 0.001 seconds
[0m13:42:31.110849 [debug] [Thread-1 (]: On test.vg_casestudy.not_null_stg_raw_staging__customers_customer_id.d27d30a04a: ROLLBACK
[0m13:42:31.113597 [debug] [Thread-1 (]: Failed to rollback 'test.vg_casestudy.not_null_stg_raw_staging__customers_customer_id.d27d30a04a'
[0m13:42:31.114354 [debug] [Thread-1 (]: On test.vg_casestudy.not_null_stg_raw_staging__customers_customer_id.d27d30a04a: Close
[0m13:42:31.117051 [info ] [Thread-1 (]: 19 of 71 PASS not_null_stg_raw_staging__customers_customer_id .................. [[32mPASS[0m in 0.09s]
[0m13:42:31.117968 [debug] [Thread-1 (]: Finished running node test.vg_casestudy.not_null_stg_raw_staging__customers_customer_id.d27d30a04a
[0m13:42:31.118807 [debug] [Thread-1 (]: Began running node test.vg_casestudy.not_null_stg_raw_staging__fx_rates_currency_iso_code.6d09bdebaf
[0m13:42:31.119685 [info ] [Thread-1 (]: 20 of 71 START test not_null_stg_raw_staging__fx_rates_currency_iso_code ....... [RUN]
[0m13:42:31.120546 [debug] [Thread-1 (]: Re-using an available connection from the pool (formerly test.vg_casestudy.not_null_stg_raw_staging__customers_customer_id.d27d30a04a, now test.vg_casestudy.not_null_stg_raw_staging__fx_rates_currency_iso_code.6d09bdebaf)
[0m13:42:31.121338 [debug] [Thread-1 (]: Began compiling node test.vg_casestudy.not_null_stg_raw_staging__fx_rates_currency_iso_code.6d09bdebaf
[0m13:42:31.124782 [debug] [Thread-1 (]: Writing injected SQL for node "test.vg_casestudy.not_null_stg_raw_staging__fx_rates_currency_iso_code.6d09bdebaf"
[0m13:42:31.136230 [debug] [Thread-1 (]: Began executing node test.vg_casestudy.not_null_stg_raw_staging__fx_rates_currency_iso_code.6d09bdebaf
[0m13:42:31.138798 [debug] [Thread-1 (]: Writing runtime sql for node "test.vg_casestudy.not_null_stg_raw_staging__fx_rates_currency_iso_code.6d09bdebaf"
[0m13:42:31.148194 [debug] [Thread-1 (]: Using duckdb connection "test.vg_casestudy.not_null_stg_raw_staging__fx_rates_currency_iso_code.6d09bdebaf"
[0m13:42:31.149067 [debug] [Thread-1 (]: On test.vg_casestudy.not_null_stg_raw_staging__fx_rates_currency_iso_code.6d09bdebaf: BEGIN
[0m13:42:31.149801 [debug] [Thread-1 (]: Opening a new connection, currently in state closed
[0m13:42:31.166437 [debug] [Thread-1 (]: SQL status: OK in 0.017 seconds
[0m13:42:31.167411 [debug] [Thread-1 (]: Using duckdb connection "test.vg_casestudy.not_null_stg_raw_staging__fx_rates_currency_iso_code.6d09bdebaf"
[0m13:42:31.168255 [debug] [Thread-1 (]: On test.vg_casestudy.not_null_stg_raw_staging__fx_rates_currency_iso_code.6d09bdebaf: /* {"app": "dbt", "dbt_version": "1.10.8", "profile_name": "default", "target_name": "dev", "node_id": "test.vg_casestudy.not_null_stg_raw_staging__fx_rates_currency_iso_code.6d09bdebaf"} */

    select
      count(*) as failures,
      count(*) != 0 as should_warn,
      count(*) != 0 as should_error
    from (
      
    
  
    
    



select currency_iso_code
from "casestudy"."staging"."stg_raw_staging__fx_rates"
where currency_iso_code is null



  
  
      
    ) dbt_internal_test
[0m13:42:31.174626 [debug] [Thread-1 (]: SQL status: OK in 0.006 seconds
[0m13:42:31.176430 [debug] [Thread-1 (]: On test.vg_casestudy.not_null_stg_raw_staging__fx_rates_currency_iso_code.6d09bdebaf: ROLLBACK
[0m13:42:31.180397 [debug] [Thread-1 (]: Failed to rollback 'test.vg_casestudy.not_null_stg_raw_staging__fx_rates_currency_iso_code.6d09bdebaf'
[0m13:42:31.181958 [debug] [Thread-1 (]: On test.vg_casestudy.not_null_stg_raw_staging__fx_rates_currency_iso_code.6d09bdebaf: Close
[0m13:42:31.185350 [info ] [Thread-1 (]: 20 of 71 PASS not_null_stg_raw_staging__fx_rates_currency_iso_code ............. [[32mPASS[0m in 0.06s]
[0m13:42:31.186654 [debug] [Thread-1 (]: Finished running node test.vg_casestudy.not_null_stg_raw_staging__fx_rates_currency_iso_code.6d09bdebaf
[0m13:42:31.187446 [debug] [Thread-1 (]: Began running node test.vg_casestudy.not_null_stg_raw_staging__fx_rates_fx_rate.1c32f22fac
[0m13:42:31.188326 [info ] [Thread-1 (]: 21 of 71 START test not_null_stg_raw_staging__fx_rates_fx_rate ................. [RUN]
[0m13:42:31.189263 [debug] [Thread-1 (]: Re-using an available connection from the pool (formerly test.vg_casestudy.not_null_stg_raw_staging__fx_rates_currency_iso_code.6d09bdebaf, now test.vg_casestudy.not_null_stg_raw_staging__fx_rates_fx_rate.1c32f22fac)
[0m13:42:31.190005 [debug] [Thread-1 (]: Began compiling node test.vg_casestudy.not_null_stg_raw_staging__fx_rates_fx_rate.1c32f22fac
[0m13:42:31.194633 [debug] [Thread-1 (]: Writing injected SQL for node "test.vg_casestudy.not_null_stg_raw_staging__fx_rates_fx_rate.1c32f22fac"
[0m13:42:31.207021 [debug] [Thread-1 (]: Began executing node test.vg_casestudy.not_null_stg_raw_staging__fx_rates_fx_rate.1c32f22fac
[0m13:42:31.209710 [debug] [Thread-1 (]: Writing runtime sql for node "test.vg_casestudy.not_null_stg_raw_staging__fx_rates_fx_rate.1c32f22fac"
[0m13:42:31.220180 [debug] [Thread-1 (]: Using duckdb connection "test.vg_casestudy.not_null_stg_raw_staging__fx_rates_fx_rate.1c32f22fac"
[0m13:42:31.221087 [debug] [Thread-1 (]: On test.vg_casestudy.not_null_stg_raw_staging__fx_rates_fx_rate.1c32f22fac: BEGIN
[0m13:42:31.221640 [debug] [Thread-1 (]: Opening a new connection, currently in state closed
[0m13:42:31.238677 [debug] [Thread-1 (]: SQL status: OK in 0.017 seconds
[0m13:42:31.239678 [debug] [Thread-1 (]: Using duckdb connection "test.vg_casestudy.not_null_stg_raw_staging__fx_rates_fx_rate.1c32f22fac"
[0m13:42:31.240423 [debug] [Thread-1 (]: On test.vg_casestudy.not_null_stg_raw_staging__fx_rates_fx_rate.1c32f22fac: /* {"app": "dbt", "dbt_version": "1.10.8", "profile_name": "default", "target_name": "dev", "node_id": "test.vg_casestudy.not_null_stg_raw_staging__fx_rates_fx_rate.1c32f22fac"} */

    select
      count(*) as failures,
      count(*) != 0 as should_warn,
      count(*) != 0 as should_error
    from (
      
    
  
    
    



select fx_rate
from "casestudy"."staging"."stg_raw_staging__fx_rates"
where fx_rate is null



  
  
      
    ) dbt_internal_test
[0m13:42:31.245620 [debug] [Thread-1 (]: SQL status: OK in 0.004 seconds
[0m13:42:31.247254 [debug] [Thread-1 (]: On test.vg_casestudy.not_null_stg_raw_staging__fx_rates_fx_rate.1c32f22fac: ROLLBACK
[0m13:42:31.249976 [debug] [Thread-1 (]: Failed to rollback 'test.vg_casestudy.not_null_stg_raw_staging__fx_rates_fx_rate.1c32f22fac'
[0m13:42:31.250782 [debug] [Thread-1 (]: On test.vg_casestudy.not_null_stg_raw_staging__fx_rates_fx_rate.1c32f22fac: Close
[0m13:42:31.253536 [info ] [Thread-1 (]: 21 of 71 PASS not_null_stg_raw_staging__fx_rates_fx_rate ....................... [[32mPASS[0m in 0.06s]
[0m13:42:31.254862 [debug] [Thread-1 (]: Finished running node test.vg_casestudy.not_null_stg_raw_staging__fx_rates_fx_rate.1c32f22fac
[0m13:42:31.255795 [debug] [Thread-1 (]: Began running node test.vg_casestudy.not_null_stg_raw_staging__fx_rates_has_date_parsing_error.2f51154c3b
[0m13:42:31.256715 [info ] [Thread-1 (]: 22 of 71 START test not_null_stg_raw_staging__fx_rates_has_date_parsing_error .. [RUN]
[0m13:42:31.257512 [debug] [Thread-1 (]: Re-using an available connection from the pool (formerly test.vg_casestudy.not_null_stg_raw_staging__fx_rates_fx_rate.1c32f22fac, now test.vg_casestudy.not_null_stg_raw_staging__fx_rates_has_date_parsing_error.2f51154c3b)
[0m13:42:31.258275 [debug] [Thread-1 (]: Began compiling node test.vg_casestudy.not_null_stg_raw_staging__fx_rates_has_date_parsing_error.2f51154c3b
[0m13:42:31.261613 [debug] [Thread-1 (]: Writing injected SQL for node "test.vg_casestudy.not_null_stg_raw_staging__fx_rates_has_date_parsing_error.2f51154c3b"
[0m13:42:31.277244 [debug] [Thread-1 (]: Began executing node test.vg_casestudy.not_null_stg_raw_staging__fx_rates_has_date_parsing_error.2f51154c3b
[0m13:42:31.279751 [debug] [Thread-1 (]: Writing runtime sql for node "test.vg_casestudy.not_null_stg_raw_staging__fx_rates_has_date_parsing_error.2f51154c3b"
[0m13:42:31.289147 [debug] [Thread-1 (]: Using duckdb connection "test.vg_casestudy.not_null_stg_raw_staging__fx_rates_has_date_parsing_error.2f51154c3b"
[0m13:42:31.290026 [debug] [Thread-1 (]: On test.vg_casestudy.not_null_stg_raw_staging__fx_rates_has_date_parsing_error.2f51154c3b: BEGIN
[0m13:42:31.290812 [debug] [Thread-1 (]: Opening a new connection, currently in state closed
[0m13:42:31.306362 [debug] [Thread-1 (]: SQL status: OK in 0.015 seconds
[0m13:42:31.307333 [debug] [Thread-1 (]: Using duckdb connection "test.vg_casestudy.not_null_stg_raw_staging__fx_rates_has_date_parsing_error.2f51154c3b"
[0m13:42:31.308159 [debug] [Thread-1 (]: On test.vg_casestudy.not_null_stg_raw_staging__fx_rates_has_date_parsing_error.2f51154c3b: /* {"app": "dbt", "dbt_version": "1.10.8", "profile_name": "default", "target_name": "dev", "node_id": "test.vg_casestudy.not_null_stg_raw_staging__fx_rates_has_date_parsing_error.2f51154c3b"} */

    select
      count(*) as failures,
      count(*) != 0 as should_warn,
      count(*) != 0 as should_error
    from (
      
    
  
    
    



select has_date_parsing_error
from "casestudy"."staging"."stg_raw_staging__fx_rates"
where has_date_parsing_error is null



  
  
      
    ) dbt_internal_test
[0m13:42:31.310373 [debug] [Thread-1 (]: SQL status: OK in 0.001 seconds
[0m13:42:31.311987 [debug] [Thread-1 (]: On test.vg_casestudy.not_null_stg_raw_staging__fx_rates_has_date_parsing_error.2f51154c3b: ROLLBACK
[0m13:42:31.314840 [debug] [Thread-1 (]: Failed to rollback 'test.vg_casestudy.not_null_stg_raw_staging__fx_rates_has_date_parsing_error.2f51154c3b'
[0m13:42:31.315653 [debug] [Thread-1 (]: On test.vg_casestudy.not_null_stg_raw_staging__fx_rates_has_date_parsing_error.2f51154c3b: Close
[0m13:42:31.318805 [info ] [Thread-1 (]: 22 of 71 PASS not_null_stg_raw_staging__fx_rates_has_date_parsing_error ........ [[32mPASS[0m in 0.06s]
[0m13:42:31.320209 [debug] [Thread-1 (]: Finished running node test.vg_casestudy.not_null_stg_raw_staging__fx_rates_has_date_parsing_error.2f51154c3b
[0m13:42:31.320889 [debug] [Thread-1 (]: Began running node test.vg_casestudy.not_null_stg_raw_staging__loans_approval_rejection_date.6c82d62e88
[0m13:42:31.321532 [info ] [Thread-1 (]: 23 of 71 START test not_null_stg_raw_staging__loans_approval_rejection_date .... [RUN]
[0m13:42:31.322393 [debug] [Thread-1 (]: Re-using an available connection from the pool (formerly test.vg_casestudy.not_null_stg_raw_staging__fx_rates_has_date_parsing_error.2f51154c3b, now test.vg_casestudy.not_null_stg_raw_staging__loans_approval_rejection_date.6c82d62e88)
[0m13:42:31.323147 [debug] [Thread-1 (]: Began compiling node test.vg_casestudy.not_null_stg_raw_staging__loans_approval_rejection_date.6c82d62e88
[0m13:42:31.326494 [debug] [Thread-1 (]: Writing injected SQL for node "test.vg_casestudy.not_null_stg_raw_staging__loans_approval_rejection_date.6c82d62e88"
[0m13:42:31.341390 [debug] [Thread-1 (]: Began executing node test.vg_casestudy.not_null_stg_raw_staging__loans_approval_rejection_date.6c82d62e88
[0m13:42:31.343866 [debug] [Thread-1 (]: Writing runtime sql for node "test.vg_casestudy.not_null_stg_raw_staging__loans_approval_rejection_date.6c82d62e88"
[0m13:42:31.354930 [debug] [Thread-1 (]: Using duckdb connection "test.vg_casestudy.not_null_stg_raw_staging__loans_approval_rejection_date.6c82d62e88"
[0m13:42:31.355844 [debug] [Thread-1 (]: On test.vg_casestudy.not_null_stg_raw_staging__loans_approval_rejection_date.6c82d62e88: BEGIN
[0m13:42:31.356577 [debug] [Thread-1 (]: Opening a new connection, currently in state closed
[0m13:42:31.373986 [debug] [Thread-1 (]: SQL status: OK in 0.017 seconds
[0m13:42:31.375134 [debug] [Thread-1 (]: Using duckdb connection "test.vg_casestudy.not_null_stg_raw_staging__loans_approval_rejection_date.6c82d62e88"
[0m13:42:31.375926 [debug] [Thread-1 (]: On test.vg_casestudy.not_null_stg_raw_staging__loans_approval_rejection_date.6c82d62e88: /* {"app": "dbt", "dbt_version": "1.10.8", "profile_name": "default", "target_name": "dev", "node_id": "test.vg_casestudy.not_null_stg_raw_staging__loans_approval_rejection_date.6c82d62e88"} */

    select
      count(*) as failures,
      count(*) != 0 as should_warn,
      count(*) != 0 as should_error
    from (
      
    
  
    
    



select approval_rejection_date
from "casestudy"."staging"."stg_raw_staging__loans"
where approval_rejection_date is null



  
  
      
    ) dbt_internal_test
[0m13:42:31.384630 [debug] [Thread-1 (]: SQL status: OK in 0.008 seconds
[0m13:42:31.386402 [debug] [Thread-1 (]: On test.vg_casestudy.not_null_stg_raw_staging__loans_approval_rejection_date.6c82d62e88: ROLLBACK
[0m13:42:31.389509 [debug] [Thread-1 (]: Failed to rollback 'test.vg_casestudy.not_null_stg_raw_staging__loans_approval_rejection_date.6c82d62e88'
[0m13:42:31.390432 [debug] [Thread-1 (]: On test.vg_casestudy.not_null_stg_raw_staging__loans_approval_rejection_date.6c82d62e88: Close
[0m13:42:31.393707 [info ] [Thread-1 (]: 23 of 71 PASS not_null_stg_raw_staging__loans_approval_rejection_date .......... [[32mPASS[0m in 0.07s]
[0m13:42:31.394681 [debug] [Thread-1 (]: Finished running node test.vg_casestudy.not_null_stg_raw_staging__loans_approval_rejection_date.6c82d62e88
[0m13:42:31.395387 [debug] [Thread-1 (]: Began running node test.vg_casestudy.not_null_stg_raw_staging__loans_interest_rate.af6bbce27a
[0m13:42:31.396158 [info ] [Thread-1 (]: 24 of 71 START test not_null_stg_raw_staging__loans_interest_rate .............. [RUN]
[0m13:42:31.396901 [debug] [Thread-1 (]: Re-using an available connection from the pool (formerly test.vg_casestudy.not_null_stg_raw_staging__loans_approval_rejection_date.6c82d62e88, now test.vg_casestudy.not_null_stg_raw_staging__loans_interest_rate.af6bbce27a)
[0m13:42:31.397517 [debug] [Thread-1 (]: Began compiling node test.vg_casestudy.not_null_stg_raw_staging__loans_interest_rate.af6bbce27a
[0m13:42:31.400850 [debug] [Thread-1 (]: Writing injected SQL for node "test.vg_casestudy.not_null_stg_raw_staging__loans_interest_rate.af6bbce27a"
[0m13:42:31.411489 [debug] [Thread-1 (]: Began executing node test.vg_casestudy.not_null_stg_raw_staging__loans_interest_rate.af6bbce27a
[0m13:42:31.416094 [debug] [Thread-1 (]: Writing runtime sql for node "test.vg_casestudy.not_null_stg_raw_staging__loans_interest_rate.af6bbce27a"
[0m13:42:31.426685 [debug] [Thread-1 (]: Using duckdb connection "test.vg_casestudy.not_null_stg_raw_staging__loans_interest_rate.af6bbce27a"
[0m13:42:31.427613 [debug] [Thread-1 (]: On test.vg_casestudy.not_null_stg_raw_staging__loans_interest_rate.af6bbce27a: BEGIN
[0m13:42:31.428306 [debug] [Thread-1 (]: Opening a new connection, currently in state closed
[0m13:42:31.446347 [debug] [Thread-1 (]: SQL status: OK in 0.018 seconds
[0m13:42:31.447381 [debug] [Thread-1 (]: Using duckdb connection "test.vg_casestudy.not_null_stg_raw_staging__loans_interest_rate.af6bbce27a"
[0m13:42:31.448158 [debug] [Thread-1 (]: On test.vg_casestudy.not_null_stg_raw_staging__loans_interest_rate.af6bbce27a: /* {"app": "dbt", "dbt_version": "1.10.8", "profile_name": "default", "target_name": "dev", "node_id": "test.vg_casestudy.not_null_stg_raw_staging__loans_interest_rate.af6bbce27a"} */

    select
      count(*) as failures,
      count(*) != 0 as should_warn,
      count(*) != 0 as should_error
    from (
      
    
  
    
    



select interest_rate
from "casestudy"."staging"."stg_raw_staging__loans"
where interest_rate is null



  
  
      
    ) dbt_internal_test
[0m13:42:31.452963 [debug] [Thread-1 (]: SQL status: OK in 0.004 seconds
[0m13:42:31.454540 [debug] [Thread-1 (]: On test.vg_casestudy.not_null_stg_raw_staging__loans_interest_rate.af6bbce27a: ROLLBACK
[0m13:42:31.457504 [debug] [Thread-1 (]: Failed to rollback 'test.vg_casestudy.not_null_stg_raw_staging__loans_interest_rate.af6bbce27a'
[0m13:42:31.458382 [debug] [Thread-1 (]: On test.vg_casestudy.not_null_stg_raw_staging__loans_interest_rate.af6bbce27a: Close
[0m13:42:31.461429 [info ] [Thread-1 (]: 24 of 71 PASS not_null_stg_raw_staging__loans_interest_rate .................... [[32mPASS[0m in 0.06s]
[0m13:42:31.463440 [debug] [Thread-1 (]: Finished running node test.vg_casestudy.not_null_stg_raw_staging__loans_interest_rate.af6bbce27a
[0m13:42:31.464343 [debug] [Thread-1 (]: Began running node test.vg_casestudy.not_null_stg_raw_staging__loans_loan_amount.9143c49752
[0m13:42:31.465760 [info ] [Thread-1 (]: 25 of 71 START test not_null_stg_raw_staging__loans_loan_amount ................ [RUN]
[0m13:42:31.467037 [debug] [Thread-1 (]: Re-using an available connection from the pool (formerly test.vg_casestudy.not_null_stg_raw_staging__loans_interest_rate.af6bbce27a, now test.vg_casestudy.not_null_stg_raw_staging__loans_loan_amount.9143c49752)
[0m13:42:31.468252 [debug] [Thread-1 (]: Began compiling node test.vg_casestudy.not_null_stg_raw_staging__loans_loan_amount.9143c49752
[0m13:42:31.473397 [debug] [Thread-1 (]: Writing injected SQL for node "test.vg_casestudy.not_null_stg_raw_staging__loans_loan_amount.9143c49752"
[0m13:42:31.486150 [debug] [Thread-1 (]: Began executing node test.vg_casestudy.not_null_stg_raw_staging__loans_loan_amount.9143c49752
[0m13:42:31.488653 [debug] [Thread-1 (]: Writing runtime sql for node "test.vg_casestudy.not_null_stg_raw_staging__loans_loan_amount.9143c49752"
[0m13:42:31.498773 [debug] [Thread-1 (]: Using duckdb connection "test.vg_casestudy.not_null_stg_raw_staging__loans_loan_amount.9143c49752"
[0m13:42:31.499719 [debug] [Thread-1 (]: On test.vg_casestudy.not_null_stg_raw_staging__loans_loan_amount.9143c49752: BEGIN
[0m13:42:31.500659 [debug] [Thread-1 (]: Opening a new connection, currently in state closed
[0m13:42:31.518613 [debug] [Thread-1 (]: SQL status: OK in 0.018 seconds
[0m13:42:31.519742 [debug] [Thread-1 (]: Using duckdb connection "test.vg_casestudy.not_null_stg_raw_staging__loans_loan_amount.9143c49752"
[0m13:42:31.520754 [debug] [Thread-1 (]: On test.vg_casestudy.not_null_stg_raw_staging__loans_loan_amount.9143c49752: /* {"app": "dbt", "dbt_version": "1.10.8", "profile_name": "default", "target_name": "dev", "node_id": "test.vg_casestudy.not_null_stg_raw_staging__loans_loan_amount.9143c49752"} */

    select
      count(*) as failures,
      count(*) != 0 as should_warn,
      count(*) != 0 as should_error
    from (
      
    
  
    
    



select loan_amount
from "casestudy"."staging"."stg_raw_staging__loans"
where loan_amount is null



  
  
      
    ) dbt_internal_test
[0m13:42:31.527170 [debug] [Thread-1 (]: SQL status: OK in 0.006 seconds
[0m13:42:31.529699 [debug] [Thread-1 (]: On test.vg_casestudy.not_null_stg_raw_staging__loans_loan_amount.9143c49752: ROLLBACK
[0m13:42:31.534004 [debug] [Thread-1 (]: Failed to rollback 'test.vg_casestudy.not_null_stg_raw_staging__loans_loan_amount.9143c49752'
[0m13:42:31.534986 [debug] [Thread-1 (]: On test.vg_casestudy.not_null_stg_raw_staging__loans_loan_amount.9143c49752: Close
[0m13:42:31.538223 [info ] [Thread-1 (]: 25 of 71 PASS not_null_stg_raw_staging__loans_loan_amount ...................... [[32mPASS[0m in 0.07s]
[0m13:42:31.539269 [debug] [Thread-1 (]: Finished running node test.vg_casestudy.not_null_stg_raw_staging__loans_loan_amount.9143c49752
[0m13:42:31.540212 [debug] [Thread-1 (]: Began running node test.vg_casestudy.not_null_stg_raw_staging__loans_loan_id.2434a0af3b
[0m13:42:31.541051 [info ] [Thread-1 (]: 26 of 71 START test not_null_stg_raw_staging__loans_loan_id .................... [RUN]
[0m13:42:31.541836 [debug] [Thread-1 (]: Re-using an available connection from the pool (formerly test.vg_casestudy.not_null_stg_raw_staging__loans_loan_amount.9143c49752, now test.vg_casestudy.not_null_stg_raw_staging__loans_loan_id.2434a0af3b)
[0m13:42:31.542605 [debug] [Thread-1 (]: Began compiling node test.vg_casestudy.not_null_stg_raw_staging__loans_loan_id.2434a0af3b
[0m13:42:31.546756 [debug] [Thread-1 (]: Writing injected SQL for node "test.vg_casestudy.not_null_stg_raw_staging__loans_loan_id.2434a0af3b"
[0m13:42:31.556961 [debug] [Thread-1 (]: Began executing node test.vg_casestudy.not_null_stg_raw_staging__loans_loan_id.2434a0af3b
[0m13:42:31.559246 [debug] [Thread-1 (]: Writing runtime sql for node "test.vg_casestudy.not_null_stg_raw_staging__loans_loan_id.2434a0af3b"
[0m13:42:31.569576 [debug] [Thread-1 (]: Using duckdb connection "test.vg_casestudy.not_null_stg_raw_staging__loans_loan_id.2434a0af3b"
[0m13:42:31.570566 [debug] [Thread-1 (]: On test.vg_casestudy.not_null_stg_raw_staging__loans_loan_id.2434a0af3b: BEGIN
[0m13:42:31.571316 [debug] [Thread-1 (]: Opening a new connection, currently in state closed
[0m13:42:31.588538 [debug] [Thread-1 (]: SQL status: OK in 0.017 seconds
[0m13:42:31.589744 [debug] [Thread-1 (]: Using duckdb connection "test.vg_casestudy.not_null_stg_raw_staging__loans_loan_id.2434a0af3b"
[0m13:42:31.590762 [debug] [Thread-1 (]: On test.vg_casestudy.not_null_stg_raw_staging__loans_loan_id.2434a0af3b: /* {"app": "dbt", "dbt_version": "1.10.8", "profile_name": "default", "target_name": "dev", "node_id": "test.vg_casestudy.not_null_stg_raw_staging__loans_loan_id.2434a0af3b"} */

    select
      count(*) as failures,
      count(*) != 0 as should_warn,
      count(*) != 0 as should_error
    from (
      
    
  
    
    



select loan_id
from "casestudy"."staging"."stg_raw_staging__loans"
where loan_id is null



  
  
      
    ) dbt_internal_test
[0m13:42:31.593099 [debug] [Thread-1 (]: SQL status: OK in 0.001 seconds
[0m13:42:31.594754 [debug] [Thread-1 (]: On test.vg_casestudy.not_null_stg_raw_staging__loans_loan_id.2434a0af3b: ROLLBACK
[0m13:42:31.597743 [debug] [Thread-1 (]: Failed to rollback 'test.vg_casestudy.not_null_stg_raw_staging__loans_loan_id.2434a0af3b'
[0m13:42:31.599268 [debug] [Thread-1 (]: On test.vg_casestudy.not_null_stg_raw_staging__loans_loan_id.2434a0af3b: Close
[0m13:42:31.603305 [info ] [Thread-1 (]: 26 of 71 PASS not_null_stg_raw_staging__loans_loan_id .......................... [[32mPASS[0m in 0.06s]
[0m13:42:31.604714 [debug] [Thread-1 (]: Finished running node test.vg_casestudy.not_null_stg_raw_staging__loans_loan_id.2434a0af3b
[0m13:42:31.605587 [debug] [Thread-1 (]: Began running node test.vg_casestudy.not_null_stg_raw_staging__loans_loan_status.f4d3276dbd
[0m13:42:31.606362 [info ] [Thread-1 (]: 27 of 71 START test not_null_stg_raw_staging__loans_loan_status ................ [RUN]
[0m13:42:31.607322 [debug] [Thread-1 (]: Re-using an available connection from the pool (formerly test.vg_casestudy.not_null_stg_raw_staging__loans_loan_id.2434a0af3b, now test.vg_casestudy.not_null_stg_raw_staging__loans_loan_status.f4d3276dbd)
[0m13:42:31.608186 [debug] [Thread-1 (]: Began compiling node test.vg_casestudy.not_null_stg_raw_staging__loans_loan_status.f4d3276dbd
[0m13:42:31.611962 [debug] [Thread-1 (]: Writing injected SQL for node "test.vg_casestudy.not_null_stg_raw_staging__loans_loan_status.f4d3276dbd"
[0m13:42:31.622763 [debug] [Thread-1 (]: Began executing node test.vg_casestudy.not_null_stg_raw_staging__loans_loan_status.f4d3276dbd
[0m13:42:31.625361 [debug] [Thread-1 (]: Writing runtime sql for node "test.vg_casestudy.not_null_stg_raw_staging__loans_loan_status.f4d3276dbd"
[0m13:42:31.636701 [debug] [Thread-1 (]: Using duckdb connection "test.vg_casestudy.not_null_stg_raw_staging__loans_loan_status.f4d3276dbd"
[0m13:42:31.637647 [debug] [Thread-1 (]: On test.vg_casestudy.not_null_stg_raw_staging__loans_loan_status.f4d3276dbd: BEGIN
[0m13:42:31.638356 [debug] [Thread-1 (]: Opening a new connection, currently in state closed
[0m13:42:31.656164 [debug] [Thread-1 (]: SQL status: OK in 0.018 seconds
[0m13:42:31.657209 [debug] [Thread-1 (]: Using duckdb connection "test.vg_casestudy.not_null_stg_raw_staging__loans_loan_status.f4d3276dbd"
[0m13:42:31.658032 [debug] [Thread-1 (]: On test.vg_casestudy.not_null_stg_raw_staging__loans_loan_status.f4d3276dbd: /* {"app": "dbt", "dbt_version": "1.10.8", "profile_name": "default", "target_name": "dev", "node_id": "test.vg_casestudy.not_null_stg_raw_staging__loans_loan_status.f4d3276dbd"} */

    select
      count(*) as failures,
      count(*) != 0 as should_warn,
      count(*) != 0 as should_error
    from (
      
    
  
    
    



select loan_status
from "casestudy"."staging"."stg_raw_staging__loans"
where loan_status is null



  
  
      
    ) dbt_internal_test
[0m13:42:31.660489 [debug] [Thread-1 (]: SQL status: OK in 0.002 seconds
[0m13:42:31.662001 [debug] [Thread-1 (]: On test.vg_casestudy.not_null_stg_raw_staging__loans_loan_status.f4d3276dbd: ROLLBACK
[0m13:42:31.664785 [debug] [Thread-1 (]: Failed to rollback 'test.vg_casestudy.not_null_stg_raw_staging__loans_loan_status.f4d3276dbd'
[0m13:42:31.665590 [debug] [Thread-1 (]: On test.vg_casestudy.not_null_stg_raw_staging__loans_loan_status.f4d3276dbd: Close
[0m13:42:31.668393 [info ] [Thread-1 (]: 27 of 71 PASS not_null_stg_raw_staging__loans_loan_status ...................... [[32mPASS[0m in 0.06s]
[0m13:42:31.669454 [debug] [Thread-1 (]: Finished running node test.vg_casestudy.not_null_stg_raw_staging__loans_loan_status.f4d3276dbd
[0m13:42:31.670677 [debug] [Thread-1 (]: Began running node test.vg_casestudy.not_null_stg_raw_staging__loans_loan_term.53fc5904d6
[0m13:42:31.671491 [info ] [Thread-1 (]: 28 of 71 START test not_null_stg_raw_staging__loans_loan_term .................. [RUN]
[0m13:42:31.672358 [debug] [Thread-1 (]: Re-using an available connection from the pool (formerly test.vg_casestudy.not_null_stg_raw_staging__loans_loan_status.f4d3276dbd, now test.vg_casestudy.not_null_stg_raw_staging__loans_loan_term.53fc5904d6)
[0m13:42:31.673129 [debug] [Thread-1 (]: Began compiling node test.vg_casestudy.not_null_stg_raw_staging__loans_loan_term.53fc5904d6
[0m13:42:31.676644 [debug] [Thread-1 (]: Writing injected SQL for node "test.vg_casestudy.not_null_stg_raw_staging__loans_loan_term.53fc5904d6"
[0m13:42:31.690474 [debug] [Thread-1 (]: Began executing node test.vg_casestudy.not_null_stg_raw_staging__loans_loan_term.53fc5904d6
[0m13:42:31.693038 [debug] [Thread-1 (]: Writing runtime sql for node "test.vg_casestudy.not_null_stg_raw_staging__loans_loan_term.53fc5904d6"
[0m13:42:31.702590 [debug] [Thread-1 (]: Using duckdb connection "test.vg_casestudy.not_null_stg_raw_staging__loans_loan_term.53fc5904d6"
[0m13:42:31.703503 [debug] [Thread-1 (]: On test.vg_casestudy.not_null_stg_raw_staging__loans_loan_term.53fc5904d6: BEGIN
[0m13:42:31.704326 [debug] [Thread-1 (]: Opening a new connection, currently in state closed
[0m13:42:31.720672 [debug] [Thread-1 (]: SQL status: OK in 0.016 seconds
[0m13:42:31.721647 [debug] [Thread-1 (]: Using duckdb connection "test.vg_casestudy.not_null_stg_raw_staging__loans_loan_term.53fc5904d6"
[0m13:42:31.722425 [debug] [Thread-1 (]: On test.vg_casestudy.not_null_stg_raw_staging__loans_loan_term.53fc5904d6: /* {"app": "dbt", "dbt_version": "1.10.8", "profile_name": "default", "target_name": "dev", "node_id": "test.vg_casestudy.not_null_stg_raw_staging__loans_loan_term.53fc5904d6"} */

    select
      count(*) as failures,
      count(*) != 0 as should_warn,
      count(*) != 0 as should_error
    from (
      
    
  
    
    



select loan_term
from "casestudy"."staging"."stg_raw_staging__loans"
where loan_term is null



  
  
      
    ) dbt_internal_test
[0m13:42:31.724813 [debug] [Thread-1 (]: SQL status: OK in 0.002 seconds
[0m13:42:31.726375 [debug] [Thread-1 (]: On test.vg_casestudy.not_null_stg_raw_staging__loans_loan_term.53fc5904d6: ROLLBACK
[0m13:42:31.730177 [debug] [Thread-1 (]: Failed to rollback 'test.vg_casestudy.not_null_stg_raw_staging__loans_loan_term.53fc5904d6'
[0m13:42:31.731234 [debug] [Thread-1 (]: On test.vg_casestudy.not_null_stg_raw_staging__loans_loan_term.53fc5904d6: Close
[0m13:42:31.734686 [info ] [Thread-1 (]: 28 of 71 PASS not_null_stg_raw_staging__loans_loan_term ........................ [[32mPASS[0m in 0.06s]
[0m13:42:31.735842 [debug] [Thread-1 (]: Finished running node test.vg_casestudy.not_null_stg_raw_staging__loans_loan_term.53fc5904d6
[0m13:42:31.736596 [debug] [Thread-1 (]: Began running node test.vg_casestudy.not_null_stg_raw_staging__loans_loan_type.a3d87b38a0
[0m13:42:31.737357 [info ] [Thread-1 (]: 29 of 71 START test not_null_stg_raw_staging__loans_loan_type .................. [RUN]
[0m13:42:31.738059 [debug] [Thread-1 (]: Re-using an available connection from the pool (formerly test.vg_casestudy.not_null_stg_raw_staging__loans_loan_term.53fc5904d6, now test.vg_casestudy.not_null_stg_raw_staging__loans_loan_type.a3d87b38a0)
[0m13:42:31.738778 [debug] [Thread-1 (]: Began compiling node test.vg_casestudy.not_null_stg_raw_staging__loans_loan_type.a3d87b38a0
[0m13:42:31.744994 [debug] [Thread-1 (]: Writing injected SQL for node "test.vg_casestudy.not_null_stg_raw_staging__loans_loan_type.a3d87b38a0"
[0m13:42:31.757022 [debug] [Thread-1 (]: Began executing node test.vg_casestudy.not_null_stg_raw_staging__loans_loan_type.a3d87b38a0
[0m13:42:31.759373 [debug] [Thread-1 (]: Writing runtime sql for node "test.vg_casestudy.not_null_stg_raw_staging__loans_loan_type.a3d87b38a0"
[0m13:42:31.770997 [debug] [Thread-1 (]: Using duckdb connection "test.vg_casestudy.not_null_stg_raw_staging__loans_loan_type.a3d87b38a0"
[0m13:42:31.771916 [debug] [Thread-1 (]: On test.vg_casestudy.not_null_stg_raw_staging__loans_loan_type.a3d87b38a0: BEGIN
[0m13:42:31.772661 [debug] [Thread-1 (]: Opening a new connection, currently in state closed
[0m13:42:31.791362 [debug] [Thread-1 (]: SQL status: OK in 0.019 seconds
[0m13:42:31.792546 [debug] [Thread-1 (]: Using duckdb connection "test.vg_casestudy.not_null_stg_raw_staging__loans_loan_type.a3d87b38a0"
[0m13:42:31.793356 [debug] [Thread-1 (]: On test.vg_casestudy.not_null_stg_raw_staging__loans_loan_type.a3d87b38a0: /* {"app": "dbt", "dbt_version": "1.10.8", "profile_name": "default", "target_name": "dev", "node_id": "test.vg_casestudy.not_null_stg_raw_staging__loans_loan_type.a3d87b38a0"} */

    select
      count(*) as failures,
      count(*) != 0 as should_warn,
      count(*) != 0 as should_error
    from (
      
    
  
    
    



select loan_type
from "casestudy"."staging"."stg_raw_staging__loans"
where loan_type is null



  
  
      
    ) dbt_internal_test
[0m13:42:31.796467 [debug] [Thread-1 (]: SQL status: OK in 0.002 seconds
[0m13:42:31.798374 [debug] [Thread-1 (]: On test.vg_casestudy.not_null_stg_raw_staging__loans_loan_type.a3d87b38a0: ROLLBACK
[0m13:42:31.801316 [debug] [Thread-1 (]: Failed to rollback 'test.vg_casestudy.not_null_stg_raw_staging__loans_loan_type.a3d87b38a0'
[0m13:42:31.802302 [debug] [Thread-1 (]: On test.vg_casestudy.not_null_stg_raw_staging__loans_loan_type.a3d87b38a0: Close
[0m13:42:31.805786 [info ] [Thread-1 (]: 29 of 71 PASS not_null_stg_raw_staging__loans_loan_type ........................ [[32mPASS[0m in 0.07s]
[0m13:42:31.806718 [debug] [Thread-1 (]: Finished running node test.vg_casestudy.not_null_stg_raw_staging__loans_loan_type.a3d87b38a0
[0m13:42:31.807549 [debug] [Thread-1 (]: Began running node test.vg_casestudy.not_null_stg_raw_staging__transactions_account_id.52f5c093d5
[0m13:42:31.808460 [info ] [Thread-1 (]: 30 of 71 START test not_null_stg_raw_staging__transactions_account_id .......... [RUN]
[0m13:42:31.809877 [debug] [Thread-1 (]: Re-using an available connection from the pool (formerly test.vg_casestudy.not_null_stg_raw_staging__loans_loan_type.a3d87b38a0, now test.vg_casestudy.not_null_stg_raw_staging__transactions_account_id.52f5c093d5)
[0m13:42:31.810850 [debug] [Thread-1 (]: Began compiling node test.vg_casestudy.not_null_stg_raw_staging__transactions_account_id.52f5c093d5
[0m13:42:31.814323 [debug] [Thread-1 (]: Writing injected SQL for node "test.vg_casestudy.not_null_stg_raw_staging__transactions_account_id.52f5c093d5"
[0m13:42:31.825189 [debug] [Thread-1 (]: Began executing node test.vg_casestudy.not_null_stg_raw_staging__transactions_account_id.52f5c093d5
[0m13:42:31.827813 [debug] [Thread-1 (]: Writing runtime sql for node "test.vg_casestudy.not_null_stg_raw_staging__transactions_account_id.52f5c093d5"
[0m13:42:31.837784 [debug] [Thread-1 (]: Using duckdb connection "test.vg_casestudy.not_null_stg_raw_staging__transactions_account_id.52f5c093d5"
[0m13:42:31.838724 [debug] [Thread-1 (]: On test.vg_casestudy.not_null_stg_raw_staging__transactions_account_id.52f5c093d5: BEGIN
[0m13:42:31.839452 [debug] [Thread-1 (]: Opening a new connection, currently in state closed
[0m13:42:31.855573 [debug] [Thread-1 (]: SQL status: OK in 0.016 seconds
[0m13:42:31.856578 [debug] [Thread-1 (]: Using duckdb connection "test.vg_casestudy.not_null_stg_raw_staging__transactions_account_id.52f5c093d5"
[0m13:42:31.857425 [debug] [Thread-1 (]: On test.vg_casestudy.not_null_stg_raw_staging__transactions_account_id.52f5c093d5: /* {"app": "dbt", "dbt_version": "1.10.8", "profile_name": "default", "target_name": "dev", "node_id": "test.vg_casestudy.not_null_stg_raw_staging__transactions_account_id.52f5c093d5"} */

    select
      count(*) as failures,
      count(*) != 0 as should_warn,
      count(*) != 0 as should_error
    from (
      
    
  
    
    



select account_id
from "casestudy"."staging"."stg_raw_staging__transactions"
where account_id is null



  
  
      
    ) dbt_internal_test
[0m13:42:31.859794 [debug] [Thread-1 (]: SQL status: OK in 0.002 seconds
[0m13:42:31.862337 [debug] [Thread-1 (]: On test.vg_casestudy.not_null_stg_raw_staging__transactions_account_id.52f5c093d5: ROLLBACK
[0m13:42:31.865351 [debug] [Thread-1 (]: Failed to rollback 'test.vg_casestudy.not_null_stg_raw_staging__transactions_account_id.52f5c093d5'
[0m13:42:31.866128 [debug] [Thread-1 (]: On test.vg_casestudy.not_null_stg_raw_staging__transactions_account_id.52f5c093d5: Close
[0m13:42:31.869093 [info ] [Thread-1 (]: 30 of 71 PASS not_null_stg_raw_staging__transactions_account_id ................ [[32mPASS[0m in 0.06s]
[0m13:42:31.870115 [debug] [Thread-1 (]: Finished running node test.vg_casestudy.not_null_stg_raw_staging__transactions_account_id.52f5c093d5
[0m13:42:31.870934 [debug] [Thread-1 (]: Began running node test.vg_casestudy.not_null_stg_raw_staging__transactions_transaction_id.ebc02c3793
[0m13:42:31.871702 [info ] [Thread-1 (]: 31 of 71 START test not_null_stg_raw_staging__transactions_transaction_id ...... [RUN]
[0m13:42:31.872640 [debug] [Thread-1 (]: Re-using an available connection from the pool (formerly test.vg_casestudy.not_null_stg_raw_staging__transactions_account_id.52f5c093d5, now test.vg_casestudy.not_null_stg_raw_staging__transactions_transaction_id.ebc02c3793)
[0m13:42:31.873496 [debug] [Thread-1 (]: Began compiling node test.vg_casestudy.not_null_stg_raw_staging__transactions_transaction_id.ebc02c3793
[0m13:42:31.877214 [debug] [Thread-1 (]: Writing injected SQL for node "test.vg_casestudy.not_null_stg_raw_staging__transactions_transaction_id.ebc02c3793"
[0m13:42:31.887530 [debug] [Thread-1 (]: Began executing node test.vg_casestudy.not_null_stg_raw_staging__transactions_transaction_id.ebc02c3793
[0m13:42:31.890552 [debug] [Thread-1 (]: Writing runtime sql for node "test.vg_casestudy.not_null_stg_raw_staging__transactions_transaction_id.ebc02c3793"
[0m13:42:31.901116 [debug] [Thread-1 (]: Using duckdb connection "test.vg_casestudy.not_null_stg_raw_staging__transactions_transaction_id.ebc02c3793"
[0m13:42:31.902073 [debug] [Thread-1 (]: On test.vg_casestudy.not_null_stg_raw_staging__transactions_transaction_id.ebc02c3793: BEGIN
[0m13:42:31.902895 [debug] [Thread-1 (]: Opening a new connection, currently in state closed
[0m13:42:31.921727 [debug] [Thread-1 (]: SQL status: OK in 0.019 seconds
[0m13:42:31.923117 [debug] [Thread-1 (]: Using duckdb connection "test.vg_casestudy.not_null_stg_raw_staging__transactions_transaction_id.ebc02c3793"
[0m13:42:31.923969 [debug] [Thread-1 (]: On test.vg_casestudy.not_null_stg_raw_staging__transactions_transaction_id.ebc02c3793: /* {"app": "dbt", "dbt_version": "1.10.8", "profile_name": "default", "target_name": "dev", "node_id": "test.vg_casestudy.not_null_stg_raw_staging__transactions_transaction_id.ebc02c3793"} */

    select
      count(*) as failures,
      count(*) != 0 as should_warn,
      count(*) != 0 as should_error
    from (
      
    
  
    
    



select transaction_id
from "casestudy"."staging"."stg_raw_staging__transactions"
where transaction_id is null



  
  
      
    ) dbt_internal_test
[0m13:42:31.926313 [debug] [Thread-1 (]: SQL status: OK in 0.001 seconds
[0m13:42:31.928056 [debug] [Thread-1 (]: On test.vg_casestudy.not_null_stg_raw_staging__transactions_transaction_id.ebc02c3793: ROLLBACK
[0m13:42:31.931434 [debug] [Thread-1 (]: Failed to rollback 'test.vg_casestudy.not_null_stg_raw_staging__transactions_transaction_id.ebc02c3793'
[0m13:42:31.932512 [debug] [Thread-1 (]: On test.vg_casestudy.not_null_stg_raw_staging__transactions_transaction_id.ebc02c3793: Close
[0m13:42:31.935620 [info ] [Thread-1 (]: 31 of 71 PASS not_null_stg_raw_staging__transactions_transaction_id ............ [[32mPASS[0m in 0.06s]
[0m13:42:31.936844 [debug] [Thread-1 (]: Finished running node test.vg_casestudy.not_null_stg_raw_staging__transactions_transaction_id.ebc02c3793
[0m13:42:31.937610 [debug] [Thread-1 (]: Began running node test.vg_casestudy.not_null_stg_raw_staging__transactions_transaction_type.29e6a629e0
[0m13:42:31.938448 [info ] [Thread-1 (]: 32 of 71 START test not_null_stg_raw_staging__transactions_transaction_type .... [RUN]
[0m13:42:31.939224 [debug] [Thread-1 (]: Re-using an available connection from the pool (formerly test.vg_casestudy.not_null_stg_raw_staging__transactions_transaction_id.ebc02c3793, now test.vg_casestudy.not_null_stg_raw_staging__transactions_transaction_type.29e6a629e0)
[0m13:42:31.940108 [debug] [Thread-1 (]: Began compiling node test.vg_casestudy.not_null_stg_raw_staging__transactions_transaction_type.29e6a629e0
[0m13:42:31.944077 [debug] [Thread-1 (]: Writing injected SQL for node "test.vg_casestudy.not_null_stg_raw_staging__transactions_transaction_type.29e6a629e0"
[0m13:42:31.953037 [debug] [Thread-1 (]: Began executing node test.vg_casestudy.not_null_stg_raw_staging__transactions_transaction_type.29e6a629e0
[0m13:42:31.955929 [debug] [Thread-1 (]: Writing runtime sql for node "test.vg_casestudy.not_null_stg_raw_staging__transactions_transaction_type.29e6a629e0"
[0m13:42:31.965709 [debug] [Thread-1 (]: Using duckdb connection "test.vg_casestudy.not_null_stg_raw_staging__transactions_transaction_type.29e6a629e0"
[0m13:42:31.966757 [debug] [Thread-1 (]: On test.vg_casestudy.not_null_stg_raw_staging__transactions_transaction_type.29e6a629e0: BEGIN
[0m13:42:31.967617 [debug] [Thread-1 (]: Opening a new connection, currently in state closed
[0m13:42:31.985749 [debug] [Thread-1 (]: SQL status: OK in 0.018 seconds
[0m13:42:31.986854 [debug] [Thread-1 (]: Using duckdb connection "test.vg_casestudy.not_null_stg_raw_staging__transactions_transaction_type.29e6a629e0"
[0m13:42:31.987732 [debug] [Thread-1 (]: On test.vg_casestudy.not_null_stg_raw_staging__transactions_transaction_type.29e6a629e0: /* {"app": "dbt", "dbt_version": "1.10.8", "profile_name": "default", "target_name": "dev", "node_id": "test.vg_casestudy.not_null_stg_raw_staging__transactions_transaction_type.29e6a629e0"} */

    select
      count(*) as failures,
      count(*) != 0 as should_warn,
      count(*) != 0 as should_error
    from (
      
    
  
    
    



select transaction_type
from "casestudy"."staging"."stg_raw_staging__transactions"
where transaction_type is null



  
  
      
    ) dbt_internal_test
[0m13:42:31.994514 [debug] [Thread-1 (]: SQL status: OK in 0.006 seconds
[0m13:42:31.997100 [debug] [Thread-1 (]: On test.vg_casestudy.not_null_stg_raw_staging__transactions_transaction_type.29e6a629e0: ROLLBACK
[0m13:42:32.000124 [debug] [Thread-1 (]: Failed to rollback 'test.vg_casestudy.not_null_stg_raw_staging__transactions_transaction_type.29e6a629e0'
[0m13:42:32.001012 [debug] [Thread-1 (]: On test.vg_casestudy.not_null_stg_raw_staging__transactions_transaction_type.29e6a629e0: Close
[0m13:42:32.009163 [info ] [Thread-1 (]: 32 of 71 PASS not_null_stg_raw_staging__transactions_transaction_type .......... [[32mPASS[0m in 0.07s]
[0m13:42:32.010827 [debug] [Thread-1 (]: Finished running node test.vg_casestudy.not_null_stg_raw_staging__transactions_transaction_type.29e6a629e0
[0m13:42:32.012228 [debug] [Thread-1 (]: Began running node test.vg_casestudy.not_null_stg_staging_intermediate__accounts_account_id.ce9f8bf6f5
[0m13:42:32.013283 [info ] [Thread-1 (]: 33 of 71 START test not_null_stg_staging_intermediate__accounts_account_id ..... [RUN]
[0m13:42:32.014533 [debug] [Thread-1 (]: Re-using an available connection from the pool (formerly test.vg_casestudy.not_null_stg_raw_staging__transactions_transaction_type.29e6a629e0, now test.vg_casestudy.not_null_stg_staging_intermediate__accounts_account_id.ce9f8bf6f5)
[0m13:42:32.015680 [debug] [Thread-1 (]: Began compiling node test.vg_casestudy.not_null_stg_staging_intermediate__accounts_account_id.ce9f8bf6f5
[0m13:42:32.021328 [debug] [Thread-1 (]: Writing injected SQL for node "test.vg_casestudy.not_null_stg_staging_intermediate__accounts_account_id.ce9f8bf6f5"
[0m13:42:32.036226 [debug] [Thread-1 (]: Began executing node test.vg_casestudy.not_null_stg_staging_intermediate__accounts_account_id.ce9f8bf6f5
[0m13:42:32.040875 [debug] [Thread-1 (]: Writing runtime sql for node "test.vg_casestudy.not_null_stg_staging_intermediate__accounts_account_id.ce9f8bf6f5"
[0m13:42:32.061195 [debug] [Thread-1 (]: Using duckdb connection "test.vg_casestudy.not_null_stg_staging_intermediate__accounts_account_id.ce9f8bf6f5"
[0m13:42:32.063410 [debug] [Thread-1 (]: On test.vg_casestudy.not_null_stg_staging_intermediate__accounts_account_id.ce9f8bf6f5: BEGIN
[0m13:42:32.065661 [debug] [Thread-1 (]: Opening a new connection, currently in state closed
[0m13:42:32.097741 [debug] [Thread-1 (]: SQL status: OK in 0.032 seconds
[0m13:42:32.099353 [debug] [Thread-1 (]: Using duckdb connection "test.vg_casestudy.not_null_stg_staging_intermediate__accounts_account_id.ce9f8bf6f5"
[0m13:42:32.100593 [debug] [Thread-1 (]: On test.vg_casestudy.not_null_stg_staging_intermediate__accounts_account_id.ce9f8bf6f5: /* {"app": "dbt", "dbt_version": "1.10.8", "profile_name": "default", "target_name": "dev", "node_id": "test.vg_casestudy.not_null_stg_staging_intermediate__accounts_account_id.ce9f8bf6f5"} */

    select
      count(*) as failures,
      count(*) != 0 as should_warn,
      count(*) != 0 as should_error
    from (
      
    
  
    
    



select account_id
from "casestudy"."intermediate"."stg_staging_intermediate__accounts"
where account_id is null



  
  
      
    ) dbt_internal_test
[0m13:42:32.102339 [debug] [Thread-1 (]: SQL status: OK in 0.001 seconds
[0m13:42:32.104278 [debug] [Thread-1 (]: On test.vg_casestudy.not_null_stg_staging_intermediate__accounts_account_id.ce9f8bf6f5: ROLLBACK
[0m13:42:32.108090 [debug] [Thread-1 (]: Failed to rollback 'test.vg_casestudy.not_null_stg_staging_intermediate__accounts_account_id.ce9f8bf6f5'
[0m13:42:32.109133 [debug] [Thread-1 (]: On test.vg_casestudy.not_null_stg_staging_intermediate__accounts_account_id.ce9f8bf6f5: Close
[0m13:42:32.113068 [info ] [Thread-1 (]: 33 of 71 PASS not_null_stg_staging_intermediate__accounts_account_id ........... [[32mPASS[0m in 0.10s]
[0m13:42:32.114930 [debug] [Thread-1 (]: Finished running node test.vg_casestudy.not_null_stg_staging_intermediate__accounts_account_id.ce9f8bf6f5
[0m13:42:32.116437 [debug] [Thread-1 (]: Began running node test.vg_casestudy.not_null_stg_staging_intermediate__accounts_account_opening_date.14abf76bb5
[0m13:42:32.117530 [info ] [Thread-1 (]: 34 of 71 START test not_null_stg_staging_intermediate__accounts_account_opening_date  [RUN]
[0m13:42:32.118776 [debug] [Thread-1 (]: Re-using an available connection from the pool (formerly test.vg_casestudy.not_null_stg_staging_intermediate__accounts_account_id.ce9f8bf6f5, now test.vg_casestudy.not_null_stg_staging_intermediate__accounts_account_opening_date.14abf76bb5)
[0m13:42:32.120287 [debug] [Thread-1 (]: Began compiling node test.vg_casestudy.not_null_stg_staging_intermediate__accounts_account_opening_date.14abf76bb5
[0m13:42:32.126055 [debug] [Thread-1 (]: Writing injected SQL for node "test.vg_casestudy.not_null_stg_staging_intermediate__accounts_account_opening_date.14abf76bb5"
[0m13:42:32.141715 [debug] [Thread-1 (]: Began executing node test.vg_casestudy.not_null_stg_staging_intermediate__accounts_account_opening_date.14abf76bb5
[0m13:42:32.144980 [debug] [Thread-1 (]: Writing runtime sql for node "test.vg_casestudy.not_null_stg_staging_intermediate__accounts_account_opening_date.14abf76bb5"
[0m13:42:32.158147 [debug] [Thread-1 (]: Using duckdb connection "test.vg_casestudy.not_null_stg_staging_intermediate__accounts_account_opening_date.14abf76bb5"
[0m13:42:32.159641 [debug] [Thread-1 (]: On test.vg_casestudy.not_null_stg_staging_intermediate__accounts_account_opening_date.14abf76bb5: BEGIN
[0m13:42:32.160890 [debug] [Thread-1 (]: Opening a new connection, currently in state closed
[0m13:42:32.182522 [debug] [Thread-1 (]: SQL status: OK in 0.022 seconds
[0m13:42:32.183740 [debug] [Thread-1 (]: Using duckdb connection "test.vg_casestudy.not_null_stg_staging_intermediate__accounts_account_opening_date.14abf76bb5"
[0m13:42:32.184571 [debug] [Thread-1 (]: On test.vg_casestudy.not_null_stg_staging_intermediate__accounts_account_opening_date.14abf76bb5: /* {"app": "dbt", "dbt_version": "1.10.8", "profile_name": "default", "target_name": "dev", "node_id": "test.vg_casestudy.not_null_stg_staging_intermediate__accounts_account_opening_date.14abf76bb5"} */

    select
      count(*) as failures,
      count(*) != 0 as should_warn,
      count(*) != 0 as should_error
    from (
      
    
  
    
    



select account_opening_date
from "casestudy"."intermediate"."stg_staging_intermediate__accounts"
where account_opening_date is null



  
  
      
    ) dbt_internal_test
[0m13:42:32.186186 [debug] [Thread-1 (]: SQL status: OK in 0.001 seconds
[0m13:42:32.187896 [debug] [Thread-1 (]: On test.vg_casestudy.not_null_stg_staging_intermediate__accounts_account_opening_date.14abf76bb5: ROLLBACK
[0m13:42:32.191018 [debug] [Thread-1 (]: Failed to rollback 'test.vg_casestudy.not_null_stg_staging_intermediate__accounts_account_opening_date.14abf76bb5'
[0m13:42:32.192065 [debug] [Thread-1 (]: On test.vg_casestudy.not_null_stg_staging_intermediate__accounts_account_opening_date.14abf76bb5: Close
[0m13:42:32.195257 [info ] [Thread-1 (]: 34 of 71 PASS not_null_stg_staging_intermediate__accounts_account_opening_date . [[32mPASS[0m in 0.08s]
[0m13:42:32.196255 [debug] [Thread-1 (]: Finished running node test.vg_casestudy.not_null_stg_staging_intermediate__accounts_account_opening_date.14abf76bb5
[0m13:42:32.197085 [debug] [Thread-1 (]: Began running node test.vg_casestudy.not_null_stg_staging_intermediate__accounts_customer_id.2a8ddb333d
[0m13:42:32.197880 [info ] [Thread-1 (]: 35 of 71 START test not_null_stg_staging_intermediate__accounts_customer_id .... [RUN]
[0m13:42:32.198596 [debug] [Thread-1 (]: Re-using an available connection from the pool (formerly test.vg_casestudy.not_null_stg_staging_intermediate__accounts_account_opening_date.14abf76bb5, now test.vg_casestudy.not_null_stg_staging_intermediate__accounts_customer_id.2a8ddb333d)
[0m13:42:32.199384 [debug] [Thread-1 (]: Began compiling node test.vg_casestudy.not_null_stg_staging_intermediate__accounts_customer_id.2a8ddb333d
[0m13:42:32.202743 [debug] [Thread-1 (]: Writing injected SQL for node "test.vg_casestudy.not_null_stg_staging_intermediate__accounts_customer_id.2a8ddb333d"
[0m13:42:32.213551 [debug] [Thread-1 (]: Began executing node test.vg_casestudy.not_null_stg_staging_intermediate__accounts_customer_id.2a8ddb333d
[0m13:42:32.216471 [debug] [Thread-1 (]: Writing runtime sql for node "test.vg_casestudy.not_null_stg_staging_intermediate__accounts_customer_id.2a8ddb333d"
[0m13:42:32.228003 [debug] [Thread-1 (]: Using duckdb connection "test.vg_casestudy.not_null_stg_staging_intermediate__accounts_customer_id.2a8ddb333d"
[0m13:42:32.228982 [debug] [Thread-1 (]: On test.vg_casestudy.not_null_stg_staging_intermediate__accounts_customer_id.2a8ddb333d: BEGIN
[0m13:42:32.229806 [debug] [Thread-1 (]: Opening a new connection, currently in state closed
[0m13:42:32.247038 [debug] [Thread-1 (]: SQL status: OK in 0.017 seconds
[0m13:42:32.248173 [debug] [Thread-1 (]: Using duckdb connection "test.vg_casestudy.not_null_stg_staging_intermediate__accounts_customer_id.2a8ddb333d"
[0m13:42:32.249063 [debug] [Thread-1 (]: On test.vg_casestudy.not_null_stg_staging_intermediate__accounts_customer_id.2a8ddb333d: /* {"app": "dbt", "dbt_version": "1.10.8", "profile_name": "default", "target_name": "dev", "node_id": "test.vg_casestudy.not_null_stg_staging_intermediate__accounts_customer_id.2a8ddb333d"} */

    select
      count(*) as failures,
      count(*) != 0 as should_warn,
      count(*) != 0 as should_error
    from (
      
    
  
    
    



select customer_id
from "casestudy"."intermediate"."stg_staging_intermediate__accounts"
where customer_id is null



  
  
      
    ) dbt_internal_test
[0m13:42:32.250604 [debug] [Thread-1 (]: SQL status: OK in 0.001 seconds
[0m13:42:32.252497 [debug] [Thread-1 (]: On test.vg_casestudy.not_null_stg_staging_intermediate__accounts_customer_id.2a8ddb333d: ROLLBACK
[0m13:42:32.255207 [debug] [Thread-1 (]: Failed to rollback 'test.vg_casestudy.not_null_stg_staging_intermediate__accounts_customer_id.2a8ddb333d'
[0m13:42:32.256124 [debug] [Thread-1 (]: On test.vg_casestudy.not_null_stg_staging_intermediate__accounts_customer_id.2a8ddb333d: Close
[0m13:42:32.259040 [info ] [Thread-1 (]: 35 of 71 PASS not_null_stg_staging_intermediate__accounts_customer_id .......... [[32mPASS[0m in 0.06s]
[0m13:42:32.261505 [debug] [Thread-1 (]: Finished running node test.vg_casestudy.not_null_stg_staging_intermediate__accounts_customer_id.2a8ddb333d
[0m13:42:32.262518 [debug] [Thread-1 (]: Began running node test.vg_casestudy.not_null_stg_staging_intermediate__currencies_currency_iso_code.f7ebb4618b
[0m13:42:32.263788 [info ] [Thread-1 (]: 36 of 71 START test not_null_stg_staging_intermediate__currencies_currency_iso_code  [RUN]
[0m13:42:32.265032 [debug] [Thread-1 (]: Re-using an available connection from the pool (formerly test.vg_casestudy.not_null_stg_staging_intermediate__accounts_customer_id.2a8ddb333d, now test.vg_casestudy.not_null_stg_staging_intermediate__currencies_currency_iso_code.f7ebb4618b)
[0m13:42:32.266141 [debug] [Thread-1 (]: Began compiling node test.vg_casestudy.not_null_stg_staging_intermediate__currencies_currency_iso_code.f7ebb4618b
[0m13:42:32.270831 [debug] [Thread-1 (]: Writing injected SQL for node "test.vg_casestudy.not_null_stg_staging_intermediate__currencies_currency_iso_code.f7ebb4618b"
[0m13:42:32.283023 [debug] [Thread-1 (]: Began executing node test.vg_casestudy.not_null_stg_staging_intermediate__currencies_currency_iso_code.f7ebb4618b
[0m13:42:32.286141 [debug] [Thread-1 (]: Writing runtime sql for node "test.vg_casestudy.not_null_stg_staging_intermediate__currencies_currency_iso_code.f7ebb4618b"
[0m13:42:32.294693 [debug] [Thread-1 (]: Using duckdb connection "test.vg_casestudy.not_null_stg_staging_intermediate__currencies_currency_iso_code.f7ebb4618b"
[0m13:42:32.295614 [debug] [Thread-1 (]: On test.vg_casestudy.not_null_stg_staging_intermediate__currencies_currency_iso_code.f7ebb4618b: BEGIN
[0m13:42:32.296368 [debug] [Thread-1 (]: Opening a new connection, currently in state closed
[0m13:42:32.313518 [debug] [Thread-1 (]: SQL status: OK in 0.017 seconds
[0m13:42:32.314596 [debug] [Thread-1 (]: Using duckdb connection "test.vg_casestudy.not_null_stg_staging_intermediate__currencies_currency_iso_code.f7ebb4618b"
[0m13:42:32.315484 [debug] [Thread-1 (]: On test.vg_casestudy.not_null_stg_staging_intermediate__currencies_currency_iso_code.f7ebb4618b: /* {"app": "dbt", "dbt_version": "1.10.8", "profile_name": "default", "target_name": "dev", "node_id": "test.vg_casestudy.not_null_stg_staging_intermediate__currencies_currency_iso_code.f7ebb4618b"} */

    select
      count(*) as failures,
      count(*) != 0 as should_warn,
      count(*) != 0 as should_error
    from (
      
    
  
    
    



select currency_iso_code
from "casestudy"."intermediate"."stg_staging_intermediate__currencies"
where currency_iso_code is null



  
  
      
    ) dbt_internal_test
[0m13:42:32.317096 [debug] [Thread-1 (]: SQL status: OK in 0.001 seconds
[0m13:42:32.318940 [debug] [Thread-1 (]: On test.vg_casestudy.not_null_stg_staging_intermediate__currencies_currency_iso_code.f7ebb4618b: ROLLBACK
[0m13:42:32.322018 [debug] [Thread-1 (]: Failed to rollback 'test.vg_casestudy.not_null_stg_staging_intermediate__currencies_currency_iso_code.f7ebb4618b'
[0m13:42:32.323004 [debug] [Thread-1 (]: On test.vg_casestudy.not_null_stg_staging_intermediate__currencies_currency_iso_code.f7ebb4618b: Close
[0m13:42:32.326500 [info ] [Thread-1 (]: 36 of 71 PASS not_null_stg_staging_intermediate__currencies_currency_iso_code .. [[32mPASS[0m in 0.06s]
[0m13:42:32.328543 [debug] [Thread-1 (]: Finished running node test.vg_casestudy.not_null_stg_staging_intermediate__currencies_currency_iso_code.f7ebb4618b
[0m13:42:32.329472 [debug] [Thread-1 (]: Began running node test.vg_casestudy.not_null_stg_staging_intermediate__customers_branch_id.de895a293b
[0m13:42:32.330863 [info ] [Thread-1 (]: 37 of 71 START test not_null_stg_staging_intermediate__customers_branch_id ..... [RUN]
[0m13:42:32.331945 [debug] [Thread-1 (]: Re-using an available connection from the pool (formerly test.vg_casestudy.not_null_stg_staging_intermediate__currencies_currency_iso_code.f7ebb4618b, now test.vg_casestudy.not_null_stg_staging_intermediate__customers_branch_id.de895a293b)
[0m13:42:32.332846 [debug] [Thread-1 (]: Began compiling node test.vg_casestudy.not_null_stg_staging_intermediate__customers_branch_id.de895a293b
[0m13:42:32.339448 [debug] [Thread-1 (]: Writing injected SQL for node "test.vg_casestudy.not_null_stg_staging_intermediate__customers_branch_id.de895a293b"
[0m13:42:32.356326 [debug] [Thread-1 (]: Began executing node test.vg_casestudy.not_null_stg_staging_intermediate__customers_branch_id.de895a293b
[0m13:42:32.359255 [debug] [Thread-1 (]: Writing runtime sql for node "test.vg_casestudy.not_null_stg_staging_intermediate__customers_branch_id.de895a293b"
[0m13:42:32.371209 [debug] [Thread-1 (]: Using duckdb connection "test.vg_casestudy.not_null_stg_staging_intermediate__customers_branch_id.de895a293b"
[0m13:42:32.372178 [debug] [Thread-1 (]: On test.vg_casestudy.not_null_stg_staging_intermediate__customers_branch_id.de895a293b: BEGIN
[0m13:42:32.372993 [debug] [Thread-1 (]: Opening a new connection, currently in state closed
[0m13:42:32.389962 [debug] [Thread-1 (]: SQL status: OK in 0.017 seconds
[0m13:42:32.391012 [debug] [Thread-1 (]: Using duckdb connection "test.vg_casestudy.not_null_stg_staging_intermediate__customers_branch_id.de895a293b"
[0m13:42:32.391808 [debug] [Thread-1 (]: On test.vg_casestudy.not_null_stg_staging_intermediate__customers_branch_id.de895a293b: /* {"app": "dbt", "dbt_version": "1.10.8", "profile_name": "default", "target_name": "dev", "node_id": "test.vg_casestudy.not_null_stg_staging_intermediate__customers_branch_id.de895a293b"} */

    select
      count(*) as failures,
      count(*) != 0 as should_warn,
      count(*) != 0 as should_error
    from (
      
    
  
    
    



select branch_id
from "casestudy"."intermediate"."stg_staging_intermediate__customers"
where branch_id is null



  
  
      
    ) dbt_internal_test
[0m13:42:32.393629 [debug] [Thread-1 (]: SQL status: OK in 0.001 seconds
[0m13:42:32.396618 [debug] [Thread-1 (]: On test.vg_casestudy.not_null_stg_staging_intermediate__customers_branch_id.de895a293b: ROLLBACK
[0m13:42:32.400207 [debug] [Thread-1 (]: Failed to rollback 'test.vg_casestudy.not_null_stg_staging_intermediate__customers_branch_id.de895a293b'
[0m13:42:32.401062 [debug] [Thread-1 (]: On test.vg_casestudy.not_null_stg_staging_intermediate__customers_branch_id.de895a293b: Close
[0m13:42:32.404183 [info ] [Thread-1 (]: 37 of 71 PASS not_null_stg_staging_intermediate__customers_branch_id ........... [[32mPASS[0m in 0.07s]
[0m13:42:32.405464 [debug] [Thread-1 (]: Finished running node test.vg_casestudy.not_null_stg_staging_intermediate__customers_branch_id.de895a293b
[0m13:42:32.406338 [debug] [Thread-1 (]: Began running node test.vg_casestudy.not_null_stg_staging_intermediate__customers_customer_id.10f4ae76d7
[0m13:42:32.407163 [info ] [Thread-1 (]: 38 of 71 START test not_null_stg_staging_intermediate__customers_customer_id ... [RUN]
[0m13:42:32.407854 [debug] [Thread-1 (]: Re-using an available connection from the pool (formerly test.vg_casestudy.not_null_stg_staging_intermediate__customers_branch_id.de895a293b, now test.vg_casestudy.not_null_stg_staging_intermediate__customers_customer_id.10f4ae76d7)
[0m13:42:32.408770 [debug] [Thread-1 (]: Began compiling node test.vg_casestudy.not_null_stg_staging_intermediate__customers_customer_id.10f4ae76d7
[0m13:42:32.412350 [debug] [Thread-1 (]: Writing injected SQL for node "test.vg_casestudy.not_null_stg_staging_intermediate__customers_customer_id.10f4ae76d7"
[0m13:42:32.423798 [debug] [Thread-1 (]: Began executing node test.vg_casestudy.not_null_stg_staging_intermediate__customers_customer_id.10f4ae76d7
[0m13:42:32.426308 [debug] [Thread-1 (]: Writing runtime sql for node "test.vg_casestudy.not_null_stg_staging_intermediate__customers_customer_id.10f4ae76d7"
[0m13:42:32.436728 [debug] [Thread-1 (]: Using duckdb connection "test.vg_casestudy.not_null_stg_staging_intermediate__customers_customer_id.10f4ae76d7"
[0m13:42:32.437648 [debug] [Thread-1 (]: On test.vg_casestudy.not_null_stg_staging_intermediate__customers_customer_id.10f4ae76d7: BEGIN
[0m13:42:32.438902 [debug] [Thread-1 (]: Opening a new connection, currently in state closed
[0m13:42:32.459907 [debug] [Thread-1 (]: SQL status: OK in 0.021 seconds
[0m13:42:32.461455 [debug] [Thread-1 (]: Using duckdb connection "test.vg_casestudy.not_null_stg_staging_intermediate__customers_customer_id.10f4ae76d7"
[0m13:42:32.462280 [debug] [Thread-1 (]: On test.vg_casestudy.not_null_stg_staging_intermediate__customers_customer_id.10f4ae76d7: /* {"app": "dbt", "dbt_version": "1.10.8", "profile_name": "default", "target_name": "dev", "node_id": "test.vg_casestudy.not_null_stg_staging_intermediate__customers_customer_id.10f4ae76d7"} */

    select
      count(*) as failures,
      count(*) != 0 as should_warn,
      count(*) != 0 as should_error
    from (
      
    
  
    
    



select customer_id
from "casestudy"."intermediate"."stg_staging_intermediate__customers"
where customer_id is null



  
  
      
    ) dbt_internal_test
[0m13:42:32.463913 [debug] [Thread-1 (]: SQL status: OK in 0.001 seconds
[0m13:42:32.465597 [debug] [Thread-1 (]: On test.vg_casestudy.not_null_stg_staging_intermediate__customers_customer_id.10f4ae76d7: ROLLBACK
[0m13:42:32.468607 [debug] [Thread-1 (]: Failed to rollback 'test.vg_casestudy.not_null_stg_staging_intermediate__customers_customer_id.10f4ae76d7'
[0m13:42:32.469425 [debug] [Thread-1 (]: On test.vg_casestudy.not_null_stg_staging_intermediate__customers_customer_id.10f4ae76d7: Close
[0m13:42:32.472394 [info ] [Thread-1 (]: 38 of 71 PASS not_null_stg_staging_intermediate__customers_customer_id ......... [[32mPASS[0m in 0.06s]
[0m13:42:32.473255 [debug] [Thread-1 (]: Finished running node test.vg_casestudy.not_null_stg_staging_intermediate__customers_customer_id.10f4ae76d7
[0m13:42:32.474070 [debug] [Thread-1 (]: Began running node test.vg_casestudy.not_null_stg_staging_intermediate__fx_rates_currency_iso_code.95d2907ece
[0m13:42:32.474751 [info ] [Thread-1 (]: 39 of 71 START test not_null_stg_staging_intermediate__fx_rates_currency_iso_code  [RUN]
[0m13:42:32.475966 [debug] [Thread-1 (]: Re-using an available connection from the pool (formerly test.vg_casestudy.not_null_stg_staging_intermediate__customers_customer_id.10f4ae76d7, now test.vg_casestudy.not_null_stg_staging_intermediate__fx_rates_currency_iso_code.95d2907ece)
[0m13:42:32.477917 [debug] [Thread-1 (]: Began compiling node test.vg_casestudy.not_null_stg_staging_intermediate__fx_rates_currency_iso_code.95d2907ece
[0m13:42:32.481870 [debug] [Thread-1 (]: Writing injected SQL for node "test.vg_casestudy.not_null_stg_staging_intermediate__fx_rates_currency_iso_code.95d2907ece"
[0m13:42:32.492704 [debug] [Thread-1 (]: Began executing node test.vg_casestudy.not_null_stg_staging_intermediate__fx_rates_currency_iso_code.95d2907ece
[0m13:42:32.496204 [debug] [Thread-1 (]: Writing runtime sql for node "test.vg_casestudy.not_null_stg_staging_intermediate__fx_rates_currency_iso_code.95d2907ece"
[0m13:42:32.506123 [debug] [Thread-1 (]: Using duckdb connection "test.vg_casestudy.not_null_stg_staging_intermediate__fx_rates_currency_iso_code.95d2907ece"
[0m13:42:32.507056 [debug] [Thread-1 (]: On test.vg_casestudy.not_null_stg_staging_intermediate__fx_rates_currency_iso_code.95d2907ece: BEGIN
[0m13:42:32.507770 [debug] [Thread-1 (]: Opening a new connection, currently in state closed
[0m13:42:32.525769 [debug] [Thread-1 (]: SQL status: OK in 0.018 seconds
[0m13:42:32.527148 [debug] [Thread-1 (]: Using duckdb connection "test.vg_casestudy.not_null_stg_staging_intermediate__fx_rates_currency_iso_code.95d2907ece"
[0m13:42:32.528067 [debug] [Thread-1 (]: On test.vg_casestudy.not_null_stg_staging_intermediate__fx_rates_currency_iso_code.95d2907ece: /* {"app": "dbt", "dbt_version": "1.10.8", "profile_name": "default", "target_name": "dev", "node_id": "test.vg_casestudy.not_null_stg_staging_intermediate__fx_rates_currency_iso_code.95d2907ece"} */

    select
      count(*) as failures,
      count(*) != 0 as should_warn,
      count(*) != 0 as should_error
    from (
      
    
  
    
    



select currency_iso_code
from "casestudy"."intermediate"."stg_staging_intermediate__fx_rates"
where currency_iso_code is null



  
  
      
    ) dbt_internal_test
[0m13:42:32.529649 [debug] [Thread-1 (]: SQL status: OK in 0.001 seconds
[0m13:42:32.531219 [debug] [Thread-1 (]: On test.vg_casestudy.not_null_stg_staging_intermediate__fx_rates_currency_iso_code.95d2907ece: ROLLBACK
[0m13:42:32.534205 [debug] [Thread-1 (]: Failed to rollback 'test.vg_casestudy.not_null_stg_staging_intermediate__fx_rates_currency_iso_code.95d2907ece'
[0m13:42:32.535081 [debug] [Thread-1 (]: On test.vg_casestudy.not_null_stg_staging_intermediate__fx_rates_currency_iso_code.95d2907ece: Close
[0m13:42:32.538028 [info ] [Thread-1 (]: 39 of 71 PASS not_null_stg_staging_intermediate__fx_rates_currency_iso_code .... [[32mPASS[0m in 0.06s]
[0m13:42:32.539727 [debug] [Thread-1 (]: Finished running node test.vg_casestudy.not_null_stg_staging_intermediate__fx_rates_currency_iso_code.95d2907ece
[0m13:42:32.540659 [debug] [Thread-1 (]: Began running node test.vg_casestudy.not_null_stg_staging_intermediate__fx_rates_fx_rate.bec8509027
[0m13:42:32.541474 [info ] [Thread-1 (]: 40 of 71 START test not_null_stg_staging_intermediate__fx_rates_fx_rate ........ [RUN]
[0m13:42:32.542132 [debug] [Thread-1 (]: Re-using an available connection from the pool (formerly test.vg_casestudy.not_null_stg_staging_intermediate__fx_rates_currency_iso_code.95d2907ece, now test.vg_casestudy.not_null_stg_staging_intermediate__fx_rates_fx_rate.bec8509027)
[0m13:42:32.544360 [debug] [Thread-1 (]: Began compiling node test.vg_casestudy.not_null_stg_staging_intermediate__fx_rates_fx_rate.bec8509027
[0m13:42:32.548467 [debug] [Thread-1 (]: Writing injected SQL for node "test.vg_casestudy.not_null_stg_staging_intermediate__fx_rates_fx_rate.bec8509027"
[0m13:42:32.559469 [debug] [Thread-1 (]: Began executing node test.vg_casestudy.not_null_stg_staging_intermediate__fx_rates_fx_rate.bec8509027
[0m13:42:32.562496 [debug] [Thread-1 (]: Writing runtime sql for node "test.vg_casestudy.not_null_stg_staging_intermediate__fx_rates_fx_rate.bec8509027"
[0m13:42:32.572478 [debug] [Thread-1 (]: Using duckdb connection "test.vg_casestudy.not_null_stg_staging_intermediate__fx_rates_fx_rate.bec8509027"
[0m13:42:32.573404 [debug] [Thread-1 (]: On test.vg_casestudy.not_null_stg_staging_intermediate__fx_rates_fx_rate.bec8509027: BEGIN
[0m13:42:32.574144 [debug] [Thread-1 (]: Opening a new connection, currently in state closed
[0m13:42:32.595128 [debug] [Thread-1 (]: SQL status: OK in 0.021 seconds
[0m13:42:32.596167 [debug] [Thread-1 (]: Using duckdb connection "test.vg_casestudy.not_null_stg_staging_intermediate__fx_rates_fx_rate.bec8509027"
[0m13:42:32.596813 [debug] [Thread-1 (]: On test.vg_casestudy.not_null_stg_staging_intermediate__fx_rates_fx_rate.bec8509027: /* {"app": "dbt", "dbt_version": "1.10.8", "profile_name": "default", "target_name": "dev", "node_id": "test.vg_casestudy.not_null_stg_staging_intermediate__fx_rates_fx_rate.bec8509027"} */

    select
      count(*) as failures,
      count(*) != 0 as should_warn,
      count(*) != 0 as should_error
    from (
      
    
  
    
    



select fx_rate
from "casestudy"."intermediate"."stg_staging_intermediate__fx_rates"
where fx_rate is null



  
  
      
    ) dbt_internal_test
[0m13:42:32.598320 [debug] [Thread-1 (]: SQL status: OK in 0.001 seconds
[0m13:42:32.599882 [debug] [Thread-1 (]: On test.vg_casestudy.not_null_stg_staging_intermediate__fx_rates_fx_rate.bec8509027: ROLLBACK
[0m13:42:32.604458 [debug] [Thread-1 (]: Failed to rollback 'test.vg_casestudy.not_null_stg_staging_intermediate__fx_rates_fx_rate.bec8509027'
[0m13:42:32.605418 [debug] [Thread-1 (]: On test.vg_casestudy.not_null_stg_staging_intermediate__fx_rates_fx_rate.bec8509027: Close
[0m13:42:32.608828 [info ] [Thread-1 (]: 40 of 71 PASS not_null_stg_staging_intermediate__fx_rates_fx_rate .............. [[32mPASS[0m in 0.07s]
[0m13:42:32.610063 [debug] [Thread-1 (]: Finished running node test.vg_casestudy.not_null_stg_staging_intermediate__fx_rates_fx_rate.bec8509027
[0m13:42:32.610838 [debug] [Thread-1 (]: Began running node test.vg_casestudy.not_null_stg_staging_intermediate__fx_rates_fx_rate_date.0f5280bc57
[0m13:42:32.611637 [info ] [Thread-1 (]: 41 of 71 START test not_null_stg_staging_intermediate__fx_rates_fx_rate_date ... [RUN]
[0m13:42:32.612513 [debug] [Thread-1 (]: Re-using an available connection from the pool (formerly test.vg_casestudy.not_null_stg_staging_intermediate__fx_rates_fx_rate.bec8509027, now test.vg_casestudy.not_null_stg_staging_intermediate__fx_rates_fx_rate_date.0f5280bc57)
[0m13:42:32.613436 [debug] [Thread-1 (]: Began compiling node test.vg_casestudy.not_null_stg_staging_intermediate__fx_rates_fx_rate_date.0f5280bc57
[0m13:42:32.618130 [debug] [Thread-1 (]: Writing injected SQL for node "test.vg_casestudy.not_null_stg_staging_intermediate__fx_rates_fx_rate_date.0f5280bc57"
[0m13:42:32.632325 [debug] [Thread-1 (]: Began executing node test.vg_casestudy.not_null_stg_staging_intermediate__fx_rates_fx_rate_date.0f5280bc57
[0m13:42:32.634674 [debug] [Thread-1 (]: Writing runtime sql for node "test.vg_casestudy.not_null_stg_staging_intermediate__fx_rates_fx_rate_date.0f5280bc57"
[0m13:42:32.645595 [debug] [Thread-1 (]: Using duckdb connection "test.vg_casestudy.not_null_stg_staging_intermediate__fx_rates_fx_rate_date.0f5280bc57"
[0m13:42:32.646594 [debug] [Thread-1 (]: On test.vg_casestudy.not_null_stg_staging_intermediate__fx_rates_fx_rate_date.0f5280bc57: BEGIN
[0m13:42:32.647427 [debug] [Thread-1 (]: Opening a new connection, currently in state closed
[0m13:42:32.663647 [debug] [Thread-1 (]: SQL status: OK in 0.016 seconds
[0m13:42:32.664672 [debug] [Thread-1 (]: Using duckdb connection "test.vg_casestudy.not_null_stg_staging_intermediate__fx_rates_fx_rate_date.0f5280bc57"
[0m13:42:32.665612 [debug] [Thread-1 (]: On test.vg_casestudy.not_null_stg_staging_intermediate__fx_rates_fx_rate_date.0f5280bc57: /* {"app": "dbt", "dbt_version": "1.10.8", "profile_name": "default", "target_name": "dev", "node_id": "test.vg_casestudy.not_null_stg_staging_intermediate__fx_rates_fx_rate_date.0f5280bc57"} */

    select
      count(*) as failures,
      count(*) != 0 as should_warn,
      count(*) != 0 as should_error
    from (
      
    
  
    
    



select fx_rate_date
from "casestudy"."intermediate"."stg_staging_intermediate__fx_rates"
where fx_rate_date is null



  
  
      
    ) dbt_internal_test
[0m13:42:32.667103 [debug] [Thread-1 (]: SQL status: OK in 0.001 seconds
[0m13:42:32.668765 [debug] [Thread-1 (]: On test.vg_casestudy.not_null_stg_staging_intermediate__fx_rates_fx_rate_date.0f5280bc57: ROLLBACK
[0m13:42:32.671873 [debug] [Thread-1 (]: Failed to rollback 'test.vg_casestudy.not_null_stg_staging_intermediate__fx_rates_fx_rate_date.0f5280bc57'
[0m13:42:32.672776 [debug] [Thread-1 (]: On test.vg_casestudy.not_null_stg_staging_intermediate__fx_rates_fx_rate_date.0f5280bc57: Close
[0m13:42:32.675751 [info ] [Thread-1 (]: 41 of 71 PASS not_null_stg_staging_intermediate__fx_rates_fx_rate_date ......... [[32mPASS[0m in 0.06s]
[0m13:42:32.678127 [debug] [Thread-1 (]: Finished running node test.vg_casestudy.not_null_stg_staging_intermediate__fx_rates_fx_rate_date.0f5280bc57
[0m13:42:32.678987 [debug] [Thread-1 (]: Began running node test.vg_casestudy.not_null_stg_staging_intermediate__loans_approval_rejection_date.28f5951b2f
[0m13:42:32.680298 [info ] [Thread-1 (]: 42 of 71 START test not_null_stg_staging_intermediate__loans_approval_rejection_date  [RUN]
[0m13:42:32.681357 [debug] [Thread-1 (]: Re-using an available connection from the pool (formerly test.vg_casestudy.not_null_stg_staging_intermediate__fx_rates_fx_rate_date.0f5280bc57, now test.vg_casestudy.not_null_stg_staging_intermediate__loans_approval_rejection_date.28f5951b2f)
[0m13:42:32.682244 [debug] [Thread-1 (]: Began compiling node test.vg_casestudy.not_null_stg_staging_intermediate__loans_approval_rejection_date.28f5951b2f
[0m13:42:32.686335 [debug] [Thread-1 (]: Writing injected SQL for node "test.vg_casestudy.not_null_stg_staging_intermediate__loans_approval_rejection_date.28f5951b2f"
[0m13:42:32.698551 [debug] [Thread-1 (]: Began executing node test.vg_casestudy.not_null_stg_staging_intermediate__loans_approval_rejection_date.28f5951b2f
[0m13:42:32.701151 [debug] [Thread-1 (]: Writing runtime sql for node "test.vg_casestudy.not_null_stg_staging_intermediate__loans_approval_rejection_date.28f5951b2f"
[0m13:42:32.710547 [debug] [Thread-1 (]: Using duckdb connection "test.vg_casestudy.not_null_stg_staging_intermediate__loans_approval_rejection_date.28f5951b2f"
[0m13:42:32.711535 [debug] [Thread-1 (]: On test.vg_casestudy.not_null_stg_staging_intermediate__loans_approval_rejection_date.28f5951b2f: BEGIN
[0m13:42:32.712507 [debug] [Thread-1 (]: Opening a new connection, currently in state closed
[0m13:42:32.729440 [debug] [Thread-1 (]: SQL status: OK in 0.017 seconds
[0m13:42:32.730406 [debug] [Thread-1 (]: Using duckdb connection "test.vg_casestudy.not_null_stg_staging_intermediate__loans_approval_rejection_date.28f5951b2f"
[0m13:42:32.731136 [debug] [Thread-1 (]: On test.vg_casestudy.not_null_stg_staging_intermediate__loans_approval_rejection_date.28f5951b2f: /* {"app": "dbt", "dbt_version": "1.10.8", "profile_name": "default", "target_name": "dev", "node_id": "test.vg_casestudy.not_null_stg_staging_intermediate__loans_approval_rejection_date.28f5951b2f"} */

    select
      count(*) as failures,
      count(*) != 0 as should_warn,
      count(*) != 0 as should_error
    from (
      
    
  
    
    



select approval_rejection_date
from "casestudy"."intermediate"."stg_staging_intermediate__loans"
where approval_rejection_date is null



  
  
      
    ) dbt_internal_test
[0m13:42:32.732618 [debug] [Thread-1 (]: SQL status: OK in 0.001 seconds
[0m13:42:32.734244 [debug] [Thread-1 (]: On test.vg_casestudy.not_null_stg_staging_intermediate__loans_approval_rejection_date.28f5951b2f: ROLLBACK
[0m13:42:32.737118 [debug] [Thread-1 (]: Failed to rollback 'test.vg_casestudy.not_null_stg_staging_intermediate__loans_approval_rejection_date.28f5951b2f'
[0m13:42:32.737920 [debug] [Thread-1 (]: On test.vg_casestudy.not_null_stg_staging_intermediate__loans_approval_rejection_date.28f5951b2f: Close
[0m13:42:32.740986 [info ] [Thread-1 (]: 42 of 71 PASS not_null_stg_staging_intermediate__loans_approval_rejection_date . [[32mPASS[0m in 0.06s]
[0m13:42:32.742212 [debug] [Thread-1 (]: Finished running node test.vg_casestudy.not_null_stg_staging_intermediate__loans_approval_rejection_date.28f5951b2f
[0m13:42:32.744594 [debug] [Thread-1 (]: Began running node test.vg_casestudy.not_null_stg_staging_intermediate__loans_interest_rate.290100bb78
[0m13:42:32.745604 [info ] [Thread-1 (]: 43 of 71 START test not_null_stg_staging_intermediate__loans_interest_rate ..... [RUN]
[0m13:42:32.747133 [debug] [Thread-1 (]: Re-using an available connection from the pool (formerly test.vg_casestudy.not_null_stg_staging_intermediate__loans_approval_rejection_date.28f5951b2f, now test.vg_casestudy.not_null_stg_staging_intermediate__loans_interest_rate.290100bb78)
[0m13:42:32.748350 [debug] [Thread-1 (]: Began compiling node test.vg_casestudy.not_null_stg_staging_intermediate__loans_interest_rate.290100bb78
[0m13:42:32.752480 [debug] [Thread-1 (]: Writing injected SQL for node "test.vg_casestudy.not_null_stg_staging_intermediate__loans_interest_rate.290100bb78"
[0m13:42:32.764989 [debug] [Thread-1 (]: Began executing node test.vg_casestudy.not_null_stg_staging_intermediate__loans_interest_rate.290100bb78
[0m13:42:32.767619 [debug] [Thread-1 (]: Writing runtime sql for node "test.vg_casestudy.not_null_stg_staging_intermediate__loans_interest_rate.290100bb78"
[0m13:42:32.777663 [debug] [Thread-1 (]: Using duckdb connection "test.vg_casestudy.not_null_stg_staging_intermediate__loans_interest_rate.290100bb78"
[0m13:42:32.780315 [debug] [Thread-1 (]: On test.vg_casestudy.not_null_stg_staging_intermediate__loans_interest_rate.290100bb78: BEGIN
[0m13:42:32.783469 [debug] [Thread-1 (]: Opening a new connection, currently in state closed
[0m13:42:32.804207 [debug] [Thread-1 (]: SQL status: OK in 0.021 seconds
[0m13:42:32.805718 [debug] [Thread-1 (]: Using duckdb connection "test.vg_casestudy.not_null_stg_staging_intermediate__loans_interest_rate.290100bb78"
[0m13:42:32.806589 [debug] [Thread-1 (]: On test.vg_casestudy.not_null_stg_staging_intermediate__loans_interest_rate.290100bb78: /* {"app": "dbt", "dbt_version": "1.10.8", "profile_name": "default", "target_name": "dev", "node_id": "test.vg_casestudy.not_null_stg_staging_intermediate__loans_interest_rate.290100bb78"} */

    select
      count(*) as failures,
      count(*) != 0 as should_warn,
      count(*) != 0 as should_error
    from (
      
    
  
    
    



select interest_rate
from "casestudy"."intermediate"."stg_staging_intermediate__loans"
where interest_rate is null



  
  
      
    ) dbt_internal_test
[0m13:42:32.808316 [debug] [Thread-1 (]: SQL status: OK in 0.001 seconds
[0m13:42:32.810314 [debug] [Thread-1 (]: On test.vg_casestudy.not_null_stg_staging_intermediate__loans_interest_rate.290100bb78: ROLLBACK
[0m13:42:32.813364 [debug] [Thread-1 (]: Failed to rollback 'test.vg_casestudy.not_null_stg_staging_intermediate__loans_interest_rate.290100bb78'
[0m13:42:32.814115 [debug] [Thread-1 (]: On test.vg_casestudy.not_null_stg_staging_intermediate__loans_interest_rate.290100bb78: Close
[0m13:42:32.817174 [info ] [Thread-1 (]: 43 of 71 PASS not_null_stg_staging_intermediate__loans_interest_rate ........... [[32mPASS[0m in 0.07s]
[0m13:42:32.818374 [debug] [Thread-1 (]: Finished running node test.vg_casestudy.not_null_stg_staging_intermediate__loans_interest_rate.290100bb78
[0m13:42:32.819302 [debug] [Thread-1 (]: Began running node test.vg_casestudy.not_null_stg_staging_intermediate__loans_loan_amount.3aa0f79ca3
[0m13:42:32.820144 [info ] [Thread-1 (]: 44 of 71 START test not_null_stg_staging_intermediate__loans_loan_amount ....... [RUN]
[0m13:42:32.820884 [debug] [Thread-1 (]: Re-using an available connection from the pool (formerly test.vg_casestudy.not_null_stg_staging_intermediate__loans_interest_rate.290100bb78, now test.vg_casestudy.not_null_stg_staging_intermediate__loans_loan_amount.3aa0f79ca3)
[0m13:42:32.821716 [debug] [Thread-1 (]: Began compiling node test.vg_casestudy.not_null_stg_staging_intermediate__loans_loan_amount.3aa0f79ca3
[0m13:42:32.825099 [debug] [Thread-1 (]: Writing injected SQL for node "test.vg_casestudy.not_null_stg_staging_intermediate__loans_loan_amount.3aa0f79ca3"
[0m13:42:32.839885 [debug] [Thread-1 (]: Began executing node test.vg_casestudy.not_null_stg_staging_intermediate__loans_loan_amount.3aa0f79ca3
[0m13:42:32.842409 [debug] [Thread-1 (]: Writing runtime sql for node "test.vg_casestudy.not_null_stg_staging_intermediate__loans_loan_amount.3aa0f79ca3"
[0m13:42:32.852490 [debug] [Thread-1 (]: Using duckdb connection "test.vg_casestudy.not_null_stg_staging_intermediate__loans_loan_amount.3aa0f79ca3"
[0m13:42:32.853382 [debug] [Thread-1 (]: On test.vg_casestudy.not_null_stg_staging_intermediate__loans_loan_amount.3aa0f79ca3: BEGIN
[0m13:42:32.854077 [debug] [Thread-1 (]: Opening a new connection, currently in state closed
[0m13:42:32.871288 [debug] [Thread-1 (]: SQL status: OK in 0.017 seconds
[0m13:42:32.872776 [debug] [Thread-1 (]: Using duckdb connection "test.vg_casestudy.not_null_stg_staging_intermediate__loans_loan_amount.3aa0f79ca3"
[0m13:42:32.876844 [debug] [Thread-1 (]: On test.vg_casestudy.not_null_stg_staging_intermediate__loans_loan_amount.3aa0f79ca3: /* {"app": "dbt", "dbt_version": "1.10.8", "profile_name": "default", "target_name": "dev", "node_id": "test.vg_casestudy.not_null_stg_staging_intermediate__loans_loan_amount.3aa0f79ca3"} */

    select
      count(*) as failures,
      count(*) != 0 as should_warn,
      count(*) != 0 as should_error
    from (
      
    
  
    
    



select loan_amount
from "casestudy"."intermediate"."stg_staging_intermediate__loans"
where loan_amount is null



  
  
      
    ) dbt_internal_test
[0m13:42:32.884905 [debug] [Thread-1 (]: SQL status: OK in 0.001 seconds
[0m13:42:32.887061 [debug] [Thread-1 (]: On test.vg_casestudy.not_null_stg_staging_intermediate__loans_loan_amount.3aa0f79ca3: ROLLBACK
[0m13:42:32.891654 [debug] [Thread-1 (]: Failed to rollback 'test.vg_casestudy.not_null_stg_staging_intermediate__loans_loan_amount.3aa0f79ca3'
[0m13:42:32.892655 [debug] [Thread-1 (]: On test.vg_casestudy.not_null_stg_staging_intermediate__loans_loan_amount.3aa0f79ca3: Close
[0m13:42:32.896309 [info ] [Thread-1 (]: 44 of 71 PASS not_null_stg_staging_intermediate__loans_loan_amount ............. [[32mPASS[0m in 0.08s]
[0m13:42:32.897778 [debug] [Thread-1 (]: Finished running node test.vg_casestudy.not_null_stg_staging_intermediate__loans_loan_amount.3aa0f79ca3
[0m13:42:32.900145 [debug] [Thread-1 (]: Began running node test.vg_casestudy.not_null_stg_staging_intermediate__loans_loan_id.bbf464e57e
[0m13:42:32.901438 [info ] [Thread-1 (]: 45 of 71 START test not_null_stg_staging_intermediate__loans_loan_id ........... [RUN]
[0m13:42:32.902503 [debug] [Thread-1 (]: Re-using an available connection from the pool (formerly test.vg_casestudy.not_null_stg_staging_intermediate__loans_loan_amount.3aa0f79ca3, now test.vg_casestudy.not_null_stg_staging_intermediate__loans_loan_id.bbf464e57e)
[0m13:42:32.904181 [debug] [Thread-1 (]: Began compiling node test.vg_casestudy.not_null_stg_staging_intermediate__loans_loan_id.bbf464e57e
[0m13:42:32.911133 [debug] [Thread-1 (]: Writing injected SQL for node "test.vg_casestudy.not_null_stg_staging_intermediate__loans_loan_id.bbf464e57e"
[0m13:42:32.921798 [debug] [Thread-1 (]: Began executing node test.vg_casestudy.not_null_stg_staging_intermediate__loans_loan_id.bbf464e57e
[0m13:42:32.924350 [debug] [Thread-1 (]: Writing runtime sql for node "test.vg_casestudy.not_null_stg_staging_intermediate__loans_loan_id.bbf464e57e"
[0m13:42:32.934895 [debug] [Thread-1 (]: Using duckdb connection "test.vg_casestudy.not_null_stg_staging_intermediate__loans_loan_id.bbf464e57e"
[0m13:42:32.936177 [debug] [Thread-1 (]: On test.vg_casestudy.not_null_stg_staging_intermediate__loans_loan_id.bbf464e57e: BEGIN
[0m13:42:32.936953 [debug] [Thread-1 (]: Opening a new connection, currently in state closed
[0m13:42:32.954026 [debug] [Thread-1 (]: SQL status: OK in 0.017 seconds
[0m13:42:32.954999 [debug] [Thread-1 (]: Using duckdb connection "test.vg_casestudy.not_null_stg_staging_intermediate__loans_loan_id.bbf464e57e"
[0m13:42:32.955835 [debug] [Thread-1 (]: On test.vg_casestudy.not_null_stg_staging_intermediate__loans_loan_id.bbf464e57e: /* {"app": "dbt", "dbt_version": "1.10.8", "profile_name": "default", "target_name": "dev", "node_id": "test.vg_casestudy.not_null_stg_staging_intermediate__loans_loan_id.bbf464e57e"} */

    select
      count(*) as failures,
      count(*) != 0 as should_warn,
      count(*) != 0 as should_error
    from (
      
    
  
    
    



select loan_id
from "casestudy"."intermediate"."stg_staging_intermediate__loans"
where loan_id is null



  
  
      
    ) dbt_internal_test
[0m13:42:32.957888 [debug] [Thread-1 (]: SQL status: OK in 0.001 seconds
[0m13:42:32.959999 [debug] [Thread-1 (]: On test.vg_casestudy.not_null_stg_staging_intermediate__loans_loan_id.bbf464e57e: ROLLBACK
[0m13:42:32.963158 [debug] [Thread-1 (]: Failed to rollback 'test.vg_casestudy.not_null_stg_staging_intermediate__loans_loan_id.bbf464e57e'
[0m13:42:32.964085 [debug] [Thread-1 (]: On test.vg_casestudy.not_null_stg_staging_intermediate__loans_loan_id.bbf464e57e: Close
[0m13:42:32.967686 [info ] [Thread-1 (]: 45 of 71 PASS not_null_stg_staging_intermediate__loans_loan_id ................. [[32mPASS[0m in 0.06s]
[0m13:42:32.968818 [debug] [Thread-1 (]: Finished running node test.vg_casestudy.not_null_stg_staging_intermediate__loans_loan_id.bbf464e57e
[0m13:42:32.969554 [debug] [Thread-1 (]: Began running node test.vg_casestudy.not_null_stg_staging_intermediate__loans_loan_status.6519e56cae
[0m13:42:32.970270 [info ] [Thread-1 (]: 46 of 71 START test not_null_stg_staging_intermediate__loans_loan_status ....... [RUN]
[0m13:42:32.971080 [debug] [Thread-1 (]: Re-using an available connection from the pool (formerly test.vg_casestudy.not_null_stg_staging_intermediate__loans_loan_id.bbf464e57e, now test.vg_casestudy.not_null_stg_staging_intermediate__loans_loan_status.6519e56cae)
[0m13:42:32.971878 [debug] [Thread-1 (]: Began compiling node test.vg_casestudy.not_null_stg_staging_intermediate__loans_loan_status.6519e56cae
[0m13:42:32.975066 [debug] [Thread-1 (]: Writing injected SQL for node "test.vg_casestudy.not_null_stg_staging_intermediate__loans_loan_status.6519e56cae"
[0m13:42:32.985733 [debug] [Thread-1 (]: Began executing node test.vg_casestudy.not_null_stg_staging_intermediate__loans_loan_status.6519e56cae
[0m13:42:32.988638 [debug] [Thread-1 (]: Writing runtime sql for node "test.vg_casestudy.not_null_stg_staging_intermediate__loans_loan_status.6519e56cae"
[0m13:42:32.998703 [debug] [Thread-1 (]: Using duckdb connection "test.vg_casestudy.not_null_stg_staging_intermediate__loans_loan_status.6519e56cae"
[0m13:42:32.999678 [debug] [Thread-1 (]: On test.vg_casestudy.not_null_stg_staging_intermediate__loans_loan_status.6519e56cae: BEGIN
[0m13:42:33.000568 [debug] [Thread-1 (]: Opening a new connection, currently in state closed
[0m13:42:33.017528 [debug] [Thread-1 (]: SQL status: OK in 0.017 seconds
[0m13:42:33.018525 [debug] [Thread-1 (]: Using duckdb connection "test.vg_casestudy.not_null_stg_staging_intermediate__loans_loan_status.6519e56cae"
[0m13:42:33.019278 [debug] [Thread-1 (]: On test.vg_casestudy.not_null_stg_staging_intermediate__loans_loan_status.6519e56cae: /* {"app": "dbt", "dbt_version": "1.10.8", "profile_name": "default", "target_name": "dev", "node_id": "test.vg_casestudy.not_null_stg_staging_intermediate__loans_loan_status.6519e56cae"} */

    select
      count(*) as failures,
      count(*) != 0 as should_warn,
      count(*) != 0 as should_error
    from (
      
    
  
    
    



select loan_status
from "casestudy"."intermediate"."stg_staging_intermediate__loans"
where loan_status is null



  
  
      
    ) dbt_internal_test
[0m13:42:33.020671 [debug] [Thread-1 (]: SQL status: OK in 0.001 seconds
[0m13:42:33.022300 [debug] [Thread-1 (]: On test.vg_casestudy.not_null_stg_staging_intermediate__loans_loan_status.6519e56cae: ROLLBACK
[0m13:42:33.025316 [debug] [Thread-1 (]: Failed to rollback 'test.vg_casestudy.not_null_stg_staging_intermediate__loans_loan_status.6519e56cae'
[0m13:42:33.026215 [debug] [Thread-1 (]: On test.vg_casestudy.not_null_stg_staging_intermediate__loans_loan_status.6519e56cae: Close
[0m13:42:33.029136 [info ] [Thread-1 (]: 46 of 71 PASS not_null_stg_staging_intermediate__loans_loan_status ............. [[32mPASS[0m in 0.06s]
[0m13:42:33.030062 [debug] [Thread-1 (]: Finished running node test.vg_casestudy.not_null_stg_staging_intermediate__loans_loan_status.6519e56cae
[0m13:42:33.030830 [debug] [Thread-1 (]: Began running node test.vg_casestudy.not_null_stg_staging_intermediate__loans_loan_term.c98571f396
[0m13:42:33.031660 [info ] [Thread-1 (]: 47 of 71 START test not_null_stg_staging_intermediate__loans_loan_term ......... [RUN]
[0m13:42:33.032798 [debug] [Thread-1 (]: Re-using an available connection from the pool (formerly test.vg_casestudy.not_null_stg_staging_intermediate__loans_loan_status.6519e56cae, now test.vg_casestudy.not_null_stg_staging_intermediate__loans_loan_term.c98571f396)
[0m13:42:33.033637 [debug] [Thread-1 (]: Began compiling node test.vg_casestudy.not_null_stg_staging_intermediate__loans_loan_term.c98571f396
[0m13:42:33.037086 [debug] [Thread-1 (]: Writing injected SQL for node "test.vg_casestudy.not_null_stg_staging_intermediate__loans_loan_term.c98571f396"
[0m13:42:33.055718 [debug] [Thread-1 (]: Began executing node test.vg_casestudy.not_null_stg_staging_intermediate__loans_loan_term.c98571f396
[0m13:42:33.058477 [debug] [Thread-1 (]: Writing runtime sql for node "test.vg_casestudy.not_null_stg_staging_intermediate__loans_loan_term.c98571f396"
[0m13:42:33.070511 [debug] [Thread-1 (]: Using duckdb connection "test.vg_casestudy.not_null_stg_staging_intermediate__loans_loan_term.c98571f396"
[0m13:42:33.071378 [debug] [Thread-1 (]: On test.vg_casestudy.not_null_stg_staging_intermediate__loans_loan_term.c98571f396: BEGIN
[0m13:42:33.072145 [debug] [Thread-1 (]: Opening a new connection, currently in state closed
[0m13:42:33.090081 [debug] [Thread-1 (]: SQL status: OK in 0.018 seconds
[0m13:42:33.091392 [debug] [Thread-1 (]: Using duckdb connection "test.vg_casestudy.not_null_stg_staging_intermediate__loans_loan_term.c98571f396"
[0m13:42:33.093087 [debug] [Thread-1 (]: On test.vg_casestudy.not_null_stg_staging_intermediate__loans_loan_term.c98571f396: /* {"app": "dbt", "dbt_version": "1.10.8", "profile_name": "default", "target_name": "dev", "node_id": "test.vg_casestudy.not_null_stg_staging_intermediate__loans_loan_term.c98571f396"} */

    select
      count(*) as failures,
      count(*) != 0 as should_warn,
      count(*) != 0 as should_error
    from (
      
    
  
    
    



select loan_term
from "casestudy"."intermediate"."stg_staging_intermediate__loans"
where loan_term is null



  
  
      
    ) dbt_internal_test
[0m13:42:33.094768 [debug] [Thread-1 (]: SQL status: OK in 0.001 seconds
[0m13:42:33.096426 [debug] [Thread-1 (]: On test.vg_casestudy.not_null_stg_staging_intermediate__loans_loan_term.c98571f396: ROLLBACK
[0m13:42:33.100174 [debug] [Thread-1 (]: Failed to rollback 'test.vg_casestudy.not_null_stg_staging_intermediate__loans_loan_term.c98571f396'
[0m13:42:33.101131 [debug] [Thread-1 (]: On test.vg_casestudy.not_null_stg_staging_intermediate__loans_loan_term.c98571f396: Close
[0m13:42:33.104253 [info ] [Thread-1 (]: 47 of 71 PASS not_null_stg_staging_intermediate__loans_loan_term ............... [[32mPASS[0m in 0.07s]
[0m13:42:33.105394 [debug] [Thread-1 (]: Finished running node test.vg_casestudy.not_null_stg_staging_intermediate__loans_loan_term.c98571f396
[0m13:42:33.106197 [debug] [Thread-1 (]: Began running node test.vg_casestudy.not_null_stg_staging_intermediate__transactions_transaction_amount.8dc65a17fe
[0m13:42:33.109824 [info ] [Thread-1 (]: 48 of 71 START test not_null_stg_staging_intermediate__transactions_transaction_amount  [RUN]
[0m13:42:33.111044 [debug] [Thread-1 (]: Re-using an available connection from the pool (formerly test.vg_casestudy.not_null_stg_staging_intermediate__loans_loan_term.c98571f396, now test.vg_casestudy.not_null_stg_staging_intermediate__transactions_transaction_amount.8dc65a17fe)
[0m13:42:33.112606 [debug] [Thread-1 (]: Began compiling node test.vg_casestudy.not_null_stg_staging_intermediate__transactions_transaction_amount.8dc65a17fe
[0m13:42:33.119132 [debug] [Thread-1 (]: Writing injected SQL for node "test.vg_casestudy.not_null_stg_staging_intermediate__transactions_transaction_amount.8dc65a17fe"
[0m13:42:33.132465 [debug] [Thread-1 (]: Began executing node test.vg_casestudy.not_null_stg_staging_intermediate__transactions_transaction_amount.8dc65a17fe
[0m13:42:33.135226 [debug] [Thread-1 (]: Writing runtime sql for node "test.vg_casestudy.not_null_stg_staging_intermediate__transactions_transaction_amount.8dc65a17fe"
[0m13:42:33.145112 [debug] [Thread-1 (]: Using duckdb connection "test.vg_casestudy.not_null_stg_staging_intermediate__transactions_transaction_amount.8dc65a17fe"
[0m13:42:33.146082 [debug] [Thread-1 (]: On test.vg_casestudy.not_null_stg_staging_intermediate__transactions_transaction_amount.8dc65a17fe: BEGIN
[0m13:42:33.146915 [debug] [Thread-1 (]: Opening a new connection, currently in state closed
[0m13:42:33.163491 [debug] [Thread-1 (]: SQL status: OK in 0.016 seconds
[0m13:42:33.165474 [debug] [Thread-1 (]: Using duckdb connection "test.vg_casestudy.not_null_stg_staging_intermediate__transactions_transaction_amount.8dc65a17fe"
[0m13:42:33.166374 [debug] [Thread-1 (]: On test.vg_casestudy.not_null_stg_staging_intermediate__transactions_transaction_amount.8dc65a17fe: /* {"app": "dbt", "dbt_version": "1.10.8", "profile_name": "default", "target_name": "dev", "node_id": "test.vg_casestudy.not_null_stg_staging_intermediate__transactions_transaction_amount.8dc65a17fe"} */

    select
      count(*) as failures,
      count(*) != 0 as should_warn,
      count(*) != 0 as should_error
    from (
      
    
  
    
    



select transaction_amount
from "casestudy"."intermediate"."stg_staging_intermediate__transactions"
where transaction_amount is null



  
  
      
    ) dbt_internal_test
[0m13:42:33.168154 [debug] [Thread-1 (]: SQL status: OK in 0.001 seconds
[0m13:42:33.169716 [debug] [Thread-1 (]: On test.vg_casestudy.not_null_stg_staging_intermediate__transactions_transaction_amount.8dc65a17fe: ROLLBACK
[0m13:42:33.173472 [debug] [Thread-1 (]: Failed to rollback 'test.vg_casestudy.not_null_stg_staging_intermediate__transactions_transaction_amount.8dc65a17fe'
[0m13:42:33.175052 [debug] [Thread-1 (]: On test.vg_casestudy.not_null_stg_staging_intermediate__transactions_transaction_amount.8dc65a17fe: Close
[0m13:42:33.179833 [info ] [Thread-1 (]: 48 of 71 PASS not_null_stg_staging_intermediate__transactions_transaction_amount  [[32mPASS[0m in 0.07s]
[0m13:42:33.180796 [debug] [Thread-1 (]: Finished running node test.vg_casestudy.not_null_stg_staging_intermediate__transactions_transaction_amount.8dc65a17fe
[0m13:42:33.181623 [debug] [Thread-1 (]: Began running node test.vg_casestudy.not_null_stg_staging_intermediate__transactions_transaction_id.cb7402fe02
[0m13:42:33.182349 [info ] [Thread-1 (]: 49 of 71 START test not_null_stg_staging_intermediate__transactions_transaction_id  [RUN]
[0m13:42:33.183376 [debug] [Thread-1 (]: Re-using an available connection from the pool (formerly test.vg_casestudy.not_null_stg_staging_intermediate__transactions_transaction_amount.8dc65a17fe, now test.vg_casestudy.not_null_stg_staging_intermediate__transactions_transaction_id.cb7402fe02)
[0m13:42:33.184306 [debug] [Thread-1 (]: Began compiling node test.vg_casestudy.not_null_stg_staging_intermediate__transactions_transaction_id.cb7402fe02
[0m13:42:33.189506 [debug] [Thread-1 (]: Writing injected SQL for node "test.vg_casestudy.not_null_stg_staging_intermediate__transactions_transaction_id.cb7402fe02"
[0m13:42:33.202426 [debug] [Thread-1 (]: Began executing node test.vg_casestudy.not_null_stg_staging_intermediate__transactions_transaction_id.cb7402fe02
[0m13:42:33.204989 [debug] [Thread-1 (]: Writing runtime sql for node "test.vg_casestudy.not_null_stg_staging_intermediate__transactions_transaction_id.cb7402fe02"
[0m13:42:33.216431 [debug] [Thread-1 (]: Using duckdb connection "test.vg_casestudy.not_null_stg_staging_intermediate__transactions_transaction_id.cb7402fe02"
[0m13:42:33.217372 [debug] [Thread-1 (]: On test.vg_casestudy.not_null_stg_staging_intermediate__transactions_transaction_id.cb7402fe02: BEGIN
[0m13:42:33.218194 [debug] [Thread-1 (]: Opening a new connection, currently in state closed
[0m13:42:33.235129 [debug] [Thread-1 (]: SQL status: OK in 0.017 seconds
[0m13:42:33.236113 [debug] [Thread-1 (]: Using duckdb connection "test.vg_casestudy.not_null_stg_staging_intermediate__transactions_transaction_id.cb7402fe02"
[0m13:42:33.236876 [debug] [Thread-1 (]: On test.vg_casestudy.not_null_stg_staging_intermediate__transactions_transaction_id.cb7402fe02: /* {"app": "dbt", "dbt_version": "1.10.8", "profile_name": "default", "target_name": "dev", "node_id": "test.vg_casestudy.not_null_stg_staging_intermediate__transactions_transaction_id.cb7402fe02"} */

    select
      count(*) as failures,
      count(*) != 0 as should_warn,
      count(*) != 0 as should_error
    from (
      
    
  
    
    



select transaction_id
from "casestudy"."intermediate"."stg_staging_intermediate__transactions"
where transaction_id is null



  
  
      
    ) dbt_internal_test
[0m13:42:33.238328 [debug] [Thread-1 (]: SQL status: OK in 0.001 seconds
[0m13:42:33.239819 [debug] [Thread-1 (]: On test.vg_casestudy.not_null_stg_staging_intermediate__transactions_transaction_id.cb7402fe02: ROLLBACK
[0m13:42:33.244313 [debug] [Thread-1 (]: Failed to rollback 'test.vg_casestudy.not_null_stg_staging_intermediate__transactions_transaction_id.cb7402fe02'
[0m13:42:33.245478 [debug] [Thread-1 (]: On test.vg_casestudy.not_null_stg_staging_intermediate__transactions_transaction_id.cb7402fe02: Close
[0m13:42:33.248717 [info ] [Thread-1 (]: 49 of 71 PASS not_null_stg_staging_intermediate__transactions_transaction_id ... [[32mPASS[0m in 0.07s]
[0m13:42:33.249663 [debug] [Thread-1 (]: Finished running node test.vg_casestudy.not_null_stg_staging_intermediate__transactions_transaction_id.cb7402fe02
[0m13:42:33.250469 [debug] [Thread-1 (]: Began running node test.vg_casestudy.numeric_range_stg_raw_staging__customers_age__200__18.2b9231d3a8
[0m13:42:33.251071 [info ] [Thread-1 (]: 50 of 71 START test numeric_range_stg_raw_staging__customers_age__200__18 ...... [RUN]
[0m13:42:33.251926 [debug] [Thread-1 (]: Re-using an available connection from the pool (formerly test.vg_casestudy.not_null_stg_staging_intermediate__transactions_transaction_id.cb7402fe02, now test.vg_casestudy.numeric_range_stg_raw_staging__customers_age__200__18.2b9231d3a8)
[0m13:42:33.252639 [debug] [Thread-1 (]: Began compiling node test.vg_casestudy.numeric_range_stg_raw_staging__customers_age__200__18.2b9231d3a8
[0m13:42:33.257858 [debug] [Thread-1 (]: Writing injected SQL for node "test.vg_casestudy.numeric_range_stg_raw_staging__customers_age__200__18.2b9231d3a8"
[0m13:42:33.269208 [debug] [Thread-1 (]: Began executing node test.vg_casestudy.numeric_range_stg_raw_staging__customers_age__200__18.2b9231d3a8
[0m13:42:33.272605 [debug] [Thread-1 (]: Writing runtime sql for node "test.vg_casestudy.numeric_range_stg_raw_staging__customers_age__200__18.2b9231d3a8"
[0m13:42:33.282526 [debug] [Thread-1 (]: Using duckdb connection "test.vg_casestudy.numeric_range_stg_raw_staging__customers_age__200__18.2b9231d3a8"
[0m13:42:33.283457 [debug] [Thread-1 (]: On test.vg_casestudy.numeric_range_stg_raw_staging__customers_age__200__18.2b9231d3a8: BEGIN
[0m13:42:33.284227 [debug] [Thread-1 (]: Opening a new connection, currently in state closed
[0m13:42:33.300657 [debug] [Thread-1 (]: SQL status: OK in 0.016 seconds
[0m13:42:33.301745 [debug] [Thread-1 (]: Using duckdb connection "test.vg_casestudy.numeric_range_stg_raw_staging__customers_age__200__18.2b9231d3a8"
[0m13:42:33.302543 [debug] [Thread-1 (]: On test.vg_casestudy.numeric_range_stg_raw_staging__customers_age__200__18.2b9231d3a8: /* {"app": "dbt", "dbt_version": "1.10.8", "profile_name": "default", "target_name": "dev", "node_id": "test.vg_casestudy.numeric_range_stg_raw_staging__customers_age__200__18.2b9231d3a8"} */

    select
      count(*) as failures,
      count(*) != 0 as should_warn,
      count(*) != 0 as should_error
    from (
      
    
  

    
        select *
        from "casestudy"."staging"."stg_raw_staging__customers"
        where age < 18 or age > 200
    
    


  
  
      
    ) dbt_internal_test
[0m13:42:33.304493 [debug] [Thread-1 (]: SQL status: OK in 0.001 seconds
[0m13:42:33.306293 [debug] [Thread-1 (]: On test.vg_casestudy.numeric_range_stg_raw_staging__customers_age__200__18.2b9231d3a8: ROLLBACK
[0m13:42:33.310565 [debug] [Thread-1 (]: Failed to rollback 'test.vg_casestudy.numeric_range_stg_raw_staging__customers_age__200__18.2b9231d3a8'
[0m13:42:33.311955 [debug] [Thread-1 (]: On test.vg_casestudy.numeric_range_stg_raw_staging__customers_age__200__18.2b9231d3a8: Close
[0m13:42:33.315986 [info ] [Thread-1 (]: 50 of 71 PASS numeric_range_stg_raw_staging__customers_age__200__18 ............ [[32mPASS[0m in 0.06s]
[0m13:42:33.317284 [debug] [Thread-1 (]: Finished running node test.vg_casestudy.numeric_range_stg_raw_staging__customers_age__200__18.2b9231d3a8
[0m13:42:33.318152 [debug] [Thread-1 (]: Began running node test.vg_casestudy.numeric_range_stg_raw_staging__fx_rates_fx_rate__0.ccd53e1d91
[0m13:42:33.318953 [info ] [Thread-1 (]: 51 of 71 START test numeric_range_stg_raw_staging__fx_rates_fx_rate__0 ......... [RUN]
[0m13:42:33.319622 [debug] [Thread-1 (]: Re-using an available connection from the pool (formerly test.vg_casestudy.numeric_range_stg_raw_staging__customers_age__200__18.2b9231d3a8, now test.vg_casestudy.numeric_range_stg_raw_staging__fx_rates_fx_rate__0.ccd53e1d91)
[0m13:42:33.320378 [debug] [Thread-1 (]: Began compiling node test.vg_casestudy.numeric_range_stg_raw_staging__fx_rates_fx_rate__0.ccd53e1d91
[0m13:42:33.323610 [debug] [Thread-1 (]: Writing injected SQL for node "test.vg_casestudy.numeric_range_stg_raw_staging__fx_rates_fx_rate__0.ccd53e1d91"
[0m13:42:33.338195 [debug] [Thread-1 (]: Began executing node test.vg_casestudy.numeric_range_stg_raw_staging__fx_rates_fx_rate__0.ccd53e1d91
[0m13:42:33.340887 [debug] [Thread-1 (]: Writing runtime sql for node "test.vg_casestudy.numeric_range_stg_raw_staging__fx_rates_fx_rate__0.ccd53e1d91"
[0m13:42:33.352506 [debug] [Thread-1 (]: Using duckdb connection "test.vg_casestudy.numeric_range_stg_raw_staging__fx_rates_fx_rate__0.ccd53e1d91"
[0m13:42:33.353680 [debug] [Thread-1 (]: On test.vg_casestudy.numeric_range_stg_raw_staging__fx_rates_fx_rate__0.ccd53e1d91: BEGIN
[0m13:42:33.354476 [debug] [Thread-1 (]: Opening a new connection, currently in state closed
[0m13:42:33.374109 [debug] [Thread-1 (]: SQL status: OK in 0.020 seconds
[0m13:42:33.375302 [debug] [Thread-1 (]: Using duckdb connection "test.vg_casestudy.numeric_range_stg_raw_staging__fx_rates_fx_rate__0.ccd53e1d91"
[0m13:42:33.377043 [debug] [Thread-1 (]: On test.vg_casestudy.numeric_range_stg_raw_staging__fx_rates_fx_rate__0.ccd53e1d91: /* {"app": "dbt", "dbt_version": "1.10.8", "profile_name": "default", "target_name": "dev", "node_id": "test.vg_casestudy.numeric_range_stg_raw_staging__fx_rates_fx_rate__0.ccd53e1d91"} */

    select
      count(*) as failures,
      count(*) != 0 as should_warn,
      count(*) != 0 as should_error
    from (
      
    
  

    
        select *
        from "casestudy"."staging"."stg_raw_staging__fx_rates"
        where fx_rate < 0
    
    


  
  
      
    ) dbt_internal_test
[0m13:42:33.382720 [debug] [Thread-1 (]: SQL status: OK in 0.005 seconds
[0m13:42:33.384603 [debug] [Thread-1 (]: On test.vg_casestudy.numeric_range_stg_raw_staging__fx_rates_fx_rate__0.ccd53e1d91: ROLLBACK
[0m13:42:33.387679 [debug] [Thread-1 (]: Failed to rollback 'test.vg_casestudy.numeric_range_stg_raw_staging__fx_rates_fx_rate__0.ccd53e1d91'
[0m13:42:33.388687 [debug] [Thread-1 (]: On test.vg_casestudy.numeric_range_stg_raw_staging__fx_rates_fx_rate__0.ccd53e1d91: Close
[0m13:42:33.391764 [info ] [Thread-1 (]: 51 of 71 PASS numeric_range_stg_raw_staging__fx_rates_fx_rate__0 ............... [[32mPASS[0m in 0.07s]
[0m13:42:33.393438 [debug] [Thread-1 (]: Finished running node test.vg_casestudy.numeric_range_stg_raw_staging__fx_rates_fx_rate__0.ccd53e1d91
[0m13:42:33.394364 [debug] [Thread-1 (]: Began running node test.vg_casestudy.numeric_range_stg_raw_staging__loans_interest_rate__0.c62529af67
[0m13:42:33.395217 [info ] [Thread-1 (]: 52 of 71 START test numeric_range_stg_raw_staging__loans_interest_rate__0 ...... [RUN]
[0m13:42:33.395887 [debug] [Thread-1 (]: Re-using an available connection from the pool (formerly test.vg_casestudy.numeric_range_stg_raw_staging__fx_rates_fx_rate__0.ccd53e1d91, now test.vg_casestudy.numeric_range_stg_raw_staging__loans_interest_rate__0.c62529af67)
[0m13:42:33.396680 [debug] [Thread-1 (]: Began compiling node test.vg_casestudy.numeric_range_stg_raw_staging__loans_interest_rate__0.c62529af67
[0m13:42:33.400144 [debug] [Thread-1 (]: Writing injected SQL for node "test.vg_casestudy.numeric_range_stg_raw_staging__loans_interest_rate__0.c62529af67"
[0m13:42:33.415374 [debug] [Thread-1 (]: Began executing node test.vg_casestudy.numeric_range_stg_raw_staging__loans_interest_rate__0.c62529af67
[0m13:42:33.418949 [debug] [Thread-1 (]: Writing runtime sql for node "test.vg_casestudy.numeric_range_stg_raw_staging__loans_interest_rate__0.c62529af67"
[0m13:42:33.428760 [debug] [Thread-1 (]: Using duckdb connection "test.vg_casestudy.numeric_range_stg_raw_staging__loans_interest_rate__0.c62529af67"
[0m13:42:33.429726 [debug] [Thread-1 (]: On test.vg_casestudy.numeric_range_stg_raw_staging__loans_interest_rate__0.c62529af67: BEGIN
[0m13:42:33.430478 [debug] [Thread-1 (]: Opening a new connection, currently in state closed
[0m13:42:33.448974 [debug] [Thread-1 (]: SQL status: OK in 0.018 seconds
[0m13:42:33.450115 [debug] [Thread-1 (]: Using duckdb connection "test.vg_casestudy.numeric_range_stg_raw_staging__loans_interest_rate__0.c62529af67"
[0m13:42:33.450994 [debug] [Thread-1 (]: On test.vg_casestudy.numeric_range_stg_raw_staging__loans_interest_rate__0.c62529af67: /* {"app": "dbt", "dbt_version": "1.10.8", "profile_name": "default", "target_name": "dev", "node_id": "test.vg_casestudy.numeric_range_stg_raw_staging__loans_interest_rate__0.c62529af67"} */

    select
      count(*) as failures,
      count(*) != 0 as should_warn,
      count(*) != 0 as should_error
    from (
      
    
  

    
        select *
        from "casestudy"."staging"."stg_raw_staging__loans"
        where interest_rate < 0
    
    


  
  
      
    ) dbt_internal_test
[0m13:42:33.458355 [debug] [Thread-1 (]: SQL status: OK in 0.006 seconds
[0m13:42:33.460349 [debug] [Thread-1 (]: On test.vg_casestudy.numeric_range_stg_raw_staging__loans_interest_rate__0.c62529af67: ROLLBACK
[0m13:42:33.463579 [debug] [Thread-1 (]: Failed to rollback 'test.vg_casestudy.numeric_range_stg_raw_staging__loans_interest_rate__0.c62529af67'
[0m13:42:33.464571 [debug] [Thread-1 (]: On test.vg_casestudy.numeric_range_stg_raw_staging__loans_interest_rate__0.c62529af67: Close
[0m13:42:33.467785 [info ] [Thread-1 (]: 52 of 71 PASS numeric_range_stg_raw_staging__loans_interest_rate__0 ............ [[32mPASS[0m in 0.07s]
[0m13:42:33.469115 [debug] [Thread-1 (]: Finished running node test.vg_casestudy.numeric_range_stg_raw_staging__loans_interest_rate__0.c62529af67
[0m13:42:33.470056 [debug] [Thread-1 (]: Began running node test.vg_casestudy.numeric_range_stg_raw_staging__loans_loan_amount__0.d8b44433a4
[0m13:42:33.470963 [info ] [Thread-1 (]: 53 of 71 START test numeric_range_stg_raw_staging__loans_loan_amount__0 ........ [RUN]
[0m13:42:33.471933 [debug] [Thread-1 (]: Re-using an available connection from the pool (formerly test.vg_casestudy.numeric_range_stg_raw_staging__loans_interest_rate__0.c62529af67, now test.vg_casestudy.numeric_range_stg_raw_staging__loans_loan_amount__0.d8b44433a4)
[0m13:42:33.472614 [debug] [Thread-1 (]: Began compiling node test.vg_casestudy.numeric_range_stg_raw_staging__loans_loan_amount__0.d8b44433a4
[0m13:42:33.477153 [debug] [Thread-1 (]: Writing injected SQL for node "test.vg_casestudy.numeric_range_stg_raw_staging__loans_loan_amount__0.d8b44433a4"
[0m13:42:33.489583 [debug] [Thread-1 (]: Began executing node test.vg_casestudy.numeric_range_stg_raw_staging__loans_loan_amount__0.d8b44433a4
[0m13:42:33.492323 [debug] [Thread-1 (]: Writing runtime sql for node "test.vg_casestudy.numeric_range_stg_raw_staging__loans_loan_amount__0.d8b44433a4"
[0m13:42:33.502643 [debug] [Thread-1 (]: Using duckdb connection "test.vg_casestudy.numeric_range_stg_raw_staging__loans_loan_amount__0.d8b44433a4"
[0m13:42:33.503565 [debug] [Thread-1 (]: On test.vg_casestudy.numeric_range_stg_raw_staging__loans_loan_amount__0.d8b44433a4: BEGIN
[0m13:42:33.504334 [debug] [Thread-1 (]: Opening a new connection, currently in state closed
[0m13:42:33.523615 [debug] [Thread-1 (]: SQL status: OK in 0.019 seconds
[0m13:42:33.524613 [debug] [Thread-1 (]: Using duckdb connection "test.vg_casestudy.numeric_range_stg_raw_staging__loans_loan_amount__0.d8b44433a4"
[0m13:42:33.525471 [debug] [Thread-1 (]: On test.vg_casestudy.numeric_range_stg_raw_staging__loans_loan_amount__0.d8b44433a4: /* {"app": "dbt", "dbt_version": "1.10.8", "profile_name": "default", "target_name": "dev", "node_id": "test.vg_casestudy.numeric_range_stg_raw_staging__loans_loan_amount__0.d8b44433a4"} */

    select
      count(*) as failures,
      count(*) != 0 as should_warn,
      count(*) != 0 as should_error
    from (
      
    
  

    
        select *
        from "casestudy"."staging"."stg_raw_staging__loans"
        where loan_amount < 0
    
    


  
  
      
    ) dbt_internal_test
[0m13:42:33.530341 [debug] [Thread-1 (]: SQL status: OK in 0.004 seconds
[0m13:42:33.531916 [debug] [Thread-1 (]: On test.vg_casestudy.numeric_range_stg_raw_staging__loans_loan_amount__0.d8b44433a4: ROLLBACK
[0m13:42:33.534796 [debug] [Thread-1 (]: Failed to rollback 'test.vg_casestudy.numeric_range_stg_raw_staging__loans_loan_amount__0.d8b44433a4'
[0m13:42:33.535596 [debug] [Thread-1 (]: On test.vg_casestudy.numeric_range_stg_raw_staging__loans_loan_amount__0.d8b44433a4: Close
[0m13:42:33.538530 [info ] [Thread-1 (]: 53 of 71 PASS numeric_range_stg_raw_staging__loans_loan_amount__0 .............. [[32mPASS[0m in 0.07s]
[0m13:42:33.539572 [debug] [Thread-1 (]: Finished running node test.vg_casestudy.numeric_range_stg_raw_staging__loans_loan_amount__0.d8b44433a4
[0m13:42:33.541254 [debug] [Thread-1 (]: Began running node test.vg_casestudy.numeric_range_stg_staging_intermediate__fx_rates_fx_rate__0.2d4a929b3f
[0m13:42:33.542710 [info ] [Thread-1 (]: 54 of 71 START test numeric_range_stg_staging_intermediate__fx_rates_fx_rate__0  [RUN]
[0m13:42:33.545185 [debug] [Thread-1 (]: Re-using an available connection from the pool (formerly test.vg_casestudy.numeric_range_stg_raw_staging__loans_loan_amount__0.d8b44433a4, now test.vg_casestudy.numeric_range_stg_staging_intermediate__fx_rates_fx_rate__0.2d4a929b3f)
[0m13:42:33.546243 [debug] [Thread-1 (]: Began compiling node test.vg_casestudy.numeric_range_stg_staging_intermediate__fx_rates_fx_rate__0.2d4a929b3f
[0m13:42:33.550210 [debug] [Thread-1 (]: Writing injected SQL for node "test.vg_casestudy.numeric_range_stg_staging_intermediate__fx_rates_fx_rate__0.2d4a929b3f"
[0m13:42:33.563753 [debug] [Thread-1 (]: Began executing node test.vg_casestudy.numeric_range_stg_staging_intermediate__fx_rates_fx_rate__0.2d4a929b3f
[0m13:42:33.566237 [debug] [Thread-1 (]: Writing runtime sql for node "test.vg_casestudy.numeric_range_stg_staging_intermediate__fx_rates_fx_rate__0.2d4a929b3f"
[0m13:42:33.575833 [debug] [Thread-1 (]: Using duckdb connection "test.vg_casestudy.numeric_range_stg_staging_intermediate__fx_rates_fx_rate__0.2d4a929b3f"
[0m13:42:33.576566 [debug] [Thread-1 (]: On test.vg_casestudy.numeric_range_stg_staging_intermediate__fx_rates_fx_rate__0.2d4a929b3f: BEGIN
[0m13:42:33.577249 [debug] [Thread-1 (]: Opening a new connection, currently in state closed
[0m13:42:33.593406 [debug] [Thread-1 (]: SQL status: OK in 0.016 seconds
[0m13:42:33.594466 [debug] [Thread-1 (]: Using duckdb connection "test.vg_casestudy.numeric_range_stg_staging_intermediate__fx_rates_fx_rate__0.2d4a929b3f"
[0m13:42:33.595245 [debug] [Thread-1 (]: On test.vg_casestudy.numeric_range_stg_staging_intermediate__fx_rates_fx_rate__0.2d4a929b3f: /* {"app": "dbt", "dbt_version": "1.10.8", "profile_name": "default", "target_name": "dev", "node_id": "test.vg_casestudy.numeric_range_stg_staging_intermediate__fx_rates_fx_rate__0.2d4a929b3f"} */

    select
      count(*) as failures,
      count(*) != 0 as should_warn,
      count(*) != 0 as should_error
    from (
      
    
  

    
        select *
        from "casestudy"."intermediate"."stg_staging_intermediate__fx_rates"
        where fx_rate < 0
    
    


  
  
      
    ) dbt_internal_test
[0m13:42:33.596760 [debug] [Thread-1 (]: SQL status: OK in 0.001 seconds
[0m13:42:33.598491 [debug] [Thread-1 (]: On test.vg_casestudy.numeric_range_stg_staging_intermediate__fx_rates_fx_rate__0.2d4a929b3f: ROLLBACK
[0m13:42:33.601270 [debug] [Thread-1 (]: Failed to rollback 'test.vg_casestudy.numeric_range_stg_staging_intermediate__fx_rates_fx_rate__0.2d4a929b3f'
[0m13:42:33.602087 [debug] [Thread-1 (]: On test.vg_casestudy.numeric_range_stg_staging_intermediate__fx_rates_fx_rate__0.2d4a929b3f: Close
[0m13:42:33.605045 [info ] [Thread-1 (]: 54 of 71 PASS numeric_range_stg_staging_intermediate__fx_rates_fx_rate__0 ...... [[32mPASS[0m in 0.06s]
[0m13:42:33.606060 [debug] [Thread-1 (]: Finished running node test.vg_casestudy.numeric_range_stg_staging_intermediate__fx_rates_fx_rate__0.2d4a929b3f
[0m13:42:33.607162 [debug] [Thread-1 (]: Began running node test.vg_casestudy.numeric_range_stg_staging_intermediate__loans_interest_rate__0.049a21d6b9
[0m13:42:33.608497 [info ] [Thread-1 (]: 55 of 71 START test numeric_range_stg_staging_intermediate__loans_interest_rate__0  [RUN]
[0m13:42:33.610179 [debug] [Thread-1 (]: Re-using an available connection from the pool (formerly test.vg_casestudy.numeric_range_stg_staging_intermediate__fx_rates_fx_rate__0.2d4a929b3f, now test.vg_casestudy.numeric_range_stg_staging_intermediate__loans_interest_rate__0.049a21d6b9)
[0m13:42:33.613517 [debug] [Thread-1 (]: Began compiling node test.vg_casestudy.numeric_range_stg_staging_intermediate__loans_interest_rate__0.049a21d6b9
[0m13:42:33.617670 [debug] [Thread-1 (]: Writing injected SQL for node "test.vg_casestudy.numeric_range_stg_staging_intermediate__loans_interest_rate__0.049a21d6b9"
[0m13:42:33.627869 [debug] [Thread-1 (]: Began executing node test.vg_casestudy.numeric_range_stg_staging_intermediate__loans_interest_rate__0.049a21d6b9
[0m13:42:33.630637 [debug] [Thread-1 (]: Writing runtime sql for node "test.vg_casestudy.numeric_range_stg_staging_intermediate__loans_interest_rate__0.049a21d6b9"
[0m13:42:33.640148 [debug] [Thread-1 (]: Using duckdb connection "test.vg_casestudy.numeric_range_stg_staging_intermediate__loans_interest_rate__0.049a21d6b9"
[0m13:42:33.641163 [debug] [Thread-1 (]: On test.vg_casestudy.numeric_range_stg_staging_intermediate__loans_interest_rate__0.049a21d6b9: BEGIN
[0m13:42:33.642793 [debug] [Thread-1 (]: Opening a new connection, currently in state closed
[0m13:42:33.659196 [debug] [Thread-1 (]: SQL status: OK in 0.016 seconds
[0m13:42:33.660182 [debug] [Thread-1 (]: Using duckdb connection "test.vg_casestudy.numeric_range_stg_staging_intermediate__loans_interest_rate__0.049a21d6b9"
[0m13:42:33.660928 [debug] [Thread-1 (]: On test.vg_casestudy.numeric_range_stg_staging_intermediate__loans_interest_rate__0.049a21d6b9: /* {"app": "dbt", "dbt_version": "1.10.8", "profile_name": "default", "target_name": "dev", "node_id": "test.vg_casestudy.numeric_range_stg_staging_intermediate__loans_interest_rate__0.049a21d6b9"} */

    select
      count(*) as failures,
      count(*) != 0 as should_warn,
      count(*) != 0 as should_error
    from (
      
    
  

    
        select *
        from "casestudy"."intermediate"."stg_staging_intermediate__loans"
        where interest_rate < 0
    
    


  
  
      
    ) dbt_internal_test
[0m13:42:33.662560 [debug] [Thread-1 (]: SQL status: OK in 0.001 seconds
[0m13:42:33.664159 [debug] [Thread-1 (]: On test.vg_casestudy.numeric_range_stg_staging_intermediate__loans_interest_rate__0.049a21d6b9: ROLLBACK
[0m13:42:33.666731 [debug] [Thread-1 (]: Failed to rollback 'test.vg_casestudy.numeric_range_stg_staging_intermediate__loans_interest_rate__0.049a21d6b9'
[0m13:42:33.667474 [debug] [Thread-1 (]: On test.vg_casestudy.numeric_range_stg_staging_intermediate__loans_interest_rate__0.049a21d6b9: Close
[0m13:42:33.670452 [info ] [Thread-1 (]: 55 of 71 PASS numeric_range_stg_staging_intermediate__loans_interest_rate__0 ... [[32mPASS[0m in 0.06s]
[0m13:42:33.671858 [debug] [Thread-1 (]: Finished running node test.vg_casestudy.numeric_range_stg_staging_intermediate__loans_interest_rate__0.049a21d6b9
[0m13:42:33.672771 [debug] [Thread-1 (]: Began running node test.vg_casestudy.numeric_range_stg_staging_intermediate__loans_loan_amount__0.68f9ee0c26
[0m13:42:33.673895 [info ] [Thread-1 (]: 56 of 71 START test numeric_range_stg_staging_intermediate__loans_loan_amount__0  [RUN]
[0m13:42:33.675273 [debug] [Thread-1 (]: Re-using an available connection from the pool (formerly test.vg_casestudy.numeric_range_stg_staging_intermediate__loans_interest_rate__0.049a21d6b9, now test.vg_casestudy.numeric_range_stg_staging_intermediate__loans_loan_amount__0.68f9ee0c26)
[0m13:42:33.676898 [debug] [Thread-1 (]: Began compiling node test.vg_casestudy.numeric_range_stg_staging_intermediate__loans_loan_amount__0.68f9ee0c26
[0m13:42:33.681786 [debug] [Thread-1 (]: Writing injected SQL for node "test.vg_casestudy.numeric_range_stg_staging_intermediate__loans_loan_amount__0.68f9ee0c26"
[0m13:42:33.693684 [debug] [Thread-1 (]: Began executing node test.vg_casestudy.numeric_range_stg_staging_intermediate__loans_loan_amount__0.68f9ee0c26
[0m13:42:33.696851 [debug] [Thread-1 (]: Writing runtime sql for node "test.vg_casestudy.numeric_range_stg_staging_intermediate__loans_loan_amount__0.68f9ee0c26"
[0m13:42:33.705894 [debug] [Thread-1 (]: Using duckdb connection "test.vg_casestudy.numeric_range_stg_staging_intermediate__loans_loan_amount__0.68f9ee0c26"
[0m13:42:33.706773 [debug] [Thread-1 (]: On test.vg_casestudy.numeric_range_stg_staging_intermediate__loans_loan_amount__0.68f9ee0c26: BEGIN
[0m13:42:33.707514 [debug] [Thread-1 (]: Opening a new connection, currently in state closed
[0m13:42:33.724379 [debug] [Thread-1 (]: SQL status: OK in 0.017 seconds
[0m13:42:33.725679 [debug] [Thread-1 (]: Using duckdb connection "test.vg_casestudy.numeric_range_stg_staging_intermediate__loans_loan_amount__0.68f9ee0c26"
[0m13:42:33.726533 [debug] [Thread-1 (]: On test.vg_casestudy.numeric_range_stg_staging_intermediate__loans_loan_amount__0.68f9ee0c26: /* {"app": "dbt", "dbt_version": "1.10.8", "profile_name": "default", "target_name": "dev", "node_id": "test.vg_casestudy.numeric_range_stg_staging_intermediate__loans_loan_amount__0.68f9ee0c26"} */

    select
      count(*) as failures,
      count(*) != 0 as should_warn,
      count(*) != 0 as should_error
    from (
      
    
  

    
        select *
        from "casestudy"."intermediate"."stg_staging_intermediate__loans"
        where loan_amount < 0
    
    


  
  
      
    ) dbt_internal_test
[0m13:42:33.728124 [debug] [Thread-1 (]: SQL status: OK in 0.001 seconds
[0m13:42:33.729659 [debug] [Thread-1 (]: On test.vg_casestudy.numeric_range_stg_staging_intermediate__loans_loan_amount__0.68f9ee0c26: ROLLBACK
[0m13:42:33.732617 [debug] [Thread-1 (]: Failed to rollback 'test.vg_casestudy.numeric_range_stg_staging_intermediate__loans_loan_amount__0.68f9ee0c26'
[0m13:42:33.733383 [debug] [Thread-1 (]: On test.vg_casestudy.numeric_range_stg_staging_intermediate__loans_loan_amount__0.68f9ee0c26: Close
[0m13:42:33.736254 [info ] [Thread-1 (]: 56 of 71 PASS numeric_range_stg_staging_intermediate__loans_loan_amount__0 ..... [[32mPASS[0m in 0.06s]
[0m13:42:33.737411 [debug] [Thread-1 (]: Finished running node test.vg_casestudy.numeric_range_stg_staging_intermediate__loans_loan_amount__0.68f9ee0c26
[0m13:42:33.738255 [debug] [Thread-1 (]: Began running node test.vg_casestudy.numeric_range_stg_staging_intermediate__transactions_transaction_amount__0.789e7a4361
[0m13:42:33.739029 [info ] [Thread-1 (]: 57 of 71 START test numeric_range_stg_staging_intermediate__transactions_transaction_amount__0  [RUN]
[0m13:42:33.739715 [debug] [Thread-1 (]: Re-using an available connection from the pool (formerly test.vg_casestudy.numeric_range_stg_staging_intermediate__loans_loan_amount__0.68f9ee0c26, now test.vg_casestudy.numeric_range_stg_staging_intermediate__transactions_transaction_amount__0.789e7a4361)
[0m13:42:33.740985 [debug] [Thread-1 (]: Began compiling node test.vg_casestudy.numeric_range_stg_staging_intermediate__transactions_transaction_amount__0.789e7a4361
[0m13:42:33.746914 [debug] [Thread-1 (]: Writing injected SQL for node "test.vg_casestudy.numeric_range_stg_staging_intermediate__transactions_transaction_amount__0.789e7a4361"
[0m13:42:33.758193 [debug] [Thread-1 (]: Began executing node test.vg_casestudy.numeric_range_stg_staging_intermediate__transactions_transaction_amount__0.789e7a4361
[0m13:42:33.761689 [debug] [Thread-1 (]: Writing runtime sql for node "test.vg_casestudy.numeric_range_stg_staging_intermediate__transactions_transaction_amount__0.789e7a4361"
[0m13:42:33.772806 [debug] [Thread-1 (]: Using duckdb connection "test.vg_casestudy.numeric_range_stg_staging_intermediate__transactions_transaction_amount__0.789e7a4361"
[0m13:42:33.773774 [debug] [Thread-1 (]: On test.vg_casestudy.numeric_range_stg_staging_intermediate__transactions_transaction_amount__0.789e7a4361: BEGIN
[0m13:42:33.774892 [debug] [Thread-1 (]: Opening a new connection, currently in state closed
[0m13:42:33.793106 [debug] [Thread-1 (]: SQL status: OK in 0.018 seconds
[0m13:42:33.794335 [debug] [Thread-1 (]: Using duckdb connection "test.vg_casestudy.numeric_range_stg_staging_intermediate__transactions_transaction_amount__0.789e7a4361"
[0m13:42:33.795149 [debug] [Thread-1 (]: On test.vg_casestudy.numeric_range_stg_staging_intermediate__transactions_transaction_amount__0.789e7a4361: /* {"app": "dbt", "dbt_version": "1.10.8", "profile_name": "default", "target_name": "dev", "node_id": "test.vg_casestudy.numeric_range_stg_staging_intermediate__transactions_transaction_amount__0.789e7a4361"} */

    select
      count(*) as failures,
      count(*) != 0 as should_warn,
      count(*) != 0 as should_error
    from (
      
    
  

    
        select *
        from "casestudy"."intermediate"."stg_staging_intermediate__transactions"
        where transaction_amount < 0
    
    


  
  
      
    ) dbt_internal_test
[0m13:42:33.796693 [debug] [Thread-1 (]: SQL status: OK in 0.001 seconds
[0m13:42:33.798251 [debug] [Thread-1 (]: On test.vg_casestudy.numeric_range_stg_staging_intermediate__transactions_transaction_amount__0.789e7a4361: ROLLBACK
[0m13:42:33.801203 [debug] [Thread-1 (]: Failed to rollback 'test.vg_casestudy.numeric_range_stg_staging_intermediate__transactions_transaction_amount__0.789e7a4361'
[0m13:42:33.802016 [debug] [Thread-1 (]: On test.vg_casestudy.numeric_range_stg_staging_intermediate__transactions_transaction_amount__0.789e7a4361: Close
[0m13:42:33.804899 [info ] [Thread-1 (]: 57 of 71 PASS numeric_range_stg_staging_intermediate__transactions_transaction_amount__0  [[32mPASS[0m in 0.07s]
[0m13:42:33.806032 [debug] [Thread-1 (]: Finished running node test.vg_casestudy.numeric_range_stg_staging_intermediate__transactions_transaction_amount__0.789e7a4361
[0m13:42:33.808524 [debug] [Thread-1 (]: Began running node test.vg_casestudy.relationships_stg_raw_staging__accounts_customer_id__customer_id__ref_stg_raw_staging__customers_.87454c2c4c
[0m13:42:33.810144 [info ] [Thread-1 (]: 58 of 71 START test relationships_stg_raw_staging__accounts_customer_id__customer_id__ref_stg_raw_staging__customers_  [RUN]
[0m13:42:33.812942 [debug] [Thread-1 (]: Re-using an available connection from the pool (formerly test.vg_casestudy.numeric_range_stg_staging_intermediate__transactions_transaction_amount__0.789e7a4361, now test.vg_casestudy.relationships_stg_raw_staging__accounts_customer_id__customer_id__ref_stg_raw_staging__customers_.87454c2c4c)
[0m13:42:33.814359 [debug] [Thread-1 (]: Began compiling node test.vg_casestudy.relationships_stg_raw_staging__accounts_customer_id__customer_id__ref_stg_raw_staging__customers_.87454c2c4c
[0m13:42:33.820282 [debug] [Thread-1 (]: Writing injected SQL for node "test.vg_casestudy.relationships_stg_raw_staging__accounts_customer_id__customer_id__ref_stg_raw_staging__customers_.87454c2c4c"
[0m13:42:33.832119 [debug] [Thread-1 (]: Began executing node test.vg_casestudy.relationships_stg_raw_staging__accounts_customer_id__customer_id__ref_stg_raw_staging__customers_.87454c2c4c
[0m13:42:33.834462 [debug] [Thread-1 (]: Writing runtime sql for node "test.vg_casestudy.relationships_stg_raw_staging__accounts_customer_id__customer_id__ref_stg_raw_staging__customers_.87454c2c4c"
[0m13:42:33.845000 [debug] [Thread-1 (]: Using duckdb connection "test.vg_casestudy.relationships_stg_raw_staging__accounts_customer_id__customer_id__ref_stg_raw_staging__customers_.87454c2c4c"
[0m13:42:33.846628 [debug] [Thread-1 (]: On test.vg_casestudy.relationships_stg_raw_staging__accounts_customer_id__customer_id__ref_stg_raw_staging__customers_.87454c2c4c: BEGIN
[0m13:42:33.847758 [debug] [Thread-1 (]: Opening a new connection, currently in state closed
[0m13:42:33.865783 [debug] [Thread-1 (]: SQL status: OK in 0.018 seconds
[0m13:42:33.866997 [debug] [Thread-1 (]: Using duckdb connection "test.vg_casestudy.relationships_stg_raw_staging__accounts_customer_id__customer_id__ref_stg_raw_staging__customers_.87454c2c4c"
[0m13:42:33.867839 [debug] [Thread-1 (]: On test.vg_casestudy.relationships_stg_raw_staging__accounts_customer_id__customer_id__ref_stg_raw_staging__customers_.87454c2c4c: /* {"app": "dbt", "dbt_version": "1.10.8", "profile_name": "default", "target_name": "dev", "node_id": "test.vg_casestudy.relationships_stg_raw_staging__accounts_customer_id__customer_id__ref_stg_raw_staging__customers_.87454c2c4c"} */

    select
      count(*) as failures,
      count(*) != 0 as should_warn,
      count(*) != 0 as should_error
    from (
      
    
  
    
    

with child as (
    select customer_id as from_field
    from "casestudy"."staging"."stg_raw_staging__accounts"
    where customer_id is not null
),

parent as (
    select customer_id as to_field
    from "casestudy"."staging"."stg_raw_staging__customers"
)

select
    from_field

from child
left join parent
    on child.from_field = parent.to_field

where parent.to_field is null



  
  
      
    ) dbt_internal_test
[0m13:42:33.886185 [debug] [Thread-1 (]: SQL status: OK in 0.017 seconds
[0m13:42:33.888088 [debug] [Thread-1 (]: On test.vg_casestudy.relationships_stg_raw_staging__accounts_customer_id__customer_id__ref_stg_raw_staging__customers_.87454c2c4c: ROLLBACK
[0m13:42:33.891193 [debug] [Thread-1 (]: Failed to rollback 'test.vg_casestudy.relationships_stg_raw_staging__accounts_customer_id__customer_id__ref_stg_raw_staging__customers_.87454c2c4c'
[0m13:42:33.891901 [debug] [Thread-1 (]: On test.vg_casestudy.relationships_stg_raw_staging__accounts_customer_id__customer_id__ref_stg_raw_staging__customers_.87454c2c4c: Close
[0m13:42:33.895864 [info ] [Thread-1 (]: 58 of 71 PASS relationships_stg_raw_staging__accounts_customer_id__customer_id__ref_stg_raw_staging__customers_  [[32mPASS[0m in 0.08s]
[0m13:42:33.896963 [debug] [Thread-1 (]: Finished running node test.vg_casestudy.relationships_stg_raw_staging__accounts_customer_id__customer_id__ref_stg_raw_staging__customers_.87454c2c4c
[0m13:42:33.897854 [debug] [Thread-1 (]: Began running node test.vg_casestudy.relationships_stg_raw_staging__transactions_account_id__account_id__ref_stg_raw_staging__accounts_.e5e3cbe1a6
[0m13:42:33.898681 [info ] [Thread-1 (]: 59 of 71 START test relationships_stg_raw_staging__transactions_account_id__account_id__ref_stg_raw_staging__accounts_  [RUN]
[0m13:42:33.899380 [debug] [Thread-1 (]: Re-using an available connection from the pool (formerly test.vg_casestudy.relationships_stg_raw_staging__accounts_customer_id__customer_id__ref_stg_raw_staging__customers_.87454c2c4c, now test.vg_casestudy.relationships_stg_raw_staging__transactions_account_id__account_id__ref_stg_raw_staging__accounts_.e5e3cbe1a6)
[0m13:42:33.900239 [debug] [Thread-1 (]: Began compiling node test.vg_casestudy.relationships_stg_raw_staging__transactions_account_id__account_id__ref_stg_raw_staging__accounts_.e5e3cbe1a6
[0m13:42:33.904650 [debug] [Thread-1 (]: Writing injected SQL for node "test.vg_casestudy.relationships_stg_raw_staging__transactions_account_id__account_id__ref_stg_raw_staging__accounts_.e5e3cbe1a6"
[0m13:42:33.919750 [debug] [Thread-1 (]: Began executing node test.vg_casestudy.relationships_stg_raw_staging__transactions_account_id__account_id__ref_stg_raw_staging__accounts_.e5e3cbe1a6
[0m13:42:33.922304 [debug] [Thread-1 (]: Writing runtime sql for node "test.vg_casestudy.relationships_stg_raw_staging__transactions_account_id__account_id__ref_stg_raw_staging__accounts_.e5e3cbe1a6"
[0m13:42:33.932588 [debug] [Thread-1 (]: Using duckdb connection "test.vg_casestudy.relationships_stg_raw_staging__transactions_account_id__account_id__ref_stg_raw_staging__accounts_.e5e3cbe1a6"
[0m13:42:33.933549 [debug] [Thread-1 (]: On test.vg_casestudy.relationships_stg_raw_staging__transactions_account_id__account_id__ref_stg_raw_staging__accounts_.e5e3cbe1a6: BEGIN
[0m13:42:33.934313 [debug] [Thread-1 (]: Opening a new connection, currently in state closed
[0m13:42:33.952836 [debug] [Thread-1 (]: SQL status: OK in 0.018 seconds
[0m13:42:33.954075 [debug] [Thread-1 (]: Using duckdb connection "test.vg_casestudy.relationships_stg_raw_staging__transactions_account_id__account_id__ref_stg_raw_staging__accounts_.e5e3cbe1a6"
[0m13:42:33.954903 [debug] [Thread-1 (]: On test.vg_casestudy.relationships_stg_raw_staging__transactions_account_id__account_id__ref_stg_raw_staging__accounts_.e5e3cbe1a6: /* {"app": "dbt", "dbt_version": "1.10.8", "profile_name": "default", "target_name": "dev", "node_id": "test.vg_casestudy.relationships_stg_raw_staging__transactions_account_id__account_id__ref_stg_raw_staging__accounts_.e5e3cbe1a6"} */

    select
      count(*) as failures,
      count(*) != 0 as should_warn,
      count(*) != 0 as should_error
    from (
      
    
  
    
    

with child as (
    select account_id as from_field
    from "casestudy"."staging"."stg_raw_staging__transactions"
    where account_id is not null
),

parent as (
    select account_id as to_field
    from "casestudy"."staging"."stg_raw_staging__accounts"
)

select
    from_field

from child
left join parent
    on child.from_field = parent.to_field

where parent.to_field is null



  
  
      
    ) dbt_internal_test
[0m13:42:33.965561 [debug] [Thread-1 (]: SQL status: OK in 0.010 seconds
[0m13:42:33.967470 [debug] [Thread-1 (]: On test.vg_casestudy.relationships_stg_raw_staging__transactions_account_id__account_id__ref_stg_raw_staging__accounts_.e5e3cbe1a6: ROLLBACK
[0m13:42:33.970234 [debug] [Thread-1 (]: Failed to rollback 'test.vg_casestudy.relationships_stg_raw_staging__transactions_account_id__account_id__ref_stg_raw_staging__accounts_.e5e3cbe1a6'
[0m13:42:33.970990 [debug] [Thread-1 (]: On test.vg_casestudy.relationships_stg_raw_staging__transactions_account_id__account_id__ref_stg_raw_staging__accounts_.e5e3cbe1a6: Close
[0m13:42:33.974544 [error] [Thread-1 (]: 59 of 71 FAIL 9 relationships_stg_raw_staging__transactions_account_id__account_id__ref_stg_raw_staging__accounts_  [[31mFAIL 9[0m in 0.07s]
[0m13:42:33.975920 [debug] [Thread-1 (]: Finished running node test.vg_casestudy.relationships_stg_raw_staging__transactions_account_id__account_id__ref_stg_raw_staging__accounts_.e5e3cbe1a6
[0m13:42:33.977010 [debug] [Thread-1 (]: Began running node test.vg_casestudy.relationships_stg_staging_intermediate__accounts_customer_id__customer_id__ref_stg_staging_intermediate__customers_.d3a09ede96
[0m13:42:33.977820 [info ] [Thread-1 (]: 60 of 71 START test relationships_stg_staging_intermediate__accounts_customer_id__customer_id__ref_stg_staging_intermediate__customers_  [RUN]
[0m13:42:33.978735 [debug] [Thread-1 (]: Re-using an available connection from the pool (formerly test.vg_casestudy.relationships_stg_raw_staging__transactions_account_id__account_id__ref_stg_raw_staging__accounts_.e5e3cbe1a6, now test.vg_casestudy.relationships_stg_staging_intermediate__accounts_customer_id__customer_id__ref_stg_staging_intermediate__customers_.d3a09ede96)
[0m13:42:33.979534 [debug] [Thread-1 (]: Began compiling node test.vg_casestudy.relationships_stg_staging_intermediate__accounts_customer_id__customer_id__ref_stg_staging_intermediate__customers_.d3a09ede96
[0m13:42:33.983909 [debug] [Thread-1 (]: Writing injected SQL for node "test.vg_casestudy.relationships_stg_staging_intermediate__accounts_customer_id__customer_id__ref_stg_staging_intermediate__customers_.d3a09ede96"
[0m13:42:34.000148 [debug] [Thread-1 (]: Began executing node test.vg_casestudy.relationships_stg_staging_intermediate__accounts_customer_id__customer_id__ref_stg_staging_intermediate__customers_.d3a09ede96
[0m13:42:34.002677 [debug] [Thread-1 (]: Writing runtime sql for node "test.vg_casestudy.relationships_stg_staging_intermediate__accounts_customer_id__customer_id__ref_stg_staging_intermediate__customers_.d3a09ede96"
[0m13:42:34.012688 [debug] [Thread-1 (]: Using duckdb connection "test.vg_casestudy.relationships_stg_staging_intermediate__accounts_customer_id__customer_id__ref_stg_staging_intermediate__customers_.d3a09ede96"
[0m13:42:34.013803 [debug] [Thread-1 (]: On test.vg_casestudy.relationships_stg_staging_intermediate__accounts_customer_id__customer_id__ref_stg_staging_intermediate__customers_.d3a09ede96: BEGIN
[0m13:42:34.014625 [debug] [Thread-1 (]: Opening a new connection, currently in state closed
[0m13:42:34.035262 [debug] [Thread-1 (]: SQL status: OK in 0.021 seconds
[0m13:42:34.036323 [debug] [Thread-1 (]: Using duckdb connection "test.vg_casestudy.relationships_stg_staging_intermediate__accounts_customer_id__customer_id__ref_stg_staging_intermediate__customers_.d3a09ede96"
[0m13:42:34.037319 [debug] [Thread-1 (]: On test.vg_casestudy.relationships_stg_staging_intermediate__accounts_customer_id__customer_id__ref_stg_staging_intermediate__customers_.d3a09ede96: /* {"app": "dbt", "dbt_version": "1.10.8", "profile_name": "default", "target_name": "dev", "node_id": "test.vg_casestudy.relationships_stg_staging_intermediate__accounts_customer_id__customer_id__ref_stg_staging_intermediate__customers_.d3a09ede96"} */

    select
      count(*) as failures,
      count(*) != 0 as should_warn,
      count(*) != 0 as should_error
    from (
      
    
  
    
    

with child as (
    select customer_id as from_field
    from "casestudy"."intermediate"."stg_staging_intermediate__accounts"
    where customer_id is not null
),

parent as (
    select customer_id as to_field
    from "casestudy"."intermediate"."stg_staging_intermediate__customers"
)

select
    from_field

from child
left join parent
    on child.from_field = parent.to_field

where parent.to_field is null



  
  
      
    ) dbt_internal_test
[0m13:42:34.046801 [debug] [Thread-1 (]: SQL status: OK in 0.009 seconds
[0m13:42:34.048877 [debug] [Thread-1 (]: On test.vg_casestudy.relationships_stg_staging_intermediate__accounts_customer_id__customer_id__ref_stg_staging_intermediate__customers_.d3a09ede96: ROLLBACK
[0m13:42:34.051777 [debug] [Thread-1 (]: Failed to rollback 'test.vg_casestudy.relationships_stg_staging_intermediate__accounts_customer_id__customer_id__ref_stg_staging_intermediate__customers_.d3a09ede96'
[0m13:42:34.052648 [debug] [Thread-1 (]: On test.vg_casestudy.relationships_stg_staging_intermediate__accounts_customer_id__customer_id__ref_stg_staging_intermediate__customers_.d3a09ede96: Close
[0m13:42:34.055947 [info ] [Thread-1 (]: 60 of 71 PASS relationships_stg_staging_intermediate__accounts_customer_id__customer_id__ref_stg_staging_intermediate__customers_  [[32mPASS[0m in 0.08s]
[0m13:42:34.056984 [debug] [Thread-1 (]: Finished running node test.vg_casestudy.relationships_stg_staging_intermediate__accounts_customer_id__customer_id__ref_stg_staging_intermediate__customers_.d3a09ede96
[0m13:42:34.057716 [debug] [Thread-1 (]: Began running node test.vg_casestudy.unique_stg_raw_staging__accounts_account_id.cfe13a9c67
[0m13:42:34.058479 [info ] [Thread-1 (]: 61 of 71 START test unique_stg_raw_staging__accounts_account_id ................ [RUN]
[0m13:42:34.059301 [debug] [Thread-1 (]: Re-using an available connection from the pool (formerly test.vg_casestudy.relationships_stg_staging_intermediate__accounts_customer_id__customer_id__ref_stg_staging_intermediate__customers_.d3a09ede96, now test.vg_casestudy.unique_stg_raw_staging__accounts_account_id.cfe13a9c67)
[0m13:42:34.060095 [debug] [Thread-1 (]: Began compiling node test.vg_casestudy.unique_stg_raw_staging__accounts_account_id.cfe13a9c67
[0m13:42:34.066868 [debug] [Thread-1 (]: Writing injected SQL for node "test.vg_casestudy.unique_stg_raw_staging__accounts_account_id.cfe13a9c67"
[0m13:42:34.077669 [debug] [Thread-1 (]: Began executing node test.vg_casestudy.unique_stg_raw_staging__accounts_account_id.cfe13a9c67
[0m13:42:34.080360 [debug] [Thread-1 (]: Writing runtime sql for node "test.vg_casestudy.unique_stg_raw_staging__accounts_account_id.cfe13a9c67"
[0m13:42:34.090729 [debug] [Thread-1 (]: Using duckdb connection "test.vg_casestudy.unique_stg_raw_staging__accounts_account_id.cfe13a9c67"
[0m13:42:34.091866 [debug] [Thread-1 (]: On test.vg_casestudy.unique_stg_raw_staging__accounts_account_id.cfe13a9c67: BEGIN
[0m13:42:34.092984 [debug] [Thread-1 (]: Opening a new connection, currently in state closed
[0m13:42:34.110813 [debug] [Thread-1 (]: SQL status: OK in 0.018 seconds
[0m13:42:34.112019 [debug] [Thread-1 (]: Using duckdb connection "test.vg_casestudy.unique_stg_raw_staging__accounts_account_id.cfe13a9c67"
[0m13:42:34.113033 [debug] [Thread-1 (]: On test.vg_casestudy.unique_stg_raw_staging__accounts_account_id.cfe13a9c67: /* {"app": "dbt", "dbt_version": "1.10.8", "profile_name": "default", "target_name": "dev", "node_id": "test.vg_casestudy.unique_stg_raw_staging__accounts_account_id.cfe13a9c67"} */

    select
      count(*) as failures,
      count(*) != 0 as should_warn,
      count(*) != 0 as should_error
    from (
      
    
  
    
    

select
    account_id as unique_field,
    count(*) as n_records

from "casestudy"."staging"."stg_raw_staging__accounts"
where account_id is not null
group by account_id
having count(*) > 1



  
  
      
    ) dbt_internal_test
[0m13:42:34.119792 [debug] [Thread-1 (]: SQL status: OK in 0.006 seconds
[0m13:42:34.122175 [debug] [Thread-1 (]: On test.vg_casestudy.unique_stg_raw_staging__accounts_account_id.cfe13a9c67: ROLLBACK
[0m13:42:34.125631 [debug] [Thread-1 (]: Failed to rollback 'test.vg_casestudy.unique_stg_raw_staging__accounts_account_id.cfe13a9c67'
[0m13:42:34.126550 [debug] [Thread-1 (]: On test.vg_casestudy.unique_stg_raw_staging__accounts_account_id.cfe13a9c67: Close
[0m13:42:34.130468 [info ] [Thread-1 (]: 61 of 71 PASS unique_stg_raw_staging__accounts_account_id ...................... [[32mPASS[0m in 0.07s]
[0m13:42:34.131426 [debug] [Thread-1 (]: Finished running node test.vg_casestudy.unique_stg_raw_staging__accounts_account_id.cfe13a9c67
[0m13:42:34.132373 [debug] [Thread-1 (]: Began running node test.vg_casestudy.unique_stg_raw_staging__customers_customer_id.8cd8e9afb0
[0m13:42:34.133204 [info ] [Thread-1 (]: 62 of 71 START test unique_stg_raw_staging__customers_customer_id .............. [RUN]
[0m13:42:34.134073 [debug] [Thread-1 (]: Re-using an available connection from the pool (formerly test.vg_casestudy.unique_stg_raw_staging__accounts_account_id.cfe13a9c67, now test.vg_casestudy.unique_stg_raw_staging__customers_customer_id.8cd8e9afb0)
[0m13:42:34.134876 [debug] [Thread-1 (]: Began compiling node test.vg_casestudy.unique_stg_raw_staging__customers_customer_id.8cd8e9afb0
[0m13:42:34.138581 [debug] [Thread-1 (]: Writing injected SQL for node "test.vg_casestudy.unique_stg_raw_staging__customers_customer_id.8cd8e9afb0"
[0m13:42:34.148285 [debug] [Thread-1 (]: Began executing node test.vg_casestudy.unique_stg_raw_staging__customers_customer_id.8cd8e9afb0
[0m13:42:34.151058 [debug] [Thread-1 (]: Writing runtime sql for node "test.vg_casestudy.unique_stg_raw_staging__customers_customer_id.8cd8e9afb0"
[0m13:42:34.160689 [debug] [Thread-1 (]: Using duckdb connection "test.vg_casestudy.unique_stg_raw_staging__customers_customer_id.8cd8e9afb0"
[0m13:42:34.162184 [debug] [Thread-1 (]: On test.vg_casestudy.unique_stg_raw_staging__customers_customer_id.8cd8e9afb0: BEGIN
[0m13:42:34.163099 [debug] [Thread-1 (]: Opening a new connection, currently in state closed
[0m13:42:34.181258 [debug] [Thread-1 (]: SQL status: OK in 0.018 seconds
[0m13:42:34.182311 [debug] [Thread-1 (]: Using duckdb connection "test.vg_casestudy.unique_stg_raw_staging__customers_customer_id.8cd8e9afb0"
[0m13:42:34.183133 [debug] [Thread-1 (]: On test.vg_casestudy.unique_stg_raw_staging__customers_customer_id.8cd8e9afb0: /* {"app": "dbt", "dbt_version": "1.10.8", "profile_name": "default", "target_name": "dev", "node_id": "test.vg_casestudy.unique_stg_raw_staging__customers_customer_id.8cd8e9afb0"} */

    select
      count(*) as failures,
      count(*) != 0 as should_warn,
      count(*) != 0 as should_error
    from (
      
    
  
    
    

select
    customer_id as unique_field,
    count(*) as n_records

from "casestudy"."staging"."stg_raw_staging__customers"
where customer_id is not null
group by customer_id
having count(*) > 1



  
  
      
    ) dbt_internal_test
[0m13:42:34.196648 [debug] [Thread-1 (]: SQL status: OK in 0.013 seconds
[0m13:42:34.198679 [debug] [Thread-1 (]: On test.vg_casestudy.unique_stg_raw_staging__customers_customer_id.8cd8e9afb0: ROLLBACK
[0m13:42:34.202647 [debug] [Thread-1 (]: Failed to rollback 'test.vg_casestudy.unique_stg_raw_staging__customers_customer_id.8cd8e9afb0'
[0m13:42:34.203926 [debug] [Thread-1 (]: On test.vg_casestudy.unique_stg_raw_staging__customers_customer_id.8cd8e9afb0: Close
[0m13:42:34.209073 [info ] [Thread-1 (]: 62 of 71 PASS unique_stg_raw_staging__customers_customer_id .................... [[32mPASS[0m in 0.07s]
[0m13:42:34.210345 [debug] [Thread-1 (]: Finished running node test.vg_casestudy.unique_stg_raw_staging__customers_customer_id.8cd8e9afb0
[0m13:42:34.211245 [debug] [Thread-1 (]: Began running node test.vg_casestudy.unique_stg_raw_staging__fx_rates_currency_iso_code.b1e6b26758
[0m13:42:34.212108 [info ] [Thread-1 (]: 63 of 71 START test unique_stg_raw_staging__fx_rates_currency_iso_code ......... [RUN]
[0m13:42:34.212947 [debug] [Thread-1 (]: Re-using an available connection from the pool (formerly test.vg_casestudy.unique_stg_raw_staging__customers_customer_id.8cd8e9afb0, now test.vg_casestudy.unique_stg_raw_staging__fx_rates_currency_iso_code.b1e6b26758)
[0m13:42:34.213819 [debug] [Thread-1 (]: Began compiling node test.vg_casestudy.unique_stg_raw_staging__fx_rates_currency_iso_code.b1e6b26758
[0m13:42:34.218201 [debug] [Thread-1 (]: Writing injected SQL for node "test.vg_casestudy.unique_stg_raw_staging__fx_rates_currency_iso_code.b1e6b26758"
[0m13:42:34.232341 [debug] [Thread-1 (]: Began executing node test.vg_casestudy.unique_stg_raw_staging__fx_rates_currency_iso_code.b1e6b26758
[0m13:42:34.235356 [debug] [Thread-1 (]: Writing runtime sql for node "test.vg_casestudy.unique_stg_raw_staging__fx_rates_currency_iso_code.b1e6b26758"
[0m13:42:34.250115 [debug] [Thread-1 (]: Using duckdb connection "test.vg_casestudy.unique_stg_raw_staging__fx_rates_currency_iso_code.b1e6b26758"
[0m13:42:34.252301 [debug] [Thread-1 (]: On test.vg_casestudy.unique_stg_raw_staging__fx_rates_currency_iso_code.b1e6b26758: BEGIN
[0m13:42:34.253622 [debug] [Thread-1 (]: Opening a new connection, currently in state closed
[0m13:42:34.285605 [debug] [Thread-1 (]: SQL status: OK in 0.032 seconds
[0m13:42:34.287269 [debug] [Thread-1 (]: Using duckdb connection "test.vg_casestudy.unique_stg_raw_staging__fx_rates_currency_iso_code.b1e6b26758"
[0m13:42:34.288942 [debug] [Thread-1 (]: On test.vg_casestudy.unique_stg_raw_staging__fx_rates_currency_iso_code.b1e6b26758: /* {"app": "dbt", "dbt_version": "1.10.8", "profile_name": "default", "target_name": "dev", "node_id": "test.vg_casestudy.unique_stg_raw_staging__fx_rates_currency_iso_code.b1e6b26758"} */

    select
      count(*) as failures,
      count(*) != 0 as should_warn,
      count(*) != 0 as should_error
    from (
      
    
  
    
    

select
    currency_iso_code as unique_field,
    count(*) as n_records

from "casestudy"."staging"."stg_raw_staging__fx_rates"
where currency_iso_code is not null
group by currency_iso_code
having count(*) > 1



  
  
      
    ) dbt_internal_test
[0m13:42:34.301403 [debug] [Thread-1 (]: SQL status: OK in 0.011 seconds
[0m13:42:34.304157 [debug] [Thread-1 (]: On test.vg_casestudy.unique_stg_raw_staging__fx_rates_currency_iso_code.b1e6b26758: ROLLBACK
[0m13:42:34.309222 [debug] [Thread-1 (]: Failed to rollback 'test.vg_casestudy.unique_stg_raw_staging__fx_rates_currency_iso_code.b1e6b26758'
[0m13:42:34.310933 [debug] [Thread-1 (]: On test.vg_casestudy.unique_stg_raw_staging__fx_rates_currency_iso_code.b1e6b26758: Close
[0m13:42:34.319155 [info ] [Thread-1 (]: 63 of 71 PASS unique_stg_raw_staging__fx_rates_currency_iso_code ............... [[32mPASS[0m in 0.11s]
[0m13:42:34.321016 [debug] [Thread-1 (]: Finished running node test.vg_casestudy.unique_stg_raw_staging__fx_rates_currency_iso_code.b1e6b26758
[0m13:42:34.322688 [debug] [Thread-1 (]: Began running node test.vg_casestudy.unique_stg_raw_staging__loans_loan_id.fdf57e988a
[0m13:42:34.325180 [info ] [Thread-1 (]: 64 of 71 START test unique_stg_raw_staging__loans_loan_id ...................... [RUN]
[0m13:42:34.327460 [debug] [Thread-1 (]: Re-using an available connection from the pool (formerly test.vg_casestudy.unique_stg_raw_staging__fx_rates_currency_iso_code.b1e6b26758, now test.vg_casestudy.unique_stg_raw_staging__loans_loan_id.fdf57e988a)
[0m13:42:34.329410 [debug] [Thread-1 (]: Began compiling node test.vg_casestudy.unique_stg_raw_staging__loans_loan_id.fdf57e988a
[0m13:42:34.339547 [debug] [Thread-1 (]: Writing injected SQL for node "test.vg_casestudy.unique_stg_raw_staging__loans_loan_id.fdf57e988a"
[0m13:42:34.357512 [debug] [Thread-1 (]: Began executing node test.vg_casestudy.unique_stg_raw_staging__loans_loan_id.fdf57e988a
[0m13:42:34.361619 [debug] [Thread-1 (]: Writing runtime sql for node "test.vg_casestudy.unique_stg_raw_staging__loans_loan_id.fdf57e988a"
[0m13:42:34.372612 [debug] [Thread-1 (]: Using duckdb connection "test.vg_casestudy.unique_stg_raw_staging__loans_loan_id.fdf57e988a"
[0m13:42:34.374118 [debug] [Thread-1 (]: On test.vg_casestudy.unique_stg_raw_staging__loans_loan_id.fdf57e988a: BEGIN
[0m13:42:34.375314 [debug] [Thread-1 (]: Opening a new connection, currently in state closed
[0m13:42:34.397206 [debug] [Thread-1 (]: SQL status: OK in 0.022 seconds
[0m13:42:34.398460 [debug] [Thread-1 (]: Using duckdb connection "test.vg_casestudy.unique_stg_raw_staging__loans_loan_id.fdf57e988a"
[0m13:42:34.399802 [debug] [Thread-1 (]: On test.vg_casestudy.unique_stg_raw_staging__loans_loan_id.fdf57e988a: /* {"app": "dbt", "dbt_version": "1.10.8", "profile_name": "default", "target_name": "dev", "node_id": "test.vg_casestudy.unique_stg_raw_staging__loans_loan_id.fdf57e988a"} */

    select
      count(*) as failures,
      count(*) != 0 as should_warn,
      count(*) != 0 as should_error
    from (
      
    
  
    
    

select
    loan_id as unique_field,
    count(*) as n_records

from "casestudy"."staging"."stg_raw_staging__loans"
where loan_id is not null
group by loan_id
having count(*) > 1



  
  
      
    ) dbt_internal_test
[0m13:42:34.407393 [debug] [Thread-1 (]: SQL status: OK in 0.007 seconds
[0m13:42:34.410024 [debug] [Thread-1 (]: On test.vg_casestudy.unique_stg_raw_staging__loans_loan_id.fdf57e988a: ROLLBACK
[0m13:42:34.415085 [debug] [Thread-1 (]: Failed to rollback 'test.vg_casestudy.unique_stg_raw_staging__loans_loan_id.fdf57e988a'
[0m13:42:34.416267 [debug] [Thread-1 (]: On test.vg_casestudy.unique_stg_raw_staging__loans_loan_id.fdf57e988a: Close
[0m13:42:34.420771 [info ] [Thread-1 (]: 64 of 71 PASS unique_stg_raw_staging__loans_loan_id ............................ [[32mPASS[0m in 0.09s]
[0m13:42:34.422206 [debug] [Thread-1 (]: Finished running node test.vg_casestudy.unique_stg_raw_staging__loans_loan_id.fdf57e988a
[0m13:42:34.423209 [debug] [Thread-1 (]: Began running node test.vg_casestudy.unique_stg_raw_staging__transactions_transaction_id.e0f95cb9bb
[0m13:42:34.424516 [info ] [Thread-1 (]: 65 of 71 START test unique_stg_raw_staging__transactions_transaction_id ........ [RUN]
[0m13:42:34.425515 [debug] [Thread-1 (]: Re-using an available connection from the pool (formerly test.vg_casestudy.unique_stg_raw_staging__loans_loan_id.fdf57e988a, now test.vg_casestudy.unique_stg_raw_staging__transactions_transaction_id.e0f95cb9bb)
[0m13:42:34.426574 [debug] [Thread-1 (]: Began compiling node test.vg_casestudy.unique_stg_raw_staging__transactions_transaction_id.e0f95cb9bb
[0m13:42:34.430662 [debug] [Thread-1 (]: Writing injected SQL for node "test.vg_casestudy.unique_stg_raw_staging__transactions_transaction_id.e0f95cb9bb"
[0m13:42:34.448249 [debug] [Thread-1 (]: Began executing node test.vg_casestudy.unique_stg_raw_staging__transactions_transaction_id.e0f95cb9bb
[0m13:42:34.452497 [debug] [Thread-1 (]: Writing runtime sql for node "test.vg_casestudy.unique_stg_raw_staging__transactions_transaction_id.e0f95cb9bb"
[0m13:42:34.466008 [debug] [Thread-1 (]: Using duckdb connection "test.vg_casestudy.unique_stg_raw_staging__transactions_transaction_id.e0f95cb9bb"
[0m13:42:34.467068 [debug] [Thread-1 (]: On test.vg_casestudy.unique_stg_raw_staging__transactions_transaction_id.e0f95cb9bb: BEGIN
[0m13:42:34.468257 [debug] [Thread-1 (]: Opening a new connection, currently in state closed
[0m13:42:34.490707 [debug] [Thread-1 (]: SQL status: OK in 0.022 seconds
[0m13:42:34.492538 [debug] [Thread-1 (]: Using duckdb connection "test.vg_casestudy.unique_stg_raw_staging__transactions_transaction_id.e0f95cb9bb"
[0m13:42:34.493765 [debug] [Thread-1 (]: On test.vg_casestudy.unique_stg_raw_staging__transactions_transaction_id.e0f95cb9bb: /* {"app": "dbt", "dbt_version": "1.10.8", "profile_name": "default", "target_name": "dev", "node_id": "test.vg_casestudy.unique_stg_raw_staging__transactions_transaction_id.e0f95cb9bb"} */

    select
      count(*) as failures,
      count(*) != 0 as should_warn,
      count(*) != 0 as should_error
    from (
      
    
  
    
    

select
    transaction_id as unique_field,
    count(*) as n_records

from "casestudy"."staging"."stg_raw_staging__transactions"
where transaction_id is not null
group by transaction_id
having count(*) > 1



  
  
      
    ) dbt_internal_test
[0m13:42:34.504633 [debug] [Thread-1 (]: SQL status: OK in 0.010 seconds
[0m13:42:34.507943 [debug] [Thread-1 (]: On test.vg_casestudy.unique_stg_raw_staging__transactions_transaction_id.e0f95cb9bb: ROLLBACK
[0m13:42:34.511755 [debug] [Thread-1 (]: Failed to rollback 'test.vg_casestudy.unique_stg_raw_staging__transactions_transaction_id.e0f95cb9bb'
[0m13:42:34.512714 [debug] [Thread-1 (]: On test.vg_casestudy.unique_stg_raw_staging__transactions_transaction_id.e0f95cb9bb: Close
[0m13:42:34.516732 [info ] [Thread-1 (]: 65 of 71 PASS unique_stg_raw_staging__transactions_transaction_id .............. [[32mPASS[0m in 0.09s]
[0m13:42:34.517953 [debug] [Thread-1 (]: Finished running node test.vg_casestudy.unique_stg_raw_staging__transactions_transaction_id.e0f95cb9bb
[0m13:42:34.519140 [debug] [Thread-1 (]: Began running node test.vg_casestudy.unique_stg_staging_intermediate__accounts_account_id.b2f9fdea72
[0m13:42:34.519955 [info ] [Thread-1 (]: 66 of 71 START test unique_stg_staging_intermediate__accounts_account_id ....... [RUN]
[0m13:42:34.521891 [debug] [Thread-1 (]: Re-using an available connection from the pool (formerly test.vg_casestudy.unique_stg_raw_staging__transactions_transaction_id.e0f95cb9bb, now test.vg_casestudy.unique_stg_staging_intermediate__accounts_account_id.b2f9fdea72)
[0m13:42:34.523305 [debug] [Thread-1 (]: Began compiling node test.vg_casestudy.unique_stg_staging_intermediate__accounts_account_id.b2f9fdea72
[0m13:42:34.527926 [debug] [Thread-1 (]: Writing injected SQL for node "test.vg_casestudy.unique_stg_staging_intermediate__accounts_account_id.b2f9fdea72"
[0m13:42:34.540260 [debug] [Thread-1 (]: Began executing node test.vg_casestudy.unique_stg_staging_intermediate__accounts_account_id.b2f9fdea72
[0m13:42:34.544645 [debug] [Thread-1 (]: Writing runtime sql for node "test.vg_casestudy.unique_stg_staging_intermediate__accounts_account_id.b2f9fdea72"
[0m13:42:34.555157 [debug] [Thread-1 (]: Using duckdb connection "test.vg_casestudy.unique_stg_staging_intermediate__accounts_account_id.b2f9fdea72"
[0m13:42:34.557141 [debug] [Thread-1 (]: On test.vg_casestudy.unique_stg_staging_intermediate__accounts_account_id.b2f9fdea72: BEGIN
[0m13:42:34.559138 [debug] [Thread-1 (]: Opening a new connection, currently in state closed
[0m13:42:34.580745 [debug] [Thread-1 (]: SQL status: OK in 0.022 seconds
[0m13:42:34.582135 [debug] [Thread-1 (]: Using duckdb connection "test.vg_casestudy.unique_stg_staging_intermediate__accounts_account_id.b2f9fdea72"
[0m13:42:34.583054 [debug] [Thread-1 (]: On test.vg_casestudy.unique_stg_staging_intermediate__accounts_account_id.b2f9fdea72: /* {"app": "dbt", "dbt_version": "1.10.8", "profile_name": "default", "target_name": "dev", "node_id": "test.vg_casestudy.unique_stg_staging_intermediate__accounts_account_id.b2f9fdea72"} */

    select
      count(*) as failures,
      count(*) != 0 as should_warn,
      count(*) != 0 as should_error
    from (
      
    
  
    
    

select
    account_id as unique_field,
    count(*) as n_records

from "casestudy"."intermediate"."stg_staging_intermediate__accounts"
where account_id is not null
group by account_id
having count(*) > 1



  
  
      
    ) dbt_internal_test
[0m13:42:34.589979 [debug] [Thread-1 (]: SQL status: OK in 0.005 seconds
[0m13:42:34.592298 [debug] [Thread-1 (]: On test.vg_casestudy.unique_stg_staging_intermediate__accounts_account_id.b2f9fdea72: ROLLBACK
[0m13:42:34.596773 [debug] [Thread-1 (]: Failed to rollback 'test.vg_casestudy.unique_stg_staging_intermediate__accounts_account_id.b2f9fdea72'
[0m13:42:34.597985 [debug] [Thread-1 (]: On test.vg_casestudy.unique_stg_staging_intermediate__accounts_account_id.b2f9fdea72: Close
[0m13:42:34.602296 [info ] [Thread-1 (]: 66 of 71 PASS unique_stg_staging_intermediate__accounts_account_id ............. [[32mPASS[0m in 0.08s]
[0m13:42:34.603497 [debug] [Thread-1 (]: Finished running node test.vg_casestudy.unique_stg_staging_intermediate__accounts_account_id.b2f9fdea72
[0m13:42:34.604521 [debug] [Thread-1 (]: Began running node test.vg_casestudy.unique_stg_staging_intermediate__currencies_currency_iso_code.4396247af3
[0m13:42:34.605591 [info ] [Thread-1 (]: 67 of 71 START test unique_stg_staging_intermediate__currencies_currency_iso_code  [RUN]
[0m13:42:34.606849 [debug] [Thread-1 (]: Re-using an available connection from the pool (formerly test.vg_casestudy.unique_stg_staging_intermediate__accounts_account_id.b2f9fdea72, now test.vg_casestudy.unique_stg_staging_intermediate__currencies_currency_iso_code.4396247af3)
[0m13:42:34.607948 [debug] [Thread-1 (]: Began compiling node test.vg_casestudy.unique_stg_staging_intermediate__currencies_currency_iso_code.4396247af3
[0m13:42:34.612163 [debug] [Thread-1 (]: Writing injected SQL for node "test.vg_casestudy.unique_stg_staging_intermediate__currencies_currency_iso_code.4396247af3"
[0m13:42:34.625801 [debug] [Thread-1 (]: Began executing node test.vg_casestudy.unique_stg_staging_intermediate__currencies_currency_iso_code.4396247af3
[0m13:42:34.628813 [debug] [Thread-1 (]: Writing runtime sql for node "test.vg_casestudy.unique_stg_staging_intermediate__currencies_currency_iso_code.4396247af3"
[0m13:42:34.640850 [debug] [Thread-1 (]: Using duckdb connection "test.vg_casestudy.unique_stg_staging_intermediate__currencies_currency_iso_code.4396247af3"
[0m13:42:34.641976 [debug] [Thread-1 (]: On test.vg_casestudy.unique_stg_staging_intermediate__currencies_currency_iso_code.4396247af3: BEGIN
[0m13:42:34.642951 [debug] [Thread-1 (]: Opening a new connection, currently in state closed
[0m13:42:34.665867 [debug] [Thread-1 (]: SQL status: OK in 0.023 seconds
[0m13:42:34.667143 [debug] [Thread-1 (]: Using duckdb connection "test.vg_casestudy.unique_stg_staging_intermediate__currencies_currency_iso_code.4396247af3"
[0m13:42:34.668466 [debug] [Thread-1 (]: On test.vg_casestudy.unique_stg_staging_intermediate__currencies_currency_iso_code.4396247af3: /* {"app": "dbt", "dbt_version": "1.10.8", "profile_name": "default", "target_name": "dev", "node_id": "test.vg_casestudy.unique_stg_staging_intermediate__currencies_currency_iso_code.4396247af3"} */

    select
      count(*) as failures,
      count(*) != 0 as should_warn,
      count(*) != 0 as should_error
    from (
      
    
  
    
    

select
    currency_iso_code as unique_field,
    count(*) as n_records

from "casestudy"."intermediate"."stg_staging_intermediate__currencies"
where currency_iso_code is not null
group by currency_iso_code
having count(*) > 1



  
  
      
    ) dbt_internal_test
[0m13:42:34.674612 [debug] [Thread-1 (]: SQL status: OK in 0.005 seconds
[0m13:42:34.676889 [debug] [Thread-1 (]: On test.vg_casestudy.unique_stg_staging_intermediate__currencies_currency_iso_code.4396247af3: ROLLBACK
[0m13:42:34.681425 [debug] [Thread-1 (]: Failed to rollback 'test.vg_casestudy.unique_stg_staging_intermediate__currencies_currency_iso_code.4396247af3'
[0m13:42:34.682611 [debug] [Thread-1 (]: On test.vg_casestudy.unique_stg_staging_intermediate__currencies_currency_iso_code.4396247af3: Close
[0m13:42:34.686820 [info ] [Thread-1 (]: 67 of 71 PASS unique_stg_staging_intermediate__currencies_currency_iso_code .... [[32mPASS[0m in 0.08s]
[0m13:42:34.688277 [debug] [Thread-1 (]: Finished running node test.vg_casestudy.unique_stg_staging_intermediate__currencies_currency_iso_code.4396247af3
[0m13:42:34.689249 [debug] [Thread-1 (]: Began running node test.vg_casestudy.unique_stg_staging_intermediate__customers_customer_id.5bded562dd
[0m13:42:34.690221 [info ] [Thread-1 (]: 68 of 71 START test unique_stg_staging_intermediate__customers_customer_id ..... [RUN]
[0m13:42:34.691130 [debug] [Thread-1 (]: Re-using an available connection from the pool (formerly test.vg_casestudy.unique_stg_staging_intermediate__currencies_currency_iso_code.4396247af3, now test.vg_casestudy.unique_stg_staging_intermediate__customers_customer_id.5bded562dd)
[0m13:42:34.692250 [debug] [Thread-1 (]: Began compiling node test.vg_casestudy.unique_stg_staging_intermediate__customers_customer_id.5bded562dd
[0m13:42:34.696298 [debug] [Thread-1 (]: Writing injected SQL for node "test.vg_casestudy.unique_stg_staging_intermediate__customers_customer_id.5bded562dd"
[0m13:42:34.707912 [debug] [Thread-1 (]: Began executing node test.vg_casestudy.unique_stg_staging_intermediate__customers_customer_id.5bded562dd
[0m13:42:34.711289 [debug] [Thread-1 (]: Writing runtime sql for node "test.vg_casestudy.unique_stg_staging_intermediate__customers_customer_id.5bded562dd"
[0m13:42:34.721692 [debug] [Thread-1 (]: Using duckdb connection "test.vg_casestudy.unique_stg_staging_intermediate__customers_customer_id.5bded562dd"
[0m13:42:34.722766 [debug] [Thread-1 (]: On test.vg_casestudy.unique_stg_staging_intermediate__customers_customer_id.5bded562dd: BEGIN
[0m13:42:34.723595 [debug] [Thread-1 (]: Opening a new connection, currently in state closed
[0m13:42:34.741188 [debug] [Thread-1 (]: SQL status: OK in 0.018 seconds
[0m13:42:34.742332 [debug] [Thread-1 (]: Using duckdb connection "test.vg_casestudy.unique_stg_staging_intermediate__customers_customer_id.5bded562dd"
[0m13:42:34.743178 [debug] [Thread-1 (]: On test.vg_casestudy.unique_stg_staging_intermediate__customers_customer_id.5bded562dd: /* {"app": "dbt", "dbt_version": "1.10.8", "profile_name": "default", "target_name": "dev", "node_id": "test.vg_casestudy.unique_stg_staging_intermediate__customers_customer_id.5bded562dd"} */

    select
      count(*) as failures,
      count(*) != 0 as should_warn,
      count(*) != 0 as should_error
    from (
      
    
  
    
    

select
    customer_id as unique_field,
    count(*) as n_records

from "casestudy"."intermediate"."stg_staging_intermediate__customers"
where customer_id is not null
group by customer_id
having count(*) > 1



  
  
      
    ) dbt_internal_test
[0m13:42:34.748257 [debug] [Thread-1 (]: SQL status: OK in 0.004 seconds
[0m13:42:34.750043 [debug] [Thread-1 (]: On test.vg_casestudy.unique_stg_staging_intermediate__customers_customer_id.5bded562dd: ROLLBACK
[0m13:42:34.753389 [debug] [Thread-1 (]: Failed to rollback 'test.vg_casestudy.unique_stg_staging_intermediate__customers_customer_id.5bded562dd'
[0m13:42:34.754299 [debug] [Thread-1 (]: On test.vg_casestudy.unique_stg_staging_intermediate__customers_customer_id.5bded562dd: Close
[0m13:42:34.758266 [info ] [Thread-1 (]: 68 of 71 PASS unique_stg_staging_intermediate__customers_customer_id ........... [[32mPASS[0m in 0.07s]
[0m13:42:34.759632 [debug] [Thread-1 (]: Finished running node test.vg_casestudy.unique_stg_staging_intermediate__customers_customer_id.5bded562dd
[0m13:42:34.760742 [debug] [Thread-1 (]: Began running node test.vg_casestudy.unique_stg_staging_intermediate__fx_rates_currency_iso_code.a28e4eee53
[0m13:42:34.761623 [info ] [Thread-1 (]: 69 of 71 START test unique_stg_staging_intermediate__fx_rates_currency_iso_code  [RUN]
[0m13:42:34.762324 [debug] [Thread-1 (]: Re-using an available connection from the pool (formerly test.vg_casestudy.unique_stg_staging_intermediate__customers_customer_id.5bded562dd, now test.vg_casestudy.unique_stg_staging_intermediate__fx_rates_currency_iso_code.a28e4eee53)
[0m13:42:34.763037 [debug] [Thread-1 (]: Began compiling node test.vg_casestudy.unique_stg_staging_intermediate__fx_rates_currency_iso_code.a28e4eee53
[0m13:42:34.766823 [debug] [Thread-1 (]: Writing injected SQL for node "test.vg_casestudy.unique_stg_staging_intermediate__fx_rates_currency_iso_code.a28e4eee53"
[0m13:42:34.777778 [debug] [Thread-1 (]: Began executing node test.vg_casestudy.unique_stg_staging_intermediate__fx_rates_currency_iso_code.a28e4eee53
[0m13:42:34.781883 [debug] [Thread-1 (]: Writing runtime sql for node "test.vg_casestudy.unique_stg_staging_intermediate__fx_rates_currency_iso_code.a28e4eee53"
[0m13:42:34.795531 [debug] [Thread-1 (]: Using duckdb connection "test.vg_casestudy.unique_stg_staging_intermediate__fx_rates_currency_iso_code.a28e4eee53"
[0m13:42:34.796528 [debug] [Thread-1 (]: On test.vg_casestudy.unique_stg_staging_intermediate__fx_rates_currency_iso_code.a28e4eee53: BEGIN
[0m13:42:34.797342 [debug] [Thread-1 (]: Opening a new connection, currently in state closed
[0m13:42:34.815285 [debug] [Thread-1 (]: SQL status: OK in 0.018 seconds
[0m13:42:34.816657 [debug] [Thread-1 (]: Using duckdb connection "test.vg_casestudy.unique_stg_staging_intermediate__fx_rates_currency_iso_code.a28e4eee53"
[0m13:42:34.817624 [debug] [Thread-1 (]: On test.vg_casestudy.unique_stg_staging_intermediate__fx_rates_currency_iso_code.a28e4eee53: /* {"app": "dbt", "dbt_version": "1.10.8", "profile_name": "default", "target_name": "dev", "node_id": "test.vg_casestudy.unique_stg_staging_intermediate__fx_rates_currency_iso_code.a28e4eee53"} */

    select
      count(*) as failures,
      count(*) != 0 as should_warn,
      count(*) != 0 as should_error
    from (
      
    
  
    
    

select
    currency_iso_code as unique_field,
    count(*) as n_records

from "casestudy"."intermediate"."stg_staging_intermediate__fx_rates"
where currency_iso_code is not null
group by currency_iso_code
having count(*) > 1



  
  
      
    ) dbt_internal_test
[0m13:42:34.822791 [debug] [Thread-1 (]: SQL status: OK in 0.004 seconds
[0m13:42:34.825558 [debug] [Thread-1 (]: On test.vg_casestudy.unique_stg_staging_intermediate__fx_rates_currency_iso_code.a28e4eee53: ROLLBACK
[0m13:42:34.828650 [debug] [Thread-1 (]: Failed to rollback 'test.vg_casestudy.unique_stg_staging_intermediate__fx_rates_currency_iso_code.a28e4eee53'
[0m13:42:34.829398 [debug] [Thread-1 (]: On test.vg_casestudy.unique_stg_staging_intermediate__fx_rates_currency_iso_code.a28e4eee53: Close
[0m13:42:34.832587 [info ] [Thread-1 (]: 69 of 71 PASS unique_stg_staging_intermediate__fx_rates_currency_iso_code ...... [[32mPASS[0m in 0.07s]
[0m13:42:34.833591 [debug] [Thread-1 (]: Finished running node test.vg_casestudy.unique_stg_staging_intermediate__fx_rates_currency_iso_code.a28e4eee53
[0m13:42:34.834519 [debug] [Thread-1 (]: Began running node test.vg_casestudy.unique_stg_staging_intermediate__loans_loan_id.7800e8cbcc
[0m13:42:34.835312 [info ] [Thread-1 (]: 70 of 71 START test unique_stg_staging_intermediate__loans_loan_id ............. [RUN]
[0m13:42:34.836105 [debug] [Thread-1 (]: Re-using an available connection from the pool (formerly test.vg_casestudy.unique_stg_staging_intermediate__fx_rates_currency_iso_code.a28e4eee53, now test.vg_casestudy.unique_stg_staging_intermediate__loans_loan_id.7800e8cbcc)
[0m13:42:34.837194 [debug] [Thread-1 (]: Began compiling node test.vg_casestudy.unique_stg_staging_intermediate__loans_loan_id.7800e8cbcc
[0m13:42:34.841965 [debug] [Thread-1 (]: Writing injected SQL for node "test.vg_casestudy.unique_stg_staging_intermediate__loans_loan_id.7800e8cbcc"
[0m13:42:34.851538 [debug] [Thread-1 (]: Began executing node test.vg_casestudy.unique_stg_staging_intermediate__loans_loan_id.7800e8cbcc
[0m13:42:34.854259 [debug] [Thread-1 (]: Writing runtime sql for node "test.vg_casestudy.unique_stg_staging_intermediate__loans_loan_id.7800e8cbcc"
[0m13:42:34.864741 [debug] [Thread-1 (]: Using duckdb connection "test.vg_casestudy.unique_stg_staging_intermediate__loans_loan_id.7800e8cbcc"
[0m13:42:34.865651 [debug] [Thread-1 (]: On test.vg_casestudy.unique_stg_staging_intermediate__loans_loan_id.7800e8cbcc: BEGIN
[0m13:42:34.866436 [debug] [Thread-1 (]: Opening a new connection, currently in state closed
[0m13:42:34.884311 [debug] [Thread-1 (]: SQL status: OK in 0.018 seconds
[0m13:42:34.885593 [debug] [Thread-1 (]: Using duckdb connection "test.vg_casestudy.unique_stg_staging_intermediate__loans_loan_id.7800e8cbcc"
[0m13:42:34.886418 [debug] [Thread-1 (]: On test.vg_casestudy.unique_stg_staging_intermediate__loans_loan_id.7800e8cbcc: /* {"app": "dbt", "dbt_version": "1.10.8", "profile_name": "default", "target_name": "dev", "node_id": "test.vg_casestudy.unique_stg_staging_intermediate__loans_loan_id.7800e8cbcc"} */

    select
      count(*) as failures,
      count(*) != 0 as should_warn,
      count(*) != 0 as should_error
    from (
      
    
  
    
    

select
    loan_id as unique_field,
    count(*) as n_records

from "casestudy"."intermediate"."stg_staging_intermediate__loans"
where loan_id is not null
group by loan_id
having count(*) > 1



  
  
      
    ) dbt_internal_test
[0m13:42:34.892475 [debug] [Thread-1 (]: SQL status: OK in 0.005 seconds
[0m13:42:34.894414 [debug] [Thread-1 (]: On test.vg_casestudy.unique_stg_staging_intermediate__loans_loan_id.7800e8cbcc: ROLLBACK
[0m13:42:34.897417 [debug] [Thread-1 (]: Failed to rollback 'test.vg_casestudy.unique_stg_staging_intermediate__loans_loan_id.7800e8cbcc'
[0m13:42:34.898315 [debug] [Thread-1 (]: On test.vg_casestudy.unique_stg_staging_intermediate__loans_loan_id.7800e8cbcc: Close
[0m13:42:34.901525 [info ] [Thread-1 (]: 70 of 71 PASS unique_stg_staging_intermediate__loans_loan_id ................... [[32mPASS[0m in 0.07s]
[0m13:42:34.902705 [debug] [Thread-1 (]: Finished running node test.vg_casestudy.unique_stg_staging_intermediate__loans_loan_id.7800e8cbcc
[0m13:42:34.903476 [debug] [Thread-1 (]: Began running node test.vg_casestudy.unique_stg_staging_intermediate__transactions_transaction_id.dbfd7b9b66
[0m13:42:34.904678 [info ] [Thread-1 (]: 71 of 71 START test unique_stg_staging_intermediate__transactions_transaction_id  [RUN]
[0m13:42:34.909536 [debug] [Thread-1 (]: Re-using an available connection from the pool (formerly test.vg_casestudy.unique_stg_staging_intermediate__loans_loan_id.7800e8cbcc, now test.vg_casestudy.unique_stg_staging_intermediate__transactions_transaction_id.dbfd7b9b66)
[0m13:42:34.912661 [debug] [Thread-1 (]: Began compiling node test.vg_casestudy.unique_stg_staging_intermediate__transactions_transaction_id.dbfd7b9b66
[0m13:42:34.919545 [debug] [Thread-1 (]: Writing injected SQL for node "test.vg_casestudy.unique_stg_staging_intermediate__transactions_transaction_id.dbfd7b9b66"
[0m13:42:34.932818 [debug] [Thread-1 (]: Began executing node test.vg_casestudy.unique_stg_staging_intermediate__transactions_transaction_id.dbfd7b9b66
[0m13:42:34.935702 [debug] [Thread-1 (]: Writing runtime sql for node "test.vg_casestudy.unique_stg_staging_intermediate__transactions_transaction_id.dbfd7b9b66"
[0m13:42:34.946540 [debug] [Thread-1 (]: Using duckdb connection "test.vg_casestudy.unique_stg_staging_intermediate__transactions_transaction_id.dbfd7b9b66"
[0m13:42:34.947534 [debug] [Thread-1 (]: On test.vg_casestudy.unique_stg_staging_intermediate__transactions_transaction_id.dbfd7b9b66: BEGIN
[0m13:42:34.948679 [debug] [Thread-1 (]: Opening a new connection, currently in state closed
[0m13:42:34.967131 [debug] [Thread-1 (]: SQL status: OK in 0.018 seconds
[0m13:42:34.968270 [debug] [Thread-1 (]: Using duckdb connection "test.vg_casestudy.unique_stg_staging_intermediate__transactions_transaction_id.dbfd7b9b66"
[0m13:42:34.969052 [debug] [Thread-1 (]: On test.vg_casestudy.unique_stg_staging_intermediate__transactions_transaction_id.dbfd7b9b66: /* {"app": "dbt", "dbt_version": "1.10.8", "profile_name": "default", "target_name": "dev", "node_id": "test.vg_casestudy.unique_stg_staging_intermediate__transactions_transaction_id.dbfd7b9b66"} */

    select
      count(*) as failures,
      count(*) != 0 as should_warn,
      count(*) != 0 as should_error
    from (
      
    
  
    
    

select
    transaction_id as unique_field,
    count(*) as n_records

from "casestudy"."intermediate"."stg_staging_intermediate__transactions"
where transaction_id is not null
group by transaction_id
having count(*) > 1



  
  
      
    ) dbt_internal_test
[0m13:42:34.976492 [debug] [Thread-1 (]: SQL status: OK in 0.007 seconds
[0m13:42:34.978459 [debug] [Thread-1 (]: On test.vg_casestudy.unique_stg_staging_intermediate__transactions_transaction_id.dbfd7b9b66: ROLLBACK
[0m13:42:34.981396 [debug] [Thread-1 (]: Failed to rollback 'test.vg_casestudy.unique_stg_staging_intermediate__transactions_transaction_id.dbfd7b9b66'
[0m13:42:34.982282 [debug] [Thread-1 (]: On test.vg_casestudy.unique_stg_staging_intermediate__transactions_transaction_id.dbfd7b9b66: Close
[0m13:42:34.985687 [info ] [Thread-1 (]: 71 of 71 PASS unique_stg_staging_intermediate__transactions_transaction_id ..... [[32mPASS[0m in 0.08s]
[0m13:42:34.986716 [debug] [Thread-1 (]: Finished running node test.vg_casestudy.unique_stg_staging_intermediate__transactions_transaction_id.dbfd7b9b66
[0m13:42:34.989084 [debug] [MainThread]: Using duckdb connection "master"
[0m13:42:34.990211 [debug] [MainThread]: On master: BEGIN
[0m13:42:34.990945 [debug] [MainThread]: Opening a new connection, currently in state closed
[0m13:42:35.010823 [debug] [MainThread]: SQL status: OK in 0.020 seconds
[0m13:42:35.011844 [debug] [MainThread]: On master: COMMIT
[0m13:42:35.012690 [debug] [MainThread]: Using duckdb connection "master"
[0m13:42:35.013413 [debug] [MainThread]: On master: COMMIT
[0m13:42:35.014525 [debug] [MainThread]: SQL status: OK in 0.000 seconds
[0m13:42:35.015543 [debug] [MainThread]: On master: Close
[0m13:42:35.018481 [debug] [MainThread]: Connection 'master' was properly closed.
[0m13:42:35.019367 [debug] [MainThread]: Connection 'list_casestudy_raw' was properly closed.
[0m13:42:35.020250 [debug] [MainThread]: Connection 'test.vg_casestudy.unique_stg_staging_intermediate__transactions_transaction_id.dbfd7b9b66' was properly closed.
[0m13:42:35.021110 [info ] [MainThread]: 
[0m13:42:35.021909 [info ] [MainThread]: Finished running 71 data tests in 0 hours 0 minutes and 7.34 seconds (7.34s).
[0m13:42:35.026770 [debug] [MainThread]: Command end result
[0m13:42:35.088799 [debug] [MainThread]: Wrote artifact WritableManifest to /workspaces/vg_case_study_data_analyst/transformation/target/manifest.json
[0m13:42:35.100352 [debug] [MainThread]: Wrote artifact SemanticManifest to /workspaces/vg_case_study_data_analyst/transformation/target/semantic_manifest.json
[0m13:42:35.111514 [debug] [MainThread]: Wrote artifact RunExecutionResult to /workspaces/vg_case_study_data_analyst/transformation/target/run_results.json
[0m13:42:35.112425 [info ] [MainThread]: 
[0m13:42:35.113294 [info ] [MainThread]: [31mCompleted with 1 error, 0 partial successes, and 0 warnings:[0m
[0m13:42:35.113886 [info ] [MainThread]: 
[0m13:42:35.114570 [error] [MainThread]: [31mFailure in test relationships_stg_raw_staging__transactions_account_id__account_id__ref_stg_raw_staging__accounts_ (models/staging/stg_raw_staging__transactions.yml)[0m
[0m13:42:35.115230 [error] [MainThread]:   Got 9 results, configured to fail if != 0
[0m13:42:35.115844 [info ] [MainThread]: 
[0m13:42:35.117151 [info ] [MainThread]:   compiled code at target/compiled/vg_casestudy/models/staging/stg_raw_staging__transactions.yml/relationships_stg_raw_staging__bfcc949dabd5443d203e54f2f5939da8.sql
[0m13:42:35.117986 [info ] [MainThread]: 
[0m13:42:35.118878 [info ] [MainThread]: Done. PASS=70 WARN=0 ERROR=1 SKIP=0 NO-OP=0 TOTAL=71
[0m13:42:35.125202 [debug] [MainThread]: Resource report: {"command_name": "test", "command_success": false, "command_wall_clock_time": 16.659367, "process_in_blocks": "71232", "process_kernel_time": 1.709369, "process_mem_max_rss": "162632", "process_out_blocks": "0", "process_user_time": 4.111398}
[0m13:42:35.126548 [debug] [MainThread]: Command `dbt test` failed at 13:42:35.126393 after 16.66 seconds
[0m13:42:35.127983 [debug] [MainThread]: Sending event: {'category': 'dbt', 'action': 'invocation', 'label': 'end', 'context': [<snowplow_tracker.self_describing_json.SelfDescribingJson object at 0x7e9ad9f5ad50>, <snowplow_tracker.self_describing_json.SelfDescribingJson object at 0x7e9adb5cab10>, <snowplow_tracker.self_describing_json.SelfDescribingJson object at 0x7e9ad33d6350>]}
[0m13:42:35.130813 [debug] [MainThread]: Flushing usage events
[0m13:42:35.908782 [debug] [MainThread]: An error was encountered while trying to flush usage events
[0m13:55:15.412110 [debug] [MainThread]: Sending event: {'category': 'dbt', 'action': 'invocation', 'label': 'start', 'context': [<snowplow_tracker.self_describing_json.SelfDescribingJson object at 0x72000700b290>, <snowplow_tracker.self_describing_json.SelfDescribingJson object at 0x72000700a490>, <snowplow_tracker.self_describing_json.SelfDescribingJson object at 0x720006fa1cd0>]}


============================== 13:55:15.420791 | 2aad1a3a-cec0-45ce-a9e4-21aa6b20aa1c ==============================
[0m13:55:15.420791 [info ] [MainThread]: Running with dbt=1.10.8
[0m13:55:15.421673 [debug] [MainThread]: running dbt with arguments {'printer_width': '80', 'indirect_selection': 'eager', 'write_json': 'True', 'log_cache_events': 'False', 'partial_parse': 'True', 'cache_selected_only': 'False', 'profiles_dir': '/workspaces/vg_case_study_data_analyst/transformation', 'fail_fast': 'False', 'warn_error': 'None', 'log_path': '/workspaces/vg_case_study_data_analyst/transformation/logs', 'debug': 'False', 'version_check': 'True', 'use_colors': 'True', 'use_experimental_parser': 'False', 'no_print': 'None', 'quiet': 'False', 'empty': 'None', 'log_format': 'default', 'static_parser': 'True', 'warn_error_options': 'WarnErrorOptionsV2(error=[], warn=[], silence=[])', 'introspect': 'True', 'target_path': 'None', 'invocation_command': 'dbt debug', 'send_anonymous_usage_stats': 'True'}
[0m13:55:15.611045 [info ] [MainThread]: dbt version: 1.10.8
[0m13:55:15.611889 [info ] [MainThread]: python version: 3.11.6
[0m13:55:15.612611 [info ] [MainThread]: python path: /workspaces/vg_case_study_data_analyst/transformation/.venv/bin/python
[0m13:55:15.613237 [info ] [MainThread]: os info: Linux-6.6.87.2-microsoft-standard-WSL2-x86_64-with-glibc2.31
[0m13:55:15.983073 [info ] [MainThread]: Using profiles dir at /workspaces/vg_case_study_data_analyst/transformation
[0m13:55:15.984951 [info ] [MainThread]: Using profiles.yml file at /workspaces/vg_case_study_data_analyst/transformation/profiles.yml
[0m13:55:15.986461 [info ] [MainThread]: Using dbt_project.yml file at /workspaces/vg_case_study_data_analyst/transformation/dbt_project.yml
[0m13:55:16.000128 [info ] [MainThread]: adapter type: duckdb
[0m13:55:16.001519 [info ] [MainThread]: adapter version: 1.8.4
[0m13:55:16.089595 [info ] [MainThread]: Configuration:
[0m13:55:16.091801 [info ] [MainThread]:   profiles.yml file [[32mOK found and valid[0m]
[0m13:55:16.093468 [info ] [MainThread]:   dbt_project.yml file [[32mOK found and valid[0m]
[0m13:55:16.094767 [info ] [MainThread]: Required dependencies:
[0m13:55:16.096036 [debug] [MainThread]: Executing "git --help"
[0m13:55:16.113612 [debug] [MainThread]: STDOUT: "b"usage: git [--version] [--help] [-C <path>] [-c <name>=<value>]\n           [--exec-path[=<path>]] [--html-path] [--man-path] [--info-path]\n           [-p | --paginate | -P | --no-pager] [--no-replace-objects] [--bare]\n           [--git-dir=<path>] [--work-tree=<path>] [--namespace=<name>]\n           <command> [<args>]\n\nThese are common Git commands used in various situations:\n\nstart a working area (see also: git help tutorial)\n   clone             Clone a repository into a new directory\n   init              Create an empty Git repository or reinitialize an existing one\n\nwork on the current change (see also: git help everyday)\n   add               Add file contents to the index\n   mv                Move or rename a file, a directory, or a symlink\n   restore           Restore working tree files\n   rm                Remove files from the working tree and from the index\n   sparse-checkout   Initialize and modify the sparse-checkout\n\nexamine the history and state (see also: git help revisions)\n   bisect            Use binary search to find the commit that introduced a bug\n   diff              Show changes between commits, commit and working tree, etc\n   grep              Print lines matching a pattern\n   log               Show commit logs\n   show              Show various types of objects\n   status            Show the working tree status\n\ngrow, mark and tweak your common history\n   branch            List, create, or delete branches\n   commit            Record changes to the repository\n   merge             Join two or more development histories together\n   rebase            Reapply commits on top of another base tip\n   reset             Reset current HEAD to the specified state\n   switch            Switch branches\n   tag               Create, list, delete or verify a tag object signed with GPG\n\ncollaborate (see also: git help workflows)\n   fetch             Download objects and refs from another repository\n   pull              Fetch from and integrate with another repository or a local branch\n   push              Update remote refs along with associated objects\n\n'git help -a' and 'git help -g' list available subcommands and some\nconcept guides. See 'git help <command>' or 'git help <concept>'\nto read about a specific subcommand or concept.\nSee 'git help git' for an overview of the system.\n""
[0m13:55:16.114955 [debug] [MainThread]: STDERR: "b''"
[0m13:55:16.115758 [info ] [MainThread]:  - git [[32mOK found[0m]

[0m13:55:16.116690 [info ] [MainThread]: Connection:
[0m13:55:16.117345 [info ] [MainThread]:   database: casestudy
[0m13:55:16.118269 [info ] [MainThread]:   schema: main
[0m13:55:16.119717 [info ] [MainThread]:   path: casestudy.duckdb
[0m13:55:16.120655 [info ] [MainThread]:   config_options: None
[0m13:55:16.121728 [info ] [MainThread]:   extensions: ['icu']
[0m13:55:16.122467 [info ] [MainThread]:   settings: {}
[0m13:55:16.124046 [info ] [MainThread]:   external_root: .
[0m13:55:16.125209 [info ] [MainThread]:   use_credential_provider: None
[0m13:55:16.126098 [info ] [MainThread]:   attach: None
[0m13:55:16.127270 [info ] [MainThread]:   filesystems: None
[0m13:55:16.128832 [info ] [MainThread]:   remote: None
[0m13:55:16.131231 [info ] [MainThread]:   plugins: None
[0m13:55:16.132944 [info ] [MainThread]:   disable_transactions: False
[0m13:55:16.139963 [info ] [MainThread]: Registered adapter: duckdb=1.8.4
[0m13:55:21.576049 [debug] [MainThread]: Acquiring new duckdb connection 'debug'
[0m13:55:23.249960 [debug] [MainThread]: Using duckdb connection "debug"
[0m13:55:23.250680 [debug] [MainThread]: On debug: select 1 as id
[0m13:55:23.251246 [debug] [MainThread]: Opening a new connection, currently in state init
[0m13:55:23.404705 [debug] [MainThread]: SQL status: OK in 0.153 seconds
[0m13:55:23.406018 [debug] [MainThread]: On debug: Close
[0m13:55:23.409675 [info ] [MainThread]:   Connection test: [[32mOK connection ok[0m]

[0m13:55:23.410744 [info ] [MainThread]: [32mAll checks passed![0m
[0m13:55:23.413074 [debug] [MainThread]: Resource report: {"command_name": "debug", "command_success": true, "command_wall_clock_time": 8.011384, "process_in_blocks": "97784", "process_kernel_time": 1.127158, "process_mem_max_rss": "136076", "process_out_blocks": "0", "process_user_time": 1.458926}
[0m13:55:23.413866 [debug] [MainThread]: Command `dbt debug` succeeded at 13:55:23.413771 after 8.01 seconds
[0m13:55:23.414560 [debug] [MainThread]: Connection 'debug' was properly closed.
[0m13:55:23.415188 [debug] [MainThread]: Sending event: {'category': 'dbt', 'action': 'invocation', 'label': 'end', 'context': [<snowplow_tracker.self_describing_json.SelfDescribingJson object at 0x720007165790>, <snowplow_tracker.self_describing_json.SelfDescribingJson object at 0x720006fc4710>, <snowplow_tracker.self_describing_json.SelfDescribingJson object at 0x720006edbad0>]}
[0m13:55:23.415869 [debug] [MainThread]: Flushing usage events
[0m13:55:24.435872 [debug] [MainThread]: An error was encountered while trying to flush usage events
[0m14:01:07.090949 [debug] [MainThread]: Sending event: {'category': 'dbt', 'action': 'invocation', 'label': 'start', 'context': [<snowplow_tracker.self_describing_json.SelfDescribingJson object at 0x79fc2e3f8c90>, <snowplow_tracker.self_describing_json.SelfDescribingJson object at 0x79fc2e3b9050>, <snowplow_tracker.self_describing_json.SelfDescribingJson object at 0x79fc2e40d8d0>]}


============================== 14:01:07.106310 | 1c199317-51e1-402b-9891-03b050f6b8c1 ==============================
[0m14:01:07.106310 [info ] [MainThread]: Running with dbt=1.10.8
[0m14:01:07.107647 [debug] [MainThread]: running dbt with arguments {'printer_width': '80', 'indirect_selection': 'eager', 'write_json': 'True', 'log_cache_events': 'False', 'partial_parse': 'True', 'cache_selected_only': 'False', 'profiles_dir': '/workspaces/vg_case_study_data_analyst/transformation', 'fail_fast': 'False', 'debug': 'False', 'log_path': '/workspaces/vg_case_study_data_analyst/transformation/logs', 'version_check': 'True', 'warn_error': 'None', 'use_colors': 'True', 'use_experimental_parser': 'False', 'no_print': 'None', 'quiet': 'False', 'empty': 'False', 'log_format': 'default', 'static_parser': 'True', 'warn_error_options': 'WarnErrorOptionsV2(error=[], warn=[], silence=[])', 'introspect': 'True', 'target_path': 'None', 'invocation_command': 'dbt run -s fact_transactions_eur_daily', 'send_anonymous_usage_stats': 'True'}
[0m14:01:07.930519 [debug] [MainThread]: Sending event: {'category': 'dbt', 'action': 'project_id', 'label': '1c199317-51e1-402b-9891-03b050f6b8c1', 'context': [<snowplow_tracker.self_describing_json.SelfDescribingJson object at 0x79fc2e4ea6d0>]}
[0m14:01:07.974080 [debug] [MainThread]: Sending event: {'category': 'dbt', 'action': 'adapter_info', 'label': '1c199317-51e1-402b-9891-03b050f6b8c1', 'context': [<snowplow_tracker.self_describing_json.SelfDescribingJson object at 0x79fc30fa9690>]}
[0m14:01:07.995803 [info ] [MainThread]: Registered adapter: duckdb=1.8.4
[0m14:01:12.799912 [debug] [MainThread]: checksum: 265d66e81f90af29a7a28579c9b54d938c94f4a57c57be5f853267ae509b5fcb, vars: {}, profile: , target: , version: 1.10.8
[0m14:01:17.907563 [debug] [MainThread]: Partial parsing enabled: 0 files deleted, 0 files added, 0 files changed.
[0m14:01:17.908759 [debug] [MainThread]: Partial parsing enabled, no changes found, skipping parsing
[0m14:01:17.914759 [warn ] [MainThread]: [[33mWARNING[0m]: Configuration paths exist in your dbt_project.yml file which do not apply to any resources.
There are 3 unused configuration paths:
- models.vg_casestudy.reporting
- models.vg_casestudy.marts
- models.vg_casestudy.main
[0m14:01:17.960887 [debug] [MainThread]: Sending event: {'category': 'dbt', 'action': 'load_project', 'label': '1c199317-51e1-402b-9891-03b050f6b8c1', 'context': [<snowplow_tracker.self_describing_json.SelfDescribingJson object at 0x79fc29e23a50>]}
[0m14:01:18.151206 [debug] [MainThread]: Wrote artifact WritableManifest to /workspaces/vg_case_study_data_analyst/transformation/target/manifest.json
[0m14:01:18.173672 [debug] [MainThread]: Wrote artifact SemanticManifest to /workspaces/vg_case_study_data_analyst/transformation/target/semantic_manifest.json
[0m14:01:18.417132 [debug] [MainThread]: Sending event: {'category': 'dbt', 'action': 'resource_counts', 'label': '1c199317-51e1-402b-9891-03b050f6b8c1', 'context': [<snowplow_tracker.self_describing_json.SelfDescribingJson object at 0x79fc31832090>]}
[0m14:01:18.418058 [info ] [MainThread]: Found 11 models, 1 analysis, 2 seeds, 71 data tests, 5 sources, 707 macros
[0m14:01:18.418771 [debug] [MainThread]: Sending event: {'category': 'dbt', 'action': 'runnable_timing', 'label': '1c199317-51e1-402b-9891-03b050f6b8c1', 'context': [<snowplow_tracker.self_describing_json.SelfDescribingJson object at 0x79fc2e268610>]}
[0m14:01:18.419862 [warn ] [MainThread]: The selection criterion 'fact_transactions_eur_daily' does not match any enabled nodes
[0m14:01:18.421177 [warn ] [MainThread]: Nothing to do. Try checking your model configs and model specification args
[0m14:01:18.422775 [debug] [MainThread]: Command end result
[0m14:01:18.510203 [debug] [MainThread]: Wrote artifact WritableManifest to /workspaces/vg_case_study_data_analyst/transformation/target/manifest.json
[0m14:01:18.526894 [debug] [MainThread]: Wrote artifact SemanticManifest to /workspaces/vg_case_study_data_analyst/transformation/target/semantic_manifest.json
[0m14:01:18.535917 [debug] [MainThread]: Wrote artifact RunExecutionResult to /workspaces/vg_case_study_data_analyst/transformation/target/run_results.json
[0m14:01:18.540359 [debug] [MainThread]: Resource report: {"command_name": "run", "command_success": true, "command_wall_clock_time": 11.587654, "process_in_blocks": "67136", "process_kernel_time": 1.224457, "process_mem_max_rss": "122996", "process_out_blocks": "0", "process_user_time": 1.861339}
[0m14:01:18.542100 [debug] [MainThread]: Command `dbt run` succeeded at 14:01:18.541961 after 11.59 seconds
[0m14:01:18.543443 [debug] [MainThread]: Sending event: {'category': 'dbt', 'action': 'invocation', 'label': 'end', 'context': [<snowplow_tracker.self_describing_json.SelfDescribingJson object at 0x79fc325efd90>, <snowplow_tracker.self_describing_json.SelfDescribingJson object at 0x79fc325efc10>, <snowplow_tracker.self_describing_json.SelfDescribingJson object at 0x79fc3254fd50>]}
[0m14:01:18.544956 [debug] [MainThread]: Flushing usage events
[0m14:01:19.108325 [debug] [MainThread]: An error was encountered while trying to flush usage events
[0m14:03:40.586519 [debug] [MainThread]: Sending event: {'category': 'dbt', 'action': 'invocation', 'label': 'start', 'context': [<snowplow_tracker.self_describing_json.SelfDescribingJson object at 0x7075a4c49890>, <snowplow_tracker.self_describing_json.SelfDescribingJson object at 0x7075a4552fd0>, <snowplow_tracker.self_describing_json.SelfDescribingJson object at 0x7075a453e110>]}


============================== 14:03:40.624334 | 222250df-a535-4ae6-a109-1e7ee0e9bf27 ==============================
[0m14:03:40.624334 [info ] [MainThread]: Running with dbt=1.10.8
[0m14:03:40.626329 [debug] [MainThread]: running dbt with arguments {'printer_width': '80', 'indirect_selection': 'eager', 'write_json': 'True', 'log_cache_events': 'False', 'partial_parse': 'True', 'cache_selected_only': 'False', 'profiles_dir': '/workspaces/vg_case_study_data_analyst/transformation', 'fail_fast': 'False', 'warn_error': 'None', 'log_path': '/workspaces/vg_case_study_data_analyst/transformation/logs', 'debug': 'False', 'version_check': 'True', 'use_colors': 'True', 'use_experimental_parser': 'False', 'empty': 'False', 'quiet': 'False', 'no_print': 'None', 'log_format': 'default', 'invocation_command': 'dbt run -s fct_transactions_eur_daily', 'static_parser': 'True', 'warn_error_options': 'WarnErrorOptionsV2(error=[], warn=[], silence=[])', 'target_path': 'None', 'introspect': 'True', 'send_anonymous_usage_stats': 'True'}
[0m14:03:41.948776 [debug] [MainThread]: Sending event: {'category': 'dbt', 'action': 'project_id', 'label': '222250df-a535-4ae6-a109-1e7ee0e9bf27', 'context': [<snowplow_tracker.self_describing_json.SelfDescribingJson object at 0x70759fd11b50>]}
[0m14:03:42.009660 [debug] [MainThread]: Sending event: {'category': 'dbt', 'action': 'adapter_info', 'label': '222250df-a535-4ae6-a109-1e7ee0e9bf27', 'context': [<snowplow_tracker.self_describing_json.SelfDescribingJson object at 0x7075a683e250>]}
[0m14:03:42.031376 [info ] [MainThread]: Registered adapter: duckdb=1.8.4
[0m14:03:51.145661 [debug] [MainThread]: checksum: 265d66e81f90af29a7a28579c9b54d938c94f4a57c57be5f853267ae509b5fcb, vars: {}, profile: , target: , version: 1.10.8
[0m14:03:55.061188 [debug] [MainThread]: Partial parsing enabled: 0 files deleted, 0 files added, 0 files changed.
[0m14:03:55.062036 [debug] [MainThread]: Partial parsing enabled, no changes found, skipping parsing
[0m14:03:55.067419 [warn ] [MainThread]: [[33mWARNING[0m]: Configuration paths exist in your dbt_project.yml file which do not apply to any resources.
There are 3 unused configuration paths:
- models.vg_casestudy.main
- models.vg_casestudy.reporting
- models.vg_casestudy.marts
[0m14:03:55.115446 [debug] [MainThread]: Sending event: {'category': 'dbt', 'action': 'load_project', 'label': '222250df-a535-4ae6-a109-1e7ee0e9bf27', 'context': [<snowplow_tracker.self_describing_json.SelfDescribingJson object at 0x70759f860710>]}
[0m14:03:55.337012 [debug] [MainThread]: Wrote artifact WritableManifest to /workspaces/vg_case_study_data_analyst/transformation/target/manifest.json
[0m14:03:55.349936 [debug] [MainThread]: Wrote artifact SemanticManifest to /workspaces/vg_case_study_data_analyst/transformation/target/semantic_manifest.json
[0m14:03:55.565704 [debug] [MainThread]: Sending event: {'category': 'dbt', 'action': 'resource_counts', 'label': '222250df-a535-4ae6-a109-1e7ee0e9bf27', 'context': [<snowplow_tracker.self_describing_json.SelfDescribingJson object at 0x7075a3c6d650>]}
[0m14:03:55.566579 [info ] [MainThread]: Found 11 models, 1 analysis, 2 seeds, 71 data tests, 5 sources, 707 macros
[0m14:03:55.567318 [debug] [MainThread]: Sending event: {'category': 'dbt', 'action': 'runnable_timing', 'label': '222250df-a535-4ae6-a109-1e7ee0e9bf27', 'context': [<snowplow_tracker.self_describing_json.SelfDescribingJson object at 0x7075a3c16990>]}
[0m14:03:55.568328 [warn ] [MainThread]: The selection criterion 'fct_transactions_eur_daily' does not match any enabled nodes
[0m14:03:55.569744 [warn ] [MainThread]: Nothing to do. Try checking your model configs and model specification args
[0m14:03:55.571338 [debug] [MainThread]: Command end result
[0m14:03:55.633467 [debug] [MainThread]: Wrote artifact WritableManifest to /workspaces/vg_case_study_data_analyst/transformation/target/manifest.json
[0m14:03:55.647819 [debug] [MainThread]: Wrote artifact SemanticManifest to /workspaces/vg_case_study_data_analyst/transformation/target/semantic_manifest.json
[0m14:03:55.655218 [debug] [MainThread]: Wrote artifact RunExecutionResult to /workspaces/vg_case_study_data_analyst/transformation/target/run_results.json
[0m14:03:55.659101 [debug] [MainThread]: Resource report: {"command_name": "run", "command_success": true, "command_wall_clock_time": 15.246231, "process_in_blocks": "67624", "process_kernel_time": 1.947765, "process_mem_max_rss": "123576", "process_out_blocks": "0", "process_user_time": 2.552979}
[0m14:03:55.660327 [debug] [MainThread]: Command `dbt run` succeeded at 14:03:55.660251 after 15.25 seconds
[0m14:03:55.661992 [debug] [MainThread]: Sending event: {'category': 'dbt', 'action': 'invocation', 'label': 'end', 'context': [<snowplow_tracker.self_describing_json.SelfDescribingJson object at 0x7075a7e83d50>, <snowplow_tracker.self_describing_json.SelfDescribingJson object at 0x7075a7e83bd0>, <snowplow_tracker.self_describing_json.SelfDescribingJson object at 0x7075a624f610>]}
[0m14:03:55.662945 [debug] [MainThread]: Flushing usage events
[0m14:03:56.605480 [debug] [MainThread]: An error was encountered while trying to flush usage events
[0m14:40:38.200106 [debug] [MainThread]: Sending event: {'category': 'dbt', 'action': 'invocation', 'label': 'start', 'context': [<snowplow_tracker.self_describing_json.SelfDescribingJson object at 0x77490f324350>, <snowplow_tracker.self_describing_json.SelfDescribingJson object at 0x77490e6420d0>, <snowplow_tracker.self_describing_json.SelfDescribingJson object at 0x77490dd31110>]}


============================== 14:40:38.210183 | 55dc05c9-913a-4047-a388-e289d4ca781f ==============================
[0m14:40:38.210183 [info ] [MainThread]: Running with dbt=1.10.8
[0m14:40:38.211276 [debug] [MainThread]: running dbt with arguments {'printer_width': '80', 'indirect_selection': 'eager', 'log_cache_events': 'False', 'write_json': 'True', 'partial_parse': 'True', 'cache_selected_only': 'False', 'profiles_dir': '/workspaces/vg_case_study_data_analyst/transformation', 'debug': 'False', 'version_check': 'True', 'log_path': '/workspaces/vg_case_study_data_analyst/transformation/logs', 'warn_error': 'None', 'fail_fast': 'False', 'use_colors': 'True', 'use_experimental_parser': 'False', 'empty': 'None', 'quiet': 'False', 'no_print': 'None', 'log_format': 'default', 'introspect': 'True', 'invocation_command': 'dbt ls -s path:models/staging/', 'static_parser': 'True', 'target_path': 'None', 'warn_error_options': 'WarnErrorOptionsV2(error=[], warn=[], silence=[])', 'send_anonymous_usage_stats': 'True'}
[0m14:40:38.987291 [debug] [MainThread]: Sending event: {'category': 'dbt', 'action': 'project_id', 'label': '55dc05c9-913a-4047-a388-e289d4ca781f', 'context': [<snowplow_tracker.self_describing_json.SelfDescribingJson object at 0x77490dd87e90>]}
[0m14:40:39.034423 [debug] [MainThread]: Sending event: {'category': 'dbt', 'action': 'adapter_info', 'label': '55dc05c9-913a-4047-a388-e289d4ca781f', 'context': [<snowplow_tracker.self_describing_json.SelfDescribingJson object at 0x77490ece5c50>]}
[0m14:40:39.054594 [info ] [MainThread]: Registered adapter: duckdb=1.8.4
[0m14:40:47.258063 [debug] [MainThread]: checksum: 265d66e81f90af29a7a28579c9b54d938c94f4a57c57be5f853267ae509b5fcb, vars: {}, profile: , target: , version: 1.10.8
[0m14:40:50.925949 [debug] [MainThread]: Partial parsing enabled: 0 files deleted, 0 files added, 0 files changed.
[0m14:40:50.926824 [debug] [MainThread]: Partial parsing enabled, no changes found, skipping parsing
[0m14:40:50.931955 [warn ] [MainThread]: [[33mWARNING[0m]: Configuration paths exist in your dbt_project.yml file which do not apply to any resources.
There are 3 unused configuration paths:
- models.vg_casestudy.reporting
- models.vg_casestudy.marts
- models.vg_casestudy.main
[0m14:40:50.979215 [debug] [MainThread]: Sending event: {'category': 'dbt', 'action': 'load_project', 'label': '55dc05c9-913a-4047-a388-e289d4ca781f', 'context': [<snowplow_tracker.self_describing_json.SelfDescribingJson object at 0x7749098743d0>]}
[0m14:40:51.139916 [debug] [MainThread]: Wrote artifact WritableManifest to /workspaces/vg_case_study_data_analyst/transformation/target/manifest.json
[0m14:40:51.155929 [debug] [MainThread]: Wrote artifact SemanticManifest to /workspaces/vg_case_study_data_analyst/transformation/target/semantic_manifest.json
[0m14:40:51.396911 [debug] [MainThread]: Sending event: {'category': 'dbt', 'action': 'resource_counts', 'label': '55dc05c9-913a-4047-a388-e289d4ca781f', 'context': [<snowplow_tracker.self_describing_json.SelfDescribingJson object at 0x77490dbca010>]}
[0m14:40:51.398566 [info ] [MainThread]: Found 11 models, 1 analysis, 2 seeds, 71 data tests, 5 sources, 707 macros
[0m14:40:51.399594 [debug] [MainThread]: Sending event: {'category': 'dbt', 'action': 'runnable_timing', 'label': '55dc05c9-913a-4047-a388-e289d4ca781f', 'context': [<snowplow_tracker.self_describing_json.SelfDescribingJson object at 0x77490dd7fbd0>]}
[0m14:40:51.402880 [info ] [MainThread]: vg_casestudy.staging.stg_raw_staging__accounts
[0m14:40:51.403700 [info ] [MainThread]: vg_casestudy.staging.stg_raw_staging__customers
[0m14:40:51.404592 [info ] [MainThread]: vg_casestudy.staging.stg_raw_staging__fx_rates
[0m14:40:51.405493 [info ] [MainThread]: vg_casestudy.staging.stg_raw_staging__loans
[0m14:40:51.406931 [info ] [MainThread]: vg_casestudy.staging.stg_raw_staging__transactions
[0m14:40:51.408156 [info ] [MainThread]: vg_casestudy.staging.accepted_values_stg_raw_staging__accounts_account_type__savings__current
[0m14:40:51.408872 [info ] [MainThread]: vg_casestudy.staging.accepted_values_stg_raw_staging__loans_loan_status__approved__rejected__closed
[0m14:40:51.410008 [info ] [MainThread]: vg_casestudy.staging.accepted_values_stg_raw_staging__loans_loan_term__12__24__36__48__60
[0m14:40:51.411454 [info ] [MainThread]: vg_casestudy.staging.accepted_values_stg_raw_staging__loans_loan_type__personal__mortgage__auto
[0m14:40:51.412330 [info ] [MainThread]: vg_casestudy.staging.accepted_values_stg_raw_staging__transactions_transaction_type__transfer__deposit__withdrawal
[0m14:40:51.414365 [info ] [MainThread]: vg_casestudy.staging.date_is_past_stg_raw_staging__accounts_account_opening_date
[0m14:40:51.425213 [info ] [MainThread]: vg_casestudy.staging.date_is_past_stg_raw_staging__fx_rates_fx_rate_date
[0m14:40:51.427722 [info ] [MainThread]: vg_casestudy.staging.date_is_past_stg_raw_staging__loans_approval_rejection_date
[0m14:40:51.429966 [info ] [MainThread]: vg_casestudy.staging.not_null_stg_raw_staging__accounts_account_id
[0m14:40:51.431323 [info ] [MainThread]: vg_casestudy.staging.not_null_stg_raw_staging__accounts_account_type
[0m14:40:51.434978 [info ] [MainThread]: vg_casestudy.staging.not_null_stg_raw_staging__accounts_customer_id
[0m14:40:51.436332 [info ] [MainThread]: vg_casestudy.staging.not_null_stg_raw_staging__customers_age
[0m14:40:51.439870 [info ] [MainThread]: vg_casestudy.staging.not_null_stg_raw_staging__customers_branch_id
[0m14:40:51.442470 [info ] [MainThread]: vg_casestudy.staging.not_null_stg_raw_staging__customers_customer_id
[0m14:40:51.445905 [info ] [MainThread]: vg_casestudy.staging.not_null_stg_raw_staging__fx_rates_currency_iso_code
[0m14:40:51.447337 [info ] [MainThread]: vg_casestudy.staging.not_null_stg_raw_staging__fx_rates_fx_rate
[0m14:40:51.448493 [info ] [MainThread]: vg_casestudy.staging.not_null_stg_raw_staging__fx_rates_has_date_parsing_error
[0m14:40:51.451641 [info ] [MainThread]: vg_casestudy.staging.not_null_stg_raw_staging__loans_approval_rejection_date
[0m14:40:51.453950 [info ] [MainThread]: vg_casestudy.staging.not_null_stg_raw_staging__loans_interest_rate
[0m14:40:51.455726 [info ] [MainThread]: vg_casestudy.staging.not_null_stg_raw_staging__loans_loan_amount
[0m14:40:51.457596 [info ] [MainThread]: vg_casestudy.staging.not_null_stg_raw_staging__loans_loan_id
[0m14:40:51.459976 [info ] [MainThread]: vg_casestudy.staging.not_null_stg_raw_staging__loans_loan_status
[0m14:40:51.461860 [info ] [MainThread]: vg_casestudy.staging.not_null_stg_raw_staging__loans_loan_term
[0m14:40:51.463555 [info ] [MainThread]: vg_casestudy.staging.not_null_stg_raw_staging__loans_loan_type
[0m14:40:51.465219 [info ] [MainThread]: vg_casestudy.staging.not_null_stg_raw_staging__transactions_account_id
[0m14:40:51.467018 [info ] [MainThread]: vg_casestudy.staging.not_null_stg_raw_staging__transactions_transaction_id
[0m14:40:51.469454 [info ] [MainThread]: vg_casestudy.staging.not_null_stg_raw_staging__transactions_transaction_type
[0m14:40:51.471433 [info ] [MainThread]: vg_casestudy.staging.numeric_range_stg_raw_staging__customers_age__200__18
[0m14:40:51.472946 [info ] [MainThread]: vg_casestudy.staging.numeric_range_stg_raw_staging__fx_rates_fx_rate__0
[0m14:40:51.474790 [info ] [MainThread]: vg_casestudy.staging.numeric_range_stg_raw_staging__loans_interest_rate__0
[0m14:40:51.476295 [info ] [MainThread]: vg_casestudy.staging.numeric_range_stg_raw_staging__loans_loan_amount__0
[0m14:40:51.477945 [info ] [MainThread]: vg_casestudy.staging.relationships_stg_raw_staging__accounts_customer_id__customer_id__ref_stg_raw_staging__customers_
[0m14:40:51.479466 [info ] [MainThread]: vg_casestudy.staging.relationships_stg_raw_staging__transactions_account_id__account_id__ref_stg_raw_staging__accounts_
[0m14:40:51.480922 [info ] [MainThread]: vg_casestudy.staging.unique_stg_raw_staging__accounts_account_id
[0m14:40:51.482213 [info ] [MainThread]: vg_casestudy.staging.unique_stg_raw_staging__customers_customer_id
[0m14:40:51.483975 [info ] [MainThread]: vg_casestudy.staging.unique_stg_raw_staging__fx_rates_currency_iso_code
[0m14:40:51.485946 [info ] [MainThread]: vg_casestudy.staging.unique_stg_raw_staging__loans_loan_id
[0m14:40:51.487754 [info ] [MainThread]: vg_casestudy.staging.unique_stg_raw_staging__transactions_transaction_id
[0m14:40:51.493487 [debug] [MainThread]: Resource report: {"command_name": "list", "command_success": true, "command_wall_clock_time": 13.338925, "process_in_blocks": "67136", "process_kernel_time": 1.750545, "process_mem_max_rss": "122752", "process_out_blocks": "0", "process_user_time": 1.820898}
[0m14:40:51.495214 [debug] [MainThread]: Command `dbt ls` succeeded at 14:40:51.495035 after 13.34 seconds
[0m14:40:51.496605 [debug] [MainThread]: Sending event: {'category': 'dbt', 'action': 'invocation', 'label': 'end', 'context': [<snowplow_tracker.self_describing_json.SelfDescribingJson object at 0x77490de54450>, <snowplow_tracker.self_describing_json.SelfDescribingJson object at 0x774911f4fd90>, <snowplow_tracker.self_describing_json.SelfDescribingJson object at 0x774911eacd10>]}
[0m14:40:51.498266 [debug] [MainThread]: Flushing usage events
[0m14:40:52.422982 [debug] [MainThread]: An error was encountered while trying to flush usage events
