date_day,prior_date_day,next_date_day,prior_year_date_day,prior_year_over_year_date_day,day_of_week,day_of_week_iso,day_of_week_name,day_of_week_name_short,day_of_month,day_of_year,week_start_date,week_end_date,prior_year_week_start_date,prior_year_week_end_date,week_of_year,iso_week_start_date,iso_week_end_date,prior_year_iso_week_start_date,prior_year_iso_week_end_date,iso_week_of_year,prior_year_week_of_year,prior_year_iso_week_of_year,month_of_year,month_name,month_name_short,month_start_date,month_end_date,prior_year_month_start_date,prior_year_month_end_date,quarter_of_year,quarter_start_date,quarter_end_date,year_number,year_start_date,year_end_date
2023-01-01,2022-12-31,2023-01-02,2022-01-01,2022-01-02,1,7,Sunday,Sun,1,1,2023-01-01,2023-01-07,2022-01-02,2022-01-08,1,2022-12-26,2023-01-01,2021-12-27,2022-01-02,52,1,52,1,January,Jan,2023-01-01,2023-01-31,2022-01-01,2022-01-31,1,2023-01-01,2023-03-31,2023,2023-01-01,2023-12-31
2023-01-02,2023-01-01,2023-01-03,2022-01-02,2022-01-03,2,1,Monday,Mon,2,2,2023-01-01,2023-01-07,2022-01-02,2022-01-08,1,2023-01-02,2023-01-08,2022-01-03,2022-01-09,1,1,1,1,January,Jan,2023-01-01,2023-01-31,2022-01-01,2022-01-31,1,2023-01-01,2023-03-31,2023,2023-01-01,2023-12-31
2023-01-03,2023-01-02,2023-01-04,2022-01-03,2022-01-04,3,2,Tuesday,Tue,3,3,2023-01-01,2023-01-07,2022-01-02,2022-01-08,1,2023-01-02,2023-01-08,2022-01-03,2022-01-09,1,1,1,1,January,Jan,2023-01-01,2023-01-31,2022-01-01,2022-01-31,1,2023-01-01,2023-03-31,2023,2023-01-01,2023-12-31
2023-01-04,2023-01-03,2023-01-05,2022-01-04,2022-01-05,4,3,Wednesday,Wed,4,4,2023-01-01,2023-01-07,2022-01-02,2022-01-08,1,2023-01-02,2023-01-08,2022-01-03,2022-01-09,1,1,1,1,January,Jan,2023-01-01,2023-01-31,2022-01-01,2022-01-31,1,2023-01-01,2023-03-31,2023,2023-01-01,2023-12-31
2023-01-05,2023-01-04,2023-01-06,2022-01-05,2022-01-06,5,4,Thursday,Thu,5,5,2023-01-01,2023-01-07,2022-01-02,2022-01-08,1,2023-01-02,2023-01-08,2022-01-03,2022-01-09,1,1,1,1,January,Jan,2023-01-01,2023-01-31,2022-01-01,2022-01-31,1,2023-01-01,2023-03-31,2023,2023-01-01,2023-12-31
2023-01-06,2023-01-05,2023-01-07,2022-01-06,2022-01-07,6,5,Friday,Fri,6,6,2023-01-01,2023-01-07,2022-01-02,2022-01-08,1,2023-01-02,2023-01-08,2022-01-03,2022-01-09,1,1,1,1,January,Jan,2023-01-01,2023-01-31,2022-01-01,2022-01-31,1,2023-01-01,2023-03-31,2023,2023-01-01,2023-12-31
2023-01-07,2023-01-06,2023-01-08,2022-01-07,2022-01-08,7,6,Saturday,Sat,7,7,2023-01-01,2023-01-07,2022-01-02,2022-01-08,1,2023-01-02,2023-01-08,2022-01-03,2022-01-09,1,2,1,1,January,Jan,2023-01-01,2023-01-31,2022-01-01,2022-01-31,1,2023-01-01,2023-03-31,2023,2023-01-01,2023-12-31
2023-01-08,2023-01-07,2023-01-09,2022-01-08,2022-01-09,1,7,Sunday,Sun,8,8,2023-01-08,2023-01-14,2022-01-09,2022-01-15,2,2023-01-02,2023-01-08,2022-01-03,2022-01-09,1,2,1,1,January,Jan,2023-01-01,2023-01-31,2022-01-01,2022-01-31,1,2023-01-01,2023-03-31,2023,2023-01-01,2023-12-31
2023-01-09,2023-01-08,2023-01-10,2022-01-09,2022-01-10,2,1,Monday,Mon,9,9,2023-01-08,2023-01-14,2022-01-09,2022-01-15,2,2023-01-09,2023-01-15,2022-01-10,2022-01-16,2,2,2,1,January,Jan,2023-01-01,2023-01-31,2022-01-01,2022-01-31,1,2023-01-01,2023-03-31,2023,2023-01-01,2023-12-31
2023-01-10,2023-01-09,2023-01-11,2022-01-10,2022-01-11,3,2,Tuesday,Tue,10,10,2023-01-08,2023-01-14,2022-01-09,2022-01-15,2,2023-01-09,2023-01-15,2022-01-10,2022-01-16,2,2,2,1,January,Jan,2023-01-01,2023-01-31,2022-01-01,2022-01-31,1,2023-01-01,2023-03-31,2023,2023-01-01,2023-12-31
2023-01-11,2023-01-10,2023-01-12,2022-01-11,2022-01-12,4,3,Wednesday,Wed,11,11,2023-01-08,2023-01-14,2022-01-09,2022-01-15,2,2023-01-09,2023-01-15,2022-01-10,2022-01-16,2,2,2,1,January,Jan,2023-01-01,2023-01-31,2022-01-01,2022-01-31,1,2023-01-01,2023-03-31,2023,2023-01-01,2023-12-31
2023-01-12,2023-01-11,2023-01-13,2022-01-12,2022-01-13,5,4,Thursday,Thu,12,12,2023-01-08,2023-01-14,2022-01-09,2022-01-15,2,2023-01-09,2023-01-15,2022-01-10,2022-01-16,2,2,2,1,January,Jan,2023-01-01,2023-01-31,2022-01-01,2022-01-31,1,2023-01-01,2023-03-31,2023,2023-01-01,2023-12-31
2023-01-13,2023-01-12,2023-01-14,2022-01-13,2022-01-14,6,5,Friday,Fri,13,13,2023-01-08,2023-01-14,2022-01-09,2022-01-15,2,2023-01-09,2023-01-15,2022-01-10,2022-01-16,2,2,2,1,January,Jan,2023-01-01,2023-01-31,2022-01-01,2022-01-31,1,2023-01-01,2023-03-31,2023,2023-01-01,2023-12-31
2023-01-14,2023-01-13,2023-01-15,2022-01-14,2022-01-15,7,6,Saturday,Sat,14,14,2023-01-08,2023-01-14,2022-01-09,2022-01-15,2,2023-01-09,2023-01-15,2022-01-10,2022-01-16,2,3,2,1,January,Jan,2023-01-01,2023-01-31,2022-01-01,2022-01-31,1,2023-01-01,2023-03-31,2023,2023-01-01,2023-12-31
2023-01-15,2023-01-14,2023-01-16,2022-01-15,2022-01-16,1,7,Sunday,Sun,15,15,2023-01-15,2023-01-21,2022-01-16,2022-01-22,3,2023-01-09,2023-01-15,2022-01-10,2022-01-16,2,3,2,1,January,Jan,2023-01-01,2023-01-31,2022-01-01,2022-01-31,1,2023-01-01,2023-03-31,2023,2023-01-01,2023-12-31
2023-01-16,2023-01-15,2023-01-17,2022-01-16,2022-01-17,2,1,Monday,Mon,16,16,2023-01-15,2023-01-21,2022-01-16,2022-01-22,3,2023-01-16,2023-01-22,2022-01-17,2022-01-23,3,3,3,1,January,Jan,2023-01-01,2023-01-31,2022-01-01,2022-01-31,1,2023-01-01,2023-03-31,2023,2023-01-01,2023-12-31
2023-01-17,2023-01-16,2023-01-18,2022-01-17,2022-01-18,3,2,Tuesday,Tue,17,17,2023-01-15,2023-01-21,2022-01-16,2022-01-22,3,2023-01-16,2023-01-22,2022-01-17,2022-01-23,3,3,3,1,January,Jan,2023-01-01,2023-01-31,2022-01-01,2022-01-31,1,2023-01-01,2023-03-31,2023,2023-01-01,2023-12-31
2023-01-18,2023-01-17,2023-01-19,2022-01-18,2022-01-19,4,3,Wednesday,Wed,18,18,2023-01-15,2023-01-21,2022-01-16,2022-01-22,3,2023-01-16,2023-01-22,2022-01-17,2022-01-23,3,3,3,1,January,Jan,2023-01-01,2023-01-31,2022-01-01,2022-01-31,1,2023-01-01,2023-03-31,2023,2023-01-01,2023-12-31
2023-01-19,2023-01-18,2023-01-20,2022-01-19,2022-01-20,5,4,Thursday,Thu,19,19,2023-01-15,2023-01-21,2022-01-16,2022-01-22,3,2023-01-16,2023-01-22,2022-01-17,2022-01-23,3,3,3,1,January,Jan,2023-01-01,2023-01-31,2022-01-01,2022-01-31,1,2023-01-01,2023-03-31,2023,2023-01-01,2023-12-31
2023-01-20,2023-01-19,2023-01-21,2022-01-20,2022-01-21,6,5,Friday,Fri,20,20,2023-01-15,2023-01-21,2022-01-16,2022-01-22,3,2023-01-16,2023-01-22,2022-01-17,2022-01-23,3,3,3,1,January,Jan,2023-01-01,2023-01-31,2022-01-01,2022-01-31,1,2023-01-01,2023-03-31,2023,2023-01-01,2023-12-31
2023-01-21,2023-01-20,2023-01-22,2022-01-21,2022-01-22,7,6,Saturday,Sat,21,21,2023-01-15,2023-01-21,2022-01-16,2022-01-22,3,2023-01-16,2023-01-22,2022-01-17,2022-01-23,3,4,3,1,January,Jan,2023-01-01,2023-01-31,2022-01-01,2022-01-31,1,2023-01-01,2023-03-31,2023,2023-01-01,2023-12-31
2023-01-22,2023-01-21,2023-01-23,2022-01-22,2022-01-23,1,7,Sunday,Sun,22,22,2023-01-22,2023-01-28,2022-01-23,2022-01-29,4,2023-01-16,2023-01-22,2022-01-17,2022-01-23,3,4,3,1,January,Jan,2023-01-01,2023-01-31,2022-01-01,2022-01-31,1,2023-01-01,2023-03-31,2023,2023-01-01,2023-12-31
2023-01-23,2023-01-22,2023-01-24,2022-01-23,2022-01-24,2,1,Monday,Mon,23,23,2023-01-22,2023-01-28,2022-01-23,2022-01-29,4,2023-01-23,2023-01-29,2022-01-24,2022-01-30,4,4,4,1,January,Jan,2023-01-01,2023-01-31,2022-01-01,2022-01-31,1,2023-01-01,2023-03-31,2023,2023-01-01,2023-12-31
2023-01-24,2023-01-23,2023-01-25,2022-01-24,2022-01-25,3,2,Tuesday,Tue,24,24,2023-01-22,2023-01-28,2022-01-23,2022-01-29,4,2023-01-23,2023-01-29,2022-01-24,2022-01-30,4,4,4,1,January,Jan,2023-01-01,2023-01-31,2022-01-01,2022-01-31,1,2023-01-01,2023-03-31,2023,2023-01-01,2023-12-31
2023-01-25,2023-01-24,2023-01-26,2022-01-25,2022-01-26,4,3,Wednesday,Wed,25,25,2023-01-22,2023-01-28,2022-01-23,2022-01-29,4,2023-01-23,2023-01-29,2022-01-24,2022-01-30,4,4,4,1,January,Jan,2023-01-01,2023-01-31,2022-01-01,2022-01-31,1,2023-01-01,2023-03-31,2023,2023-01-01,2023-12-31
2023-01-26,2023-01-25,2023-01-27,2022-01-26,2022-01-27,5,4,Thursday,Thu,26,26,2023-01-22,2023-01-28,2022-01-23,2022-01-29,4,2023-01-23,2023-01-29,2022-01-24,2022-01-30,4,4,4,1,January,Jan,2023-01-01,2023-01-31,2022-01-01,2022-01-31,1,2023-01-01,2023-03-31,2023,2023-01-01,2023-12-31
2023-01-27,2023-01-26,2023-01-28,2022-01-27,2022-01-28,6,5,Friday,Fri,27,27,2023-01-22,2023-01-28,2022-01-23,2022-01-29,4,2023-01-23,2023-01-29,2022-01-24,2022-01-30,4,4,4,1,January,Jan,2023-01-01,2023-01-31,2022-01-01,2022-01-31,1,2023-01-01,2023-03-31,2023,2023-01-01,2023-12-31
2023-01-28,2023-01-27,2023-01-29,2022-01-28,2022-01-29,7,6,Saturday,Sat,28,28,2023-01-22,2023-01-28,2022-01-23,2022-01-29,4,2023-01-23,2023-01-29,2022-01-24,2022-01-30,4,5,4,1,January,Jan,2023-01-01,2023-01-31,2022-01-01,2022-01-31,1,2023-01-01,2023-03-31,2023,2023-01-01,2023-12-31
2023-01-29,2023-01-28,2023-01-30,2022-01-29,2022-01-30,1,7,Sunday,Sun,29,29,2023-01-29,2023-02-04,2022-01-30,2022-02-05,5,2023-01-23,2023-01-29,2022-01-24,2022-01-30,4,5,4,1,January,Jan,2023-01-01,2023-01-31,2022-01-01,2022-01-31,1,2023-01-01,2023-03-31,2023,2023-01-01,2023-12-31
2023-01-30,2023-01-29,2023-01-31,2022-01-30,2022-01-31,2,1,Monday,Mon,30,30,2023-01-29,2023-02-04,2022-01-30,2022-02-05,5,2023-01-30,2023-02-05,2022-01-31,2022-02-06,5,5,5,1,January,Jan,2023-01-01,2023-01-31,2022-01-01,2022-01-31,1,2023-01-01,2023-03-31,2023,2023-01-01,2023-12-31
2023-01-31,2023-01-30,2023-02-01,2022-01-31,2022-02-01,3,2,Tuesday,Tue,31,31,2023-01-29,2023-02-04,2022-01-30,2022-02-05,5,2023-01-30,2023-02-05,2022-01-31,2022-02-06,5,5,5,1,January,Jan,2023-01-01,2023-01-31,2022-01-01,2022-01-31,1,2023-01-01,2023-03-31,2023,2023-01-01,2023-12-31
2023-02-01,2023-01-31,2023-02-02,2022-02-01,2022-02-02,4,3,Wednesday,Wed,1,32,2023-01-29,2023-02-04,2022-01-30,2022-02-05,5,2023-01-30,2023-02-05,2022-01-31,2022-02-06,5,5,5,2,February,Feb,2023-02-01,2023-02-28,2022-02-01,2022-02-28,1,2023-01-01,2023-03-31,2023,2023-01-01,2023-12-31
2023-02-02,2023-02-01,2023-02-03,2022-02-02,2022-02-03,5,4,Thursday,Thu,2,33,2023-01-29,2023-02-04,2022-01-30,2022-02-05,5,2023-01-30,2023-02-05,2022-01-31,2022-02-06,5,5,5,2,February,Feb,2023-02-01,2023-02-28,2022-02-01,2022-02-28,1,2023-01-01,2023-03-31,2023,2023-01-01,2023-12-31
2023-02-03,2023-02-02,2023-02-04,2022-02-03,2022-02-04,6,5,Friday,Fri,3,34,2023-01-29,2023-02-04,2022-01-30,2022-02-05,5,2023-01-30,2023-02-05,2022-01-31,2022-02-06,5,5,5,2,February,Feb,2023-02-01,2023-02-28,2022-02-01,2022-02-28,1,2023-01-01,2023-03-31,2023,2023-01-01,2023-12-31
2023-02-04,2023-02-03,2023-02-05,2022-02-04,2022-02-05,7,6,Saturday,Sat,4,35,2023-01-29,2023-02-04,2022-01-30,2022-02-05,5,2023-01-30,2023-02-05,2022-01-31,2022-02-06,5,6,5,2,February,Feb,2023-02-01,2023-02-28,2022-02-01,2022-02-28,1,2023-01-01,2023-03-31,2023,2023-01-01,2023-12-31
2023-02-05,2023-02-04,2023-02-06,2022-02-05,2022-02-06,1,7,Sunday,Sun,5,36,2023-02-05,2023-02-11,2022-02-06,2022-02-12,6,2023-01-30,2023-02-05,2022-01-31,2022-02-06,5,6,5,2,February,Feb,2023-02-01,2023-02-28,2022-02-01,2022-02-28,1,2023-01-01,2023-03-31,2023,2023-01-01,2023-12-31
2023-02-06,2023-02-05,2023-02-07,2022-02-06,2022-02-07,2,1,Monday,Mon,6,37,2023-02-05,2023-02-11,2022-02-06,2022-02-12,6,2023-02-06,2023-02-12,2022-02-07,2022-02-13,6,6,6,2,February,Feb,2023-02-01,2023-02-28,2022-02-01,2022-02-28,1,2023-01-01,2023-03-31,2023,2023-01-01,2023-12-31
2023-02-07,2023-02-06,2023-02-08,2022-02-07,2022-02-08,3,2,Tuesday,Tue,7,38,2023-02-05,2023-02-11,2022-02-06,2022-02-12,6,2023-02-06,2023-02-12,2022-02-07,2022-02-13,6,6,6,2,February,Feb,2023-02-01,2023-02-28,2022-02-01,2022-02-28,1,2023-01-01,2023-03-31,2023,2023-01-01,2023-12-31
2023-02-08,2023-02-07,2023-02-09,2022-02-08,2022-02-09,4,3,Wednesday,Wed,8,39,2023-02-05,2023-02-11,2022-02-06,2022-02-12,6,2023-02-06,2023-02-12,2022-02-07,2022-02-13,6,6,6,2,February,Feb,2023-02-01,2023-02-28,2022-02-01,2022-02-28,1,2023-01-01,2023-03-31,2023,2023-01-01,2023-12-31
2023-02-09,2023-02-08,2023-02-10,2022-02-09,2022-02-10,5,4,Thursday,Thu,9,40,2023-02-05,2023-02-11,2022-02-06,2022-02-12,6,2023-02-06,2023-02-12,2022-02-07,2022-02-13,6,6,6,2,February,Feb,2023-02-01,2023-02-28,2022-02-01,2022-02-28,1,2023-01-01,2023-03-31,2023,2023-01-01,2023-12-31
2023-02-10,2023-02-09,2023-02-11,2022-02-10,2022-02-11,6,5,Friday,Fri,10,41,2023-02-05,2023-02-11,2022-02-06,2022-02-12,6,2023-02-06,2023-02-12,2022-02-07,2022-02-13,6,6,6,2,February,Feb,2023-02-01,2023-02-28,2022-02-01,2022-02-28,1,2023-01-01,2023-03-31,2023,2023-01-01,2023-12-31
2023-02-11,2023-02-10,2023-02-12,2022-02-11,2022-02-12,7,6,Saturday,Sat,11,42,2023-02-05,2023-02-11,2022-02-06,2022-02-12,6,2023-02-06,2023-02-12,2022-02-07,2022-02-13,6,7,6,2,February,Feb,2023-02-01,2023-02-28,2022-02-01,2022-02-28,1,2023-01-01,2023-03-31,2023,2023-01-01,2023-12-31
2023-02-12,2023-02-11,2023-02-13,2022-02-12,2022-02-13,1,7,Sunday,Sun,12,43,2023-02-12,2023-02-18,2022-02-13,2022-02-19,7,2023-02-06,2023-02-12,2022-02-07,2022-02-13,6,7,6,2,February,Feb,2023-02-01,2023-02-28,2022-02-01,2022-02-28,1,2023-01-01,2023-03-31,2023,2023-01-01,2023-12-31
2023-02-13,2023-02-12,2023-02-14,2022-02-13,2022-02-14,2,1,Monday,Mon,13,44,2023-02-12,2023-02-18,2022-02-13,2022-02-19,7,2023-02-13,2023-02-19,2022-02-14,2022-02-20,7,7,7,2,February,Feb,2023-02-01,2023-02-28,2022-02-01,2022-02-28,1,2023-01-01,2023-03-31,2023,2023-01-01,2023-12-31
2023-02-14,2023-02-13,2023-02-15,2022-02-14,2022-02-15,3,2,Tuesday,Tue,14,45,2023-02-12,2023-02-18,2022-02-13,2022-02-19,7,2023-02-13,2023-02-19,2022-02-14,2022-02-20,7,7,7,2,February,Feb,2023-02-01,2023-02-28,2022-02-01,2022-02-28,1,2023-01-01,2023-03-31,2023,2023-01-01,2023-12-31
2023-02-15,2023-02-14,2023-02-16,2022-02-15,2022-02-16,4,3,Wednesday,Wed,15,46,2023-02-12,2023-02-18,2022-02-13,2022-02-19,7,2023-02-13,2023-02-19,2022-02-14,2022-02-20,7,7,7,2,February,Feb,2023-02-01,2023-02-28,2022-02-01,2022-02-28,1,2023-01-01,2023-03-31,2023,2023-01-01,2023-12-31
2023-02-16,2023-02-15,2023-02-17,2022-02-16,2022-02-17,5,4,Thursday,Thu,16,47,2023-02-12,2023-02-18,2022-02-13,2022-02-19,7,2023-02-13,2023-02-19,2022-02-14,2022-02-20,7,7,7,2,February,Feb,2023-02-01,2023-02-28,2022-02-01,2022-02-28,1,2023-01-01,2023-03-31,2023,2023-01-01,2023-12-31
2023-02-17,2023-02-16,2023-02-18,2022-02-17,2022-02-18,6,5,Friday,Fri,17,48,2023-02-12,2023-02-18,2022-02-13,2022-02-19,7,2023-02-13,2023-02-19,2022-02-14,2022-02-20,7,7,7,2,February,Feb,2023-02-01,2023-02-28,2022-02-01,2022-02-28,1,2023-01-01,2023-03-31,2023,2023-01-01,2023-12-31
2023-02-18,2023-02-17,2023-02-19,2022-02-18,2022-02-19,7,6,Saturday,Sat,18,49,2023-02-12,2023-02-18,2022-02-13,2022-02-19,7,2023-02-13,2023-02-19,2022-02-14,2022-02-20,7,8,7,2,February,Feb,2023-02-01,2023-02-28,2022-02-01,2022-02-28,1,2023-01-01,2023-03-31,2023,2023-01-01,2023-12-31
2023-02-19,2023-02-18,2023-02-20,2022-02-19,2022-02-20,1,7,Sunday,Sun,19,50,2023-02-19,2023-02-25,2022-02-20,2022-02-26,8,2023-02-13,2023-02-19,2022-02-14,2022-02-20,7,8,7,2,February,Feb,2023-02-01,2023-02-28,2022-02-01,2022-02-28,1,2023-01-01,2023-03-31,2023,2023-01-01,2023-12-31
2023-02-20,2023-02-19,2023-02-21,2022-02-20,2022-02-21,2,1,Monday,Mon,20,51,2023-02-19,2023-02-25,2022-02-20,2022-02-26,8,2023-02-20,2023-02-26,2022-02-21,2022-02-27,8,8,8,2,February,Feb,2023-02-01,2023-02-28,2022-02-01,2022-02-28,1,2023-01-01,2023-03-31,2023,2023-01-01,2023-12-31
2023-02-21,2023-02-20,2023-02-22,2022-02-21,2022-02-22,3,2,Tuesday,Tue,21,52,2023-02-19,2023-02-25,2022-02-20,2022-02-26,8,2023-02-20,2023-02-26,2022-02-21,2022-02-27,8,8,8,2,February,Feb,2023-02-01,2023-02-28,2022-02-01,2022-02-28,1,2023-01-01,2023-03-31,2023,2023-01-01,2023-12-31
2023-02-22,2023-02-21,2023-02-23,2022-02-22,2022-02-23,4,3,Wednesday,Wed,22,53,2023-02-19,2023-02-25,2022-02-20,2022-02-26,8,2023-02-20,2023-02-26,2022-02-21,2022-02-27,8,8,8,2,February,Feb,2023-02-01,2023-02-28,2022-02-01,2022-02-28,1,2023-01-01,2023-03-31,2023,2023-01-01,2023-12-31
2023-02-23,2023-02-22,2023-02-24,2022-02-23,2022-02-24,5,4,Thursday,Thu,23,54,2023-02-19,2023-02-25,2022-02-20,2022-02-26,8,2023-02-20,2023-02-26,2022-02-21,2022-02-27,8,8,8,2,February,Feb,2023-02-01,2023-02-28,2022-02-01,2022-02-28,1,2023-01-01,2023-03-31,2023,2023-01-01,2023-12-31
2023-02-24,2023-02-23,2023-02-25,2022-02-24,2022-02-25,6,5,Friday,Fri,24,55,2023-02-19,2023-02-25,2022-02-20,2022-02-26,8,2023-02-20,2023-02-26,2022-02-21,2022-02-27,8,8,8,2,February,Feb,2023-02-01,2023-02-28,2022-02-01,2022-02-28,1,2023-01-01,2023-03-31,2023,2023-01-01,2023-12-31
2023-02-25,2023-02-24,2023-02-26,2022-02-25,2022-02-26,7,6,Saturday,Sat,25,56,2023-02-19,2023-02-25,2022-02-20,2022-02-26,8,2023-02-20,2023-02-26,2022-02-21,2022-02-27,8,9,8,2,February,Feb,2023-02-01,2023-02-28,2022-02-01,2022-02-28,1,2023-01-01,2023-03-31,2023,2023-01-01,2023-12-31
2023-02-26,2023-02-25,2023-02-27,2022-02-26,2022-02-27,1,7,Sunday,Sun,26,57,2023-02-26,2023-03-04,2022-02-27,2022-03-05,9,2023-02-20,2023-02-26,2022-02-21,2022-02-27,8,9,8,2,February,Feb,2023-02-01,2023-02-28,2022-02-01,2022-02-28,1,2023-01-01,2023-03-31,2023,2023-01-01,2023-12-31
2023-02-27,2023-02-26,2023-02-28,2022-02-27,2022-02-28,2,1,Monday,Mon,27,58,2023-02-26,2023-03-04,2022-02-27,2022-03-05,9,2023-02-27,2023-03-05,2022-02-28,2022-03-06,9,9,9,2,February,Feb,2023-02-01,2023-02-28,2022-02-01,2022-02-28,1,2023-01-01,2023-03-31,2023,2023-01-01,2023-12-31
2023-02-28,2023-02-27,2023-03-01,2022-02-28,2022-03-01,3,2,Tuesday,Tue,28,59,2023-02-26,2023-03-04,2022-02-27,2022-03-05,9,2023-02-27,2023-03-05,2022-02-28,2022-03-06,9,9,9,2,February,Feb,2023-02-01,2023-02-28,2022-02-01,2022-02-28,1,2023-01-01,2023-03-31,2023,2023-01-01,2023-12-31
2023-03-01,2023-02-28,2023-03-02,2022-03-01,2022-03-02,4,3,Wednesday,Wed,1,60,2023-02-26,2023-03-04,2022-02-27,2022-03-05,9,2023-02-27,2023-03-05,2022-02-28,2022-03-06,9,9,9,3,March,Mar,2023-03-01,2023-03-31,2022-03-01,2022-03-31,1,2023-01-01,2023-03-31,2023,2023-01-01,2023-12-31
2023-03-02,2023-03-01,2023-03-03,2022-03-02,2022-03-03,5,4,Thursday,Thu,2,61,2023-02-26,2023-03-04,2022-02-27,2022-03-05,9,2023-02-27,2023-03-05,2022-02-28,2022-03-06,9,9,9,3,March,Mar,2023-03-01,2023-03-31,2022-03-01,2022-03-31,1,2023-01-01,2023-03-31,2023,2023-01-01,2023-12-31
2023-03-03,2023-03-02,2023-03-04,2022-03-03,2022-03-04,6,5,Friday,Fri,3,62,2023-02-26,2023-03-04,2022-02-27,2022-03-05,9,2023-02-27,2023-03-05,2022-02-28,2022-03-06,9,9,9,3,March,Mar,2023-03-01,2023-03-31,2022-03-01,2022-03-31,1,2023-01-01,2023-03-31,2023,2023-01-01,2023-12-31
2023-03-04,2023-03-03,2023-03-05,2022-03-04,2022-03-05,7,6,Saturday,Sat,4,63,2023-02-26,2023-03-04,2022-02-27,2022-03-05,9,2023-02-27,2023-03-05,2022-02-28,2022-03-06,9,10,9,3,March,Mar,2023-03-01,2023-03-31,2022-03-01,2022-03-31,1,2023-01-01,2023-03-31,2023,2023-01-01,2023-12-31
2023-03-05,2023-03-04,2023-03-06,2022-03-05,2022-03-06,1,7,Sunday,Sun,5,64,2023-03-05,2023-03-11,2022-03-06,2022-03-12,10,2023-02-27,2023-03-05,2022-02-28,2022-03-06,9,10,9,3,March,Mar,2023-03-01,2023-03-31,2022-03-01,2022-03-31,1,2023-01-01,2023-03-31,2023,2023-01-01,2023-12-31
2023-03-06,2023-03-05,2023-03-07,2022-03-06,2022-03-07,2,1,Monday,Mon,6,65,2023-03-05,2023-03-11,2022-03-06,2022-03-12,10,2023-03-06,2023-03-12,2022-03-07,2022-03-13,10,10,10,3,March,Mar,2023-03-01,2023-03-31,2022-03-01,2022-03-31,1,2023-01-01,2023-03-31,2023,2023-01-01,2023-12-31
2023-03-07,2023-03-06,2023-03-08,2022-03-07,2022-03-08,3,2,Tuesday,Tue,7,66,2023-03-05,2023-03-11,2022-03-06,2022-03-12,10,2023-03-06,2023-03-12,2022-03-07,2022-03-13,10,10,10,3,March,Mar,2023-03-01,2023-03-31,2022-03-01,2022-03-31,1,2023-01-01,2023-03-31,2023,2023-01-01,2023-12-31
2023-03-08,2023-03-07,2023-03-09,2022-03-08,2022-03-09,4,3,Wednesday,Wed,8,67,2023-03-05,2023-03-11,2022-03-06,2022-03-12,10,2023-03-06,2023-03-12,2022-03-07,2022-03-13,10,10,10,3,March,Mar,2023-03-01,2023-03-31,2022-03-01,2022-03-31,1,2023-01-01,2023-03-31,2023,2023-01-01,2023-12-31
2023-03-09,2023-03-08,2023-03-10,2022-03-09,2022-03-10,5,4,Thursday,Thu,9,68,2023-03-05,2023-03-11,2022-03-06,2022-03-12,10,2023-03-06,2023-03-12,2022-03-07,2022-03-13,10,10,10,3,March,Mar,2023-03-01,2023-03-31,2022-03-01,2022-03-31,1,2023-01-01,2023-03-31,2023,2023-01-01,2023-12-31
2023-03-10,2023-03-09,2023-03-11,2022-03-10,2022-03-11,6,5,Friday,Fri,10,69,2023-03-05,2023-03-11,2022-03-06,2022-03-12,10,2023-03-06,2023-03-12,2022-03-07,2022-03-13,10,10,10,3,March,Mar,2023-03-01,2023-03-31,2022-03-01,2022-03-31,1,2023-01-01,2023-03-31,2023,2023-01-01,2023-12-31
2023-03-11,2023-03-10,2023-03-12,2022-03-11,2022-03-12,7,6,Saturday,Sat,11,70,2023-03-05,2023-03-11,2022-03-06,2022-03-12,10,2023-03-06,2023-03-12,2022-03-07,2022-03-13,10,11,10,3,March,Mar,2023-03-01,2023-03-31,2022-03-01,2022-03-31,1,2023-01-01,2023-03-31,2023,2023-01-01,2023-12-31
2023-03-12,2023-03-11,2023-03-13,2022-03-12,2022-03-13,1,7,Sunday,Sun,12,71,2023-03-12,2023-03-18,2022-03-13,2022-03-19,11,2023-03-06,2023-03-12,2022-03-07,2022-03-13,10,11,10,3,March,Mar,2023-03-01,2023-03-31,2022-03-01,2022-03-31,1,2023-01-01,2023-03-31,2023,2023-01-01,2023-12-31
2023-03-13,2023-03-12,2023-03-14,2022-03-13,2022-03-14,2,1,Monday,Mon,13,72,2023-03-12,2023-03-18,2022-03-13,2022-03-19,11,2023-03-13,2023-03-19,2022-03-14,2022-03-20,11,11,11,3,March,Mar,2023-03-01,2023-03-31,2022-03-01,2022-03-31,1,2023-01-01,2023-03-31,2023,2023-01-01,2023-12-31
2023-03-14,2023-03-13,2023-03-15,2022-03-14,2022-03-15,3,2,Tuesday,Tue,14,73,2023-03-12,2023-03-18,2022-03-13,2022-03-19,11,2023-03-13,2023-03-19,2022-03-14,2022-03-20,11,11,11,3,March,Mar,2023-03-01,2023-03-31,2022-03-01,2022-03-31,1,2023-01-01,2023-03-31,2023,2023-01-01,2023-12-31
2023-03-15,2023-03-14,2023-03-16,2022-03-15,2022-03-16,4,3,Wednesday,Wed,15,74,2023-03-12,2023-03-18,2022-03-13,2022-03-19,11,2023-03-13,2023-03-19,2022-03-14,2022-03-20,11,11,11,3,March,Mar,2023-03-01,2023-03-31,2022-03-01,2022-03-31,1,2023-01-01,2023-03-31,2023,2023-01-01,2023-12-31
2023-03-16,2023-03-15,2023-03-17,2022-03-16,2022-03-17,5,4,Thursday,Thu,16,75,2023-03-12,2023-03-18,2022-03-13,2022-03-19,11,2023-03-13,2023-03-19,2022-03-14,2022-03-20,11,11,11,3,March,Mar,2023-03-01,2023-03-31,2022-03-01,2022-03-31,1,2023-01-01,2023-03-31,2023,2023-01-01,2023-12-31
2023-03-17,2023-03-16,2023-03-18,2022-03-17,2022-03-18,6,5,Friday,Fri,17,76,2023-03-12,2023-03-18,2022-03-13,2022-03-19,11,2023-03-13,2023-03-19,2022-03-14,2022-03-20,11,11,11,3,March,Mar,2023-03-01,2023-03-31,2022-03-01,2022-03-31,1,2023-01-01,2023-03-31,2023,2023-01-01,2023-12-31
2023-03-18,2023-03-17,2023-03-19,2022-03-18,2022-03-19,7,6,Saturday,Sat,18,77,2023-03-12,2023-03-18,2022-03-13,2022-03-19,11,2023-03-13,2023-03-19,2022-03-14,2022-03-20,11,12,11,3,March,Mar,2023-03-01,2023-03-31,2022-03-01,2022-03-31,1,2023-01-01,2023-03-31,2023,2023-01-01,2023-12-31
2023-03-19,2023-03-18,2023-03-20,2022-03-19,2022-03-20,1,7,Sunday,Sun,19,78,2023-03-19,2023-03-25,2022-03-20,2022-03-26,12,2023-03-13,2023-03-19,2022-03-14,2022-03-20,11,12,11,3,March,Mar,2023-03-01,2023-03-31,2022-03-01,2022-03-31,1,2023-01-01,2023-03-31,2023,2023-01-01,2023-12-31
2023-03-20,2023-03-19,2023-03-21,2022-03-20,2022-03-21,2,1,Monday,Mon,20,79,2023-03-19,2023-03-25,2022-03-20,2022-03-26,12,2023-03-20,2023-03-26,2022-03-21,2022-03-27,12,12,12,3,March,Mar,2023-03-01,2023-03-31,2022-03-01,2022-03-31,1,2023-01-01,2023-03-31,2023,2023-01-01,2023-12-31
2023-03-21,2023-03-20,2023-03-22,2022-03-21,2022-03-22,3,2,Tuesday,Tue,21,80,2023-03-19,2023-03-25,2022-03-20,2022-03-26,12,2023-03-20,2023-03-26,2022-03-21,2022-03-27,12,12,12,3,March,Mar,2023-03-01,2023-03-31,2022-03-01,2022-03-31,1,2023-01-01,2023-03-31,2023,2023-01-01,2023-12-31
2023-03-22,2023-03-21,2023-03-23,2022-03-22,2022-03-23,4,3,Wednesday,Wed,22,81,2023-03-19,2023-03-25,2022-03-20,2022-03-26,12,2023-03-20,2023-03-26,2022-03-21,2022-03-27,12,12,12,3,March,Mar,2023-03-01,2023-03-31,2022-03-01,2022-03-31,1,2023-01-01,2023-03-31,2023,2023-01-01,2023-12-31
2023-03-23,2023-03-22,2023-03-24,2022-03-23,2022-03-24,5,4,Thursday,Thu,23,82,2023-03-19,2023-03-25,2022-03-20,2022-03-26,12,2023-03-20,2023-03-26,2022-03-21,2022-03-27,12,12,12,3,March,Mar,2023-03-01,2023-03-31,2022-03-01,2022-03-31,1,2023-01-01,2023-03-31,2023,2023-01-01,2023-12-31
2023-03-24,2023-03-23,2023-03-25,2022-03-24,2022-03-25,6,5,Friday,Fri,24,83,2023-03-19,2023-03-25,2022-03-20,2022-03-26,12,2023-03-20,2023-03-26,2022-03-21,2022-03-27,12,12,12,3,March,Mar,2023-03-01,2023-03-31,2022-03-01,2022-03-31,1,2023-01-01,2023-03-31,2023,2023-01-01,2023-12-31
2023-03-25,2023-03-24,2023-03-26,2022-03-25,2022-03-26,7,6,Saturday,Sat,25,84,2023-03-19,2023-03-25,2022-03-20,2022-03-26,12,2023-03-20,2023-03-26,2022-03-21,2022-03-27,12,13,12,3,March,Mar,2023-03-01,2023-03-31,2022-03-01,2022-03-31,1,2023-01-01,2023-03-31,2023,2023-01-01,2023-12-31
2023-03-26,2023-03-25,2023-03-27,2022-03-26,2022-03-27,1,7,Sunday,Sun,26,85,2023-03-26,2023-04-01,2022-03-27,2022-04-02,13,2023-03-20,2023-03-26,2022-03-21,2022-03-27,12,13,12,3,March,Mar,2023-03-01,2023-03-31,2022-03-01,2022-03-31,1,2023-01-01,2023-03-31,2023,2023-01-01,2023-12-31
2023-03-27,2023-03-26,2023-03-28,2022-03-27,2022-03-28,2,1,Monday,Mon,27,86,2023-03-26,2023-04-01,2022-03-27,2022-04-02,13,2023-03-27,2023-04-02,2022-03-28,2022-04-03,13,13,13,3,March,Mar,2023-03-01,2023-03-31,2022-03-01,2022-03-31,1,2023-01-01,2023-03-31,2023,2023-01-01,2023-12-31
2023-03-28,2023-03-27,2023-03-29,2022-03-28,2022-03-29,3,2,Tuesday,Tue,28,87,2023-03-26,2023-04-01,2022-03-27,2022-04-02,13,2023-03-27,2023-04-02,2022-03-28,2022-04-03,13,13,13,3,March,Mar,2023-03-01,2023-03-31,2022-03-01,2022-03-31,1,2023-01-01,2023-03-31,2023,2023-01-01,2023-12-31
2023-03-29,2023-03-28,2023-03-30,2022-03-29,2022-03-30,4,3,Wednesday,Wed,29,88,2023-03-26,2023-04-01,2022-03-27,2022-04-02,13,2023-03-27,2023-04-02,2022-03-28,2022-04-03,13,13,13,3,March,Mar,2023-03-01,2023-03-31,2022-03-01,2022-03-31,1,2023-01-01,2023-03-31,2023,2023-01-01,2023-12-31
2023-03-30,2023-03-29,2023-03-31,2022-03-30,2022-03-31,5,4,Thursday,Thu,30,89,2023-03-26,2023-04-01,2022-03-27,2022-04-02,13,2023-03-27,2023-04-02,2022-03-28,2022-04-03,13,13,13,3,March,Mar,2023-03-01,2023-03-31,2022-03-01,2022-03-31,1,2023-01-01,2023-03-31,2023,2023-01-01,2023-12-31
2023-03-31,2023-03-30,2023-04-01,2022-03-31,2022-04-01,6,5,Friday,Fri,31,90,2023-03-26,2023-04-01,2022-03-27,2022-04-02,13,2023-03-27,2023-04-02,2022-03-28,2022-04-03,13,13,13,3,March,Mar,2023-03-01,2023-03-31,2022-03-01,2022-03-31,1,2023-01-01,2023-03-31,2023,2023-01-01,2023-12-31
2023-04-01,2023-03-31,2023-04-02,2022-04-01,2022-04-02,7,6,Saturday,Sat,1,91,2023-03-26,2023-04-01,2022-03-27,2022-04-02,13,2023-03-27,2023-04-02,2022-03-28,2022-04-03,13,14,13,4,April,Apr,2023-04-01,2023-04-30,2022-04-01,2022-04-30,2,2023-04-01,2023-06-30,2023,2023-01-01,2023-12-31
2023-04-02,2023-04-01,2023-04-03,2022-04-02,2022-04-03,1,7,Sunday,Sun,2,92,2023-04-02,2023-04-08,2022-04-03,2022-04-09,14,2023-03-27,2023-04-02,2022-03-28,2022-04-03,13,14,13,4,April,Apr,2023-04-01,2023-04-30,2022-04-01,2022-04-30,2,2023-04-01,2023-06-30,2023,2023-01-01,2023-12-31
2023-04-03,2023-04-02,2023-04-04,2022-04-03,2022-04-04,2,1,Monday,Mon,3,93,2023-04-02,2023-04-08,2022-04-03,2022-04-09,14,2023-04-03,2023-04-09,2022-04-04,2022-04-10,14,14,14,4,April,Apr,2023-04-01,2023-04-30,2022-04-01,2022-04-30,2,2023-04-01,2023-06-30,2023,2023-01-01,2023-12-31
2023-04-04,2023-04-03,2023-04-05,2022-04-04,2022-04-05,3,2,Tuesday,Tue,4,94,2023-04-02,2023-04-08,2022-04-03,2022-04-09,14,2023-04-03,2023-04-09,2022-04-04,2022-04-10,14,14,14,4,April,Apr,2023-04-01,2023-04-30,2022-04-01,2022-04-30,2,2023-04-01,2023-06-30,2023,2023-01-01,2023-12-31
2023-04-05,2023-04-04,2023-04-06,2022-04-05,2022-04-06,4,3,Wednesday,Wed,5,95,2023-04-02,2023-04-08,2022-04-03,2022-04-09,14,2023-04-03,2023-04-09,2022-04-04,2022-04-10,14,14,14,4,April,Apr,2023-04-01,2023-04-30,2022-04-01,2022-04-30,2,2023-04-01,2023-06-30,2023,2023-01-01,2023-12-31
2023-04-06,2023-04-05,2023-04-07,2022-04-06,2022-04-07,5,4,Thursday,Thu,6,96,2023-04-02,2023-04-08,2022-04-03,2022-04-09,14,2023-04-03,2023-04-09,2022-04-04,2022-04-10,14,14,14,4,April,Apr,2023-04-01,2023-04-30,2022-04-01,2022-04-30,2,2023-04-01,2023-06-30,2023,2023-01-01,2023-12-31
2023-04-07,2023-04-06,2023-04-08,2022-04-07,2022-04-08,6,5,Friday,Fri,7,97,2023-04-02,2023-04-08,2022-04-03,2022-04-09,14,2023-04-03,2023-04-09,2022-04-04,2022-04-10,14,14,14,4,April,Apr,2023-04-01,2023-04-30,2022-04-01,2022-04-30,2,2023-04-01,2023-06-30,2023,2023-01-01,2023-12-31
2023-04-08,2023-04-07,2023-04-09,2022-04-08,2022-04-09,7,6,Saturday,Sat,8,98,2023-04-02,2023-04-08,2022-04-03,2022-04-09,14,2023-04-03,2023-04-09,2022-04-04,2022-04-10,14,15,14,4,April,Apr,2023-04-01,2023-04-30,2022-04-01,2022-04-30,2,2023-04-01,2023-06-30,2023,2023-01-01,2023-12-31
2023-04-09,2023-04-08,2023-04-10,2022-04-09,2022-04-10,1,7,Sunday,Sun,9,99,2023-04-09,2023-04-15,2022-04-10,2022-04-16,15,2023-04-03,2023-04-09,2022-04-04,2022-04-10,14,15,14,4,April,Apr,2023-04-01,2023-04-30,2022-04-01,2022-04-30,2,2023-04-01,2023-06-30,2023,2023-01-01,2023-12-31
2023-04-10,2023-04-09,2023-04-11,2022-04-10,2022-04-11,2,1,Monday,Mon,10,100,2023-04-09,2023-04-15,2022-04-10,2022-04-16,15,2023-04-10,2023-04-16,2022-04-11,2022-04-17,15,15,15,4,April,Apr,2023-04-01,2023-04-30,2022-04-01,2022-04-30,2,2023-04-01,2023-06-30,2023,2023-01-01,2023-12-31
2023-04-11,2023-04-10,2023-04-12,2022-04-11,2022-04-12,3,2,Tuesday,Tue,11,101,2023-04-09,2023-04-15,2022-04-10,2022-04-16,15,2023-04-10,2023-04-16,2022-04-11,2022-04-17,15,15,15,4,April,Apr,2023-04-01,2023-04-30,2022-04-01,2022-04-30,2,2023-04-01,2023-06-30,2023,2023-01-01,2023-12-31
2023-04-12,2023-04-11,2023-04-13,2022-04-12,2022-04-13,4,3,Wednesday,Wed,12,102,2023-04-09,2023-04-15,2022-04-10,2022-04-16,15,2023-04-10,2023-04-16,2022-04-11,2022-04-17,15,15,15,4,April,Apr,2023-04-01,2023-04-30,2022-04-01,2022-04-30,2,2023-04-01,2023-06-30,2023,2023-01-01,2023-12-31
2023-04-13,2023-04-12,2023-04-14,2022-04-13,2022-04-14,5,4,Thursday,Thu,13,103,2023-04-09,2023-04-15,2022-04-10,2022-04-16,15,2023-04-10,2023-04-16,2022-04-11,2022-04-17,15,15,15,4,April,Apr,2023-04-01,2023-04-30,2022-04-01,2022-04-30,2,2023-04-01,2023-06-30,2023,2023-01-01,2023-12-31
2023-04-14,2023-04-13,2023-04-15,2022-04-14,2022-04-15,6,5,Friday,Fri,14,104,2023-04-09,2023-04-15,2022-04-10,2022-04-16,15,2023-04-10,2023-04-16,2022-04-11,2022-04-17,15,15,15,4,April,Apr,2023-04-01,2023-04-30,2022-04-01,2022-04-30,2,2023-04-01,2023-06-30,2023,2023-01-01,2023-12-31
2023-04-15,2023-04-14,2023-04-16,2022-04-15,2022-04-16,7,6,Saturday,Sat,15,105,2023-04-09,2023-04-15,2022-04-10,2022-04-16,15,2023-04-10,2023-04-16,2022-04-11,2022-04-17,15,16,15,4,April,Apr,2023-04-01,2023-04-30,2022-04-01,2022-04-30,2,2023-04-01,2023-06-30,2023,2023-01-01,2023-12-31
2023-04-16,2023-04-15,2023-04-17,2022-04-16,2022-04-17,1,7,Sunday,Sun,16,106,2023-04-16,2023-04-22,2022-04-17,2022-04-23,16,2023-04-10,2023-04-16,2022-04-11,2022-04-17,15,16,15,4,April,Apr,2023-04-01,2023-04-30,2022-04-01,2022-04-30,2,2023-04-01,2023-06-30,2023,2023-01-01,2023-12-31
2023-04-17,2023-04-16,2023-04-18,2022-04-17,2022-04-18,2,1,Monday,Mon,17,107,2023-04-16,2023-04-22,2022-04-17,2022-04-23,16,2023-04-17,2023-04-23,2022-04-18,2022-04-24,16,16,16,4,April,Apr,2023-04-01,2023-04-30,2022-04-01,2022-04-30,2,2023-04-01,2023-06-30,2023,2023-01-01,2023-12-31
2023-04-18,2023-04-17,2023-04-19,2022-04-18,2022-04-19,3,2,Tuesday,Tue,18,108,2023-04-16,2023-04-22,2022-04-17,2022-04-23,16,2023-04-17,2023-04-23,2022-04-18,2022-04-24,16,16,16,4,April,Apr,2023-04-01,2023-04-30,2022-04-01,2022-04-30,2,2023-04-01,2023-06-30,2023,2023-01-01,2023-12-31
2023-04-19,2023-04-18,2023-04-20,2022-04-19,2022-04-20,4,3,Wednesday,Wed,19,109,2023-04-16,2023-04-22,2022-04-17,2022-04-23,16,2023-04-17,2023-04-23,2022-04-18,2022-04-24,16,16,16,4,April,Apr,2023-04-01,2023-04-30,2022-04-01,2022-04-30,2,2023-04-01,2023-06-30,2023,2023-01-01,2023-12-31
2023-04-20,2023-04-19,2023-04-21,2022-04-20,2022-04-21,5,4,Thursday,Thu,20,110,2023-04-16,2023-04-22,2022-04-17,2022-04-23,16,2023-04-17,2023-04-23,2022-04-18,2022-04-24,16,16,16,4,April,Apr,2023-04-01,2023-04-30,2022-04-01,2022-04-30,2,2023-04-01,2023-06-30,2023,2023-01-01,2023-12-31
2023-04-21,2023-04-20,2023-04-22,2022-04-21,2022-04-22,6,5,Friday,Fri,21,111,2023-04-16,2023-04-22,2022-04-17,2022-04-23,16,2023-04-17,2023-04-23,2022-04-18,2022-04-24,16,16,16,4,April,Apr,2023-04-01,2023-04-30,2022-04-01,2022-04-30,2,2023-04-01,2023-06-30,2023,2023-01-01,2023-12-31
2023-04-22,2023-04-21,2023-04-23,2022-04-22,2022-04-23,7,6,Saturday,Sat,22,112,2023-04-16,2023-04-22,2022-04-17,2022-04-23,16,2023-04-17,2023-04-23,2022-04-18,2022-04-24,16,17,16,4,April,Apr,2023-04-01,2023-04-30,2022-04-01,2022-04-30,2,2023-04-01,2023-06-30,2023,2023-01-01,2023-12-31
2023-04-23,2023-04-22,2023-04-24,2022-04-23,2022-04-24,1,7,Sunday,Sun,23,113,2023-04-23,2023-04-29,2022-04-24,2022-04-30,17,2023-04-17,2023-04-23,2022-04-18,2022-04-24,16,17,16,4,April,Apr,2023-04-01,2023-04-30,2022-04-01,2022-04-30,2,2023-04-01,2023-06-30,2023,2023-01-01,2023-12-31
2023-04-24,2023-04-23,2023-04-25,2022-04-24,2022-04-25,2,1,Monday,Mon,24,114,2023-04-23,2023-04-29,2022-04-24,2022-04-30,17,2023-04-24,2023-04-30,2022-04-25,2022-05-01,17,17,17,4,April,Apr,2023-04-01,2023-04-30,2022-04-01,2022-04-30,2,2023-04-01,2023-06-30,2023,2023-01-01,2023-12-31
2023-04-25,2023-04-24,2023-04-26,2022-04-25,2022-04-26,3,2,Tuesday,Tue,25,115,2023-04-23,2023-04-29,2022-04-24,2022-04-30,17,2023-04-24,2023-04-30,2022-04-25,2022-05-01,17,17,17,4,April,Apr,2023-04-01,2023-04-30,2022-04-01,2022-04-30,2,2023-04-01,2023-06-30,2023,2023-01-01,2023-12-31
2023-04-26,2023-04-25,2023-04-27,2022-04-26,2022-04-27,4,3,Wednesday,Wed,26,116,2023-04-23,2023-04-29,2022-04-24,2022-04-30,17,2023-04-24,2023-04-30,2022-04-25,2022-05-01,17,17,17,4,April,Apr,2023-04-01,2023-04-30,2022-04-01,2022-04-30,2,2023-04-01,2023-06-30,2023,2023-01-01,2023-12-31
2023-04-27,2023-04-26,2023-04-28,2022-04-27,2022-04-28,5,4,Thursday,Thu,27,117,2023-04-23,2023-04-29,2022-04-24,2022-04-30,17,2023-04-24,2023-04-30,2022-04-25,2022-05-01,17,17,17,4,April,Apr,2023-04-01,2023-04-30,2022-04-01,2022-04-30,2,2023-04-01,2023-06-30,2023,2023-01-01,2023-12-31
2023-04-28,2023-04-27,2023-04-29,2022-04-28,2022-04-29,6,5,Friday,Fri,28,118,2023-04-23,2023-04-29,2022-04-24,2022-04-30,17,2023-04-24,2023-04-30,2022-04-25,2022-05-01,17,17,17,4,April,Apr,2023-04-01,2023-04-30,2022-04-01,2022-04-30,2,2023-04-01,2023-06-30,2023,2023-01-01,2023-12-31
2023-04-29,2023-04-28,2023-04-30,2022-04-29,2022-04-30,7,6,Saturday,Sat,29,119,2023-04-23,2023-04-29,2022-04-24,2022-04-30,17,2023-04-24,2023-04-30,2022-04-25,2022-05-01,17,18,17,4,April,Apr,2023-04-01,2023-04-30,2022-04-01,2022-04-30,2,2023-04-01,2023-06-30,2023,2023-01-01,2023-12-31
2023-04-30,2023-04-29,2023-05-01,2022-04-30,2022-05-01,1,7,Sunday,Sun,30,120,2023-04-30,2023-05-06,2022-05-01,2022-05-07,18,2023-04-24,2023-04-30,2022-04-25,2022-05-01,17,18,17,4,April,Apr,2023-04-01,2023-04-30,2022-04-01,2022-04-30,2,2023-04-01,2023-06-30,2023,2023-01-01,2023-12-31
2023-05-01,2023-04-30,2023-05-02,2022-05-01,2022-05-02,2,1,Monday,Mon,1,121,2023-04-30,2023-05-06,2022-05-01,2022-05-07,18,2023-05-01,2023-05-07,2022-05-02,2022-05-08,18,18,18,5,May,May,2023-05-01,2023-05-31,2022-05-01,2022-05-31,2,2023-04-01,2023-06-30,2023,2023-01-01,2023-12-31
2023-05-02,2023-05-01,2023-05-03,2022-05-02,2022-05-03,3,2,Tuesday,Tue,2,122,2023-04-30,2023-05-06,2022-05-01,2022-05-07,18,2023-05-01,2023-05-07,2022-05-02,2022-05-08,18,18,18,5,May,May,2023-05-01,2023-05-31,2022-05-01,2022-05-31,2,2023-04-01,2023-06-30,2023,2023-01-01,2023-12-31
2023-05-03,2023-05-02,2023-05-04,2022-05-03,2022-05-04,4,3,Wednesday,Wed,3,123,2023-04-30,2023-05-06,2022-05-01,2022-05-07,18,2023-05-01,2023-05-07,2022-05-02,2022-05-08,18,18,18,5,May,May,2023-05-01,2023-05-31,2022-05-01,2022-05-31,2,2023-04-01,2023-06-30,2023,2023-01-01,2023-12-31
2023-05-04,2023-05-03,2023-05-05,2022-05-04,2022-05-05,5,4,Thursday,Thu,4,124,2023-04-30,2023-05-06,2022-05-01,2022-05-07,18,2023-05-01,2023-05-07,2022-05-02,2022-05-08,18,18,18,5,May,May,2023-05-01,2023-05-31,2022-05-01,2022-05-31,2,2023-04-01,2023-06-30,2023,2023-01-01,2023-12-31
2023-05-05,2023-05-04,2023-05-06,2022-05-05,2022-05-06,6,5,Friday,Fri,5,125,2023-04-30,2023-05-06,2022-05-01,2022-05-07,18,2023-05-01,2023-05-07,2022-05-02,2022-05-08,18,18,18,5,May,May,2023-05-01,2023-05-31,2022-05-01,2022-05-31,2,2023-04-01,2023-06-30,2023,2023-01-01,2023-12-31
2023-05-06,2023-05-05,2023-05-07,2022-05-06,2022-05-07,7,6,Saturday,Sat,6,126,2023-04-30,2023-05-06,2022-05-01,2022-05-07,18,2023-05-01,2023-05-07,2022-05-02,2022-05-08,18,19,18,5,May,May,2023-05-01,2023-05-31,2022-05-01,2022-05-31,2,2023-04-01,2023-06-30,2023,2023-01-01,2023-12-31
2023-05-07,2023-05-06,2023-05-08,2022-05-07,2022-05-08,1,7,Sunday,Sun,7,127,2023-05-07,2023-05-13,2022-05-08,2022-05-14,19,2023-05-01,2023-05-07,2022-05-02,2022-05-08,18,19,18,5,May,May,2023-05-01,2023-05-31,2022-05-01,2022-05-31,2,2023-04-01,2023-06-30,2023,2023-01-01,2023-12-31
2023-05-08,2023-05-07,2023-05-09,2022-05-08,2022-05-09,2,1,Monday,Mon,8,128,2023-05-07,2023-05-13,2022-05-08,2022-05-14,19,2023-05-08,2023-05-14,2022-05-09,2022-05-15,19,19,19,5,May,May,2023-05-01,2023-05-31,2022-05-01,2022-05-31,2,2023-04-01,2023-06-30,2023,2023-01-01,2023-12-31
2023-05-09,2023-05-08,2023-05-10,2022-05-09,2022-05-10,3,2,Tuesday,Tue,9,129,2023-05-07,2023-05-13,2022-05-08,2022-05-14,19,2023-05-08,2023-05-14,2022-05-09,2022-05-15,19,19,19,5,May,May,2023-05-01,2023-05-31,2022-05-01,2022-05-31,2,2023-04-01,2023-06-30,2023,2023-01-01,2023-12-31
2023-05-10,2023-05-09,2023-05-11,2022-05-10,2022-05-11,4,3,Wednesday,Wed,10,130,2023-05-07,2023-05-13,2022-05-08,2022-05-14,19,2023-05-08,2023-05-14,2022-05-09,2022-05-15,19,19,19,5,May,May,2023-05-01,2023-05-31,2022-05-01,2022-05-31,2,2023-04-01,2023-06-30,2023,2023-01-01,2023-12-31
2023-05-11,2023-05-10,2023-05-12,2022-05-11,2022-05-12,5,4,Thursday,Thu,11,131,2023-05-07,2023-05-13,2022-05-08,2022-05-14,19,2023-05-08,2023-05-14,2022-05-09,2022-05-15,19,19,19,5,May,May,2023-05-01,2023-05-31,2022-05-01,2022-05-31,2,2023-04-01,2023-06-30,2023,2023-01-01,2023-12-31
2023-05-12,2023-05-11,2023-05-13,2022-05-12,2022-05-13,6,5,Friday,Fri,12,132,2023-05-07,2023-05-13,2022-05-08,2022-05-14,19,2023-05-08,2023-05-14,2022-05-09,2022-05-15,19,19,19,5,May,May,2023-05-01,2023-05-31,2022-05-01,2022-05-31,2,2023-04-01,2023-06-30,2023,2023-01-01,2023-12-31
2023-05-13,2023-05-12,2023-05-14,2022-05-13,2022-05-14,7,6,Saturday,Sat,13,133,2023-05-07,2023-05-13,2022-05-08,2022-05-14,19,2023-05-08,2023-05-14,2022-05-09,2022-05-15,19,20,19,5,May,May,2023-05-01,2023-05-31,2022-05-01,2022-05-31,2,2023-04-01,2023-06-30,2023,2023-01-01,2023-12-31
2023-05-14,2023-05-13,2023-05-15,2022-05-14,2022-05-15,1,7,Sunday,Sun,14,134,2023-05-14,2023-05-20,2022-05-15,2022-05-21,20,2023-05-08,2023-05-14,2022-05-09,2022-05-15,19,20,19,5,May,May,2023-05-01,2023-05-31,2022-05-01,2022-05-31,2,2023-04-01,2023-06-30,2023,2023-01-01,2023-12-31
2023-05-15,2023-05-14,2023-05-16,2022-05-15,2022-05-16,2,1,Monday,Mon,15,135,2023-05-14,2023-05-20,2022-05-15,2022-05-21,20,2023-05-15,2023-05-21,2022-05-16,2022-05-22,20,20,20,5,May,May,2023-05-01,2023-05-31,2022-05-01,2022-05-31,2,2023-04-01,2023-06-30,2023,2023-01-01,2023-12-31
2023-05-16,2023-05-15,2023-05-17,2022-05-16,2022-05-17,3,2,Tuesday,Tue,16,136,2023-05-14,2023-05-20,2022-05-15,2022-05-21,20,2023-05-15,2023-05-21,2022-05-16,2022-05-22,20,20,20,5,May,May,2023-05-01,2023-05-31,2022-05-01,2022-05-31,2,2023-04-01,2023-06-30,2023,2023-01-01,2023-12-31
2023-05-17,2023-05-16,2023-05-18,2022-05-17,2022-05-18,4,3,Wednesday,Wed,17,137,2023-05-14,2023-05-20,2022-05-15,2022-05-21,20,2023-05-15,2023-05-21,2022-05-16,2022-05-22,20,20,20,5,May,May,2023-05-01,2023-05-31,2022-05-01,2022-05-31,2,2023-04-01,2023-06-30,2023,2023-01-01,2023-12-31
2023-05-18,2023-05-17,2023-05-19,2022-05-18,2022-05-19,5,4,Thursday,Thu,18,138,2023-05-14,2023-05-20,2022-05-15,2022-05-21,20,2023-05-15,2023-05-21,2022-05-16,2022-05-22,20,20,20,5,May,May,2023-05-01,2023-05-31,2022-05-01,2022-05-31,2,2023-04-01,2023-06-30,2023,2023-01-01,2023-12-31
2023-05-19,2023-05-18,2023-05-20,2022-05-19,2022-05-20,6,5,Friday,Fri,19,139,2023-05-14,2023-05-20,2022-05-15,2022-05-21,20,2023-05-15,2023-05-21,2022-05-16,2022-05-22,20,20,20,5,May,May,2023-05-01,2023-05-31,2022-05-01,2022-05-31,2,2023-04-01,2023-06-30,2023,2023-01-01,2023-12-31
2023-05-20,2023-05-19,2023-05-21,2022-05-20,2022-05-21,7,6,Saturday,Sat,20,140,2023-05-14,2023-05-20,2022-05-15,2022-05-21,20,2023-05-15,2023-05-21,2022-05-16,2022-05-22,20,21,20,5,May,May,2023-05-01,2023-05-31,2022-05-01,2022-05-31,2,2023-04-01,2023-06-30,2023,2023-01-01,2023-12-31
2023-05-21,2023-05-20,2023-05-22,2022-05-21,2022-05-22,1,7,Sunday,Sun,21,141,2023-05-21,2023-05-27,2022-05-22,2022-05-28,21,2023-05-15,2023-05-21,2022-05-16,2022-05-22,20,21,20,5,May,May,2023-05-01,2023-05-31,2022-05-01,2022-05-31,2,2023-04-01,2023-06-30,2023,2023-01-01,2023-12-31
2023-05-22,2023-05-21,2023-05-23,2022-05-22,2022-05-23,2,1,Monday,Mon,22,142,2023-05-21,2023-05-27,2022-05-22,2022-05-28,21,2023-05-22,2023-05-28,2022-05-23,2022-05-29,21,21,21,5,May,May,2023-05-01,2023-05-31,2022-05-01,2022-05-31,2,2023-04-01,2023-06-30,2023,2023-01-01,2023-12-31
2023-05-23,2023-05-22,2023-05-24,2022-05-23,2022-05-24,3,2,Tuesday,Tue,23,143,2023-05-21,2023-05-27,2022-05-22,2022-05-28,21,2023-05-22,2023-05-28,2022-05-23,2022-05-29,21,21,21,5,May,May,2023-05-01,2023-05-31,2022-05-01,2022-05-31,2,2023-04-01,2023-06-30,2023,2023-01-01,2023-12-31
2023-05-24,2023-05-23,2023-05-25,2022-05-24,2022-05-25,4,3,Wednesday,Wed,24,144,2023-05-21,2023-05-27,2022-05-22,2022-05-28,21,2023-05-22,2023-05-28,2022-05-23,2022-05-29,21,21,21,5,May,May,2023-05-01,2023-05-31,2022-05-01,2022-05-31,2,2023-04-01,2023-06-30,2023,2023-01-01,2023-12-31
2023-05-25,2023-05-24,2023-05-26,2022-05-25,2022-05-26,5,4,Thursday,Thu,25,145,2023-05-21,2023-05-27,2022-05-22,2022-05-28,21,2023-05-22,2023-05-28,2022-05-23,2022-05-29,21,21,21,5,May,May,2023-05-01,2023-05-31,2022-05-01,2022-05-31,2,2023-04-01,2023-06-30,2023,2023-01-01,2023-12-31
2023-05-26,2023-05-25,2023-05-27,2022-05-26,2022-05-27,6,5,Friday,Fri,26,146,2023-05-21,2023-05-27,2022-05-22,2022-05-28,21,2023-05-22,2023-05-28,2022-05-23,2022-05-29,21,21,21,5,May,May,2023-05-01,2023-05-31,2022-05-01,2022-05-31,2,2023-04-01,2023-06-30,2023,2023-01-01,2023-12-31
2023-05-27,2023-05-26,2023-05-28,2022-05-27,2022-05-28,7,6,Saturday,Sat,27,147,2023-05-21,2023-05-27,2022-05-22,2022-05-28,21,2023-05-22,2023-05-28,2022-05-23,2022-05-29,21,22,21,5,May,May,2023-05-01,2023-05-31,2022-05-01,2022-05-31,2,2023-04-01,2023-06-30,2023,2023-01-01,2023-12-31
2023-05-28,2023-05-27,2023-05-29,2022-05-28,2022-05-29,1,7,Sunday,Sun,28,148,2023-05-28,2023-06-03,2022-05-29,2022-06-04,22,2023-05-22,2023-05-28,2022-05-23,2022-05-29,21,22,21,5,May,May,2023-05-01,2023-05-31,2022-05-01,2022-05-31,2,2023-04-01,2023-06-30,2023,2023-01-01,2023-12-31
2023-05-29,2023-05-28,2023-05-30,2022-05-29,2022-05-30,2,1,Monday,Mon,29,149,2023-05-28,2023-06-03,2022-05-29,2022-06-04,22,2023-05-29,2023-06-04,2022-05-30,2022-06-05,22,22,22,5,May,May,2023-05-01,2023-05-31,2022-05-01,2022-05-31,2,2023-04-01,2023-06-30,2023,2023-01-01,2023-12-31
2023-05-30,2023-05-29,2023-05-31,2022-05-30,2022-05-31,3,2,Tuesday,Tue,30,150,2023-05-28,2023-06-03,2022-05-29,2022-06-04,22,2023-05-29,2023-06-04,2022-05-30,2022-06-05,22,22,22,5,May,May,2023-05-01,2023-05-31,2022-05-01,2022-05-31,2,2023-04-01,2023-06-30,2023,2023-01-01,2023-12-31
2023-05-31,2023-05-30,2023-06-01,2022-05-31,2022-06-01,4,3,Wednesday,Wed,31,151,2023-05-28,2023-06-03,2022-05-29,2022-06-04,22,2023-05-29,2023-06-04,2022-05-30,2022-06-05,22,22,22,5,May,May,2023-05-01,2023-05-31,2022-05-01,2022-05-31,2,2023-04-01,2023-06-30,2023,2023-01-01,2023-12-31
2023-06-01,2023-05-31,2023-06-02,2022-06-01,2022-06-02,5,4,Thursday,Thu,1,152,2023-05-28,2023-06-03,2022-05-29,2022-06-04,22,2023-05-29,2023-06-04,2022-05-30,2022-06-05,22,22,22,6,June,Jun,2023-06-01,2023-06-30,2022-06-01,2022-06-30,2,2023-04-01,2023-06-30,2023,2023-01-01,2023-12-31
2023-06-02,2023-06-01,2023-06-03,2022-06-02,2022-06-03,6,5,Friday,Fri,2,153,2023-05-28,2023-06-03,2022-05-29,2022-06-04,22,2023-05-29,2023-06-04,2022-05-30,2022-06-05,22,22,22,6,June,Jun,2023-06-01,2023-06-30,2022-06-01,2022-06-30,2,2023-04-01,2023-06-30,2023,2023-01-01,2023-12-31
2023-06-03,2023-06-02,2023-06-04,2022-06-03,2022-06-04,7,6,Saturday,Sat,3,154,2023-05-28,2023-06-03,2022-05-29,2022-06-04,22,2023-05-29,2023-06-04,2022-05-30,2022-06-05,22,23,22,6,June,Jun,2023-06-01,2023-06-30,2022-06-01,2022-06-30,2,2023-04-01,2023-06-30,2023,2023-01-01,2023-12-31
2023-06-04,2023-06-03,2023-06-05,2022-06-04,2022-06-05,1,7,Sunday,Sun,4,155,2023-06-04,2023-06-10,2022-06-05,2022-06-11,23,2023-05-29,2023-06-04,2022-05-30,2022-06-05,22,23,22,6,June,Jun,2023-06-01,2023-06-30,2022-06-01,2022-06-30,2,2023-04-01,2023-06-30,2023,2023-01-01,2023-12-31
2023-06-05,2023-06-04,2023-06-06,2022-06-05,2022-06-06,2,1,Monday,Mon,5,156,2023-06-04,2023-06-10,2022-06-05,2022-06-11,23,2023-06-05,2023-06-11,2022-06-06,2022-06-12,23,23,23,6,June,Jun,2023-06-01,2023-06-30,2022-06-01,2022-06-30,2,2023-04-01,2023-06-30,2023,2023-01-01,2023-12-31
2023-06-06,2023-06-05,2023-06-07,2022-06-06,2022-06-07,3,2,Tuesday,Tue,6,157,2023-06-04,2023-06-10,2022-06-05,2022-06-11,23,2023-06-05,2023-06-11,2022-06-06,2022-06-12,23,23,23,6,June,Jun,2023-06-01,2023-06-30,2022-06-01,2022-06-30,2,2023-04-01,2023-06-30,2023,2023-01-01,2023-12-31
2023-06-07,2023-06-06,2023-06-08,2022-06-07,2022-06-08,4,3,Wednesday,Wed,7,158,2023-06-04,2023-06-10,2022-06-05,2022-06-11,23,2023-06-05,2023-06-11,2022-06-06,2022-06-12,23,23,23,6,June,Jun,2023-06-01,2023-06-30,2022-06-01,2022-06-30,2,2023-04-01,2023-06-30,2023,2023-01-01,2023-12-31
2023-06-08,2023-06-07,2023-06-09,2022-06-08,2022-06-09,5,4,Thursday,Thu,8,159,2023-06-04,2023-06-10,2022-06-05,2022-06-11,23,2023-06-05,2023-06-11,2022-06-06,2022-06-12,23,23,23,6,June,Jun,2023-06-01,2023-06-30,2022-06-01,2022-06-30,2,2023-04-01,2023-06-30,2023,2023-01-01,2023-12-31
2023-06-09,2023-06-08,2023-06-10,2022-06-09,2022-06-10,6,5,Friday,Fri,9,160,2023-06-04,2023-06-10,2022-06-05,2022-06-11,23,2023-06-05,2023-06-11,2022-06-06,2022-06-12,23,23,23,6,June,Jun,2023-06-01,2023-06-30,2022-06-01,2022-06-30,2,2023-04-01,2023-06-30,2023,2023-01-01,2023-12-31
2023-06-10,2023-06-09,2023-06-11,2022-06-10,2022-06-11,7,6,Saturday,Sat,10,161,2023-06-04,2023-06-10,2022-06-05,2022-06-11,23,2023-06-05,2023-06-11,2022-06-06,2022-06-12,23,24,23,6,June,Jun,2023-06-01,2023-06-30,2022-06-01,2022-06-30,2,2023-04-01,2023-06-30,2023,2023-01-01,2023-12-31
2023-06-11,2023-06-10,2023-06-12,2022-06-11,2022-06-12,1,7,Sunday,Sun,11,162,2023-06-11,2023-06-17,2022-06-12,2022-06-18,24,2023-06-05,2023-06-11,2022-06-06,2022-06-12,23,24,23,6,June,Jun,2023-06-01,2023-06-30,2022-06-01,2022-06-30,2,2023-04-01,2023-06-30,2023,2023-01-01,2023-12-31
2023-06-12,2023-06-11,2023-06-13,2022-06-12,2022-06-13,2,1,Monday,Mon,12,163,2023-06-11,2023-06-17,2022-06-12,2022-06-18,24,2023-06-12,2023-06-18,2022-06-13,2022-06-19,24,24,24,6,June,Jun,2023-06-01,2023-06-30,2022-06-01,2022-06-30,2,2023-04-01,2023-06-30,2023,2023-01-01,2023-12-31
2023-06-13,2023-06-12,2023-06-14,2022-06-13,2022-06-14,3,2,Tuesday,Tue,13,164,2023-06-11,2023-06-17,2022-06-12,2022-06-18,24,2023-06-12,2023-06-18,2022-06-13,2022-06-19,24,24,24,6,June,Jun,2023-06-01,2023-06-30,2022-06-01,2022-06-30,2,2023-04-01,2023-06-30,2023,2023-01-01,2023-12-31
2023-06-14,2023-06-13,2023-06-15,2022-06-14,2022-06-15,4,3,Wednesday,Wed,14,165,2023-06-11,2023-06-17,2022-06-12,2022-06-18,24,2023-06-12,2023-06-18,2022-06-13,2022-06-19,24,24,24,6,June,Jun,2023-06-01,2023-06-30,2022-06-01,2022-06-30,2,2023-04-01,2023-06-30,2023,2023-01-01,2023-12-31
2023-06-15,2023-06-14,2023-06-16,2022-06-15,2022-06-16,5,4,Thursday,Thu,15,166,2023-06-11,2023-06-17,2022-06-12,2022-06-18,24,2023-06-12,2023-06-18,2022-06-13,2022-06-19,24,24,24,6,June,Jun,2023-06-01,2023-06-30,2022-06-01,2022-06-30,2,2023-04-01,2023-06-30,2023,2023-01-01,2023-12-31
2023-06-16,2023-06-15,2023-06-17,2022-06-16,2022-06-17,6,5,Friday,Fri,16,167,2023-06-11,2023-06-17,2022-06-12,2022-06-18,24,2023-06-12,2023-06-18,2022-06-13,2022-06-19,24,24,24,6,June,Jun,2023-06-01,2023-06-30,2022-06-01,2022-06-30,2,2023-04-01,2023-06-30,2023,2023-01-01,2023-12-31
2023-06-17,2023-06-16,2023-06-18,2022-06-17,2022-06-18,7,6,Saturday,Sat,17,168,2023-06-11,2023-06-17,2022-06-12,2022-06-18,24,2023-06-12,2023-06-18,2022-06-13,2022-06-19,24,25,24,6,June,Jun,2023-06-01,2023-06-30,2022-06-01,2022-06-30,2,2023-04-01,2023-06-30,2023,2023-01-01,2023-12-31
2023-06-18,2023-06-17,2023-06-19,2022-06-18,2022-06-19,1,7,Sunday,Sun,18,169,2023-06-18,2023-06-24,2022-06-19,2022-06-25,25,2023-06-12,2023-06-18,2022-06-13,2022-06-19,24,25,24,6,June,Jun,2023-06-01,2023-06-30,2022-06-01,2022-06-30,2,2023-04-01,2023-06-30,2023,2023-01-01,2023-12-31
2023-06-19,2023-06-18,2023-06-20,2022-06-19,2022-06-20,2,1,Monday,Mon,19,170,2023-06-18,2023-06-24,2022-06-19,2022-06-25,25,2023-06-19,2023-06-25,2022-06-20,2022-06-26,25,25,25,6,June,Jun,2023-06-01,2023-06-30,2022-06-01,2022-06-30,2,2023-04-01,2023-06-30,2023,2023-01-01,2023-12-31
2023-06-20,2023-06-19,2023-06-21,2022-06-20,2022-06-21,3,2,Tuesday,Tue,20,171,2023-06-18,2023-06-24,2022-06-19,2022-06-25,25,2023-06-19,2023-06-25,2022-06-20,2022-06-26,25,25,25,6,June,Jun,2023-06-01,2023-06-30,2022-06-01,2022-06-30,2,2023-04-01,2023-06-30,2023,2023-01-01,2023-12-31
2023-06-21,2023-06-20,2023-06-22,2022-06-21,2022-06-22,4,3,Wednesday,Wed,21,172,2023-06-18,2023-06-24,2022-06-19,2022-06-25,25,2023-06-19,2023-06-25,2022-06-20,2022-06-26,25,25,25,6,June,Jun,2023-06-01,2023-06-30,2022-06-01,2022-06-30,2,2023-04-01,2023-06-30,2023,2023-01-01,2023-12-31
2023-06-22,2023-06-21,2023-06-23,2022-06-22,2022-06-23,5,4,Thursday,Thu,22,173,2023-06-18,2023-06-24,2022-06-19,2022-06-25,25,2023-06-19,2023-06-25,2022-06-20,2022-06-26,25,25,25,6,June,Jun,2023-06-01,2023-06-30,2022-06-01,2022-06-30,2,2023-04-01,2023-06-30,2023,2023-01-01,2023-12-31
2023-06-23,2023-06-22,2023-06-24,2022-06-23,2022-06-24,6,5,Friday,Fri,23,174,2023-06-18,2023-06-24,2022-06-19,2022-06-25,25,2023-06-19,2023-06-25,2022-06-20,2022-06-26,25,25,25,6,June,Jun,2023-06-01,2023-06-30,2022-06-01,2022-06-30,2,2023-04-01,2023-06-30,2023,2023-01-01,2023-12-31
2023-06-24,2023-06-23,2023-06-25,2022-06-24,2022-06-25,7,6,Saturday,Sat,24,175,2023-06-18,2023-06-24,2022-06-19,2022-06-25,25,2023-06-19,2023-06-25,2022-06-20,2022-06-26,25,26,25,6,June,Jun,2023-06-01,2023-06-30,2022-06-01,2022-06-30,2,2023-04-01,2023-06-30,2023,2023-01-01,2023-12-31
2023-06-25,2023-06-24,2023-06-26,2022-06-25,2022-06-26,1,7,Sunday,Sun,25,176,2023-06-25,2023-07-01,2022-06-26,2022-07-02,26,2023-06-19,2023-06-25,2022-06-20,2022-06-26,25,26,25,6,June,Jun,2023-06-01,2023-06-30,2022-06-01,2022-06-30,2,2023-04-01,2023-06-30,2023,2023-01-01,2023-12-31
2023-06-26,2023-06-25,2023-06-27,2022-06-26,2022-06-27,2,1,Monday,Mon,26,177,2023-06-25,2023-07-01,2022-06-26,2022-07-02,26,2023-06-26,2023-07-02,2022-06-27,2022-07-03,26,26,26,6,June,Jun,2023-06-01,2023-06-30,2022-06-01,2022-06-30,2,2023-04-01,2023-06-30,2023,2023-01-01,2023-12-31
2023-06-27,2023-06-26,2023-06-28,2022-06-27,2022-06-28,3,2,Tuesday,Tue,27,178,2023-06-25,2023-07-01,2022-06-26,2022-07-02,26,2023-06-26,2023-07-02,2022-06-27,2022-07-03,26,26,26,6,June,Jun,2023-06-01,2023-06-30,2022-06-01,2022-06-30,2,2023-04-01,2023-06-30,2023,2023-01-01,2023-12-31
2023-06-28,2023-06-27,2023-06-29,2022-06-28,2022-06-29,4,3,Wednesday,Wed,28,179,2023-06-25,2023-07-01,2022-06-26,2022-07-02,26,2023-06-26,2023-07-02,2022-06-27,2022-07-03,26,26,26,6,June,Jun,2023-06-01,2023-06-30,2022-06-01,2022-06-30,2,2023-04-01,2023-06-30,2023,2023-01-01,2023-12-31
2023-06-29,2023-06-28,2023-06-30,2022-06-29,2022-06-30,5,4,Thursday,Thu,29,180,2023-06-25,2023-07-01,2022-06-26,2022-07-02,26,2023-06-26,2023-07-02,2022-06-27,2022-07-03,26,26,26,6,June,Jun,2023-06-01,2023-06-30,2022-06-01,2022-06-30,2,2023-04-01,2023-06-30,2023,2023-01-01,2023-12-31
2023-06-30,2023-06-29,2023-07-01,2022-06-30,2022-07-01,6,5,Friday,Fri,30,181,2023-06-25,2023-07-01,2022-06-26,2022-07-02,26,2023-06-26,2023-07-02,2022-06-27,2022-07-03,26,26,26,6,June,Jun,2023-06-01,2023-06-30,2022-06-01,2022-06-30,2,2023-04-01,2023-06-30,2023,2023-01-01,2023-12-31
2023-07-01,2023-06-30,2023-07-02,2022-07-01,2022-07-02,7,6,Saturday,Sat,1,182,2023-06-25,2023-07-01,2022-06-26,2022-07-02,26,2023-06-26,2023-07-02,2022-06-27,2022-07-03,26,27,26,7,July,Jul,2023-07-01,2023-07-31,2022-07-01,2022-07-31,3,2023-07-01,2023-09-30,2023,2023-01-01,2023-12-31
2023-07-02,2023-07-01,2023-07-03,2022-07-02,2022-07-03,1,7,Sunday,Sun,2,183,2023-07-02,2023-07-08,2022-07-03,2022-07-09,27,2023-06-26,2023-07-02,2022-06-27,2022-07-03,26,27,26,7,July,Jul,2023-07-01,2023-07-31,2022-07-01,2022-07-31,3,2023-07-01,2023-09-30,2023,2023-01-01,2023-12-31
2023-07-03,2023-07-02,2023-07-04,2022-07-03,2022-07-04,2,1,Monday,Mon,3,184,2023-07-02,2023-07-08,2022-07-03,2022-07-09,27,2023-07-03,2023-07-09,2022-07-04,2022-07-10,27,27,27,7,July,Jul,2023-07-01,2023-07-31,2022-07-01,2022-07-31,3,2023-07-01,2023-09-30,2023,2023-01-01,2023-12-31
2023-07-04,2023-07-03,2023-07-05,2022-07-04,2022-07-05,3,2,Tuesday,Tue,4,185,2023-07-02,2023-07-08,2022-07-03,2022-07-09,27,2023-07-03,2023-07-09,2022-07-04,2022-07-10,27,27,27,7,July,Jul,2023-07-01,2023-07-31,2022-07-01,2022-07-31,3,2023-07-01,2023-09-30,2023,2023-01-01,2023-12-31
2023-07-05,2023-07-04,2023-07-06,2022-07-05,2022-07-06,4,3,Wednesday,Wed,5,186,2023-07-02,2023-07-08,2022-07-03,2022-07-09,27,2023-07-03,2023-07-09,2022-07-04,2022-07-10,27,27,27,7,July,Jul,2023-07-01,2023-07-31,2022-07-01,2022-07-31,3,2023-07-01,2023-09-30,2023,2023-01-01,2023-12-31
2023-07-06,2023-07-05,2023-07-07,2022-07-06,2022-07-07,5,4,Thursday,Thu,6,187,2023-07-02,2023-07-08,2022-07-03,2022-07-09,27,2023-07-03,2023-07-09,2022-07-04,2022-07-10,27,27,27,7,July,Jul,2023-07-01,2023-07-31,2022-07-01,2022-07-31,3,2023-07-01,2023-09-30,2023,2023-01-01,2023-12-31
2023-07-07,2023-07-06,2023-07-08,2022-07-07,2022-07-08,6,5,Friday,Fri,7,188,2023-07-02,2023-07-08,2022-07-03,2022-07-09,27,2023-07-03,2023-07-09,2022-07-04,2022-07-10,27,27,27,7,July,Jul,2023-07-01,2023-07-31,2022-07-01,2022-07-31,3,2023-07-01,2023-09-30,2023,2023-01-01,2023-12-31
2023-07-08,2023-07-07,2023-07-09,2022-07-08,2022-07-09,7,6,Saturday,Sat,8,189,2023-07-02,2023-07-08,2022-07-03,2022-07-09,27,2023-07-03,2023-07-09,2022-07-04,2022-07-10,27,28,27,7,July,Jul,2023-07-01,2023-07-31,2022-07-01,2022-07-31,3,2023-07-01,2023-09-30,2023,2023-01-01,2023-12-31
2023-07-09,2023-07-08,2023-07-10,2022-07-09,2022-07-10,1,7,Sunday,Sun,9,190,2023-07-09,2023-07-15,2022-07-10,2022-07-16,28,2023-07-03,2023-07-09,2022-07-04,2022-07-10,27,28,27,7,July,Jul,2023-07-01,2023-07-31,2022-07-01,2022-07-31,3,2023-07-01,2023-09-30,2023,2023-01-01,2023-12-31
2023-07-10,2023-07-09,2023-07-11,2022-07-10,2022-07-11,2,1,Monday,Mon,10,191,2023-07-09,2023-07-15,2022-07-10,2022-07-16,28,2023-07-10,2023-07-16,2022-07-11,2022-07-17,28,28,28,7,July,Jul,2023-07-01,2023-07-31,2022-07-01,2022-07-31,3,2023-07-01,2023-09-30,2023,2023-01-01,2023-12-31
2023-07-11,2023-07-10,2023-07-12,2022-07-11,2022-07-12,3,2,Tuesday,Tue,11,192,2023-07-09,2023-07-15,2022-07-10,2022-07-16,28,2023-07-10,2023-07-16,2022-07-11,2022-07-17,28,28,28,7,July,Jul,2023-07-01,2023-07-31,2022-07-01,2022-07-31,3,2023-07-01,2023-09-30,2023,2023-01-01,2023-12-31
2023-07-12,2023-07-11,2023-07-13,2022-07-12,2022-07-13,4,3,Wednesday,Wed,12,193,2023-07-09,2023-07-15,2022-07-10,2022-07-16,28,2023-07-10,2023-07-16,2022-07-11,2022-07-17,28,28,28,7,July,Jul,2023-07-01,2023-07-31,2022-07-01,2022-07-31,3,2023-07-01,2023-09-30,2023,2023-01-01,2023-12-31
2023-07-13,2023-07-12,2023-07-14,2022-07-13,2022-07-14,5,4,Thursday,Thu,13,194,2023-07-09,2023-07-15,2022-07-10,2022-07-16,28,2023-07-10,2023-07-16,2022-07-11,2022-07-17,28,28,28,7,July,Jul,2023-07-01,2023-07-31,2022-07-01,2022-07-31,3,2023-07-01,2023-09-30,2023,2023-01-01,2023-12-31
2023-07-14,2023-07-13,2023-07-15,2022-07-14,2022-07-15,6,5,Friday,Fri,14,195,2023-07-09,2023-07-15,2022-07-10,2022-07-16,28,2023-07-10,2023-07-16,2022-07-11,2022-07-17,28,28,28,7,July,Jul,2023-07-01,2023-07-31,2022-07-01,2022-07-31,3,2023-07-01,2023-09-30,2023,2023-01-01,2023-12-31
2023-07-15,2023-07-14,2023-07-16,2022-07-15,2022-07-16,7,6,Saturday,Sat,15,196,2023-07-09,2023-07-15,2022-07-10,2022-07-16,28,2023-07-10,2023-07-16,2022-07-11,2022-07-17,28,29,28,7,July,Jul,2023-07-01,2023-07-31,2022-07-01,2022-07-31,3,2023-07-01,2023-09-30,2023,2023-01-01,2023-12-31
2023-07-16,2023-07-15,2023-07-17,2022-07-16,2022-07-17,1,7,Sunday,Sun,16,197,2023-07-16,2023-07-22,2022-07-17,2022-07-23,29,2023-07-10,2023-07-16,2022-07-11,2022-07-17,28,29,28,7,July,Jul,2023-07-01,2023-07-31,2022-07-01,2022-07-31,3,2023-07-01,2023-09-30,2023,2023-01-01,2023-12-31
2023-07-17,2023-07-16,2023-07-18,2022-07-17,2022-07-18,2,1,Monday,Mon,17,198,2023-07-16,2023-07-22,2022-07-17,2022-07-23,29,2023-07-17,2023-07-23,2022-07-18,2022-07-24,29,29,29,7,July,Jul,2023-07-01,2023-07-31,2022-07-01,2022-07-31,3,2023-07-01,2023-09-30,2023,2023-01-01,2023-12-31
2023-07-18,2023-07-17,2023-07-19,2022-07-18,2022-07-19,3,2,Tuesday,Tue,18,199,2023-07-16,2023-07-22,2022-07-17,2022-07-23,29,2023-07-17,2023-07-23,2022-07-18,2022-07-24,29,29,29,7,July,Jul,2023-07-01,2023-07-31,2022-07-01,2022-07-31,3,2023-07-01,2023-09-30,2023,2023-01-01,2023-12-31
2023-07-19,2023-07-18,2023-07-20,2022-07-19,2022-07-20,4,3,Wednesday,Wed,19,200,2023-07-16,2023-07-22,2022-07-17,2022-07-23,29,2023-07-17,2023-07-23,2022-07-18,2022-07-24,29,29,29,7,July,Jul,2023-07-01,2023-07-31,2022-07-01,2022-07-31,3,2023-07-01,2023-09-30,2023,2023-01-01,2023-12-31
2023-07-20,2023-07-19,2023-07-21,2022-07-20,2022-07-21,5,4,Thursday,Thu,20,201,2023-07-16,2023-07-22,2022-07-17,2022-07-23,29,2023-07-17,2023-07-23,2022-07-18,2022-07-24,29,29,29,7,July,Jul,2023-07-01,2023-07-31,2022-07-01,2022-07-31,3,2023-07-01,2023-09-30,2023,2023-01-01,2023-12-31
2023-07-21,2023-07-20,2023-07-22,2022-07-21,2022-07-22,6,5,Friday,Fri,21,202,2023-07-16,2023-07-22,2022-07-17,2022-07-23,29,2023-07-17,2023-07-23,2022-07-18,2022-07-24,29,29,29,7,July,Jul,2023-07-01,2023-07-31,2022-07-01,2022-07-31,3,2023-07-01,2023-09-30,2023,2023-01-01,2023-12-31
2023-07-22,2023-07-21,2023-07-23,2022-07-22,2022-07-23,7,6,Saturday,Sat,22,203,2023-07-16,2023-07-22,2022-07-17,2022-07-23,29,2023-07-17,2023-07-23,2022-07-18,2022-07-24,29,30,29,7,July,Jul,2023-07-01,2023-07-31,2022-07-01,2022-07-31,3,2023-07-01,2023-09-30,2023,2023-01-01,2023-12-31
2023-07-23,2023-07-22,2023-07-24,2022-07-23,2022-07-24,1,7,Sunday,Sun,23,204,2023-07-23,2023-07-29,2022-07-24,2022-07-30,30,2023-07-17,2023-07-23,2022-07-18,2022-07-24,29,30,29,7,July,Jul,2023-07-01,2023-07-31,2022-07-01,2022-07-31,3,2023-07-01,2023-09-30,2023,2023-01-01,2023-12-31
2023-07-24,2023-07-23,2023-07-25,2022-07-24,2022-07-25,2,1,Monday,Mon,24,205,2023-07-23,2023-07-29,2022-07-24,2022-07-30,30,2023-07-24,2023-07-30,2022-07-25,2022-07-31,30,30,30,7,July,Jul,2023-07-01,2023-07-31,2022-07-01,2022-07-31,3,2023-07-01,2023-09-30,2023,2023-01-01,2023-12-31
2023-07-25,2023-07-24,2023-07-26,2022-07-25,2022-07-26,3,2,Tuesday,Tue,25,206,2023-07-23,2023-07-29,2022-07-24,2022-07-30,30,2023-07-24,2023-07-30,2022-07-25,2022-07-31,30,30,30,7,July,Jul,2023-07-01,2023-07-31,2022-07-01,2022-07-31,3,2023-07-01,2023-09-30,2023,2023-01-01,2023-12-31
2023-07-26,2023-07-25,2023-07-27,2022-07-26,2022-07-27,4,3,Wednesday,Wed,26,207,2023-07-23,2023-07-29,2022-07-24,2022-07-30,30,2023-07-24,2023-07-30,2022-07-25,2022-07-31,30,30,30,7,July,Jul,2023-07-01,2023-07-31,2022-07-01,2022-07-31,3,2023-07-01,2023-09-30,2023,2023-01-01,2023-12-31
2023-07-27,2023-07-26,2023-07-28,2022-07-27,2022-07-28,5,4,Thursday,Thu,27,208,2023-07-23,2023-07-29,2022-07-24,2022-07-30,30,2023-07-24,2023-07-30,2022-07-25,2022-07-31,30,30,30,7,July,Jul,2023-07-01,2023-07-31,2022-07-01,2022-07-31,3,2023-07-01,2023-09-30,2023,2023-01-01,2023-12-31
2023-07-28,2023-07-27,2023-07-29,2022-07-28,2022-07-29,6,5,Friday,Fri,28,209,2023-07-23,2023-07-29,2022-07-24,2022-07-30,30,2023-07-24,2023-07-30,2022-07-25,2022-07-31,30,30,30,7,July,Jul,2023-07-01,2023-07-31,2022-07-01,2022-07-31,3,2023-07-01,2023-09-30,2023,2023-01-01,2023-12-31
2023-07-29,2023-07-28,2023-07-30,2022-07-29,2022-07-30,7,6,Saturday,Sat,29,210,2023-07-23,2023-07-29,2022-07-24,2022-07-30,30,2023-07-24,2023-07-30,2022-07-25,2022-07-31,30,31,30,7,July,Jul,2023-07-01,2023-07-31,2022-07-01,2022-07-31,3,2023-07-01,2023-09-30,2023,2023-01-01,2023-12-31
2023-07-30,2023-07-29,2023-07-31,2022-07-30,2022-07-31,1,7,Sunday,Sun,30,211,2023-07-30,2023-08-05,2022-07-31,2022-08-06,31,2023-07-24,2023-07-30,2022-07-25,2022-07-31,30,31,30,7,July,Jul,2023-07-01,2023-07-31,2022-07-01,2022-07-31,3,2023-07-01,2023-09-30,2023,2023-01-01,2023-12-31
2023-07-31,2023-07-30,2023-08-01,2022-07-31,2022-08-01,2,1,Monday,Mon,31,212,2023-07-30,2023-08-05,2022-07-31,2022-08-06,31,2023-07-31,2023-08-06,2022-08-01,2022-08-07,31,31,31,7,July,Jul,2023-07-01,2023-07-31,2022-07-01,2022-07-31,3,2023-07-01,2023-09-30,2023,2023-01-01,2023-12-31
2023-08-01,2023-07-31,2023-08-02,2022-08-01,2022-08-02,3,2,Tuesday,Tue,1,213,2023-07-30,2023-08-05,2022-07-31,2022-08-06,31,2023-07-31,2023-08-06,2022-08-01,2022-08-07,31,31,31,8,August,Aug,2023-08-01,2023-08-31,2022-08-01,2022-08-31,3,2023-07-01,2023-09-30,2023,2023-01-01,2023-12-31
2023-08-02,2023-08-01,2023-08-03,2022-08-02,2022-08-03,4,3,Wednesday,Wed,2,214,2023-07-30,2023-08-05,2022-07-31,2022-08-06,31,2023-07-31,2023-08-06,2022-08-01,2022-08-07,31,31,31,8,August,Aug,2023-08-01,2023-08-31,2022-08-01,2022-08-31,3,2023-07-01,2023-09-30,2023,2023-01-01,2023-12-31
2023-08-03,2023-08-02,2023-08-04,2022-08-03,2022-08-04,5,4,Thursday,Thu,3,215,2023-07-30,2023-08-05,2022-07-31,2022-08-06,31,2023-07-31,2023-08-06,2022-08-01,2022-08-07,31,31,31,8,August,Aug,2023-08-01,2023-08-31,2022-08-01,2022-08-31,3,2023-07-01,2023-09-30,2023,2023-01-01,2023-12-31
2023-08-04,2023-08-03,2023-08-05,2022-08-04,2022-08-05,6,5,Friday,Fri,4,216,2023-07-30,2023-08-05,2022-07-31,2022-08-06,31,2023-07-31,2023-08-06,2022-08-01,2022-08-07,31,31,31,8,August,Aug,2023-08-01,2023-08-31,2022-08-01,2022-08-31,3,2023-07-01,2023-09-30,2023,2023-01-01,2023-12-31
2023-08-05,2023-08-04,2023-08-06,2022-08-05,2022-08-06,7,6,Saturday,Sat,5,217,2023-07-30,2023-08-05,2022-07-31,2022-08-06,31,2023-07-31,2023-08-06,2022-08-01,2022-08-07,31,32,31,8,August,Aug,2023-08-01,2023-08-31,2022-08-01,2022-08-31,3,2023-07-01,2023-09-30,2023,2023-01-01,2023-12-31
2023-08-06,2023-08-05,2023-08-07,2022-08-06,2022-08-07,1,7,Sunday,Sun,6,218,2023-08-06,2023-08-12,2022-08-07,2022-08-13,32,2023-07-31,2023-08-06,2022-08-01,2022-08-07,31,32,31,8,August,Aug,2023-08-01,2023-08-31,2022-08-01,2022-08-31,3,2023-07-01,2023-09-30,2023,2023-01-01,2023-12-31
2023-08-07,2023-08-06,2023-08-08,2022-08-07,2022-08-08,2,1,Monday,Mon,7,219,2023-08-06,2023-08-12,2022-08-07,2022-08-13,32,2023-08-07,2023-08-13,2022-08-08,2022-08-14,32,32,32,8,August,Aug,2023-08-01,2023-08-31,2022-08-01,2022-08-31,3,2023-07-01,2023-09-30,2023,2023-01-01,2023-12-31
2023-08-08,2023-08-07,2023-08-09,2022-08-08,2022-08-09,3,2,Tuesday,Tue,8,220,2023-08-06,2023-08-12,2022-08-07,2022-08-13,32,2023-08-07,2023-08-13,2022-08-08,2022-08-14,32,32,32,8,August,Aug,2023-08-01,2023-08-31,2022-08-01,2022-08-31,3,2023-07-01,2023-09-30,2023,2023-01-01,2023-12-31
2023-08-09,2023-08-08,2023-08-10,2022-08-09,2022-08-10,4,3,Wednesday,Wed,9,221,2023-08-06,2023-08-12,2022-08-07,2022-08-13,32,2023-08-07,2023-08-13,2022-08-08,2022-08-14,32,32,32,8,August,Aug,2023-08-01,2023-08-31,2022-08-01,2022-08-31,3,2023-07-01,2023-09-30,2023,2023-01-01,2023-12-31
2023-08-10,2023-08-09,2023-08-11,2022-08-10,2022-08-11,5,4,Thursday,Thu,10,222,2023-08-06,2023-08-12,2022-08-07,2022-08-13,32,2023-08-07,2023-08-13,2022-08-08,2022-08-14,32,32,32,8,August,Aug,2023-08-01,2023-08-31,2022-08-01,2022-08-31,3,2023-07-01,2023-09-30,2023,2023-01-01,2023-12-31
2023-08-11,2023-08-10,2023-08-12,2022-08-11,2022-08-12,6,5,Friday,Fri,11,223,2023-08-06,2023-08-12,2022-08-07,2022-08-13,32,2023-08-07,2023-08-13,2022-08-08,2022-08-14,32,32,32,8,August,Aug,2023-08-01,2023-08-31,2022-08-01,2022-08-31,3,2023-07-01,2023-09-30,2023,2023-01-01,2023-12-31
2023-08-12,2023-08-11,2023-08-13,2022-08-12,2022-08-13,7,6,Saturday,Sat,12,224,2023-08-06,2023-08-12,2022-08-07,2022-08-13,32,2023-08-07,2023-08-13,2022-08-08,2022-08-14,32,33,32,8,August,Aug,2023-08-01,2023-08-31,2022-08-01,2022-08-31,3,2023-07-01,2023-09-30,2023,2023-01-01,2023-12-31
2023-08-13,2023-08-12,2023-08-14,2022-08-13,2022-08-14,1,7,Sunday,Sun,13,225,2023-08-13,2023-08-19,2022-08-14,2022-08-20,33,2023-08-07,2023-08-13,2022-08-08,2022-08-14,32,33,32,8,August,Aug,2023-08-01,2023-08-31,2022-08-01,2022-08-31,3,2023-07-01,2023-09-30,2023,2023-01-01,2023-12-31
2023-08-14,2023-08-13,2023-08-15,2022-08-14,2022-08-15,2,1,Monday,Mon,14,226,2023-08-13,2023-08-19,2022-08-14,2022-08-20,33,2023-08-14,2023-08-20,2022-08-15,2022-08-21,33,33,33,8,August,Aug,2023-08-01,2023-08-31,2022-08-01,2022-08-31,3,2023-07-01,2023-09-30,2023,2023-01-01,2023-12-31
2023-08-15,2023-08-14,2023-08-16,2022-08-15,2022-08-16,3,2,Tuesday,Tue,15,227,2023-08-13,2023-08-19,2022-08-14,2022-08-20,33,2023-08-14,2023-08-20,2022-08-15,2022-08-21,33,33,33,8,August,Aug,2023-08-01,2023-08-31,2022-08-01,2022-08-31,3,2023-07-01,2023-09-30,2023,2023-01-01,2023-12-31
2023-08-16,2023-08-15,2023-08-17,2022-08-16,2022-08-17,4,3,Wednesday,Wed,16,228,2023-08-13,2023-08-19,2022-08-14,2022-08-20,33,2023-08-14,2023-08-20,2022-08-15,2022-08-21,33,33,33,8,August,Aug,2023-08-01,2023-08-31,2022-08-01,2022-08-31,3,2023-07-01,2023-09-30,2023,2023-01-01,2023-12-31
2023-08-17,2023-08-16,2023-08-18,2022-08-17,2022-08-18,5,4,Thursday,Thu,17,229,2023-08-13,2023-08-19,2022-08-14,2022-08-20,33,2023-08-14,2023-08-20,2022-08-15,2022-08-21,33,33,33,8,August,Aug,2023-08-01,2023-08-31,2022-08-01,2022-08-31,3,2023-07-01,2023-09-30,2023,2023-01-01,2023-12-31
2023-08-18,2023-08-17,2023-08-19,2022-08-18,2022-08-19,6,5,Friday,Fri,18,230,2023-08-13,2023-08-19,2022-08-14,2022-08-20,33,2023-08-14,2023-08-20,2022-08-15,2022-08-21,33,33,33,8,August,Aug,2023-08-01,2023-08-31,2022-08-01,2022-08-31,3,2023-07-01,2023-09-30,2023,2023-01-01,2023-12-31
2023-08-19,2023-08-18,2023-08-20,2022-08-19,2022-08-20,7,6,Saturday,Sat,19,231,2023-08-13,2023-08-19,2022-08-14,2022-08-20,33,2023-08-14,2023-08-20,2022-08-15,2022-08-21,33,34,33,8,August,Aug,2023-08-01,2023-08-31,2022-08-01,2022-08-31,3,2023-07-01,2023-09-30,2023,2023-01-01,2023-12-31
2023-08-20,2023-08-19,2023-08-21,2022-08-20,2022-08-21,1,7,Sunday,Sun,20,232,2023-08-20,2023-08-26,2022-08-21,2022-08-27,34,2023-08-14,2023-08-20,2022-08-15,2022-08-21,33,34,33,8,August,Aug,2023-08-01,2023-08-31,2022-08-01,2022-08-31,3,2023-07-01,2023-09-30,2023,2023-01-01,2023-12-31
2023-08-21,2023-08-20,2023-08-22,2022-08-21,2022-08-22,2,1,Monday,Mon,21,233,2023-08-20,2023-08-26,2022-08-21,2022-08-27,34,2023-08-21,2023-08-27,2022-08-22,2022-08-28,34,34,34,8,August,Aug,2023-08-01,2023-08-31,2022-08-01,2022-08-31,3,2023-07-01,2023-09-30,2023,2023-01-01,2023-12-31
2023-08-22,2023-08-21,2023-08-23,2022-08-22,2022-08-23,3,2,Tuesday,Tue,22,234,2023-08-20,2023-08-26,2022-08-21,2022-08-27,34,2023-08-21,2023-08-27,2022-08-22,2022-08-28,34,34,34,8,August,Aug,2023-08-01,2023-08-31,2022-08-01,2022-08-31,3,2023-07-01,2023-09-30,2023,2023-01-01,2023-12-31
2023-08-23,2023-08-22,2023-08-24,2022-08-23,2022-08-24,4,3,Wednesday,Wed,23,235,2023-08-20,2023-08-26,2022-08-21,2022-08-27,34,2023-08-21,2023-08-27,2022-08-22,2022-08-28,34,34,34,8,August,Aug,2023-08-01,2023-08-31,2022-08-01,2022-08-31,3,2023-07-01,2023-09-30,2023,2023-01-01,2023-12-31
2023-08-24,2023-08-23,2023-08-25,2022-08-24,2022-08-25,5,4,Thursday,Thu,24,236,2023-08-20,2023-08-26,2022-08-21,2022-08-27,34,2023-08-21,2023-08-27,2022-08-22,2022-08-28,34,34,34,8,August,Aug,2023-08-01,2023-08-31,2022-08-01,2022-08-31,3,2023-07-01,2023-09-30,2023,2023-01-01,2023-12-31
2023-08-25,2023-08-24,2023-08-26,2022-08-25,2022-08-26,6,5,Friday,Fri,25,237,2023-08-20,2023-08-26,2022-08-21,2022-08-27,34,2023-08-21,2023-08-27,2022-08-22,2022-08-28,34,34,34,8,August,Aug,2023-08-01,2023-08-31,2022-08-01,2022-08-31,3,2023-07-01,2023-09-30,2023,2023-01-01,2023-12-31
2023-08-26,2023-08-25,2023-08-27,2022-08-26,2022-08-27,7,6,Saturday,Sat,26,238,2023-08-20,2023-08-26,2022-08-21,2022-08-27,34,2023-08-21,2023-08-27,2022-08-22,2022-08-28,34,35,34,8,August,Aug,2023-08-01,2023-08-31,2022-08-01,2022-08-31,3,2023-07-01,2023-09-30,2023,2023-01-01,2023-12-31
2023-08-27,2023-08-26,2023-08-28,2022-08-27,2022-08-28,1,7,Sunday,Sun,27,239,2023-08-27,2023-09-02,2022-08-28,2022-09-03,35,2023-08-21,2023-08-27,2022-08-22,2022-08-28,34,35,34,8,August,Aug,2023-08-01,2023-08-31,2022-08-01,2022-08-31,3,2023-07-01,2023-09-30,2023,2023-01-01,2023-12-31
2023-08-28,2023-08-27,2023-08-29,2022-08-28,2022-08-29,2,1,Monday,Mon,28,240,2023-08-27,2023-09-02,2022-08-28,2022-09-03,35,2023-08-28,2023-09-03,2022-08-29,2022-09-04,35,35,35,8,August,Aug,2023-08-01,2023-08-31,2022-08-01,2022-08-31,3,2023-07-01,2023-09-30,2023,2023-01-01,2023-12-31
2023-08-29,2023-08-28,2023-08-30,2022-08-29,2022-08-30,3,2,Tuesday,Tue,29,241,2023-08-27,2023-09-02,2022-08-28,2022-09-03,35,2023-08-28,2023-09-03,2022-08-29,2022-09-04,35,35,35,8,August,Aug,2023-08-01,2023-08-31,2022-08-01,2022-08-31,3,2023-07-01,2023-09-30,2023,2023-01-01,2023-12-31
2023-08-30,2023-08-29,2023-08-31,2022-08-30,2022-08-31,4,3,Wednesday,Wed,30,242,2023-08-27,2023-09-02,2022-08-28,2022-09-03,35,2023-08-28,2023-09-03,2022-08-29,2022-09-04,35,35,35,8,August,Aug,2023-08-01,2023-08-31,2022-08-01,2022-08-31,3,2023-07-01,2023-09-30,2023,2023-01-01,2023-12-31
2023-08-31,2023-08-30,2023-09-01,2022-08-31,2022-09-01,5,4,Thursday,Thu,31,243,2023-08-27,2023-09-02,2022-08-28,2022-09-03,35,2023-08-28,2023-09-03,2022-08-29,2022-09-04,35,35,35,8,August,Aug,2023-08-01,2023-08-31,2022-08-01,2022-08-31,3,2023-07-01,2023-09-30,2023,2023-01-01,2023-12-31
2023-09-01,2023-08-31,2023-09-02,2022-09-01,2022-09-02,6,5,Friday,Fri,1,244,2023-08-27,2023-09-02,2022-08-28,2022-09-03,35,2023-08-28,2023-09-03,2022-08-29,2022-09-04,35,35,35,9,September,Sep,2023-09-01,2023-09-30,2022-09-01,2022-09-30,3,2023-07-01,2023-09-30,2023,2023-01-01,2023-12-31
2023-09-02,2023-09-01,2023-09-03,2022-09-02,2022-09-03,7,6,Saturday,Sat,2,245,2023-08-27,2023-09-02,2022-08-28,2022-09-03,35,2023-08-28,2023-09-03,2022-08-29,2022-09-04,35,36,35,9,September,Sep,2023-09-01,2023-09-30,2022-09-01,2022-09-30,3,2023-07-01,2023-09-30,2023,2023-01-01,2023-12-31
2023-09-03,2023-09-02,2023-09-04,2022-09-03,2022-09-04,1,7,Sunday,Sun,3,246,2023-09-03,2023-09-09,2022-09-04,2022-09-10,36,2023-08-28,2023-09-03,2022-08-29,2022-09-04,35,36,35,9,September,Sep,2023-09-01,2023-09-30,2022-09-01,2022-09-30,3,2023-07-01,2023-09-30,2023,2023-01-01,2023-12-31
2023-09-04,2023-09-03,2023-09-05,2022-09-04,2022-09-05,2,1,Monday,Mon,4,247,2023-09-03,2023-09-09,2022-09-04,2022-09-10,36,2023-09-04,2023-09-10,2022-09-05,2022-09-11,36,36,36,9,September,Sep,2023-09-01,2023-09-30,2022-09-01,2022-09-30,3,2023-07-01,2023-09-30,2023,2023-01-01,2023-12-31
2023-09-05,2023-09-04,2023-09-06,2022-09-05,2022-09-06,3,2,Tuesday,Tue,5,248,2023-09-03,2023-09-09,2022-09-04,2022-09-10,36,2023-09-04,2023-09-10,2022-09-05,2022-09-11,36,36,36,9,September,Sep,2023-09-01,2023-09-30,2022-09-01,2022-09-30,3,2023-07-01,2023-09-30,2023,2023-01-01,2023-12-31
2023-09-06,2023-09-05,2023-09-07,2022-09-06,2022-09-07,4,3,Wednesday,Wed,6,249,2023-09-03,2023-09-09,2022-09-04,2022-09-10,36,2023-09-04,2023-09-10,2022-09-05,2022-09-11,36,36,36,9,September,Sep,2023-09-01,2023-09-30,2022-09-01,2022-09-30,3,2023-07-01,2023-09-30,2023,2023-01-01,2023-12-31
2023-09-07,2023-09-06,2023-09-08,2022-09-07,2022-09-08,5,4,Thursday,Thu,7,250,2023-09-03,2023-09-09,2022-09-04,2022-09-10,36,2023-09-04,2023-09-10,2022-09-05,2022-09-11,36,36,36,9,September,Sep,2023-09-01,2023-09-30,2022-09-01,2022-09-30,3,2023-07-01,2023-09-30,2023,2023-01-01,2023-12-31
2023-09-08,2023-09-07,2023-09-09,2022-09-08,2022-09-09,6,5,Friday,Fri,8,251,2023-09-03,2023-09-09,2022-09-04,2022-09-10,36,2023-09-04,2023-09-10,2022-09-05,2022-09-11,36,36,36,9,September,Sep,2023-09-01,2023-09-30,2022-09-01,2022-09-30,3,2023-07-01,2023-09-30,2023,2023-01-01,2023-12-31
2023-09-09,2023-09-08,2023-09-10,2022-09-09,2022-09-10,7,6,Saturday,Sat,9,252,2023-09-03,2023-09-09,2022-09-04,2022-09-10,36,2023-09-04,2023-09-10,2022-09-05,2022-09-11,36,37,36,9,September,Sep,2023-09-01,2023-09-30,2022-09-01,2022-09-30,3,2023-07-01,2023-09-30,2023,2023-01-01,2023-12-31
2023-09-10,2023-09-09,2023-09-11,2022-09-10,2022-09-11,1,7,Sunday,Sun,10,253,2023-09-10,2023-09-16,2022-09-11,2022-09-17,37,2023-09-04,2023-09-10,2022-09-05,2022-09-11,36,37,36,9,September,Sep,2023-09-01,2023-09-30,2022-09-01,2022-09-30,3,2023-07-01,2023-09-30,2023,2023-01-01,2023-12-31
2023-09-11,2023-09-10,2023-09-12,2022-09-11,2022-09-12,2,1,Monday,Mon,11,254,2023-09-10,2023-09-16,2022-09-11,2022-09-17,37,2023-09-11,2023-09-17,2022-09-12,2022-09-18,37,37,37,9,September,Sep,2023-09-01,2023-09-30,2022-09-01,2022-09-30,3,2023-07-01,2023-09-30,2023,2023-01-01,2023-12-31
2023-09-12,2023-09-11,2023-09-13,2022-09-12,2022-09-13,3,2,Tuesday,Tue,12,255,2023-09-10,2023-09-16,2022-09-11,2022-09-17,37,2023-09-11,2023-09-17,2022-09-12,2022-09-18,37,37,37,9,September,Sep,2023-09-01,2023-09-30,2022-09-01,2022-09-30,3,2023-07-01,2023-09-30,2023,2023-01-01,2023-12-31
2023-09-13,2023-09-12,2023-09-14,2022-09-13,2022-09-14,4,3,Wednesday,Wed,13,256,2023-09-10,2023-09-16,2022-09-11,2022-09-17,37,2023-09-11,2023-09-17,2022-09-12,2022-09-18,37,37,37,9,September,Sep,2023-09-01,2023-09-30,2022-09-01,2022-09-30,3,2023-07-01,2023-09-30,2023,2023-01-01,2023-12-31
2023-09-14,2023-09-13,2023-09-15,2022-09-14,2022-09-15,5,4,Thursday,Thu,14,257,2023-09-10,2023-09-16,2022-09-11,2022-09-17,37,2023-09-11,2023-09-17,2022-09-12,2022-09-18,37,37,37,9,September,Sep,2023-09-01,2023-09-30,2022-09-01,2022-09-30,3,2023-07-01,2023-09-30,2023,2023-01-01,2023-12-31
2023-09-15,2023-09-14,2023-09-16,2022-09-15,2022-09-16,6,5,Friday,Fri,15,258,2023-09-10,2023-09-16,2022-09-11,2022-09-17,37,2023-09-11,2023-09-17,2022-09-12,2022-09-18,37,37,37,9,September,Sep,2023-09-01,2023-09-30,2022-09-01,2022-09-30,3,2023-07-01,2023-09-30,2023,2023-01-01,2023-12-31
2023-09-16,2023-09-15,2023-09-17,2022-09-16,2022-09-17,7,6,Saturday,Sat,16,259,2023-09-10,2023-09-16,2022-09-11,2022-09-17,37,2023-09-11,2023-09-17,2022-09-12,2022-09-18,37,38,37,9,September,Sep,2023-09-01,2023-09-30,2022-09-01,2022-09-30,3,2023-07-01,2023-09-30,2023,2023-01-01,2023-12-31
2023-09-17,2023-09-16,2023-09-18,2022-09-17,2022-09-18,1,7,Sunday,Sun,17,260,2023-09-17,2023-09-23,2022-09-18,2022-09-24,38,2023-09-11,2023-09-17,2022-09-12,2022-09-18,37,38,37,9,September,Sep,2023-09-01,2023-09-30,2022-09-01,2022-09-30,3,2023-07-01,2023-09-30,2023,2023-01-01,2023-12-31
2023-09-18,2023-09-17,2023-09-19,2022-09-18,2022-09-19,2,1,Monday,Mon,18,261,2023-09-17,2023-09-23,2022-09-18,2022-09-24,38,2023-09-18,2023-09-24,2022-09-19,2022-09-25,38,38,38,9,September,Sep,2023-09-01,2023-09-30,2022-09-01,2022-09-30,3,2023-07-01,2023-09-30,2023,2023-01-01,2023-12-31
2023-09-19,2023-09-18,2023-09-20,2022-09-19,2022-09-20,3,2,Tuesday,Tue,19,262,2023-09-17,2023-09-23,2022-09-18,2022-09-24,38,2023-09-18,2023-09-24,2022-09-19,2022-09-25,38,38,38,9,September,Sep,2023-09-01,2023-09-30,2022-09-01,2022-09-30,3,2023-07-01,2023-09-30,2023,2023-01-01,2023-12-31
2023-09-20,2023-09-19,2023-09-21,2022-09-20,2022-09-21,4,3,Wednesday,Wed,20,263,2023-09-17,2023-09-23,2022-09-18,2022-09-24,38,2023-09-18,2023-09-24,2022-09-19,2022-09-25,38,38,38,9,September,Sep,2023-09-01,2023-09-30,2022-09-01,2022-09-30,3,2023-07-01,2023-09-30,2023,2023-01-01,2023-12-31
2023-09-21,2023-09-20,2023-09-22,2022-09-21,2022-09-22,5,4,Thursday,Thu,21,264,2023-09-17,2023-09-23,2022-09-18,2022-09-24,38,2023-09-18,2023-09-24,2022-09-19,2022-09-25,38,38,38,9,September,Sep,2023-09-01,2023-09-30,2022-09-01,2022-09-30,3,2023-07-01,2023-09-30,2023,2023-01-01,2023-12-31
2023-09-22,2023-09-21,2023-09-23,2022-09-22,2022-09-23,6,5,Friday,Fri,22,265,2023-09-17,2023-09-23,2022-09-18,2022-09-24,38,2023-09-18,2023-09-24,2022-09-19,2022-09-25,38,38,38,9,September,Sep,2023-09-01,2023-09-30,2022-09-01,2022-09-30,3,2023-07-01,2023-09-30,2023,2023-01-01,2023-12-31
2023-09-23,2023-09-22,2023-09-24,2022-09-23,2022-09-24,7,6,Saturday,Sat,23,266,2023-09-17,2023-09-23,2022-09-18,2022-09-24,38,2023-09-18,2023-09-24,2022-09-19,2022-09-25,38,39,38,9,September,Sep,2023-09-01,2023-09-30,2022-09-01,2022-09-30,3,2023-07-01,2023-09-30,2023,2023-01-01,2023-12-31
2023-09-24,2023-09-23,2023-09-25,2022-09-24,2022-09-25,1,7,Sunday,Sun,24,267,2023-09-24,2023-09-30,2022-09-25,2022-10-01,39,2023-09-18,2023-09-24,2022-09-19,2022-09-25,38,39,38,9,September,Sep,2023-09-01,2023-09-30,2022-09-01,2022-09-30,3,2023-07-01,2023-09-30,2023,2023-01-01,2023-12-31
2023-09-25,2023-09-24,2023-09-26,2022-09-25,2022-09-26,2,1,Monday,Mon,25,268,2023-09-24,2023-09-30,2022-09-25,2022-10-01,39,2023-09-25,2023-10-01,2022-09-26,2022-10-02,39,39,39,9,September,Sep,2023-09-01,2023-09-30,2022-09-01,2022-09-30,3,2023-07-01,2023-09-30,2023,2023-01-01,2023-12-31
2023-09-26,2023-09-25,2023-09-27,2022-09-26,2022-09-27,3,2,Tuesday,Tue,26,269,2023-09-24,2023-09-30,2022-09-25,2022-10-01,39,2023-09-25,2023-10-01,2022-09-26,2022-10-02,39,39,39,9,September,Sep,2023-09-01,2023-09-30,2022-09-01,2022-09-30,3,2023-07-01,2023-09-30,2023,2023-01-01,2023-12-31
2023-09-27,2023-09-26,2023-09-28,2022-09-27,2022-09-28,4,3,Wednesday,Wed,27,270,2023-09-24,2023-09-30,2022-09-25,2022-10-01,39,2023-09-25,2023-10-01,2022-09-26,2022-10-02,39,39,39,9,September,Sep,2023-09-01,2023-09-30,2022-09-01,2022-09-30,3,2023-07-01,2023-09-30,2023,2023-01-01,2023-12-31
2023-09-28,2023-09-27,2023-09-29,2022-09-28,2022-09-29,5,4,Thursday,Thu,28,271,2023-09-24,2023-09-30,2022-09-25,2022-10-01,39,2023-09-25,2023-10-01,2022-09-26,2022-10-02,39,39,39,9,September,Sep,2023-09-01,2023-09-30,2022-09-01,2022-09-30,3,2023-07-01,2023-09-30,2023,2023-01-01,2023-12-31
2023-09-29,2023-09-28,2023-09-30,2022-09-29,2022-09-30,6,5,Friday,Fri,29,272,2023-09-24,2023-09-30,2022-09-25,2022-10-01,39,2023-09-25,2023-10-01,2022-09-26,2022-10-02,39,39,39,9,September,Sep,2023-09-01,2023-09-30,2022-09-01,2022-09-30,3,2023-07-01,2023-09-30,2023,2023-01-01,2023-12-31
2023-09-30,2023-09-29,2023-10-01,2022-09-30,2022-10-01,7,6,Saturday,Sat,30,273,2023-09-24,2023-09-30,2022-09-25,2022-10-01,39,2023-09-25,2023-10-01,2022-09-26,2022-10-02,39,40,39,9,September,Sep,2023-09-01,2023-09-30,2022-09-01,2022-09-30,3,2023-07-01,2023-09-30,2023,2023-01-01,2023-12-31
2023-10-01,2023-09-30,2023-10-02,2022-10-01,2022-10-02,1,7,Sunday,Sun,1,274,2023-10-01,2023-10-07,2022-10-02,2022-10-08,40,2023-09-25,2023-10-01,2022-09-26,2022-10-02,39,40,39,10,October,Oct,2023-10-01,2023-10-31,2022-10-01,2022-10-31,4,2023-10-01,2023-12-31,2023,2023-01-01,2023-12-31
2023-10-02,2023-10-01,2023-10-03,2022-10-02,2022-10-03,2,1,Monday,Mon,2,275,2023-10-01,2023-10-07,2022-10-02,2022-10-08,40,2023-10-02,2023-10-08,2022-10-03,2022-10-09,40,40,40,10,October,Oct,2023-10-01,2023-10-31,2022-10-01,2022-10-31,4,2023-10-01,2023-12-31,2023,2023-01-01,2023-12-31
2023-10-03,2023-10-02,2023-10-04,2022-10-03,2022-10-04,3,2,Tuesday,Tue,3,276,2023-10-01,2023-10-07,2022-10-02,2022-10-08,40,2023-10-02,2023-10-08,2022-10-03,2022-10-09,40,40,40,10,October,Oct,2023-10-01,2023-10-31,2022-10-01,2022-10-31,4,2023-10-01,2023-12-31,2023,2023-01-01,2023-12-31
2023-10-04,2023-10-03,2023-10-05,2022-10-04,2022-10-05,4,3,Wednesday,Wed,4,277,2023-10-01,2023-10-07,2022-10-02,2022-10-08,40,2023-10-02,2023-10-08,2022-10-03,2022-10-09,40,40,40,10,October,Oct,2023-10-01,2023-10-31,2022-10-01,2022-10-31,4,2023-10-01,2023-12-31,2023,2023-01-01,2023-12-31
2023-10-05,2023-10-04,2023-10-06,2022-10-05,2022-10-06,5,4,Thursday,Thu,5,278,2023-10-01,2023-10-07,2022-10-02,2022-10-08,40,2023-10-02,2023-10-08,2022-10-03,2022-10-09,40,40,40,10,October,Oct,2023-10-01,2023-10-31,2022-10-01,2022-10-31,4,2023-10-01,2023-12-31,2023,2023-01-01,2023-12-31
2023-10-06,2023-10-05,2023-10-07,2022-10-06,2022-10-07,6,5,Friday,Fri,6,279,2023-10-01,2023-10-07,2022-10-02,2022-10-08,40,2023-10-02,2023-10-08,2022-10-03,2022-10-09,40,40,40,10,October,Oct,2023-10-01,2023-10-31,2022-10-01,2022-10-31,4,2023-10-01,2023-12-31,2023,2023-01-01,2023-12-31
2023-10-07,2023-10-06,2023-10-08,2022-10-07,2022-10-08,7,6,Saturday,Sat,7,280,2023-10-01,2023-10-07,2022-10-02,2022-10-08,40,2023-10-02,2023-10-08,2022-10-03,2022-10-09,40,41,40,10,October,Oct,2023-10-01,2023-10-31,2022-10-01,2022-10-31,4,2023-10-01,2023-12-31,2023,2023-01-01,2023-12-31
2023-10-08,2023-10-07,2023-10-09,2022-10-08,2022-10-09,1,7,Sunday,Sun,8,281,2023-10-08,2023-10-14,2022-10-09,2022-10-15,41,2023-10-02,2023-10-08,2022-10-03,2022-10-09,40,41,40,10,October,Oct,2023-10-01,2023-10-31,2022-10-01,2022-10-31,4,2023-10-01,2023-12-31,2023,2023-01-01,2023-12-31
2023-10-09,2023-10-08,2023-10-10,2022-10-09,2022-10-10,2,1,Monday,Mon,9,282,2023-10-08,2023-10-14,2022-10-09,2022-10-15,41,2023-10-09,2023-10-15,2022-10-10,2022-10-16,41,41,41,10,October,Oct,2023-10-01,2023-10-31,2022-10-01,2022-10-31,4,2023-10-01,2023-12-31,2023,2023-01-01,2023-12-31
2023-10-10,2023-10-09,2023-10-11,2022-10-10,2022-10-11,3,2,Tuesday,Tue,10,283,2023-10-08,2023-10-14,2022-10-09,2022-10-15,41,2023-10-09,2023-10-15,2022-10-10,2022-10-16,41,41,41,10,October,Oct,2023-10-01,2023-10-31,2022-10-01,2022-10-31,4,2023-10-01,2023-12-31,2023,2023-01-01,2023-12-31
2023-10-11,2023-10-10,2023-10-12,2022-10-11,2022-10-12,4,3,Wednesday,Wed,11,284,2023-10-08,2023-10-14,2022-10-09,2022-10-15,41,2023-10-09,2023-10-15,2022-10-10,2022-10-16,41,41,41,10,October,Oct,2023-10-01,2023-10-31,2022-10-01,2022-10-31,4,2023-10-01,2023-12-31,2023,2023-01-01,2023-12-31
2023-10-12,2023-10-11,2023-10-13,2022-10-12,2022-10-13,5,4,Thursday,Thu,12,285,2023-10-08,2023-10-14,2022-10-09,2022-10-15,41,2023-10-09,2023-10-15,2022-10-10,2022-10-16,41,41,41,10,October,Oct,2023-10-01,2023-10-31,2022-10-01,2022-10-31,4,2023-10-01,2023-12-31,2023,2023-01-01,2023-12-31
2023-10-13,2023-10-12,2023-10-14,2022-10-13,2022-10-14,6,5,Friday,Fri,13,286,2023-10-08,2023-10-14,2022-10-09,2022-10-15,41,2023-10-09,2023-10-15,2022-10-10,2022-10-16,41,41,41,10,October,Oct,2023-10-01,2023-10-31,2022-10-01,2022-10-31,4,2023-10-01,2023-12-31,2023,2023-01-01,2023-12-31
2023-10-14,2023-10-13,2023-10-15,2022-10-14,2022-10-15,7,6,Saturday,Sat,14,287,2023-10-08,2023-10-14,2022-10-09,2022-10-15,41,2023-10-09,2023-10-15,2022-10-10,2022-10-16,41,42,41,10,October,Oct,2023-10-01,2023-10-31,2022-10-01,2022-10-31,4,2023-10-01,2023-12-31,2023,2023-01-01,2023-12-31
2023-10-15,2023-10-14,2023-10-16,2022-10-15,2022-10-16,1,7,Sunday,Sun,15,288,2023-10-15,2023-10-21,2022-10-16,2022-10-22,42,2023-10-09,2023-10-15,2022-10-10,2022-10-16,41,42,41,10,October,Oct,2023-10-01,2023-10-31,2022-10-01,2022-10-31,4,2023-10-01,2023-12-31,2023,2023-01-01,2023-12-31
2023-10-16,2023-10-15,2023-10-17,2022-10-16,2022-10-17,2,1,Monday,Mon,16,289,2023-10-15,2023-10-21,2022-10-16,2022-10-22,42,2023-10-16,2023-10-22,2022-10-17,2022-10-23,42,42,42,10,October,Oct,2023-10-01,2023-10-31,2022-10-01,2022-10-31,4,2023-10-01,2023-12-31,2023,2023-01-01,2023-12-31
2023-10-17,2023-10-16,2023-10-18,2022-10-17,2022-10-18,3,2,Tuesday,Tue,17,290,2023-10-15,2023-10-21,2022-10-16,2022-10-22,42,2023-10-16,2023-10-22,2022-10-17,2022-10-23,42,42,42,10,October,Oct,2023-10-01,2023-10-31,2022-10-01,2022-10-31,4,2023-10-01,2023-12-31,2023,2023-01-01,2023-12-31
2023-10-18,2023-10-17,2023-10-19,2022-10-18,2022-10-19,4,3,Wednesday,Wed,18,291,2023-10-15,2023-10-21,2022-10-16,2022-10-22,42,2023-10-16,2023-10-22,2022-10-17,2022-10-23,42,42,42,10,October,Oct,2023-10-01,2023-10-31,2022-10-01,2022-10-31,4,2023-10-01,2023-12-31,2023,2023-01-01,2023-12-31
2023-10-19,2023-10-18,2023-10-20,2022-10-19,2022-10-20,5,4,Thursday,Thu,19,292,2023-10-15,2023-10-21,2022-10-16,2022-10-22,42,2023-10-16,2023-10-22,2022-10-17,2022-10-23,42,42,42,10,October,Oct,2023-10-01,2023-10-31,2022-10-01,2022-10-31,4,2023-10-01,2023-12-31,2023,2023-01-01,2023-12-31
2023-10-20,2023-10-19,2023-10-21,2022-10-20,2022-10-21,6,5,Friday,Fri,20,293,2023-10-15,2023-10-21,2022-10-16,2022-10-22,42,2023-10-16,2023-10-22,2022-10-17,2022-10-23,42,42,42,10,October,Oct,2023-10-01,2023-10-31,2022-10-01,2022-10-31,4,2023-10-01,2023-12-31,2023,2023-01-01,2023-12-31
2023-10-21,2023-10-20,2023-10-22,2022-10-21,2022-10-22,7,6,Saturday,Sat,21,294,2023-10-15,2023-10-21,2022-10-16,2022-10-22,42,2023-10-16,2023-10-22,2022-10-17,2022-10-23,42,43,42,10,October,Oct,2023-10-01,2023-10-31,2022-10-01,2022-10-31,4,2023-10-01,2023-12-31,2023,2023-01-01,2023-12-31
2023-10-22,2023-10-21,2023-10-23,2022-10-22,2022-10-23,1,7,Sunday,Sun,22,295,2023-10-22,2023-10-28,2022-10-23,2022-10-29,43,2023-10-16,2023-10-22,2022-10-17,2022-10-23,42,43,42,10,October,Oct,2023-10-01,2023-10-31,2022-10-01,2022-10-31,4,2023-10-01,2023-12-31,2023,2023-01-01,2023-12-31
2023-10-23,2023-10-22,2023-10-24,2022-10-23,2022-10-24,2,1,Monday,Mon,23,296,2023-10-22,2023-10-28,2022-10-23,2022-10-29,43,2023-10-23,2023-10-29,2022-10-24,2022-10-30,43,43,43,10,October,Oct,2023-10-01,2023-10-31,2022-10-01,2022-10-31,4,2023-10-01,2023-12-31,2023,2023-01-01,2023-12-31
2023-10-24,2023-10-23,2023-10-25,2022-10-24,2022-10-25,3,2,Tuesday,Tue,24,297,2023-10-22,2023-10-28,2022-10-23,2022-10-29,43,2023-10-23,2023-10-29,2022-10-24,2022-10-30,43,43,43,10,October,Oct,2023-10-01,2023-10-31,2022-10-01,2022-10-31,4,2023-10-01,2023-12-31,2023,2023-01-01,2023-12-31
2023-10-25,2023-10-24,2023-10-26,2022-10-25,2022-10-26,4,3,Wednesday,Wed,25,298,2023-10-22,2023-10-28,2022-10-23,2022-10-29,43,2023-10-23,2023-10-29,2022-10-24,2022-10-30,43,43,43,10,October,Oct,2023-10-01,2023-10-31,2022-10-01,2022-10-31,4,2023-10-01,2023-12-31,2023,2023-01-01,2023-12-31
2023-10-26,2023-10-25,2023-10-27,2022-10-26,2022-10-27,5,4,Thursday,Thu,26,299,2023-10-22,2023-10-28,2022-10-23,2022-10-29,43,2023-10-23,2023-10-29,2022-10-24,2022-10-30,43,43,43,10,October,Oct,2023-10-01,2023-10-31,2022-10-01,2022-10-31,4,2023-10-01,2023-12-31,2023,2023-01-01,2023-12-31
2023-10-27,2023-10-26,2023-10-28,2022-10-27,2022-10-28,6,5,Friday,Fri,27,300,2023-10-22,2023-10-28,2022-10-23,2022-10-29,43,2023-10-23,2023-10-29,2022-10-24,2022-10-30,43,43,43,10,October,Oct,2023-10-01,2023-10-31,2022-10-01,2022-10-31,4,2023-10-01,2023-12-31,2023,2023-01-01,2023-12-31
2023-10-28,2023-10-27,2023-10-29,2022-10-28,2022-10-29,7,6,Saturday,Sat,28,301,2023-10-22,2023-10-28,2022-10-23,2022-10-29,43,2023-10-23,2023-10-29,2022-10-24,2022-10-30,43,44,43,10,October,Oct,2023-10-01,2023-10-31,2022-10-01,2022-10-31,4,2023-10-01,2023-12-31,2023,2023-01-01,2023-12-31
2023-10-29,2023-10-28,2023-10-30,2022-10-29,2022-10-30,1,7,Sunday,Sun,29,302,2023-10-29,2023-11-04,2022-10-30,2022-11-05,44,2023-10-23,2023-10-29,2022-10-24,2022-10-30,43,44,43,10,October,Oct,2023-10-01,2023-10-31,2022-10-01,2022-10-31,4,2023-10-01,2023-12-31,2023,2023-01-01,2023-12-31
2023-10-30,2023-10-29,2023-10-31,2022-10-30,2022-10-31,2,1,Monday,Mon,30,303,2023-10-29,2023-11-04,2022-10-30,2022-11-05,44,2023-10-30,2023-11-05,2022-10-31,2022-11-06,44,44,44,10,October,Oct,2023-10-01,2023-10-31,2022-10-01,2022-10-31,4,2023-10-01,2023-12-31,2023,2023-01-01,2023-12-31
2023-10-31,2023-10-30,2023-11-01,2022-10-31,2022-11-01,3,2,Tuesday,Tue,31,304,2023-10-29,2023-11-04,2022-10-30,2022-11-05,44,2023-10-30,2023-11-05,2022-10-31,2022-11-06,44,44,44,10,October,Oct,2023-10-01,2023-10-31,2022-10-01,2022-10-31,4,2023-10-01,2023-12-31,2023,2023-01-01,2023-12-31
2023-11-01,2023-10-31,2023-11-02,2022-11-01,2022-11-02,4,3,Wednesday,Wed,1,305,2023-10-29,2023-11-04,2022-10-30,2022-11-05,44,2023-10-30,2023-11-05,2022-10-31,2022-11-06,44,44,44,11,November,Nov,2023-11-01,2023-11-30,2022-11-01,2022-11-30,4,2023-10-01,2023-12-31,2023,2023-01-01,2023-12-31
2023-11-02,2023-11-01,2023-11-03,2022-11-02,2022-11-03,5,4,Thursday,Thu,2,306,2023-10-29,2023-11-04,2022-10-30,2022-11-05,44,2023-10-30,2023-11-05,2022-10-31,2022-11-06,44,44,44,11,November,Nov,2023-11-01,2023-11-30,2022-11-01,2022-11-30,4,2023-10-01,2023-12-31,2023,2023-01-01,2023-12-31
2023-11-03,2023-11-02,2023-11-04,2022-11-03,2022-11-04,6,5,Friday,Fri,3,307,2023-10-29,2023-11-04,2022-10-30,2022-11-05,44,2023-10-30,2023-11-05,2022-10-31,2022-11-06,44,44,44,11,November,Nov,2023-11-01,2023-11-30,2022-11-01,2022-11-30,4,2023-10-01,2023-12-31,2023,2023-01-01,2023-12-31
2023-11-04,2023-11-03,2023-11-05,2022-11-04,2022-11-05,7,6,Saturday,Sat,4,308,2023-10-29,2023-11-04,2022-10-30,2022-11-05,44,2023-10-30,2023-11-05,2022-10-31,2022-11-06,44,45,44,11,November,Nov,2023-11-01,2023-11-30,2022-11-01,2022-11-30,4,2023-10-01,2023-12-31,2023,2023-01-01,2023-12-31
2023-11-05,2023-11-04,2023-11-06,2022-11-05,2022-11-06,1,7,Sunday,Sun,5,309,2023-11-05,2023-11-11,2022-11-06,2022-11-12,45,2023-10-30,2023-11-05,2022-10-31,2022-11-06,44,45,44,11,November,Nov,2023-11-01,2023-11-30,2022-11-01,2022-11-30,4,2023-10-01,2023-12-31,2023,2023-01-01,2023-12-31
2023-11-06,2023-11-05,2023-11-07,2022-11-06,2022-11-07,2,1,Monday,Mon,6,310,2023-11-05,2023-11-11,2022-11-06,2022-11-12,45,2023-11-06,2023-11-12,2022-11-07,2022-11-13,45,45,45,11,November,Nov,2023-11-01,2023-11-30,2022-11-01,2022-11-30,4,2023-10-01,2023-12-31,2023,2023-01-01,2023-12-31
2023-11-07,2023-11-06,2023-11-08,2022-11-07,2022-11-08,3,2,Tuesday,Tue,7,311,2023-11-05,2023-11-11,2022-11-06,2022-11-12,45,2023-11-06,2023-11-12,2022-11-07,2022-11-13,45,45,45,11,November,Nov,2023-11-01,2023-11-30,2022-11-01,2022-11-30,4,2023-10-01,2023-12-31,2023,2023-01-01,2023-12-31
2023-11-08,2023-11-07,2023-11-09,2022-11-08,2022-11-09,4,3,Wednesday,Wed,8,312,2023-11-05,2023-11-11,2022-11-06,2022-11-12,45,2023-11-06,2023-11-12,2022-11-07,2022-11-13,45,45,45,11,November,Nov,2023-11-01,2023-11-30,2022-11-01,2022-11-30,4,2023-10-01,2023-12-31,2023,2023-01-01,2023-12-31
2023-11-09,2023-11-08,2023-11-10,2022-11-09,2022-11-10,5,4,Thursday,Thu,9,313,2023-11-05,2023-11-11,2022-11-06,2022-11-12,45,2023-11-06,2023-11-12,2022-11-07,2022-11-13,45,45,45,11,November,Nov,2023-11-01,2023-11-30,2022-11-01,2022-11-30,4,2023-10-01,2023-12-31,2023,2023-01-01,2023-12-31
2023-11-10,2023-11-09,2023-11-11,2022-11-10,2022-11-11,6,5,Friday,Fri,10,314,2023-11-05,2023-11-11,2022-11-06,2022-11-12,45,2023-11-06,2023-11-12,2022-11-07,2022-11-13,45,45,45,11,November,Nov,2023-11-01,2023-11-30,2022-11-01,2022-11-30,4,2023-10-01,2023-12-31,2023,2023-01-01,2023-12-31
2023-11-11,2023-11-10,2023-11-12,2022-11-11,2022-11-12,7,6,Saturday,Sat,11,315,2023-11-05,2023-11-11,2022-11-06,2022-11-12,45,2023-11-06,2023-11-12,2022-11-07,2022-11-13,45,46,45,11,November,Nov,2023-11-01,2023-11-30,2022-11-01,2022-11-30,4,2023-10-01,2023-12-31,2023,2023-01-01,2023-12-31
2023-11-12,2023-11-11,2023-11-13,2022-11-12,2022-11-13,1,7,Sunday,Sun,12,316,2023-11-12,2023-11-18,2022-11-13,2022-11-19,46,2023-11-06,2023-11-12,2022-11-07,2022-11-13,45,46,45,11,November,Nov,2023-11-01,2023-11-30,2022-11-01,2022-11-30,4,2023-10-01,2023-12-31,2023,2023-01-01,2023-12-31
2023-11-13,2023-11-12,2023-11-14,2022-11-13,2022-11-14,2,1,Monday,Mon,13,317,2023-11-12,2023-11-18,2022-11-13,2022-11-19,46,2023-11-13,2023-11-19,2022-11-14,2022-11-20,46,46,46,11,November,Nov,2023-11-01,2023-11-30,2022-11-01,2022-11-30,4,2023-10-01,2023-12-31,2023,2023-01-01,2023-12-31
2023-11-14,2023-11-13,2023-11-15,2022-11-14,2022-11-15,3,2,Tuesday,Tue,14,318,2023-11-12,2023-11-18,2022-11-13,2022-11-19,46,2023-11-13,2023-11-19,2022-11-14,2022-11-20,46,46,46,11,November,Nov,2023-11-01,2023-11-30,2022-11-01,2022-11-30,4,2023-10-01,2023-12-31,2023,2023-01-01,2023-12-31
2023-11-15,2023-11-14,2023-11-16,2022-11-15,2022-11-16,4,3,Wednesday,Wed,15,319,2023-11-12,2023-11-18,2022-11-13,2022-11-19,46,2023-11-13,2023-11-19,2022-11-14,2022-11-20,46,46,46,11,November,Nov,2023-11-01,2023-11-30,2022-11-01,2022-11-30,4,2023-10-01,2023-12-31,2023,2023-01-01,2023-12-31
2023-11-16,2023-11-15,2023-11-17,2022-11-16,2022-11-17,5,4,Thursday,Thu,16,320,2023-11-12,2023-11-18,2022-11-13,2022-11-19,46,2023-11-13,2023-11-19,2022-11-14,2022-11-20,46,46,46,11,November,Nov,2023-11-01,2023-11-30,2022-11-01,2022-11-30,4,2023-10-01,2023-12-31,2023,2023-01-01,2023-12-31
2023-11-17,2023-11-16,2023-11-18,2022-11-17,2022-11-18,6,5,Friday,Fri,17,321,2023-11-12,2023-11-18,2022-11-13,2022-11-19,46,2023-11-13,2023-11-19,2022-11-14,2022-11-20,46,46,46,11,November,Nov,2023-11-01,2023-11-30,2022-11-01,2022-11-30,4,2023-10-01,2023-12-31,2023,2023-01-01,2023-12-31
2023-11-18,2023-11-17,2023-11-19,2022-11-18,2022-11-19,7,6,Saturday,Sat,18,322,2023-11-12,2023-11-18,2022-11-13,2022-11-19,46,2023-11-13,2023-11-19,2022-11-14,2022-11-20,46,47,46,11,November,Nov,2023-11-01,2023-11-30,2022-11-01,2022-11-30,4,2023-10-01,2023-12-31,2023,2023-01-01,2023-12-31
2023-11-19,2023-11-18,2023-11-20,2022-11-19,2022-11-20,1,7,Sunday,Sun,19,323,2023-11-19,2023-11-25,2022-11-20,2022-11-26,47,2023-11-13,2023-11-19,2022-11-14,2022-11-20,46,47,46,11,November,Nov,2023-11-01,2023-11-30,2022-11-01,2022-11-30,4,2023-10-01,2023-12-31,2023,2023-01-01,2023-12-31
2023-11-20,2023-11-19,2023-11-21,2022-11-20,2022-11-21,2,1,Monday,Mon,20,324,2023-11-19,2023-11-25,2022-11-20,2022-11-26,47,2023-11-20,2023-11-26,2022-11-21,2022-11-27,47,47,47,11,November,Nov,2023-11-01,2023-11-30,2022-11-01,2022-11-30,4,2023-10-01,2023-12-31,2023,2023-01-01,2023-12-31
2023-11-21,2023-11-20,2023-11-22,2022-11-21,2022-11-22,3,2,Tuesday,Tue,21,325,2023-11-19,2023-11-25,2022-11-20,2022-11-26,47,2023-11-20,2023-11-26,2022-11-21,2022-11-27,47,47,47,11,November,Nov,2023-11-01,2023-11-30,2022-11-01,2022-11-30,4,2023-10-01,2023-12-31,2023,2023-01-01,2023-12-31
2023-11-22,2023-11-21,2023-11-23,2022-11-22,2022-11-23,4,3,Wednesday,Wed,22,326,2023-11-19,2023-11-25,2022-11-20,2022-11-26,47,2023-11-20,2023-11-26,2022-11-21,2022-11-27,47,47,47,11,November,Nov,2023-11-01,2023-11-30,2022-11-01,2022-11-30,4,2023-10-01,2023-12-31,2023,2023-01-01,2023-12-31
2023-11-23,2023-11-22,2023-11-24,2022-11-23,2022-11-24,5,4,Thursday,Thu,23,327,2023-11-19,2023-11-25,2022-11-20,2022-11-26,47,2023-11-20,2023-11-26,2022-11-21,2022-11-27,47,47,47,11,November,Nov,2023-11-01,2023-11-30,2022-11-01,2022-11-30,4,2023-10-01,2023-12-31,2023,2023-01-01,2023-12-31
2023-11-24,2023-11-23,2023-11-25,2022-11-24,2022-11-25,6,5,Friday,Fri,24,328,2023-11-19,2023-11-25,2022-11-20,2022-11-26,47,2023-11-20,2023-11-26,2022-11-21,2022-11-27,47,47,47,11,November,Nov,2023-11-01,2023-11-30,2022-11-01,2022-11-30,4,2023-10-01,2023-12-31,2023,2023-01-01,2023-12-31
2023-11-25,2023-11-24,2023-11-26,2022-11-25,2022-11-26,7,6,Saturday,Sat,25,329,2023-11-19,2023-11-25,2022-11-20,2022-11-26,47,2023-11-20,2023-11-26,2022-11-21,2022-11-27,47,48,47,11,November,Nov,2023-11-01,2023-11-30,2022-11-01,2022-11-30,4,2023-10-01,2023-12-31,2023,2023-01-01,2023-12-31
2023-11-26,2023-11-25,2023-11-27,2022-11-26,2022-11-27,1,7,Sunday,Sun,26,330,2023-11-26,2023-12-02,2022-11-27,2022-12-03,48,2023-11-20,2023-11-26,2022-11-21,2022-11-27,47,48,47,11,November,Nov,2023-11-01,2023-11-30,2022-11-01,2022-11-30,4,2023-10-01,2023-12-31,2023,2023-01-01,2023-12-31
2023-11-27,2023-11-26,2023-11-28,2022-11-27,2022-11-28,2,1,Monday,Mon,27,331,2023-11-26,2023-12-02,2022-11-27,2022-12-03,48,2023-11-27,2023-12-03,2022-11-28,2022-12-04,48,48,48,11,November,Nov,2023-11-01,2023-11-30,2022-11-01,2022-11-30,4,2023-10-01,2023-12-31,2023,2023-01-01,2023-12-31
2023-11-28,2023-11-27,2023-11-29,2022-11-28,2022-11-29,3,2,Tuesday,Tue,28,332,2023-11-26,2023-12-02,2022-11-27,2022-12-03,48,2023-11-27,2023-12-03,2022-11-28,2022-12-04,48,48,48,11,November,Nov,2023-11-01,2023-11-30,2022-11-01,2022-11-30,4,2023-10-01,2023-12-31,2023,2023-01-01,2023-12-31
2023-11-29,2023-11-28,2023-11-30,2022-11-29,2022-11-30,4,3,Wednesday,Wed,29,333,2023-11-26,2023-12-02,2022-11-27,2022-12-03,48,2023-11-27,2023-12-03,2022-11-28,2022-12-04,48,48,48,11,November,Nov,2023-11-01,2023-11-30,2022-11-01,2022-11-30,4,2023-10-01,2023-12-31,2023,2023-01-01,2023-12-31
2023-11-30,2023-11-29,2023-12-01,2022-11-30,2022-12-01,5,4,Thursday,Thu,30,334,2023-11-26,2023-12-02,2022-11-27,2022-12-03,48,2023-11-27,2023-12-03,2022-11-28,2022-12-04,48,48,48,11,November,Nov,2023-11-01,2023-11-30,2022-11-01,2022-11-30,4,2023-10-01,2023-12-31,2023,2023-01-01,2023-12-31
2023-12-01,2023-11-30,2023-12-02,2022-12-01,2022-12-02,6,5,Friday,Fri,1,335,2023-11-26,2023-12-02,2022-11-27,2022-12-03,48,2023-11-27,2023-12-03,2022-11-28,2022-12-04,48,48,48,12,December,Dec,2023-12-01,2023-12-31,2022-12-01,2022-12-31,4,2023-10-01,2023-12-31,2023,2023-01-01,2023-12-31
2023-12-02,2023-12-01,2023-12-03,2022-12-02,2022-12-03,7,6,Saturday,Sat,2,336,2023-11-26,2023-12-02,2022-11-27,2022-12-03,48,2023-11-27,2023-12-03,2022-11-28,2022-12-04,48,49,48,12,December,Dec,2023-12-01,2023-12-31,2022-12-01,2022-12-31,4,2023-10-01,2023-12-31,2023,2023-01-01,2023-12-31
2023-12-03,2023-12-02,2023-12-04,2022-12-03,2022-12-04,1,7,Sunday,Sun,3,337,2023-12-03,2023-12-09,2022-12-04,2022-12-10,49,2023-11-27,2023-12-03,2022-11-28,2022-12-04,48,49,48,12,December,Dec,2023-12-01,2023-12-31,2022-12-01,2022-12-31,4,2023-10-01,2023-12-31,2023,2023-01-01,2023-12-31
2023-12-04,2023-12-03,2023-12-05,2022-12-04,2022-12-05,2,1,Monday,Mon,4,338,2023-12-03,2023-12-09,2022-12-04,2022-12-10,49,2023-12-04,2023-12-10,2022-12-05,2022-12-11,49,49,49,12,December,Dec,2023-12-01,2023-12-31,2022-12-01,2022-12-31,4,2023-10-01,2023-12-31,2023,2023-01-01,2023-12-31
2023-12-05,2023-12-04,2023-12-06,2022-12-05,2022-12-06,3,2,Tuesday,Tue,5,339,2023-12-03,2023-12-09,2022-12-04,2022-12-10,49,2023-12-04,2023-12-10,2022-12-05,2022-12-11,49,49,49,12,December,Dec,2023-12-01,2023-12-31,2022-12-01,2022-12-31,4,2023-10-01,2023-12-31,2023,2023-01-01,2023-12-31
2023-12-06,2023-12-05,2023-12-07,2022-12-06,2022-12-07,4,3,Wednesday,Wed,6,340,2023-12-03,2023-12-09,2022-12-04,2022-12-10,49,2023-12-04,2023-12-10,2022-12-05,2022-12-11,49,49,49,12,December,Dec,2023-12-01,2023-12-31,2022-12-01,2022-12-31,4,2023-10-01,2023-12-31,2023,2023-01-01,2023-12-31
2023-12-07,2023-12-06,2023-12-08,2022-12-07,2022-12-08,5,4,Thursday,Thu,7,341,2023-12-03,2023-12-09,2022-12-04,2022-12-10,49,2023-12-04,2023-12-10,2022-12-05,2022-12-11,49,49,49,12,December,Dec,2023-12-01,2023-12-31,2022-12-01,2022-12-31,4,2023-10-01,2023-12-31,2023,2023-01-01,2023-12-31
2023-12-08,2023-12-07,2023-12-09,2022-12-08,2022-12-09,6,5,Friday,Fri,8,342,2023-12-03,2023-12-09,2022-12-04,2022-12-10,49,2023-12-04,2023-12-10,2022-12-05,2022-12-11,49,49,49,12,December,Dec,2023-12-01,2023-12-31,2022-12-01,2022-12-31,4,2023-10-01,2023-12-31,2023,2023-01-01,2023-12-31
2023-12-09,2023-12-08,2023-12-10,2022-12-09,2022-12-10,7,6,Saturday,Sat,9,343,2023-12-03,2023-12-09,2022-12-04,2022-12-10,49,2023-12-04,2023-12-10,2022-12-05,2022-12-11,49,50,49,12,December,Dec,2023-12-01,2023-12-31,2022-12-01,2022-12-31,4,2023-10-01,2023-12-31,2023,2023-01-01,2023-12-31
2023-12-10,2023-12-09,2023-12-11,2022-12-10,2022-12-11,1,7,Sunday,Sun,10,344,2023-12-10,2023-12-16,2022-12-11,2022-12-17,50,2023-12-04,2023-12-10,2022-12-05,2022-12-11,49,50,49,12,December,Dec,2023-12-01,2023-12-31,2022-12-01,2022-12-31,4,2023-10-01,2023-12-31,2023,2023-01-01,2023-12-31
2023-12-11,2023-12-10,2023-12-12,2022-12-11,2022-12-12,2,1,Monday,Mon,11,345,2023-12-10,2023-12-16,2022-12-11,2022-12-17,50,2023-12-11,2023-12-17,2022-12-12,2022-12-18,50,50,50,12,December,Dec,2023-12-01,2023-12-31,2022-12-01,2022-12-31,4,2023-10-01,2023-12-31,2023,2023-01-01,2023-12-31
2023-12-12,2023-12-11,2023-12-13,2022-12-12,2022-12-13,3,2,Tuesday,Tue,12,346,2023-12-10,2023-12-16,2022-12-11,2022-12-17,50,2023-12-11,2023-12-17,2022-12-12,2022-12-18,50,50,50,12,December,Dec,2023-12-01,2023-12-31,2022-12-01,2022-12-31,4,2023-10-01,2023-12-31,2023,2023-01-01,2023-12-31
2023-12-13,2023-12-12,2023-12-14,2022-12-13,2022-12-14,4,3,Wednesday,Wed,13,347,2023-12-10,2023-12-16,2022-12-11,2022-12-17,50,2023-12-11,2023-12-17,2022-12-12,2022-12-18,50,50,50,12,December,Dec,2023-12-01,2023-12-31,2022-12-01,2022-12-31,4,2023-10-01,2023-12-31,2023,2023-01-01,2023-12-31
2023-12-14,2023-12-13,2023-12-15,2022-12-14,2022-12-15,5,4,Thursday,Thu,14,348,2023-12-10,2023-12-16,2022-12-11,2022-12-17,50,2023-12-11,2023-12-17,2022-12-12,2022-12-18,50,50,50,12,December,Dec,2023-12-01,2023-12-31,2022-12-01,2022-12-31,4,2023-10-01,2023-12-31,2023,2023-01-01,2023-12-31
2023-12-15,2023-12-14,2023-12-16,2022-12-15,2022-12-16,6,5,Friday,Fri,15,349,2023-12-10,2023-12-16,2022-12-11,2022-12-17,50,2023-12-11,2023-12-17,2022-12-12,2022-12-18,50,50,50,12,December,Dec,2023-12-01,2023-12-31,2022-12-01,2022-12-31,4,2023-10-01,2023-12-31,2023,2023-01-01,2023-12-31
2023-12-16,2023-12-15,2023-12-17,2022-12-16,2022-12-17,7,6,Saturday,Sat,16,350,2023-12-10,2023-12-16,2022-12-11,2022-12-17,50,2023-12-11,2023-12-17,2022-12-12,2022-12-18,50,51,50,12,December,Dec,2023-12-01,2023-12-31,2022-12-01,2022-12-31,4,2023-10-01,2023-12-31,2023,2023-01-01,2023-12-31
2023-12-17,2023-12-16,2023-12-18,2022-12-17,2022-12-18,1,7,Sunday,Sun,17,351,2023-12-17,2023-12-23,2022-12-18,2022-12-24,51,2023-12-11,2023-12-17,2022-12-12,2022-12-18,50,51,50,12,December,Dec,2023-12-01,2023-12-31,2022-12-01,2022-12-31,4,2023-10-01,2023-12-31,2023,2023-01-01,2023-12-31
2023-12-18,2023-12-17,2023-12-19,2022-12-18,2022-12-19,2,1,Monday,Mon,18,352,2023-12-17,2023-12-23,2022-12-18,2022-12-24,51,2023-12-18,2023-12-24,2022-12-19,2022-12-25,51,51,51,12,December,Dec,2023-12-01,2023-12-31,2022-12-01,2022-12-31,4,2023-10-01,2023-12-31,2023,2023-01-01,2023-12-31
2023-12-19,2023-12-18,2023-12-20,2022-12-19,2022-12-20,3,2,Tuesday,Tue,19,353,2023-12-17,2023-12-23,2022-12-18,2022-12-24,51,2023-12-18,2023-12-24,2022-12-19,2022-12-25,51,51,51,12,December,Dec,2023-12-01,2023-12-31,2022-12-01,2022-12-31,4,2023-10-01,2023-12-31,2023,2023-01-01,2023-12-31
2023-12-20,2023-12-19,2023-12-21,2022-12-20,2022-12-21,4,3,Wednesday,Wed,20,354,2023-12-17,2023-12-23,2022-12-18,2022-12-24,51,2023-12-18,2023-12-24,2022-12-19,2022-12-25,51,51,51,12,December,Dec,2023-12-01,2023-12-31,2022-12-01,2022-12-31,4,2023-10-01,2023-12-31,2023,2023-01-01,2023-12-31
2023-12-21,2023-12-20,2023-12-22,2022-12-21,2022-12-22,5,4,Thursday,Thu,21,355,2023-12-17,2023-12-23,2022-12-18,2022-12-24,51,2023-12-18,2023-12-24,2022-12-19,2022-12-25,51,51,51,12,December,Dec,2023-12-01,2023-12-31,2022-12-01,2022-12-31,4,2023-10-01,2023-12-31,2023,2023-01-01,2023-12-31
2023-12-22,2023-12-21,2023-12-23,2022-12-22,2022-12-23,6,5,Friday,Fri,22,356,2023-12-17,2023-12-23,2022-12-18,2022-12-24,51,2023-12-18,2023-12-24,2022-12-19,2022-12-25,51,51,51,12,December,Dec,2023-12-01,2023-12-31,2022-12-01,2022-12-31,4,2023-10-01,2023-12-31,2023,2023-01-01,2023-12-31
2023-12-23,2023-12-22,2023-12-24,2022-12-23,2022-12-24,7,6,Saturday,Sat,23,357,2023-12-17,2023-12-23,2022-12-18,2022-12-24,51,2023-12-18,2023-12-24,2022-12-19,2022-12-25,51,52,51,12,December,Dec,2023-12-01,2023-12-31,2022-12-01,2022-12-31,4,2023-10-01,2023-12-31,2023,2023-01-01,2023-12-31
2023-12-24,2023-12-23,2023-12-25,2022-12-24,2022-12-25,1,7,Sunday,Sun,24,358,2023-12-24,2023-12-30,2022-12-25,2022-12-31,52,2023-12-18,2023-12-24,2022-12-19,2022-12-25,51,52,51,12,December,Dec,2023-12-01,2023-12-31,2022-12-01,2022-12-31,4,2023-10-01,2023-12-31,2023,2023-01-01,2023-12-31
2023-12-25,2023-12-24,2023-12-26,2022-12-25,2022-12-26,2,1,Monday,Mon,25,359,2023-12-24,2023-12-30,2022-12-25,2022-12-31,52,2023-12-25,2023-12-31,2022-12-26,2023-01-01,52,52,52,12,December,Dec,2023-12-01,2023-12-31,2022-12-01,2022-12-31,4,2023-10-01,2023-12-31,2023,2023-01-01,2023-12-31
2023-12-26,2023-12-25,2023-12-27,2022-12-26,2022-12-27,3,2,Tuesday,Tue,26,360,2023-12-24,2023-12-30,2022-12-25,2022-12-31,52,2023-12-25,2023-12-31,2022-12-26,2023-01-01,52,52,52,12,December,Dec,2023-12-01,2023-12-31,2022-12-01,2022-12-31,4,2023-10-01,2023-12-31,2023,2023-01-01,2023-12-31
2023-12-27,2023-12-26,2023-12-28,2022-12-27,2022-12-28,4,3,Wednesday,Wed,27,361,2023-12-24,2023-12-30,2022-12-25,2022-12-31,52,2023-12-25,2023-12-31,2022-12-26,2023-01-01,52,52,52,12,December,Dec,2023-12-01,2023-12-31,2022-12-01,2022-12-31,4,2023-10-01,2023-12-31,2023,2023-01-01,2023-12-31
2023-12-28,2023-12-27,2023-12-29,2022-12-28,2022-12-29,5,4,Thursday,Thu,28,362,2023-12-24,2023-12-30,2022-12-25,2022-12-31,52,2023-12-25,2023-12-31,2022-12-26,2023-01-01,52,52,52,12,December,Dec,2023-12-01,2023-12-31,2022-12-01,2022-12-31,4,2023-10-01,2023-12-31,2023,2023-01-01,2023-12-31
2023-12-29,2023-12-28,2023-12-30,2022-12-29,2022-12-30,6,5,Friday,Fri,29,363,2023-12-24,2023-12-30,2022-12-25,2022-12-31,52,2023-12-25,2023-12-31,2022-12-26,2023-01-01,52,52,52,12,December,Dec,2023-12-01,2023-12-31,2022-12-01,2022-12-31,4,2023-10-01,2023-12-31,2023,2023-01-01,2023-12-31
2023-12-30,2023-12-29,2023-12-31,2022-12-30,2022-12-31,7,6,Saturday,Sat,30,364,2023-12-24,2023-12-30,2022-12-25,2022-12-31,52,2023-12-25,2023-12-31,2022-12-26,2023-01-01,52,53,52,12,December,Dec,2023-12-01,2023-12-31,2022-12-01,2022-12-31,4,2023-10-01,2023-12-31,2023,2023-01-01,2023-12-31
2023-12-31,2023-12-30,2024-01-01,2022-12-31,2023-01-01,1,7,Sunday,Sun,31,365,2023-12-31,2024-01-06,2023-01-01,2023-01-07,53,2023-12-25,2023-12-31,2022-12-26,2023-01-01,52,1,52,12,December,Dec,2023-12-01,2023-12-31,2022-12-01,2022-12-31,4,2023-10-01,2023-12-31,2023,2023-01-01,2023-12-31
2024-01-01,2023-12-31,2024-01-02,2023-01-01,2023-01-02,2,1,Monday,Mon,1,1,2023-12-31,2024-01-06,2023-01-01,2023-01-07,1,2024-01-01,2024-01-07,2023-01-02,2023-01-08,1,1,1,1,January,Jan,2024-01-01,2024-01-31,2023-01-01,2023-01-31,1,2024-01-01,2024-03-31,2024,2024-01-01,2024-12-31
2024-01-02,2024-01-01,2024-01-03,2023-01-02,2023-01-03,3,2,Tuesday,Tue,2,2,2023-12-31,2024-01-06,2023-01-01,2023-01-07,1,2024-01-01,2024-01-07,2023-01-02,2023-01-08,1,1,1,1,January,Jan,2024-01-01,2024-01-31,2023-01-01,2023-01-31,1,2024-01-01,2024-03-31,2024,2024-01-01,2024-12-31
2024-01-03,2024-01-02,2024-01-04,2023-01-03,2023-01-04,4,3,Wednesday,Wed,3,3,2023-12-31,2024-01-06,2023-01-01,2023-01-07,1,2024-01-01,2024-01-07,2023-01-02,2023-01-08,1,1,1,1,January,Jan,2024-01-01,2024-01-31,2023-01-01,2023-01-31,1,2024-01-01,2024-03-31,2024,2024-01-01,2024-12-31
2024-01-04,2024-01-03,2024-01-05,2023-01-04,2023-01-05,5,4,Thursday,Thu,4,4,2023-12-31,2024-01-06,2023-01-01,2023-01-07,1,2024-01-01,2024-01-07,2023-01-02,2023-01-08,1,1,1,1,January,Jan,2024-01-01,2024-01-31,2023-01-01,2023-01-31,1,2024-01-01,2024-03-31,2024,2024-01-01,2024-12-31
2024-01-05,2024-01-04,2024-01-06,2023-01-05,2023-01-06,6,5,Friday,Fri,5,5,2023-12-31,2024-01-06,2023-01-01,2023-01-07,1,2024-01-01,2024-01-07,2023-01-02,2023-01-08,1,1,1,1,January,Jan,2024-01-01,2024-01-31,2023-01-01,2023-01-31,1,2024-01-01,2024-03-31,2024,2024-01-01,2024-12-31
2024-01-06,2024-01-05,2024-01-07,2023-01-06,2023-01-07,7,6,Saturday,Sat,6,6,2023-12-31,2024-01-06,2023-01-01,2023-01-07,1,2024-01-01,2024-01-07,2023-01-02,2023-01-08,1,1,1,1,January,Jan,2024-01-01,2024-01-31,2023-01-01,2023-01-31,1,2024-01-01,2024-03-31,2024,2024-01-01,2024-12-31
2024-01-07,2024-01-06,2024-01-08,2023-01-07,2023-01-08,1,7,Sunday,Sun,7,7,2024-01-07,2024-01-13,2023-01-08,2023-01-14,1,2024-01-01,2024-01-07,2023-01-02,2023-01-08,1,2,1,1,January,Jan,2024-01-01,2024-01-31,2023-01-01,2023-01-31,1,2024-01-01,2024-03-31,2024,2024-01-01,2024-12-31
2024-01-08,2024-01-07,2024-01-09,2023-01-08,2023-01-09,2,1,Monday,Mon,8,8,2024-01-07,2024-01-13,2023-01-08,2023-01-14,2,2024-01-08,2024-01-14,2023-01-09,2023-01-15,2,2,2,1,January,Jan,2024-01-01,2024-01-31,2023-01-01,2023-01-31,1,2024-01-01,2024-03-31,2024,2024-01-01,2024-12-31
2024-01-09,2024-01-08,2024-01-10,2023-01-09,2023-01-10,3,2,Tuesday,Tue,9,9,2024-01-07,2024-01-13,2023-01-08,2023-01-14,2,2024-01-08,2024-01-14,2023-01-09,2023-01-15,2,2,2,1,January,Jan,2024-01-01,2024-01-31,2023-01-01,2023-01-31,1,2024-01-01,2024-03-31,2024,2024-01-01,2024-12-31
2024-01-10,2024-01-09,2024-01-11,2023-01-10,2023-01-11,4,3,Wednesday,Wed,10,10,2024-01-07,2024-01-13,2023-01-08,2023-01-14,2,2024-01-08,2024-01-14,2023-01-09,2023-01-15,2,2,2,1,January,Jan,2024-01-01,2024-01-31,2023-01-01,2023-01-31,1,2024-01-01,2024-03-31,2024,2024-01-01,2024-12-31
2024-01-11,2024-01-10,2024-01-12,2023-01-11,2023-01-12,5,4,Thursday,Thu,11,11,2024-01-07,2024-01-13,2023-01-08,2023-01-14,2,2024-01-08,2024-01-14,2023-01-09,2023-01-15,2,2,2,1,January,Jan,2024-01-01,2024-01-31,2023-01-01,2023-01-31,1,2024-01-01,2024-03-31,2024,2024-01-01,2024-12-31
2024-01-12,2024-01-11,2024-01-13,2023-01-12,2023-01-13,6,5,Friday,Fri,12,12,2024-01-07,2024-01-13,2023-01-08,2023-01-14,2,2024-01-08,2024-01-14,2023-01-09,2023-01-15,2,2,2,1,January,Jan,2024-01-01,2024-01-31,2023-01-01,2023-01-31,1,2024-01-01,2024-03-31,2024,2024-01-01,2024-12-31
2024-01-13,2024-01-12,2024-01-14,2023-01-13,2023-01-14,7,6,Saturday,Sat,13,13,2024-01-07,2024-01-13,2023-01-08,2023-01-14,2,2024-01-08,2024-01-14,2023-01-09,2023-01-15,2,2,2,1,January,Jan,2024-01-01,2024-01-31,2023-01-01,2023-01-31,1,2024-01-01,2024-03-31,2024,2024-01-01,2024-12-31
2024-01-14,2024-01-13,2024-01-15,2023-01-14,2023-01-15,1,7,Sunday,Sun,14,14,2024-01-14,2024-01-20,2023-01-15,2023-01-21,2,2024-01-08,2024-01-14,2023-01-09,2023-01-15,2,3,2,1,January,Jan,2024-01-01,2024-01-31,2023-01-01,2023-01-31,1,2024-01-01,2024-03-31,2024,2024-01-01,2024-12-31
2024-01-15,2024-01-14,2024-01-16,2023-01-15,2023-01-16,2,1,Monday,Mon,15,15,2024-01-14,2024-01-20,2023-01-15,2023-01-21,3,2024-01-15,2024-01-21,2023-01-16,2023-01-22,3,3,3,1,January,Jan,2024-01-01,2024-01-31,2023-01-01,2023-01-31,1,2024-01-01,2024-03-31,2024,2024-01-01,2024-12-31
2024-01-16,2024-01-15,2024-01-17,2023-01-16,2023-01-17,3,2,Tuesday,Tue,16,16,2024-01-14,2024-01-20,2023-01-15,2023-01-21,3,2024-01-15,2024-01-21,2023-01-16,2023-01-22,3,3,3,1,January,Jan,2024-01-01,2024-01-31,2023-01-01,2023-01-31,1,2024-01-01,2024-03-31,2024,2024-01-01,2024-12-31
2024-01-17,2024-01-16,2024-01-18,2023-01-17,2023-01-18,4,3,Wednesday,Wed,17,17,2024-01-14,2024-01-20,2023-01-15,2023-01-21,3,2024-01-15,2024-01-21,2023-01-16,2023-01-22,3,3,3,1,January,Jan,2024-01-01,2024-01-31,2023-01-01,2023-01-31,1,2024-01-01,2024-03-31,2024,2024-01-01,2024-12-31
2024-01-18,2024-01-17,2024-01-19,2023-01-18,2023-01-19,5,4,Thursday,Thu,18,18,2024-01-14,2024-01-20,2023-01-15,2023-01-21,3,2024-01-15,2024-01-21,2023-01-16,2023-01-22,3,3,3,1,January,Jan,2024-01-01,2024-01-31,2023-01-01,2023-01-31,1,2024-01-01,2024-03-31,2024,2024-01-01,2024-12-31
2024-01-19,2024-01-18,2024-01-20,2023-01-19,2023-01-20,6,5,Friday,Fri,19,19,2024-01-14,2024-01-20,2023-01-15,2023-01-21,3,2024-01-15,2024-01-21,2023-01-16,2023-01-22,3,3,3,1,January,Jan,2024-01-01,2024-01-31,2023-01-01,2023-01-31,1,2024-01-01,2024-03-31,2024,2024-01-01,2024-12-31
2024-01-20,2024-01-19,2024-01-21,2023-01-20,2023-01-21,7,6,Saturday,Sat,20,20,2024-01-14,2024-01-20,2023-01-15,2023-01-21,3,2024-01-15,2024-01-21,2023-01-16,2023-01-22,3,3,3,1,January,Jan,2024-01-01,2024-01-31,2023-01-01,2023-01-31,1,2024-01-01,2024-03-31,2024,2024-01-01,2024-12-31
2024-01-21,2024-01-20,2024-01-22,2023-01-21,2023-01-22,1,7,Sunday,Sun,21,21,2024-01-21,2024-01-27,2023-01-22,2023-01-28,3,2024-01-15,2024-01-21,2023-01-16,2023-01-22,3,4,3,1,January,Jan,2024-01-01,2024-01-31,2023-01-01,2023-01-31,1,2024-01-01,2024-03-31,2024,2024-01-01,2024-12-31
2024-01-22,2024-01-21,2024-01-23,2023-01-22,2023-01-23,2,1,Monday,Mon,22,22,2024-01-21,2024-01-27,2023-01-22,2023-01-28,4,2024-01-22,2024-01-28,2023-01-23,2023-01-29,4,4,4,1,January,Jan,2024-01-01,2024-01-31,2023-01-01,2023-01-31,1,2024-01-01,2024-03-31,2024,2024-01-01,2024-12-31
2024-01-23,2024-01-22,2024-01-24,2023-01-23,2023-01-24,3,2,Tuesday,Tue,23,23,2024-01-21,2024-01-27,2023-01-22,2023-01-28,4,2024-01-22,2024-01-28,2023-01-23,2023-01-29,4,4,4,1,January,Jan,2024-01-01,2024-01-31,2023-01-01,2023-01-31,1,2024-01-01,2024-03-31,2024,2024-01-01,2024-12-31
2024-01-24,2024-01-23,2024-01-25,2023-01-24,2023-01-25,4,3,Wednesday,Wed,24,24,2024-01-21,2024-01-27,2023-01-22,2023-01-28,4,2024-01-22,2024-01-28,2023-01-23,2023-01-29,4,4,4,1,January,Jan,2024-01-01,2024-01-31,2023-01-01,2023-01-31,1,2024-01-01,2024-03-31,2024,2024-01-01,2024-12-31
2024-01-25,2024-01-24,2024-01-26,2023-01-25,2023-01-26,5,4,Thursday,Thu,25,25,2024-01-21,2024-01-27,2023-01-22,2023-01-28,4,2024-01-22,2024-01-28,2023-01-23,2023-01-29,4,4,4,1,January,Jan,2024-01-01,2024-01-31,2023-01-01,2023-01-31,1,2024-01-01,2024-03-31,2024,2024-01-01,2024-12-31
2024-01-26,2024-01-25,2024-01-27,2023-01-26,2023-01-27,6,5,Friday,Fri,26,26,2024-01-21,2024-01-27,2023-01-22,2023-01-28,4,2024-01-22,2024-01-28,2023-01-23,2023-01-29,4,4,4,1,January,Jan,2024-01-01,2024-01-31,2023-01-01,2023-01-31,1,2024-01-01,2024-03-31,2024,2024-01-01,2024-12-31
2024-01-27,2024-01-26,2024-01-28,2023-01-27,2023-01-28,7,6,Saturday,Sat,27,27,2024-01-21,2024-01-27,2023-01-22,2023-01-28,4,2024-01-22,2024-01-28,2023-01-23,2023-01-29,4,4,4,1,January,Jan,2024-01-01,2024-01-31,2023-01-01,2023-01-31,1,2024-01-01,2024-03-31,2024,2024-01-01,2024-12-31
2024-01-28,2024-01-27,2024-01-29,2023-01-28,2023-01-29,1,7,Sunday,Sun,28,28,2024-01-28,2024-02-03,2023-01-29,2023-02-04,4,2024-01-22,2024-01-28,2023-01-23,2023-01-29,4,5,4,1,January,Jan,2024-01-01,2024-01-31,2023-01-01,2023-01-31,1,2024-01-01,2024-03-31,2024,2024-01-01,2024-12-31
2024-01-29,2024-01-28,2024-01-30,2023-01-29,2023-01-30,2,1,Monday,Mon,29,29,2024-01-28,2024-02-03,2023-01-29,2023-02-04,5,2024-01-29,2024-02-04,2023-01-30,2023-02-05,5,5,5,1,January,Jan,2024-01-01,2024-01-31,2023-01-01,2023-01-31,1,2024-01-01,2024-03-31,2024,2024-01-01,2024-12-31
2024-01-30,2024-01-29,2024-01-31,2023-01-30,2023-01-31,3,2,Tuesday,Tue,30,30,2024-01-28,2024-02-03,2023-01-29,2023-02-04,5,2024-01-29,2024-02-04,2023-01-30,2023-02-05,5,5,5,1,January,Jan,2024-01-01,2024-01-31,2023-01-01,2023-01-31,1,2024-01-01,2024-03-31,2024,2024-01-01,2024-12-31
2024-01-31,2024-01-30,2024-02-01,2023-01-31,2023-02-01,4,3,Wednesday,Wed,31,31,2024-01-28,2024-02-03,2023-01-29,2023-02-04,5,2024-01-29,2024-02-04,2023-01-30,2023-02-05,5,5,5,1,January,Jan,2024-01-01,2024-01-31,2023-01-01,2023-01-31,1,2024-01-01,2024-03-31,2024,2024-01-01,2024-12-31
2024-02-01,2024-01-31,2024-02-02,2023-02-01,2023-02-02,5,4,Thursday,Thu,1,32,2024-01-28,2024-02-03,2023-01-29,2023-02-04,5,2024-01-29,2024-02-04,2023-01-30,2023-02-05,5,5,5,2,February,Feb,2024-02-01,2024-02-29,2023-02-01,2023-02-28,1,2024-01-01,2024-03-31,2024,2024-01-01,2024-12-31
2024-02-02,2024-02-01,2024-02-03,2023-02-02,2023-02-03,6,5,Friday,Fri,2,33,2024-01-28,2024-02-03,2023-01-29,2023-02-04,5,2024-01-29,2024-02-04,2023-01-30,2023-02-05,5,5,5,2,February,Feb,2024-02-01,2024-02-29,2023-02-01,2023-02-28,1,2024-01-01,2024-03-31,2024,2024-01-01,2024-12-31
2024-02-03,2024-02-02,2024-02-04,2023-02-03,2023-02-04,7,6,Saturday,Sat,3,34,2024-01-28,2024-02-03,2023-01-29,2023-02-04,5,2024-01-29,2024-02-04,2023-01-30,2023-02-05,5,5,5,2,February,Feb,2024-02-01,2024-02-29,2023-02-01,2023-02-28,1,2024-01-01,2024-03-31,2024,2024-01-01,2024-12-31
2024-02-04,2024-02-03,2024-02-05,2023-02-04,2023-02-05,1,7,Sunday,Sun,4,35,2024-02-04,2024-02-10,2023-02-05,2023-02-11,5,2024-01-29,2024-02-04,2023-01-30,2023-02-05,5,6,5,2,February,Feb,2024-02-01,2024-02-29,2023-02-01,2023-02-28,1,2024-01-01,2024-03-31,2024,2024-01-01,2024-12-31
2024-02-05,2024-02-04,2024-02-06,2023-02-05,2023-02-06,2,1,Monday,Mon,5,36,2024-02-04,2024-02-10,2023-02-05,2023-02-11,6,2024-02-05,2024-02-11,2023-02-06,2023-02-12,6,6,6,2,February,Feb,2024-02-01,2024-02-29,2023-02-01,2023-02-28,1,2024-01-01,2024-03-31,2024,2024-01-01,2024-12-31
2024-02-06,2024-02-05,2024-02-07,2023-02-06,2023-02-07,3,2,Tuesday,Tue,6,37,2024-02-04,2024-02-10,2023-02-05,2023-02-11,6,2024-02-05,2024-02-11,2023-02-06,2023-02-12,6,6,6,2,February,Feb,2024-02-01,2024-02-29,2023-02-01,2023-02-28,1,2024-01-01,2024-03-31,2024,2024-01-01,2024-12-31
2024-02-07,2024-02-06,2024-02-08,2023-02-07,2023-02-08,4,3,Wednesday,Wed,7,38,2024-02-04,2024-02-10,2023-02-05,2023-02-11,6,2024-02-05,2024-02-11,2023-02-06,2023-02-12,6,6,6,2,February,Feb,2024-02-01,2024-02-29,2023-02-01,2023-02-28,1,2024-01-01,2024-03-31,2024,2024-01-01,2024-12-31
2024-02-08,2024-02-07,2024-02-09,2023-02-08,2023-02-09,5,4,Thursday,Thu,8,39,2024-02-04,2024-02-10,2023-02-05,2023-02-11,6,2024-02-05,2024-02-11,2023-02-06,2023-02-12,6,6,6,2,February,Feb,2024-02-01,2024-02-29,2023-02-01,2023-02-28,1,2024-01-01,2024-03-31,2024,2024-01-01,2024-12-31
2024-02-09,2024-02-08,2024-02-10,2023-02-09,2023-02-10,6,5,Friday,Fri,9,40,2024-02-04,2024-02-10,2023-02-05,2023-02-11,6,2024-02-05,2024-02-11,2023-02-06,2023-02-12,6,6,6,2,February,Feb,2024-02-01,2024-02-29,2023-02-01,2023-02-28,1,2024-01-01,2024-03-31,2024,2024-01-01,2024-12-31
2024-02-10,2024-02-09,2024-02-11,2023-02-10,2023-02-11,7,6,Saturday,Sat,10,41,2024-02-04,2024-02-10,2023-02-05,2023-02-11,6,2024-02-05,2024-02-11,2023-02-06,2023-02-12,6,6,6,2,February,Feb,2024-02-01,2024-02-29,2023-02-01,2023-02-28,1,2024-01-01,2024-03-31,2024,2024-01-01,2024-12-31
2024-02-11,2024-02-10,2024-02-12,2023-02-11,2023-02-12,1,7,Sunday,Sun,11,42,2024-02-11,2024-02-17,2023-02-12,2023-02-18,6,2024-02-05,2024-02-11,2023-02-06,2023-02-12,6,7,6,2,February,Feb,2024-02-01,2024-02-29,2023-02-01,2023-02-28,1,2024-01-01,2024-03-31,2024,2024-01-01,2024-12-31
2024-02-12,2024-02-11,2024-02-13,2023-02-12,2023-02-13,2,1,Monday,Mon,12,43,2024-02-11,2024-02-17,2023-02-12,2023-02-18,7,2024-02-12,2024-02-18,2023-02-13,2023-02-19,7,7,7,2,February,Feb,2024-02-01,2024-02-29,2023-02-01,2023-02-28,1,2024-01-01,2024-03-31,2024,2024-01-01,2024-12-31
2024-02-13,2024-02-12,2024-02-14,2023-02-13,2023-02-14,3,2,Tuesday,Tue,13,44,2024-02-11,2024-02-17,2023-02-12,2023-02-18,7,2024-02-12,2024-02-18,2023-02-13,2023-02-19,7,7,7,2,February,Feb,2024-02-01,2024-02-29,2023-02-01,2023-02-28,1,2024-01-01,2024-03-31,2024,2024-01-01,2024-12-31
2024-02-14,2024-02-13,2024-02-15,2023-02-14,2023-02-15,4,3,Wednesday,Wed,14,45,2024-02-11,2024-02-17,2023-02-12,2023-02-18,7,2024-02-12,2024-02-18,2023-02-13,2023-02-19,7,7,7,2,February,Feb,2024-02-01,2024-02-29,2023-02-01,2023-02-28,1,2024-01-01,2024-03-31,2024,2024-01-01,2024-12-31
2024-02-15,2024-02-14,2024-02-16,2023-02-15,2023-02-16,5,4,Thursday,Thu,15,46,2024-02-11,2024-02-17,2023-02-12,2023-02-18,7,2024-02-12,2024-02-18,2023-02-13,2023-02-19,7,7,7,2,February,Feb,2024-02-01,2024-02-29,2023-02-01,2023-02-28,1,2024-01-01,2024-03-31,2024,2024-01-01,2024-12-31
2024-02-16,2024-02-15,2024-02-17,2023-02-16,2023-02-17,6,5,Friday,Fri,16,47,2024-02-11,2024-02-17,2023-02-12,2023-02-18,7,2024-02-12,2024-02-18,2023-02-13,2023-02-19,7,7,7,2,February,Feb,2024-02-01,2024-02-29,2023-02-01,2023-02-28,1,2024-01-01,2024-03-31,2024,2024-01-01,2024-12-31
2024-02-17,2024-02-16,2024-02-18,2023-02-17,2023-02-18,7,6,Saturday,Sat,17,48,2024-02-11,2024-02-17,2023-02-12,2023-02-18,7,2024-02-12,2024-02-18,2023-02-13,2023-02-19,7,7,7,2,February,Feb,2024-02-01,2024-02-29,2023-02-01,2023-02-28,1,2024-01-01,2024-03-31,2024,2024-01-01,2024-12-31
2024-02-18,2024-02-17,2024-02-19,2023-02-18,2023-02-19,1,7,Sunday,Sun,18,49,2024-02-18,2024-02-24,2023-02-19,2023-02-25,7,2024-02-12,2024-02-18,2023-02-13,2023-02-19,7,8,7,2,February,Feb,2024-02-01,2024-02-29,2023-02-01,2023-02-28,1,2024-01-01,2024-03-31,2024,2024-01-01,2024-12-31
2024-02-19,2024-02-18,2024-02-20,2023-02-19,2023-02-20,2,1,Monday,Mon,19,50,2024-02-18,2024-02-24,2023-02-19,2023-02-25,8,2024-02-19,2024-02-25,2023-02-20,2023-02-26,8,8,8,2,February,Feb,2024-02-01,2024-02-29,2023-02-01,2023-02-28,1,2024-01-01,2024-03-31,2024,2024-01-01,2024-12-31
2024-02-20,2024-02-19,2024-02-21,2023-02-20,2023-02-21,3,2,Tuesday,Tue,20,51,2024-02-18,2024-02-24,2023-02-19,2023-02-25,8,2024-02-19,2024-02-25,2023-02-20,2023-02-26,8,8,8,2,February,Feb,2024-02-01,2024-02-29,2023-02-01,2023-02-28,1,2024-01-01,2024-03-31,2024,2024-01-01,2024-12-31
2024-02-21,2024-02-20,2024-02-22,2023-02-21,2023-02-22,4,3,Wednesday,Wed,21,52,2024-02-18,2024-02-24,2023-02-19,2023-02-25,8,2024-02-19,2024-02-25,2023-02-20,2023-02-26,8,8,8,2,February,Feb,2024-02-01,2024-02-29,2023-02-01,2023-02-28,1,2024-01-01,2024-03-31,2024,2024-01-01,2024-12-31
2024-02-22,2024-02-21,2024-02-23,2023-02-22,2023-02-23,5,4,Thursday,Thu,22,53,2024-02-18,2024-02-24,2023-02-19,2023-02-25,8,2024-02-19,2024-02-25,2023-02-20,2023-02-26,8,8,8,2,February,Feb,2024-02-01,2024-02-29,2023-02-01,2023-02-28,1,2024-01-01,2024-03-31,2024,2024-01-01,2024-12-31
2024-02-23,2024-02-22,2024-02-24,2023-02-23,2023-02-24,6,5,Friday,Fri,23,54,2024-02-18,2024-02-24,2023-02-19,2023-02-25,8,2024-02-19,2024-02-25,2023-02-20,2023-02-26,8,8,8,2,February,Feb,2024-02-01,2024-02-29,2023-02-01,2023-02-28,1,2024-01-01,2024-03-31,2024,2024-01-01,2024-12-31
2024-02-24,2024-02-23,2024-02-25,2023-02-24,2023-02-25,7,6,Saturday,Sat,24,55,2024-02-18,2024-02-24,2023-02-19,2023-02-25,8,2024-02-19,2024-02-25,2023-02-20,2023-02-26,8,8,8,2,February,Feb,2024-02-01,2024-02-29,2023-02-01,2023-02-28,1,2024-01-01,2024-03-31,2024,2024-01-01,2024-12-31
2024-02-25,2024-02-24,2024-02-26,2023-02-25,2023-02-26,1,7,Sunday,Sun,25,56,2024-02-25,2024-03-02,2023-02-26,2023-03-04,8,2024-02-19,2024-02-25,2023-02-20,2023-02-26,8,9,8,2,February,Feb,2024-02-01,2024-02-29,2023-02-01,2023-02-28,1,2024-01-01,2024-03-31,2024,2024-01-01,2024-12-31
2024-02-26,2024-02-25,2024-02-27,2023-02-26,2023-02-27,2,1,Monday,Mon,26,57,2024-02-25,2024-03-02,2023-02-26,2023-03-04,9,2024-02-26,2024-03-03,2023-02-27,2023-03-05,9,9,9,2,February,Feb,2024-02-01,2024-02-29,2023-02-01,2023-02-28,1,2024-01-01,2024-03-31,2024,2024-01-01,2024-12-31
2024-02-27,2024-02-26,2024-02-28,2023-02-27,2023-02-28,3,2,Tuesday,Tue,27,58,2024-02-25,2024-03-02,2023-02-26,2023-03-04,9,2024-02-26,2024-03-03,2023-02-27,2023-03-05,9,9,9,2,February,Feb,2024-02-01,2024-02-29,2023-02-01,2023-02-28,1,2024-01-01,2024-03-31,2024,2024-01-01,2024-12-31
2024-02-28,2024-02-27,2024-02-29,2023-02-28,2023-03-01,4,3,Wednesday,Wed,28,59,2024-02-25,2024-03-02,2023-02-26,2023-03-04,9,2024-02-26,2024-03-03,2023-02-27,2023-03-05,9,9,9,2,February,Feb,2024-02-01,2024-02-29,2023-02-01,2023-02-28,1,2024-01-01,2024-03-31,2024,2024-01-01,2024-12-31
2024-02-29,2024-02-28,2024-03-01,2023-02-28,2023-03-02,5,4,Thursday,Thu,29,60,2024-02-25,2024-03-02,2023-02-26,2023-03-04,9,2024-02-26,2024-03-03,2023-02-27,2023-03-05,9,9,9,2,February,Feb,2024-02-01,2024-02-29,2023-02-01,2023-02-28,1,2024-01-01,2024-03-31,2024,2024-01-01,2024-12-31
2024-03-01,2024-02-29,2024-03-02,2023-03-01,2023-03-03,6,5,Friday,Fri,1,61,2024-02-25,2024-03-02,2023-02-26,2023-03-04,9,2024-02-26,2024-03-03,2023-02-27,2023-03-05,9,9,9,3,March,Mar,2024-03-01,2024-03-31,2023-03-01,2023-03-31,1,2024-01-01,2024-03-31,2024,2024-01-01,2024-12-31
2024-03-02,2024-03-01,2024-03-03,2023-03-02,2023-03-04,7,6,Saturday,Sat,2,62,2024-02-25,2024-03-02,2023-02-26,2023-03-04,9,2024-02-26,2024-03-03,2023-02-27,2023-03-05,9,9,9,3,March,Mar,2024-03-01,2024-03-31,2023-03-01,2023-03-31,1,2024-01-01,2024-03-31,2024,2024-01-01,2024-12-31
2024-03-03,2024-03-02,2024-03-04,2023-03-03,2023-03-05,1,7,Sunday,Sun,3,63,2024-03-03,2024-03-09,2023-03-05,2023-03-11,9,2024-02-26,2024-03-03,2023-02-27,2023-03-05,9,10,9,3,March,Mar,2024-03-01,2024-03-31,2023-03-01,2023-03-31,1,2024-01-01,2024-03-31,2024,2024-01-01,2024-12-31
2024-03-04,2024-03-03,2024-03-05,2023-03-04,2023-03-06,2,1,Monday,Mon,4,64,2024-03-03,2024-03-09,2023-03-05,2023-03-11,10,2024-03-04,2024-03-10,2023-03-06,2023-03-12,10,10,10,3,March,Mar,2024-03-01,2024-03-31,2023-03-01,2023-03-31,1,2024-01-01,2024-03-31,2024,2024-01-01,2024-12-31
2024-03-05,2024-03-04,2024-03-06,2023-03-05,2023-03-07,3,2,Tuesday,Tue,5,65,2024-03-03,2024-03-09,2023-03-05,2023-03-11,10,2024-03-04,2024-03-10,2023-03-06,2023-03-12,10,10,10,3,March,Mar,2024-03-01,2024-03-31,2023-03-01,2023-03-31,1,2024-01-01,2024-03-31,2024,2024-01-01,2024-12-31
2024-03-06,2024-03-05,2024-03-07,2023-03-06,2023-03-08,4,3,Wednesday,Wed,6,66,2024-03-03,2024-03-09,2023-03-05,2023-03-11,10,2024-03-04,2024-03-10,2023-03-06,2023-03-12,10,10,10,3,March,Mar,2024-03-01,2024-03-31,2023-03-01,2023-03-31,1,2024-01-01,2024-03-31,2024,2024-01-01,2024-12-31
2024-03-07,2024-03-06,2024-03-08,2023-03-07,2023-03-09,5,4,Thursday,Thu,7,67,2024-03-03,2024-03-09,2023-03-05,2023-03-11,10,2024-03-04,2024-03-10,2023-03-06,2023-03-12,10,10,10,3,March,Mar,2024-03-01,2024-03-31,2023-03-01,2023-03-31,1,2024-01-01,2024-03-31,2024,2024-01-01,2024-12-31
2024-03-08,2024-03-07,2024-03-09,2023-03-08,2023-03-10,6,5,Friday,Fri,8,68,2024-03-03,2024-03-09,2023-03-05,2023-03-11,10,2024-03-04,2024-03-10,2023-03-06,2023-03-12,10,10,10,3,March,Mar,2024-03-01,2024-03-31,2023-03-01,2023-03-31,1,2024-01-01,2024-03-31,2024,2024-01-01,2024-12-31
2024-03-09,2024-03-08,2024-03-10,2023-03-09,2023-03-11,7,6,Saturday,Sat,9,69,2024-03-03,2024-03-09,2023-03-05,2023-03-11,10,2024-03-04,2024-03-10,2023-03-06,2023-03-12,10,10,10,3,March,Mar,2024-03-01,2024-03-31,2023-03-01,2023-03-31,1,2024-01-01,2024-03-31,2024,2024-01-01,2024-12-31
2024-03-10,2024-03-09,2024-03-11,2023-03-10,2023-03-12,1,7,Sunday,Sun,10,70,2024-03-10,2024-03-16,2023-03-12,2023-03-18,10,2024-03-04,2024-03-10,2023-03-06,2023-03-12,10,11,10,3,March,Mar,2024-03-01,2024-03-31,2023-03-01,2023-03-31,1,2024-01-01,2024-03-31,2024,2024-01-01,2024-12-31
2024-03-11,2024-03-10,2024-03-12,2023-03-11,2023-03-13,2,1,Monday,Mon,11,71,2024-03-10,2024-03-16,2023-03-12,2023-03-18,11,2024-03-11,2024-03-17,2023-03-13,2023-03-19,11,11,11,3,March,Mar,2024-03-01,2024-03-31,2023-03-01,2023-03-31,1,2024-01-01,2024-03-31,2024,2024-01-01,2024-12-31
2024-03-12,2024-03-11,2024-03-13,2023-03-12,2023-03-14,3,2,Tuesday,Tue,12,72,2024-03-10,2024-03-16,2023-03-12,2023-03-18,11,2024-03-11,2024-03-17,2023-03-13,2023-03-19,11,11,11,3,March,Mar,2024-03-01,2024-03-31,2023-03-01,2023-03-31,1,2024-01-01,2024-03-31,2024,2024-01-01,2024-12-31
2024-03-13,2024-03-12,2024-03-14,2023-03-13,2023-03-15,4,3,Wednesday,Wed,13,73,2024-03-10,2024-03-16,2023-03-12,2023-03-18,11,2024-03-11,2024-03-17,2023-03-13,2023-03-19,11,11,11,3,March,Mar,2024-03-01,2024-03-31,2023-03-01,2023-03-31,1,2024-01-01,2024-03-31,2024,2024-01-01,2024-12-31
2024-03-14,2024-03-13,2024-03-15,2023-03-14,2023-03-16,5,4,Thursday,Thu,14,74,2024-03-10,2024-03-16,2023-03-12,2023-03-18,11,2024-03-11,2024-03-17,2023-03-13,2023-03-19,11,11,11,3,March,Mar,2024-03-01,2024-03-31,2023-03-01,2023-03-31,1,2024-01-01,2024-03-31,2024,2024-01-01,2024-12-31
2024-03-15,2024-03-14,2024-03-16,2023-03-15,2023-03-17,6,5,Friday,Fri,15,75,2024-03-10,2024-03-16,2023-03-12,2023-03-18,11,2024-03-11,2024-03-17,2023-03-13,2023-03-19,11,11,11,3,March,Mar,2024-03-01,2024-03-31,2023-03-01,2023-03-31,1,2024-01-01,2024-03-31,2024,2024-01-01,2024-12-31
2024-03-16,2024-03-15,2024-03-17,2023-03-16,2023-03-18,7,6,Saturday,Sat,16,76,2024-03-10,2024-03-16,2023-03-12,2023-03-18,11,2024-03-11,2024-03-17,2023-03-13,2023-03-19,11,11,11,3,March,Mar,2024-03-01,2024-03-31,2023-03-01,2023-03-31,1,2024-01-01,2024-03-31,2024,2024-01-01,2024-12-31
2024-03-17,2024-03-16,2024-03-18,2023-03-17,2023-03-19,1,7,Sunday,Sun,17,77,2024-03-17,2024-03-23,2023-03-19,2023-03-25,11,2024-03-11,2024-03-17,2023-03-13,2023-03-19,11,12,11,3,March,Mar,2024-03-01,2024-03-31,2023-03-01,2023-03-31,1,2024-01-01,2024-03-31,2024,2024-01-01,2024-12-31
2024-03-18,2024-03-17,2024-03-19,2023-03-18,2023-03-20,2,1,Monday,Mon,18,78,2024-03-17,2024-03-23,2023-03-19,2023-03-25,12,2024-03-18,2024-03-24,2023-03-20,2023-03-26,12,12,12,3,March,Mar,2024-03-01,2024-03-31,2023-03-01,2023-03-31,1,2024-01-01,2024-03-31,2024,2024-01-01,2024-12-31
2024-03-19,2024-03-18,2024-03-20,2023-03-19,2023-03-21,3,2,Tuesday,Tue,19,79,2024-03-17,2024-03-23,2023-03-19,2023-03-25,12,2024-03-18,2024-03-24,2023-03-20,2023-03-26,12,12,12,3,March,Mar,2024-03-01,2024-03-31,2023-03-01,2023-03-31,1,2024-01-01,2024-03-31,2024,2024-01-01,2024-12-31
2024-03-20,2024-03-19,2024-03-21,2023-03-20,2023-03-22,4,3,Wednesday,Wed,20,80,2024-03-17,2024-03-23,2023-03-19,2023-03-25,12,2024-03-18,2024-03-24,2023-03-20,2023-03-26,12,12,12,3,March,Mar,2024-03-01,2024-03-31,2023-03-01,2023-03-31,1,2024-01-01,2024-03-31,2024,2024-01-01,2024-12-31
2024-03-21,2024-03-20,2024-03-22,2023-03-21,2023-03-23,5,4,Thursday,Thu,21,81,2024-03-17,2024-03-23,2023-03-19,2023-03-25,12,2024-03-18,2024-03-24,2023-03-20,2023-03-26,12,12,12,3,March,Mar,2024-03-01,2024-03-31,2023-03-01,2023-03-31,1,2024-01-01,2024-03-31,2024,2024-01-01,2024-12-31
2024-03-22,2024-03-21,2024-03-23,2023-03-22,2023-03-24,6,5,Friday,Fri,22,82,2024-03-17,2024-03-23,2023-03-19,2023-03-25,12,2024-03-18,2024-03-24,2023-03-20,2023-03-26,12,12,12,3,March,Mar,2024-03-01,2024-03-31,2023-03-01,2023-03-31,1,2024-01-01,2024-03-31,2024,2024-01-01,2024-12-31
2024-03-23,2024-03-22,2024-03-24,2023-03-23,2023-03-25,7,6,Saturday,Sat,23,83,2024-03-17,2024-03-23,2023-03-19,2023-03-25,12,2024-03-18,2024-03-24,2023-03-20,2023-03-26,12,12,12,3,March,Mar,2024-03-01,2024-03-31,2023-03-01,2023-03-31,1,2024-01-01,2024-03-31,2024,2024-01-01,2024-12-31
2024-03-24,2024-03-23,2024-03-25,2023-03-24,2023-03-26,1,7,Sunday,Sun,24,84,2024-03-24,2024-03-30,2023-03-26,2023-04-01,12,2024-03-18,2024-03-24,2023-03-20,2023-03-26,12,13,12,3,March,Mar,2024-03-01,2024-03-31,2023-03-01,2023-03-31,1,2024-01-01,2024-03-31,2024,2024-01-01,2024-12-31
2024-03-25,2024-03-24,2024-03-26,2023-03-25,2023-03-27,2,1,Monday,Mon,25,85,2024-03-24,2024-03-30,2023-03-26,2023-04-01,13,2024-03-25,2024-03-31,2023-03-27,2023-04-02,13,13,13,3,March,Mar,2024-03-01,2024-03-31,2023-03-01,2023-03-31,1,2024-01-01,2024-03-31,2024,2024-01-01,2024-12-31
2024-03-26,2024-03-25,2024-03-27,2023-03-26,2023-03-28,3,2,Tuesday,Tue,26,86,2024-03-24,2024-03-30,2023-03-26,2023-04-01,13,2024-03-25,2024-03-31,2023-03-27,2023-04-02,13,13,13,3,March,Mar,2024-03-01,2024-03-31,2023-03-01,2023-03-31,1,2024-01-01,2024-03-31,2024,2024-01-01,2024-12-31
2024-03-27,2024-03-26,2024-03-28,2023-03-27,2023-03-29,4,3,Wednesday,Wed,27,87,2024-03-24,2024-03-30,2023-03-26,2023-04-01,13,2024-03-25,2024-03-31,2023-03-27,2023-04-02,13,13,13,3,March,Mar,2024-03-01,2024-03-31,2023-03-01,2023-03-31,1,2024-01-01,2024-03-31,2024,2024-01-01,2024-12-31
2024-03-28,2024-03-27,2024-03-29,2023-03-28,2023-03-30,5,4,Thursday,Thu,28,88,2024-03-24,2024-03-30,2023-03-26,2023-04-01,13,2024-03-25,2024-03-31,2023-03-27,2023-04-02,13,13,13,3,March,Mar,2024-03-01,2024-03-31,2023-03-01,2023-03-31,1,2024-01-01,2024-03-31,2024,2024-01-01,2024-12-31
2024-03-29,2024-03-28,2024-03-30,2023-03-29,2023-03-31,6,5,Friday,Fri,29,89,2024-03-24,2024-03-30,2023-03-26,2023-04-01,13,2024-03-25,2024-03-31,2023-03-27,2023-04-02,13,13,13,3,March,Mar,2024-03-01,2024-03-31,2023-03-01,2023-03-31,1,2024-01-01,2024-03-31,2024,2024-01-01,2024-12-31
2024-03-30,2024-03-29,2024-03-31,2023-03-30,2023-04-01,7,6,Saturday,Sat,30,90,2024-03-24,2024-03-30,2023-03-26,2023-04-01,13,2024-03-25,2024-03-31,2023-03-27,2023-04-02,13,13,13,3,March,Mar,2024-03-01,2024-03-31,2023-03-01,2023-03-31,1,2024-01-01,2024-03-31,2024,2024-01-01,2024-12-31
2024-03-31,2024-03-30,2024-04-01,2023-03-31,2023-04-02,1,7,Sunday,Sun,31,91,2024-03-31,2024-04-06,2023-04-02,2023-04-08,13,2024-03-25,2024-03-31,2023-03-27,2023-04-02,13,14,13,3,March,Mar,2024-03-01,2024-03-31,2023-03-01,2023-03-31,1,2024-01-01,2024-03-31,2024,2024-01-01,2024-12-31
2024-04-01,2024-03-31,2024-04-02,2023-04-01,2023-04-03,2,1,Monday,Mon,1,92,2024-03-31,2024-04-06,2023-04-02,2023-04-08,14,2024-04-01,2024-04-07,2023-04-03,2023-04-09,14,14,14,4,April,Apr,2024-04-01,2024-04-30,2023-04-01,2023-04-30,2,2024-04-01,2024-06-30,2024,2024-01-01,2024-12-31
2024-04-02,2024-04-01,2024-04-03,2023-04-02,2023-04-04,3,2,Tuesday,Tue,2,93,2024-03-31,2024-04-06,2023-04-02,2023-04-08,14,2024-04-01,2024-04-07,2023-04-03,2023-04-09,14,14,14,4,April,Apr,2024-04-01,2024-04-30,2023-04-01,2023-04-30,2,2024-04-01,2024-06-30,2024,2024-01-01,2024-12-31
2024-04-03,2024-04-02,2024-04-04,2023-04-03,2023-04-05,4,3,Wednesday,Wed,3,94,2024-03-31,2024-04-06,2023-04-02,2023-04-08,14,2024-04-01,2024-04-07,2023-04-03,2023-04-09,14,14,14,4,April,Apr,2024-04-01,2024-04-30,2023-04-01,2023-04-30,2,2024-04-01,2024-06-30,2024,2024-01-01,2024-12-31
2024-04-04,2024-04-03,2024-04-05,2023-04-04,2023-04-06,5,4,Thursday,Thu,4,95,2024-03-31,2024-04-06,2023-04-02,2023-04-08,14,2024-04-01,2024-04-07,2023-04-03,2023-04-09,14,14,14,4,April,Apr,2024-04-01,2024-04-30,2023-04-01,2023-04-30,2,2024-04-01,2024-06-30,2024,2024-01-01,2024-12-31
2024-04-05,2024-04-04,2024-04-06,2023-04-05,2023-04-07,6,5,Friday,Fri,5,96,2024-03-31,2024-04-06,2023-04-02,2023-04-08,14,2024-04-01,2024-04-07,2023-04-03,2023-04-09,14,14,14,4,April,Apr,2024-04-01,2024-04-30,2023-04-01,2023-04-30,2,2024-04-01,2024-06-30,2024,2024-01-01,2024-12-31
2024-04-06,2024-04-05,2024-04-07,2023-04-06,2023-04-08,7,6,Saturday,Sat,6,97,2024-03-31,2024-04-06,2023-04-02,2023-04-08,14,2024-04-01,2024-04-07,2023-04-03,2023-04-09,14,14,14,4,April,Apr,2024-04-01,2024-04-30,2023-04-01,2023-04-30,2,2024-04-01,2024-06-30,2024,2024-01-01,2024-12-31
2024-04-07,2024-04-06,2024-04-08,2023-04-07,2023-04-09,1,7,Sunday,Sun,7,98,2024-04-07,2024-04-13,2023-04-09,2023-04-15,14,2024-04-01,2024-04-07,2023-04-03,2023-04-09,14,15,14,4,April,Apr,2024-04-01,2024-04-30,2023-04-01,2023-04-30,2,2024-04-01,2024-06-30,2024,2024-01-01,2024-12-31
2024-04-08,2024-04-07,2024-04-09,2023-04-08,2023-04-10,2,1,Monday,Mon,8,99,2024-04-07,2024-04-13,2023-04-09,2023-04-15,15,2024-04-08,2024-04-14,2023-04-10,2023-04-16,15,15,15,4,April,Apr,2024-04-01,2024-04-30,2023-04-01,2023-04-30,2,2024-04-01,2024-06-30,2024,2024-01-01,2024-12-31
2024-04-09,2024-04-08,2024-04-10,2023-04-09,2023-04-11,3,2,Tuesday,Tue,9,100,2024-04-07,2024-04-13,2023-04-09,2023-04-15,15,2024-04-08,2024-04-14,2023-04-10,2023-04-16,15,15,15,4,April,Apr,2024-04-01,2024-04-30,2023-04-01,2023-04-30,2,2024-04-01,2024-06-30,2024,2024-01-01,2024-12-31
2024-04-10,2024-04-09,2024-04-11,2023-04-10,2023-04-12,4,3,Wednesday,Wed,10,101,2024-04-07,2024-04-13,2023-04-09,2023-04-15,15,2024-04-08,2024-04-14,2023-04-10,2023-04-16,15,15,15,4,April,Apr,2024-04-01,2024-04-30,2023-04-01,2023-04-30,2,2024-04-01,2024-06-30,2024,2024-01-01,2024-12-31
2024-04-11,2024-04-10,2024-04-12,2023-04-11,2023-04-13,5,4,Thursday,Thu,11,102,2024-04-07,2024-04-13,2023-04-09,2023-04-15,15,2024-04-08,2024-04-14,2023-04-10,2023-04-16,15,15,15,4,April,Apr,2024-04-01,2024-04-30,2023-04-01,2023-04-30,2,2024-04-01,2024-06-30,2024,2024-01-01,2024-12-31
2024-04-12,2024-04-11,2024-04-13,2023-04-12,2023-04-14,6,5,Friday,Fri,12,103,2024-04-07,2024-04-13,2023-04-09,2023-04-15,15,2024-04-08,2024-04-14,2023-04-10,2023-04-16,15,15,15,4,April,Apr,2024-04-01,2024-04-30,2023-04-01,2023-04-30,2,2024-04-01,2024-06-30,2024,2024-01-01,2024-12-31
2024-04-13,2024-04-12,2024-04-14,2023-04-13,2023-04-15,7,6,Saturday,Sat,13,104,2024-04-07,2024-04-13,2023-04-09,2023-04-15,15,2024-04-08,2024-04-14,2023-04-10,2023-04-16,15,15,15,4,April,Apr,2024-04-01,2024-04-30,2023-04-01,2023-04-30,2,2024-04-01,2024-06-30,2024,2024-01-01,2024-12-31
2024-04-14,2024-04-13,2024-04-15,2023-04-14,2023-04-16,1,7,Sunday,Sun,14,105,2024-04-14,2024-04-20,2023-04-16,2023-04-22,15,2024-04-08,2024-04-14,2023-04-10,2023-04-16,15,16,15,4,April,Apr,2024-04-01,2024-04-30,2023-04-01,2023-04-30,2,2024-04-01,2024-06-30,2024,2024-01-01,2024-12-31
2024-04-15,2024-04-14,2024-04-16,2023-04-15,2023-04-17,2,1,Monday,Mon,15,106,2024-04-14,2024-04-20,2023-04-16,2023-04-22,16,2024-04-15,2024-04-21,2023-04-17,2023-04-23,16,16,16,4,April,Apr,2024-04-01,2024-04-30,2023-04-01,2023-04-30,2,2024-04-01,2024-06-30,2024,2024-01-01,2024-12-31
2024-04-16,2024-04-15,2024-04-17,2023-04-16,2023-04-18,3,2,Tuesday,Tue,16,107,2024-04-14,2024-04-20,2023-04-16,2023-04-22,16,2024-04-15,2024-04-21,2023-04-17,2023-04-23,16,16,16,4,April,Apr,2024-04-01,2024-04-30,2023-04-01,2023-04-30,2,2024-04-01,2024-06-30,2024,2024-01-01,2024-12-31
2024-04-17,2024-04-16,2024-04-18,2023-04-17,2023-04-19,4,3,Wednesday,Wed,17,108,2024-04-14,2024-04-20,2023-04-16,2023-04-22,16,2024-04-15,2024-04-21,2023-04-17,2023-04-23,16,16,16,4,April,Apr,2024-04-01,2024-04-30,2023-04-01,2023-04-30,2,2024-04-01,2024-06-30,2024,2024-01-01,2024-12-31
2024-04-18,2024-04-17,2024-04-19,2023-04-18,2023-04-20,5,4,Thursday,Thu,18,109,2024-04-14,2024-04-20,2023-04-16,2023-04-22,16,2024-04-15,2024-04-21,2023-04-17,2023-04-23,16,16,16,4,April,Apr,2024-04-01,2024-04-30,2023-04-01,2023-04-30,2,2024-04-01,2024-06-30,2024,2024-01-01,2024-12-31
2024-04-19,2024-04-18,2024-04-20,2023-04-19,2023-04-21,6,5,Friday,Fri,19,110,2024-04-14,2024-04-20,2023-04-16,2023-04-22,16,2024-04-15,2024-04-21,2023-04-17,2023-04-23,16,16,16,4,April,Apr,2024-04-01,2024-04-30,2023-04-01,2023-04-30,2,2024-04-01,2024-06-30,2024,2024-01-01,2024-12-31
2024-04-20,2024-04-19,2024-04-21,2023-04-20,2023-04-22,7,6,Saturday,Sat,20,111,2024-04-14,2024-04-20,2023-04-16,2023-04-22,16,2024-04-15,2024-04-21,2023-04-17,2023-04-23,16,16,16,4,April,Apr,2024-04-01,2024-04-30,2023-04-01,2023-04-30,2,2024-04-01,2024-06-30,2024,2024-01-01,2024-12-31
2024-04-21,2024-04-20,2024-04-22,2023-04-21,2023-04-23,1,7,Sunday,Sun,21,112,2024-04-21,2024-04-27,2023-04-23,2023-04-29,16,2024-04-15,2024-04-21,2023-04-17,2023-04-23,16,17,16,4,April,Apr,2024-04-01,2024-04-30,2023-04-01,2023-04-30,2,2024-04-01,2024-06-30,2024,2024-01-01,2024-12-31
2024-04-22,2024-04-21,2024-04-23,2023-04-22,2023-04-24,2,1,Monday,Mon,22,113,2024-04-21,2024-04-27,2023-04-23,2023-04-29,17,2024-04-22,2024-04-28,2023-04-24,2023-04-30,17,17,17,4,April,Apr,2024-04-01,2024-04-30,2023-04-01,2023-04-30,2,2024-04-01,2024-06-30,2024,2024-01-01,2024-12-31
2024-04-23,2024-04-22,2024-04-24,2023-04-23,2023-04-25,3,2,Tuesday,Tue,23,114,2024-04-21,2024-04-27,2023-04-23,2023-04-29,17,2024-04-22,2024-04-28,2023-04-24,2023-04-30,17,17,17,4,April,Apr,2024-04-01,2024-04-30,2023-04-01,2023-04-30,2,2024-04-01,2024-06-30,2024,2024-01-01,2024-12-31
2024-04-24,2024-04-23,2024-04-25,2023-04-24,2023-04-26,4,3,Wednesday,Wed,24,115,2024-04-21,2024-04-27,2023-04-23,2023-04-29,17,2024-04-22,2024-04-28,2023-04-24,2023-04-30,17,17,17,4,April,Apr,2024-04-01,2024-04-30,2023-04-01,2023-04-30,2,2024-04-01,2024-06-30,2024,2024-01-01,2024-12-31
2024-04-25,2024-04-24,2024-04-26,2023-04-25,2023-04-27,5,4,Thursday,Thu,25,116,2024-04-21,2024-04-27,2023-04-23,2023-04-29,17,2024-04-22,2024-04-28,2023-04-24,2023-04-30,17,17,17,4,April,Apr,2024-04-01,2024-04-30,2023-04-01,2023-04-30,2,2024-04-01,2024-06-30,2024,2024-01-01,2024-12-31
2024-04-26,2024-04-25,2024-04-27,2023-04-26,2023-04-28,6,5,Friday,Fri,26,117,2024-04-21,2024-04-27,2023-04-23,2023-04-29,17,2024-04-22,2024-04-28,2023-04-24,2023-04-30,17,17,17,4,April,Apr,2024-04-01,2024-04-30,2023-04-01,2023-04-30,2,2024-04-01,2024-06-30,2024,2024-01-01,2024-12-31
2024-04-27,2024-04-26,2024-04-28,2023-04-27,2023-04-29,7,6,Saturday,Sat,27,118,2024-04-21,2024-04-27,2023-04-23,2023-04-29,17,2024-04-22,2024-04-28,2023-04-24,2023-04-30,17,17,17,4,April,Apr,2024-04-01,2024-04-30,2023-04-01,2023-04-30,2,2024-04-01,2024-06-30,2024,2024-01-01,2024-12-31
2024-04-28,2024-04-27,2024-04-29,2023-04-28,2023-04-30,1,7,Sunday,Sun,28,119,2024-04-28,2024-05-04,2023-04-30,2023-05-06,17,2024-04-22,2024-04-28,2023-04-24,2023-04-30,17,18,17,4,April,Apr,2024-04-01,2024-04-30,2023-04-01,2023-04-30,2,2024-04-01,2024-06-30,2024,2024-01-01,2024-12-31
2024-04-29,2024-04-28,2024-04-30,2023-04-29,2023-05-01,2,1,Monday,Mon,29,120,2024-04-28,2024-05-04,2023-04-30,2023-05-06,18,2024-04-29,2024-05-05,2023-05-01,2023-05-07,18,18,18,4,April,Apr,2024-04-01,2024-04-30,2023-04-01,2023-04-30,2,2024-04-01,2024-06-30,2024,2024-01-01,2024-12-31
2024-04-30,2024-04-29,2024-05-01,2023-04-30,2023-05-02,3,2,Tuesday,Tue,30,121,2024-04-28,2024-05-04,2023-04-30,2023-05-06,18,2024-04-29,2024-05-05,2023-05-01,2023-05-07,18,18,18,4,April,Apr,2024-04-01,2024-04-30,2023-04-01,2023-04-30,2,2024-04-01,2024-06-30,2024,2024-01-01,2024-12-31
2024-05-01,2024-04-30,2024-05-02,2023-05-01,2023-05-03,4,3,Wednesday,Wed,1,122,2024-04-28,2024-05-04,2023-04-30,2023-05-06,18,2024-04-29,2024-05-05,2023-05-01,2023-05-07,18,18,18,5,May,May,2024-05-01,2024-05-31,2023-05-01,2023-05-31,2,2024-04-01,2024-06-30,2024,2024-01-01,2024-12-31
2024-05-02,2024-05-01,2024-05-03,2023-05-02,2023-05-04,5,4,Thursday,Thu,2,123,2024-04-28,2024-05-04,2023-04-30,2023-05-06,18,2024-04-29,2024-05-05,2023-05-01,2023-05-07,18,18,18,5,May,May,2024-05-01,2024-05-31,2023-05-01,2023-05-31,2,2024-04-01,2024-06-30,2024,2024-01-01,2024-12-31
2024-05-03,2024-05-02,2024-05-04,2023-05-03,2023-05-05,6,5,Friday,Fri,3,124,2024-04-28,2024-05-04,2023-04-30,2023-05-06,18,2024-04-29,2024-05-05,2023-05-01,2023-05-07,18,18,18,5,May,May,2024-05-01,2024-05-31,2023-05-01,2023-05-31,2,2024-04-01,2024-06-30,2024,2024-01-01,2024-12-31
2024-05-04,2024-05-03,2024-05-05,2023-05-04,2023-05-06,7,6,Saturday,Sat,4,125,2024-04-28,2024-05-04,2023-04-30,2023-05-06,18,2024-04-29,2024-05-05,2023-05-01,2023-05-07,18,18,18,5,May,May,2024-05-01,2024-05-31,2023-05-01,2023-05-31,2,2024-04-01,2024-06-30,2024,2024-01-01,2024-12-31
2024-05-05,2024-05-04,2024-05-06,2023-05-05,2023-05-07,1,7,Sunday,Sun,5,126,2024-05-05,2024-05-11,2023-05-07,2023-05-13,18,2024-04-29,2024-05-05,2023-05-01,2023-05-07,18,19,18,5,May,May,2024-05-01,2024-05-31,2023-05-01,2023-05-31,2,2024-04-01,2024-06-30,2024,2024-01-01,2024-12-31
2024-05-06,2024-05-05,2024-05-07,2023-05-06,2023-05-08,2,1,Monday,Mon,6,127,2024-05-05,2024-05-11,2023-05-07,2023-05-13,19,2024-05-06,2024-05-12,2023-05-08,2023-05-14,19,19,19,5,May,May,2024-05-01,2024-05-31,2023-05-01,2023-05-31,2,2024-04-01,2024-06-30,2024,2024-01-01,2024-12-31
2024-05-07,2024-05-06,2024-05-08,2023-05-07,2023-05-09,3,2,Tuesday,Tue,7,128,2024-05-05,2024-05-11,2023-05-07,2023-05-13,19,2024-05-06,2024-05-12,2023-05-08,2023-05-14,19,19,19,5,May,May,2024-05-01,2024-05-31,2023-05-01,2023-05-31,2,2024-04-01,2024-06-30,2024,2024-01-01,2024-12-31
2024-05-08,2024-05-07,2024-05-09,2023-05-08,2023-05-10,4,3,Wednesday,Wed,8,129,2024-05-05,2024-05-11,2023-05-07,2023-05-13,19,2024-05-06,2024-05-12,2023-05-08,2023-05-14,19,19,19,5,May,May,2024-05-01,2024-05-31,2023-05-01,2023-05-31,2,2024-04-01,2024-06-30,2024,2024-01-01,2024-12-31
2024-05-09,2024-05-08,2024-05-10,2023-05-09,2023-05-11,5,4,Thursday,Thu,9,130,2024-05-05,2024-05-11,2023-05-07,2023-05-13,19,2024-05-06,2024-05-12,2023-05-08,2023-05-14,19,19,19,5,May,May,2024-05-01,2024-05-31,2023-05-01,2023-05-31,2,2024-04-01,2024-06-30,2024,2024-01-01,2024-12-31
2024-05-10,2024-05-09,2024-05-11,2023-05-10,2023-05-12,6,5,Friday,Fri,10,131,2024-05-05,2024-05-11,2023-05-07,2023-05-13,19,2024-05-06,2024-05-12,2023-05-08,2023-05-14,19,19,19,5,May,May,2024-05-01,2024-05-31,2023-05-01,2023-05-31,2,2024-04-01,2024-06-30,2024,2024-01-01,2024-12-31
2024-05-11,2024-05-10,2024-05-12,2023-05-11,2023-05-13,7,6,Saturday,Sat,11,132,2024-05-05,2024-05-11,2023-05-07,2023-05-13,19,2024-05-06,2024-05-12,2023-05-08,2023-05-14,19,19,19,5,May,May,2024-05-01,2024-05-31,2023-05-01,2023-05-31,2,2024-04-01,2024-06-30,2024,2024-01-01,2024-12-31
2024-05-12,2024-05-11,2024-05-13,2023-05-12,2023-05-14,1,7,Sunday,Sun,12,133,2024-05-12,2024-05-18,2023-05-14,2023-05-20,19,2024-05-06,2024-05-12,2023-05-08,2023-05-14,19,20,19,5,May,May,2024-05-01,2024-05-31,2023-05-01,2023-05-31,2,2024-04-01,2024-06-30,2024,2024-01-01,2024-12-31
2024-05-13,2024-05-12,2024-05-14,2023-05-13,2023-05-15,2,1,Monday,Mon,13,134,2024-05-12,2024-05-18,2023-05-14,2023-05-20,20,2024-05-13,2024-05-19,2023-05-15,2023-05-21,20,20,20,5,May,May,2024-05-01,2024-05-31,2023-05-01,2023-05-31,2,2024-04-01,2024-06-30,2024,2024-01-01,2024-12-31
2024-05-14,2024-05-13,2024-05-15,2023-05-14,2023-05-16,3,2,Tuesday,Tue,14,135,2024-05-12,2024-05-18,2023-05-14,2023-05-20,20,2024-05-13,2024-05-19,2023-05-15,2023-05-21,20,20,20,5,May,May,2024-05-01,2024-05-31,2023-05-01,2023-05-31,2,2024-04-01,2024-06-30,2024,2024-01-01,2024-12-31
2024-05-15,2024-05-14,2024-05-16,2023-05-15,2023-05-17,4,3,Wednesday,Wed,15,136,2024-05-12,2024-05-18,2023-05-14,2023-05-20,20,2024-05-13,2024-05-19,2023-05-15,2023-05-21,20,20,20,5,May,May,2024-05-01,2024-05-31,2023-05-01,2023-05-31,2,2024-04-01,2024-06-30,2024,2024-01-01,2024-12-31
2024-05-16,2024-05-15,2024-05-17,2023-05-16,2023-05-18,5,4,Thursday,Thu,16,137,2024-05-12,2024-05-18,2023-05-14,2023-05-20,20,2024-05-13,2024-05-19,2023-05-15,2023-05-21,20,20,20,5,May,May,2024-05-01,2024-05-31,2023-05-01,2023-05-31,2,2024-04-01,2024-06-30,2024,2024-01-01,2024-12-31
2024-05-17,2024-05-16,2024-05-18,2023-05-17,2023-05-19,6,5,Friday,Fri,17,138,2024-05-12,2024-05-18,2023-05-14,2023-05-20,20,2024-05-13,2024-05-19,2023-05-15,2023-05-21,20,20,20,5,May,May,2024-05-01,2024-05-31,2023-05-01,2023-05-31,2,2024-04-01,2024-06-30,2024,2024-01-01,2024-12-31
2024-05-18,2024-05-17,2024-05-19,2023-05-18,2023-05-20,7,6,Saturday,Sat,18,139,2024-05-12,2024-05-18,2023-05-14,2023-05-20,20,2024-05-13,2024-05-19,2023-05-15,2023-05-21,20,20,20,5,May,May,2024-05-01,2024-05-31,2023-05-01,2023-05-31,2,2024-04-01,2024-06-30,2024,2024-01-01,2024-12-31
2024-05-19,2024-05-18,2024-05-20,2023-05-19,2023-05-21,1,7,Sunday,Sun,19,140,2024-05-19,2024-05-25,2023-05-21,2023-05-27,20,2024-05-13,2024-05-19,2023-05-15,2023-05-21,20,21,20,5,May,May,2024-05-01,2024-05-31,2023-05-01,2023-05-31,2,2024-04-01,2024-06-30,2024,2024-01-01,2024-12-31
2024-05-20,2024-05-19,2024-05-21,2023-05-20,2023-05-22,2,1,Monday,Mon,20,141,2024-05-19,2024-05-25,2023-05-21,2023-05-27,21,2024-05-20,2024-05-26,2023-05-22,2023-05-28,21,21,21,5,May,May,2024-05-01,2024-05-31,2023-05-01,2023-05-31,2,2024-04-01,2024-06-30,2024,2024-01-01,2024-12-31
2024-05-21,2024-05-20,2024-05-22,2023-05-21,2023-05-23,3,2,Tuesday,Tue,21,142,2024-05-19,2024-05-25,2023-05-21,2023-05-27,21,2024-05-20,2024-05-26,2023-05-22,2023-05-28,21,21,21,5,May,May,2024-05-01,2024-05-31,2023-05-01,2023-05-31,2,2024-04-01,2024-06-30,2024,2024-01-01,2024-12-31
2024-05-22,2024-05-21,2024-05-23,2023-05-22,2023-05-24,4,3,Wednesday,Wed,22,143,2024-05-19,2024-05-25,2023-05-21,2023-05-27,21,2024-05-20,2024-05-26,2023-05-22,2023-05-28,21,21,21,5,May,May,2024-05-01,2024-05-31,2023-05-01,2023-05-31,2,2024-04-01,2024-06-30,2024,2024-01-01,2024-12-31
2024-05-23,2024-05-22,2024-05-24,2023-05-23,2023-05-25,5,4,Thursday,Thu,23,144,2024-05-19,2024-05-25,2023-05-21,2023-05-27,21,2024-05-20,2024-05-26,2023-05-22,2023-05-28,21,21,21,5,May,May,2024-05-01,2024-05-31,2023-05-01,2023-05-31,2,2024-04-01,2024-06-30,2024,2024-01-01,2024-12-31
2024-05-24,2024-05-23,2024-05-25,2023-05-24,2023-05-26,6,5,Friday,Fri,24,145,2024-05-19,2024-05-25,2023-05-21,2023-05-27,21,2024-05-20,2024-05-26,2023-05-22,2023-05-28,21,21,21,5,May,May,2024-05-01,2024-05-31,2023-05-01,2023-05-31,2,2024-04-01,2024-06-30,2024,2024-01-01,2024-12-31
2024-05-25,2024-05-24,2024-05-26,2023-05-25,2023-05-27,7,6,Saturday,Sat,25,146,2024-05-19,2024-05-25,2023-05-21,2023-05-27,21,2024-05-20,2024-05-26,2023-05-22,2023-05-28,21,21,21,5,May,May,2024-05-01,2024-05-31,2023-05-01,2023-05-31,2,2024-04-01,2024-06-30,2024,2024-01-01,2024-12-31
2024-05-26,2024-05-25,2024-05-27,2023-05-26,2023-05-28,1,7,Sunday,Sun,26,147,2024-05-26,2024-06-01,2023-05-28,2023-06-03,21,2024-05-20,2024-05-26,2023-05-22,2023-05-28,21,22,21,5,May,May,2024-05-01,2024-05-31,2023-05-01,2023-05-31,2,2024-04-01,2024-06-30,2024,2024-01-01,2024-12-31
2024-05-27,2024-05-26,2024-05-28,2023-05-27,2023-05-29,2,1,Monday,Mon,27,148,2024-05-26,2024-06-01,2023-05-28,2023-06-03,22,2024-05-27,2024-06-02,2023-05-29,2023-06-04,22,22,22,5,May,May,2024-05-01,2024-05-31,2023-05-01,2023-05-31,2,2024-04-01,2024-06-30,2024,2024-01-01,2024-12-31
2024-05-28,2024-05-27,2024-05-29,2023-05-28,2023-05-30,3,2,Tuesday,Tue,28,149,2024-05-26,2024-06-01,2023-05-28,2023-06-03,22,2024-05-27,2024-06-02,2023-05-29,2023-06-04,22,22,22,5,May,May,2024-05-01,2024-05-31,2023-05-01,2023-05-31,2,2024-04-01,2024-06-30,2024,2024-01-01,2024-12-31
2024-05-29,2024-05-28,2024-05-30,2023-05-29,2023-05-31,4,3,Wednesday,Wed,29,150,2024-05-26,2024-06-01,2023-05-28,2023-06-03,22,2024-05-27,2024-06-02,2023-05-29,2023-06-04,22,22,22,5,May,May,2024-05-01,2024-05-31,2023-05-01,2023-05-31,2,2024-04-01,2024-06-30,2024,2024-01-01,2024-12-31
2024-05-30,2024-05-29,2024-05-31,2023-05-30,2023-06-01,5,4,Thursday,Thu,30,151,2024-05-26,2024-06-01,2023-05-28,2023-06-03,22,2024-05-27,2024-06-02,2023-05-29,2023-06-04,22,22,22,5,May,May,2024-05-01,2024-05-31,2023-05-01,2023-05-31,2,2024-04-01,2024-06-30,2024,2024-01-01,2024-12-31
2024-05-31,2024-05-30,2024-06-01,2023-05-31,2023-06-02,6,5,Friday,Fri,31,152,2024-05-26,2024-06-01,2023-05-28,2023-06-03,22,2024-05-27,2024-06-02,2023-05-29,2023-06-04,22,22,22,5,May,May,2024-05-01,2024-05-31,2023-05-01,2023-05-31,2,2024-04-01,2024-06-30,2024,2024-01-01,2024-12-31
2024-06-01,2024-05-31,2024-06-02,2023-06-01,2023-06-03,7,6,Saturday,Sat,1,153,2024-05-26,2024-06-01,2023-05-28,2023-06-03,22,2024-05-27,2024-06-02,2023-05-29,2023-06-04,22,22,22,6,June,Jun,2024-06-01,2024-06-30,2023-06-01,2023-06-30,2,2024-04-01,2024-06-30,2024,2024-01-01,2024-12-31
2024-06-02,2024-06-01,2024-06-03,2023-06-02,2023-06-04,1,7,Sunday,Sun,2,154,2024-06-02,2024-06-08,2023-06-04,2023-06-10,22,2024-05-27,2024-06-02,2023-05-29,2023-06-04,22,23,22,6,June,Jun,2024-06-01,2024-06-30,2023-06-01,2023-06-30,2,2024-04-01,2024-06-30,2024,2024-01-01,2024-12-31
2024-06-03,2024-06-02,2024-06-04,2023-06-03,2023-06-05,2,1,Monday,Mon,3,155,2024-06-02,2024-06-08,2023-06-04,2023-06-10,23,2024-06-03,2024-06-09,2023-06-05,2023-06-11,23,23,23,6,June,Jun,2024-06-01,2024-06-30,2023-06-01,2023-06-30,2,2024-04-01,2024-06-30,2024,2024-01-01,2024-12-31
2024-06-04,2024-06-03,2024-06-05,2023-06-04,2023-06-06,3,2,Tuesday,Tue,4,156,2024-06-02,2024-06-08,2023-06-04,2023-06-10,23,2024-06-03,2024-06-09,2023-06-05,2023-06-11,23,23,23,6,June,Jun,2024-06-01,2024-06-30,2023-06-01,2023-06-30,2,2024-04-01,2024-06-30,2024,2024-01-01,2024-12-31
2024-06-05,2024-06-04,2024-06-06,2023-06-05,2023-06-07,4,3,Wednesday,Wed,5,157,2024-06-02,2024-06-08,2023-06-04,2023-06-10,23,2024-06-03,2024-06-09,2023-06-05,2023-06-11,23,23,23,6,June,Jun,2024-06-01,2024-06-30,2023-06-01,2023-06-30,2,2024-04-01,2024-06-30,2024,2024-01-01,2024-12-31
2024-06-06,2024-06-05,2024-06-07,2023-06-06,2023-06-08,5,4,Thursday,Thu,6,158,2024-06-02,2024-06-08,2023-06-04,2023-06-10,23,2024-06-03,2024-06-09,2023-06-05,2023-06-11,23,23,23,6,June,Jun,2024-06-01,2024-06-30,2023-06-01,2023-06-30,2,2024-04-01,2024-06-30,2024,2024-01-01,2024-12-31
2024-06-07,2024-06-06,2024-06-08,2023-06-07,2023-06-09,6,5,Friday,Fri,7,159,2024-06-02,2024-06-08,2023-06-04,2023-06-10,23,2024-06-03,2024-06-09,2023-06-05,2023-06-11,23,23,23,6,June,Jun,2024-06-01,2024-06-30,2023-06-01,2023-06-30,2,2024-04-01,2024-06-30,2024,2024-01-01,2024-12-31
2024-06-08,2024-06-07,2024-06-09,2023-06-08,2023-06-10,7,6,Saturday,Sat,8,160,2024-06-02,2024-06-08,2023-06-04,2023-06-10,23,2024-06-03,2024-06-09,2023-06-05,2023-06-11,23,23,23,6,June,Jun,2024-06-01,2024-06-30,2023-06-01,2023-06-30,2,2024-04-01,2024-06-30,2024,2024-01-01,2024-12-31
2024-06-09,2024-06-08,2024-06-10,2023-06-09,2023-06-11,1,7,Sunday,Sun,9,161,2024-06-09,2024-06-15,2023-06-11,2023-06-17,23,2024-06-03,2024-06-09,2023-06-05,2023-06-11,23,24,23,6,June,Jun,2024-06-01,2024-06-30,2023-06-01,2023-06-30,2,2024-04-01,2024-06-30,2024,2024-01-01,2024-12-31
2024-06-10,2024-06-09,2024-06-11,2023-06-10,2023-06-12,2,1,Monday,Mon,10,162,2024-06-09,2024-06-15,2023-06-11,2023-06-17,24,2024-06-10,2024-06-16,2023-06-12,2023-06-18,24,24,24,6,June,Jun,2024-06-01,2024-06-30,2023-06-01,2023-06-30,2,2024-04-01,2024-06-30,2024,2024-01-01,2024-12-31
2024-06-11,2024-06-10,2024-06-12,2023-06-11,2023-06-13,3,2,Tuesday,Tue,11,163,2024-06-09,2024-06-15,2023-06-11,2023-06-17,24,2024-06-10,2024-06-16,2023-06-12,2023-06-18,24,24,24,6,June,Jun,2024-06-01,2024-06-30,2023-06-01,2023-06-30,2,2024-04-01,2024-06-30,2024,2024-01-01,2024-12-31
2024-06-12,2024-06-11,2024-06-13,2023-06-12,2023-06-14,4,3,Wednesday,Wed,12,164,2024-06-09,2024-06-15,2023-06-11,2023-06-17,24,2024-06-10,2024-06-16,2023-06-12,2023-06-18,24,24,24,6,June,Jun,2024-06-01,2024-06-30,2023-06-01,2023-06-30,2,2024-04-01,2024-06-30,2024,2024-01-01,2024-12-31
2024-06-13,2024-06-12,2024-06-14,2023-06-13,2023-06-15,5,4,Thursday,Thu,13,165,2024-06-09,2024-06-15,2023-06-11,2023-06-17,24,2024-06-10,2024-06-16,2023-06-12,2023-06-18,24,24,24,6,June,Jun,2024-06-01,2024-06-30,2023-06-01,2023-06-30,2,2024-04-01,2024-06-30,2024,2024-01-01,2024-12-31
2024-06-14,2024-06-13,2024-06-15,2023-06-14,2023-06-16,6,5,Friday,Fri,14,166,2024-06-09,2024-06-15,2023-06-11,2023-06-17,24,2024-06-10,2024-06-16,2023-06-12,2023-06-18,24,24,24,6,June,Jun,2024-06-01,2024-06-30,2023-06-01,2023-06-30,2,2024-04-01,2024-06-30,2024,2024-01-01,2024-12-31
2024-06-15,2024-06-14,2024-06-16,2023-06-15,2023-06-17,7,6,Saturday,Sat,15,167,2024-06-09,2024-06-15,2023-06-11,2023-06-17,24,2024-06-10,2024-06-16,2023-06-12,2023-06-18,24,24,24,6,June,Jun,2024-06-01,2024-06-30,2023-06-01,2023-06-30,2,2024-04-01,2024-06-30,2024,2024-01-01,2024-12-31
2024-06-16,2024-06-15,2024-06-17,2023-06-16,2023-06-18,1,7,Sunday,Sun,16,168,2024-06-16,2024-06-22,2023-06-18,2023-06-24,24,2024-06-10,2024-06-16,2023-06-12,2023-06-18,24,25,24,6,June,Jun,2024-06-01,2024-06-30,2023-06-01,2023-06-30,2,2024-04-01,2024-06-30,2024,2024-01-01,2024-12-31
2024-06-17,2024-06-16,2024-06-18,2023-06-17,2023-06-19,2,1,Monday,Mon,17,169,2024-06-16,2024-06-22,2023-06-18,2023-06-24,25,2024-06-17,2024-06-23,2023-06-19,2023-06-25,25,25,25,6,June,Jun,2024-06-01,2024-06-30,2023-06-01,2023-06-30,2,2024-04-01,2024-06-30,2024,2024-01-01,2024-12-31
2024-06-18,2024-06-17,2024-06-19,2023-06-18,2023-06-20,3,2,Tuesday,Tue,18,170,2024-06-16,2024-06-22,2023-06-18,2023-06-24,25,2024-06-17,2024-06-23,2023-06-19,2023-06-25,25,25,25,6,June,Jun,2024-06-01,2024-06-30,2023-06-01,2023-06-30,2,2024-04-01,2024-06-30,2024,2024-01-01,2024-12-31
2024-06-19,2024-06-18,2024-06-20,2023-06-19,2023-06-21,4,3,Wednesday,Wed,19,171,2024-06-16,2024-06-22,2023-06-18,2023-06-24,25,2024-06-17,2024-06-23,2023-06-19,2023-06-25,25,25,25,6,June,Jun,2024-06-01,2024-06-30,2023-06-01,2023-06-30,2,2024-04-01,2024-06-30,2024,2024-01-01,2024-12-31
2024-06-20,2024-06-19,2024-06-21,2023-06-20,2023-06-22,5,4,Thursday,Thu,20,172,2024-06-16,2024-06-22,2023-06-18,2023-06-24,25,2024-06-17,2024-06-23,2023-06-19,2023-06-25,25,25,25,6,June,Jun,2024-06-01,2024-06-30,2023-06-01,2023-06-30,2,2024-04-01,2024-06-30,2024,2024-01-01,2024-12-31
2024-06-21,2024-06-20,2024-06-22,2023-06-21,2023-06-23,6,5,Friday,Fri,21,173,2024-06-16,2024-06-22,2023-06-18,2023-06-24,25,2024-06-17,2024-06-23,2023-06-19,2023-06-25,25,25,25,6,June,Jun,2024-06-01,2024-06-30,2023-06-01,2023-06-30,2,2024-04-01,2024-06-30,2024,2024-01-01,2024-12-31
2024-06-22,2024-06-21,2024-06-23,2023-06-22,2023-06-24,7,6,Saturday,Sat,22,174,2024-06-16,2024-06-22,2023-06-18,2023-06-24,25,2024-06-17,2024-06-23,2023-06-19,2023-06-25,25,25,25,6,June,Jun,2024-06-01,2024-06-30,2023-06-01,2023-06-30,2,2024-04-01,2024-06-30,2024,2024-01-01,2024-12-31
2024-06-23,2024-06-22,2024-06-24,2023-06-23,2023-06-25,1,7,Sunday,Sun,23,175,2024-06-23,2024-06-29,2023-06-25,2023-07-01,25,2024-06-17,2024-06-23,2023-06-19,2023-06-25,25,26,25,6,June,Jun,2024-06-01,2024-06-30,2023-06-01,2023-06-30,2,2024-04-01,2024-06-30,2024,2024-01-01,2024-12-31
2024-06-24,2024-06-23,2024-06-25,2023-06-24,2023-06-26,2,1,Monday,Mon,24,176,2024-06-23,2024-06-29,2023-06-25,2023-07-01,26,2024-06-24,2024-06-30,2023-06-26,2023-07-02,26,26,26,6,June,Jun,2024-06-01,2024-06-30,2023-06-01,2023-06-30,2,2024-04-01,2024-06-30,2024,2024-01-01,2024-12-31
2024-06-25,2024-06-24,2024-06-26,2023-06-25,2023-06-27,3,2,Tuesday,Tue,25,177,2024-06-23,2024-06-29,2023-06-25,2023-07-01,26,2024-06-24,2024-06-30,2023-06-26,2023-07-02,26,26,26,6,June,Jun,2024-06-01,2024-06-30,2023-06-01,2023-06-30,2,2024-04-01,2024-06-30,2024,2024-01-01,2024-12-31
2024-06-26,2024-06-25,2024-06-27,2023-06-26,2023-06-28,4,3,Wednesday,Wed,26,178,2024-06-23,2024-06-29,2023-06-25,2023-07-01,26,2024-06-24,2024-06-30,2023-06-26,2023-07-02,26,26,26,6,June,Jun,2024-06-01,2024-06-30,2023-06-01,2023-06-30,2,2024-04-01,2024-06-30,2024,2024-01-01,2024-12-31
2024-06-27,2024-06-26,2024-06-28,2023-06-27,2023-06-29,5,4,Thursday,Thu,27,179,2024-06-23,2024-06-29,2023-06-25,2023-07-01,26,2024-06-24,2024-06-30,2023-06-26,2023-07-02,26,26,26,6,June,Jun,2024-06-01,2024-06-30,2023-06-01,2023-06-30,2,2024-04-01,2024-06-30,2024,2024-01-01,2024-12-31
2024-06-28,2024-06-27,2024-06-29,2023-06-28,2023-06-30,6,5,Friday,Fri,28,180,2024-06-23,2024-06-29,2023-06-25,2023-07-01,26,2024-06-24,2024-06-30,2023-06-26,2023-07-02,26,26,26,6,June,Jun,2024-06-01,2024-06-30,2023-06-01,2023-06-30,2,2024-04-01,2024-06-30,2024,2024-01-01,2024-12-31
2024-06-29,2024-06-28,2024-06-30,2023-06-29,2023-07-01,7,6,Saturday,Sat,29,181,2024-06-23,2024-06-29,2023-06-25,2023-07-01,26,2024-06-24,2024-06-30,2023-06-26,2023-07-02,26,26,26,6,June,Jun,2024-06-01,2024-06-30,2023-06-01,2023-06-30,2,2024-04-01,2024-06-30,2024,2024-01-01,2024-12-31
2024-06-30,2024-06-29,2024-07-01,2023-06-30,2023-07-02,1,7,Sunday,Sun,30,182,2024-06-30,2024-07-06,2023-07-02,2023-07-08,26,2024-06-24,2024-06-30,2023-06-26,2023-07-02,26,27,26,6,June,Jun,2024-06-01,2024-06-30,2023-06-01,2023-06-30,2,2024-04-01,2024-06-30,2024,2024-01-01,2024-12-31
2024-07-01,2024-06-30,2024-07-02,2023-07-01,2023-07-03,2,1,Monday,Mon,1,183,2024-06-30,2024-07-06,2023-07-02,2023-07-08,27,2024-07-01,2024-07-07,2023-07-03,2023-07-09,27,27,27,7,July,Jul,2024-07-01,2024-07-31,2023-07-01,2023-07-31,3,2024-07-01,2024-09-30,2024,2024-01-01,2024-12-31
2024-07-02,2024-07-01,2024-07-03,2023-07-02,2023-07-04,3,2,Tuesday,Tue,2,184,2024-06-30,2024-07-06,2023-07-02,2023-07-08,27,2024-07-01,2024-07-07,2023-07-03,2023-07-09,27,27,27,7,July,Jul,2024-07-01,2024-07-31,2023-07-01,2023-07-31,3,2024-07-01,2024-09-30,2024,2024-01-01,2024-12-31
2024-07-03,2024-07-02,2024-07-04,2023-07-03,2023-07-05,4,3,Wednesday,Wed,3,185,2024-06-30,2024-07-06,2023-07-02,2023-07-08,27,2024-07-01,2024-07-07,2023-07-03,2023-07-09,27,27,27,7,July,Jul,2024-07-01,2024-07-31,2023-07-01,2023-07-31,3,2024-07-01,2024-09-30,2024,2024-01-01,2024-12-31
2024-07-04,2024-07-03,2024-07-05,2023-07-04,2023-07-06,5,4,Thursday,Thu,4,186,2024-06-30,2024-07-06,2023-07-02,2023-07-08,27,2024-07-01,2024-07-07,2023-07-03,2023-07-09,27,27,27,7,July,Jul,2024-07-01,2024-07-31,2023-07-01,2023-07-31,3,2024-07-01,2024-09-30,2024,2024-01-01,2024-12-31
2024-07-05,2024-07-04,2024-07-06,2023-07-05,2023-07-07,6,5,Friday,Fri,5,187,2024-06-30,2024-07-06,2023-07-02,2023-07-08,27,2024-07-01,2024-07-07,2023-07-03,2023-07-09,27,27,27,7,July,Jul,2024-07-01,2024-07-31,2023-07-01,2023-07-31,3,2024-07-01,2024-09-30,2024,2024-01-01,2024-12-31
2024-07-06,2024-07-05,2024-07-07,2023-07-06,2023-07-08,7,6,Saturday,Sat,6,188,2024-06-30,2024-07-06,2023-07-02,2023-07-08,27,2024-07-01,2024-07-07,2023-07-03,2023-07-09,27,27,27,7,July,Jul,2024-07-01,2024-07-31,2023-07-01,2023-07-31,3,2024-07-01,2024-09-30,2024,2024-01-01,2024-12-31
2024-07-07,2024-07-06,2024-07-08,2023-07-07,2023-07-09,1,7,Sunday,Sun,7,189,2024-07-07,2024-07-13,2023-07-09,2023-07-15,27,2024-07-01,2024-07-07,2023-07-03,2023-07-09,27,28,27,7,July,Jul,2024-07-01,2024-07-31,2023-07-01,2023-07-31,3,2024-07-01,2024-09-30,2024,2024-01-01,2024-12-31
2024-07-08,2024-07-07,2024-07-09,2023-07-08,2023-07-10,2,1,Monday,Mon,8,190,2024-07-07,2024-07-13,2023-07-09,2023-07-15,28,2024-07-08,2024-07-14,2023-07-10,2023-07-16,28,28,28,7,July,Jul,2024-07-01,2024-07-31,2023-07-01,2023-07-31,3,2024-07-01,2024-09-30,2024,2024-01-01,2024-12-31
2024-07-09,2024-07-08,2024-07-10,2023-07-09,2023-07-11,3,2,Tuesday,Tue,9,191,2024-07-07,2024-07-13,2023-07-09,2023-07-15,28,2024-07-08,2024-07-14,2023-07-10,2023-07-16,28,28,28,7,July,Jul,2024-07-01,2024-07-31,2023-07-01,2023-07-31,3,2024-07-01,2024-09-30,2024,2024-01-01,2024-12-31
2024-07-10,2024-07-09,2024-07-11,2023-07-10,2023-07-12,4,3,Wednesday,Wed,10,192,2024-07-07,2024-07-13,2023-07-09,2023-07-15,28,2024-07-08,2024-07-14,2023-07-10,2023-07-16,28,28,28,7,July,Jul,2024-07-01,2024-07-31,2023-07-01,2023-07-31,3,2024-07-01,2024-09-30,2024,2024-01-01,2024-12-31
2024-07-11,2024-07-10,2024-07-12,2023-07-11,2023-07-13,5,4,Thursday,Thu,11,193,2024-07-07,2024-07-13,2023-07-09,2023-07-15,28,2024-07-08,2024-07-14,2023-07-10,2023-07-16,28,28,28,7,July,Jul,2024-07-01,2024-07-31,2023-07-01,2023-07-31,3,2024-07-01,2024-09-30,2024,2024-01-01,2024-12-31
2024-07-12,2024-07-11,2024-07-13,2023-07-12,2023-07-14,6,5,Friday,Fri,12,194,2024-07-07,2024-07-13,2023-07-09,2023-07-15,28,2024-07-08,2024-07-14,2023-07-10,2023-07-16,28,28,28,7,July,Jul,2024-07-01,2024-07-31,2023-07-01,2023-07-31,3,2024-07-01,2024-09-30,2024,2024-01-01,2024-12-31
2024-07-13,2024-07-12,2024-07-14,2023-07-13,2023-07-15,7,6,Saturday,Sat,13,195,2024-07-07,2024-07-13,2023-07-09,2023-07-15,28,2024-07-08,2024-07-14,2023-07-10,2023-07-16,28,28,28,7,July,Jul,2024-07-01,2024-07-31,2023-07-01,2023-07-31,3,2024-07-01,2024-09-30,2024,2024-01-01,2024-12-31
2024-07-14,2024-07-13,2024-07-15,2023-07-14,2023-07-16,1,7,Sunday,Sun,14,196,2024-07-14,2024-07-20,2023-07-16,2023-07-22,28,2024-07-08,2024-07-14,2023-07-10,2023-07-16,28,29,28,7,July,Jul,2024-07-01,2024-07-31,2023-07-01,2023-07-31,3,2024-07-01,2024-09-30,2024,2024-01-01,2024-12-31
2024-07-15,2024-07-14,2024-07-16,2023-07-15,2023-07-17,2,1,Monday,Mon,15,197,2024-07-14,2024-07-20,2023-07-16,2023-07-22,29,2024-07-15,2024-07-21,2023-07-17,2023-07-23,29,29,29,7,July,Jul,2024-07-01,2024-07-31,2023-07-01,2023-07-31,3,2024-07-01,2024-09-30,2024,2024-01-01,2024-12-31
2024-07-16,2024-07-15,2024-07-17,2023-07-16,2023-07-18,3,2,Tuesday,Tue,16,198,2024-07-14,2024-07-20,2023-07-16,2023-07-22,29,2024-07-15,2024-07-21,2023-07-17,2023-07-23,29,29,29,7,July,Jul,2024-07-01,2024-07-31,2023-07-01,2023-07-31,3,2024-07-01,2024-09-30,2024,2024-01-01,2024-12-31
2024-07-17,2024-07-16,2024-07-18,2023-07-17,2023-07-19,4,3,Wednesday,Wed,17,199,2024-07-14,2024-07-20,2023-07-16,2023-07-22,29,2024-07-15,2024-07-21,2023-07-17,2023-07-23,29,29,29,7,July,Jul,2024-07-01,2024-07-31,2023-07-01,2023-07-31,3,2024-07-01,2024-09-30,2024,2024-01-01,2024-12-31
2024-07-18,2024-07-17,2024-07-19,2023-07-18,2023-07-20,5,4,Thursday,Thu,18,200,2024-07-14,2024-07-20,2023-07-16,2023-07-22,29,2024-07-15,2024-07-21,2023-07-17,2023-07-23,29,29,29,7,July,Jul,2024-07-01,2024-07-31,2023-07-01,2023-07-31,3,2024-07-01,2024-09-30,2024,2024-01-01,2024-12-31
2024-07-19,2024-07-18,2024-07-20,2023-07-19,2023-07-21,6,5,Friday,Fri,19,201,2024-07-14,2024-07-20,2023-07-16,2023-07-22,29,2024-07-15,2024-07-21,2023-07-17,2023-07-23,29,29,29,7,July,Jul,2024-07-01,2024-07-31,2023-07-01,2023-07-31,3,2024-07-01,2024-09-30,2024,2024-01-01,2024-12-31
2024-07-20,2024-07-19,2024-07-21,2023-07-20,2023-07-22,7,6,Saturday,Sat,20,202,2024-07-14,2024-07-20,2023-07-16,2023-07-22,29,2024-07-15,2024-07-21,2023-07-17,2023-07-23,29,29,29,7,July,Jul,2024-07-01,2024-07-31,2023-07-01,2023-07-31,3,2024-07-01,2024-09-30,2024,2024-01-01,2024-12-31
2024-07-21,2024-07-20,2024-07-22,2023-07-21,2023-07-23,1,7,Sunday,Sun,21,203,2024-07-21,2024-07-27,2023-07-23,2023-07-29,29,2024-07-15,2024-07-21,2023-07-17,2023-07-23,29,30,29,7,July,Jul,2024-07-01,2024-07-31,2023-07-01,2023-07-31,3,2024-07-01,2024-09-30,2024,2024-01-01,2024-12-31
2024-07-22,2024-07-21,2024-07-23,2023-07-22,2023-07-24,2,1,Monday,Mon,22,204,2024-07-21,2024-07-27,2023-07-23,2023-07-29,30,2024-07-22,2024-07-28,2023-07-24,2023-07-30,30,30,30,7,July,Jul,2024-07-01,2024-07-31,2023-07-01,2023-07-31,3,2024-07-01,2024-09-30,2024,2024-01-01,2024-12-31
2024-07-23,2024-07-22,2024-07-24,2023-07-23,2023-07-25,3,2,Tuesday,Tue,23,205,2024-07-21,2024-07-27,2023-07-23,2023-07-29,30,2024-07-22,2024-07-28,2023-07-24,2023-07-30,30,30,30,7,July,Jul,2024-07-01,2024-07-31,2023-07-01,2023-07-31,3,2024-07-01,2024-09-30,2024,2024-01-01,2024-12-31
2024-07-24,2024-07-23,2024-07-25,2023-07-24,2023-07-26,4,3,Wednesday,Wed,24,206,2024-07-21,2024-07-27,2023-07-23,2023-07-29,30,2024-07-22,2024-07-28,2023-07-24,2023-07-30,30,30,30,7,July,Jul,2024-07-01,2024-07-31,2023-07-01,2023-07-31,3,2024-07-01,2024-09-30,2024,2024-01-01,2024-12-31
2024-07-25,2024-07-24,2024-07-26,2023-07-25,2023-07-27,5,4,Thursday,Thu,25,207,2024-07-21,2024-07-27,2023-07-23,2023-07-29,30,2024-07-22,2024-07-28,2023-07-24,2023-07-30,30,30,30,7,July,Jul,2024-07-01,2024-07-31,2023-07-01,2023-07-31,3,2024-07-01,2024-09-30,2024,2024-01-01,2024-12-31
2024-07-26,2024-07-25,2024-07-27,2023-07-26,2023-07-28,6,5,Friday,Fri,26,208,2024-07-21,2024-07-27,2023-07-23,2023-07-29,30,2024-07-22,2024-07-28,2023-07-24,2023-07-30,30,30,30,7,July,Jul,2024-07-01,2024-07-31,2023-07-01,2023-07-31,3,2024-07-01,2024-09-30,2024,2024-01-01,2024-12-31
2024-07-27,2024-07-26,2024-07-28,2023-07-27,2023-07-29,7,6,Saturday,Sat,27,209,2024-07-21,2024-07-27,2023-07-23,2023-07-29,30,2024-07-22,2024-07-28,2023-07-24,2023-07-30,30,30,30,7,July,Jul,2024-07-01,2024-07-31,2023-07-01,2023-07-31,3,2024-07-01,2024-09-30,2024,2024-01-01,2024-12-31
2024-07-28,2024-07-27,2024-07-29,2023-07-28,2023-07-30,1,7,Sunday,Sun,28,210,2024-07-28,2024-08-03,2023-07-30,2023-08-05,30,2024-07-22,2024-07-28,2023-07-24,2023-07-30,30,31,30,7,July,Jul,2024-07-01,2024-07-31,2023-07-01,2023-07-31,3,2024-07-01,2024-09-30,2024,2024-01-01,2024-12-31
2024-07-29,2024-07-28,2024-07-30,2023-07-29,2023-07-31,2,1,Monday,Mon,29,211,2024-07-28,2024-08-03,2023-07-30,2023-08-05,31,2024-07-29,2024-08-04,2023-07-31,2023-08-06,31,31,31,7,July,Jul,2024-07-01,2024-07-31,2023-07-01,2023-07-31,3,2024-07-01,2024-09-30,2024,2024-01-01,2024-12-31
2024-07-30,2024-07-29,2024-07-31,2023-07-30,2023-08-01,3,2,Tuesday,Tue,30,212,2024-07-28,2024-08-03,2023-07-30,2023-08-05,31,2024-07-29,2024-08-04,2023-07-31,2023-08-06,31,31,31,7,July,Jul,2024-07-01,2024-07-31,2023-07-01,2023-07-31,3,2024-07-01,2024-09-30,2024,2024-01-01,2024-12-31
2024-07-31,2024-07-30,2024-08-01,2023-07-31,2023-08-02,4,3,Wednesday,Wed,31,213,2024-07-28,2024-08-03,2023-07-30,2023-08-05,31,2024-07-29,2024-08-04,2023-07-31,2023-08-06,31,31,31,7,July,Jul,2024-07-01,2024-07-31,2023-07-01,2023-07-31,3,2024-07-01,2024-09-30,2024,2024-01-01,2024-12-31
2024-08-01,2024-07-31,2024-08-02,2023-08-01,2023-08-03,5,4,Thursday,Thu,1,214,2024-07-28,2024-08-03,2023-07-30,2023-08-05,31,2024-07-29,2024-08-04,2023-07-31,2023-08-06,31,31,31,8,August,Aug,2024-08-01,2024-08-31,2023-08-01,2023-08-31,3,2024-07-01,2024-09-30,2024,2024-01-01,2024-12-31
2024-08-02,2024-08-01,2024-08-03,2023-08-02,2023-08-04,6,5,Friday,Fri,2,215,2024-07-28,2024-08-03,2023-07-30,2023-08-05,31,2024-07-29,2024-08-04,2023-07-31,2023-08-06,31,31,31,8,August,Aug,2024-08-01,2024-08-31,2023-08-01,2023-08-31,3,2024-07-01,2024-09-30,2024,2024-01-01,2024-12-31
2024-08-03,2024-08-02,2024-08-04,2023-08-03,2023-08-05,7,6,Saturday,Sat,3,216,2024-07-28,2024-08-03,2023-07-30,2023-08-05,31,2024-07-29,2024-08-04,2023-07-31,2023-08-06,31,31,31,8,August,Aug,2024-08-01,2024-08-31,2023-08-01,2023-08-31,3,2024-07-01,2024-09-30,2024,2024-01-01,2024-12-31
2024-08-04,2024-08-03,2024-08-05,2023-08-04,2023-08-06,1,7,Sunday,Sun,4,217,2024-08-04,2024-08-10,2023-08-06,2023-08-12,31,2024-07-29,2024-08-04,2023-07-31,2023-08-06,31,32,31,8,August,Aug,2024-08-01,2024-08-31,2023-08-01,2023-08-31,3,2024-07-01,2024-09-30,2024,2024-01-01,2024-12-31
2024-08-05,2024-08-04,2024-08-06,2023-08-05,2023-08-07,2,1,Monday,Mon,5,218,2024-08-04,2024-08-10,2023-08-06,2023-08-12,32,2024-08-05,2024-08-11,2023-08-07,2023-08-13,32,32,32,8,August,Aug,2024-08-01,2024-08-31,2023-08-01,2023-08-31,3,2024-07-01,2024-09-30,2024,2024-01-01,2024-12-31
2024-08-06,2024-08-05,2024-08-07,2023-08-06,2023-08-08,3,2,Tuesday,Tue,6,219,2024-08-04,2024-08-10,2023-08-06,2023-08-12,32,2024-08-05,2024-08-11,2023-08-07,2023-08-13,32,32,32,8,August,Aug,2024-08-01,2024-08-31,2023-08-01,2023-08-31,3,2024-07-01,2024-09-30,2024,2024-01-01,2024-12-31
2024-08-07,2024-08-06,2024-08-08,2023-08-07,2023-08-09,4,3,Wednesday,Wed,7,220,2024-08-04,2024-08-10,2023-08-06,2023-08-12,32,2024-08-05,2024-08-11,2023-08-07,2023-08-13,32,32,32,8,August,Aug,2024-08-01,2024-08-31,2023-08-01,2023-08-31,3,2024-07-01,2024-09-30,2024,2024-01-01,2024-12-31
2024-08-08,2024-08-07,2024-08-09,2023-08-08,2023-08-10,5,4,Thursday,Thu,8,221,2024-08-04,2024-08-10,2023-08-06,2023-08-12,32,2024-08-05,2024-08-11,2023-08-07,2023-08-13,32,32,32,8,August,Aug,2024-08-01,2024-08-31,2023-08-01,2023-08-31,3,2024-07-01,2024-09-30,2024,2024-01-01,2024-12-31
2024-08-09,2024-08-08,2024-08-10,2023-08-09,2023-08-11,6,5,Friday,Fri,9,222,2024-08-04,2024-08-10,2023-08-06,2023-08-12,32,2024-08-05,2024-08-11,2023-08-07,2023-08-13,32,32,32,8,August,Aug,2024-08-01,2024-08-31,2023-08-01,2023-08-31,3,2024-07-01,2024-09-30,2024,2024-01-01,2024-12-31
2024-08-10,2024-08-09,2024-08-11,2023-08-10,2023-08-12,7,6,Saturday,Sat,10,223,2024-08-04,2024-08-10,2023-08-06,2023-08-12,32,2024-08-05,2024-08-11,2023-08-07,2023-08-13,32,32,32,8,August,Aug,2024-08-01,2024-08-31,2023-08-01,2023-08-31,3,2024-07-01,2024-09-30,2024,2024-01-01,2024-12-31
2024-08-11,2024-08-10,2024-08-12,2023-08-11,2023-08-13,1,7,Sunday,Sun,11,224,2024-08-11,2024-08-17,2023-08-13,2023-08-19,32,2024-08-05,2024-08-11,2023-08-07,2023-08-13,32,33,32,8,August,Aug,2024-08-01,2024-08-31,2023-08-01,2023-08-31,3,2024-07-01,2024-09-30,2024,2024-01-01,2024-12-31
2024-08-12,2024-08-11,2024-08-13,2023-08-12,2023-08-14,2,1,Monday,Mon,12,225,2024-08-11,2024-08-17,2023-08-13,2023-08-19,33,2024-08-12,2024-08-18,2023-08-14,2023-08-20,33,33,33,8,August,Aug,2024-08-01,2024-08-31,2023-08-01,2023-08-31,3,2024-07-01,2024-09-30,2024,2024-01-01,2024-12-31
2024-08-13,2024-08-12,2024-08-14,2023-08-13,2023-08-15,3,2,Tuesday,Tue,13,226,2024-08-11,2024-08-17,2023-08-13,2023-08-19,33,2024-08-12,2024-08-18,2023-08-14,2023-08-20,33,33,33,8,August,Aug,2024-08-01,2024-08-31,2023-08-01,2023-08-31,3,2024-07-01,2024-09-30,2024,2024-01-01,2024-12-31
2024-08-14,2024-08-13,2024-08-15,2023-08-14,2023-08-16,4,3,Wednesday,Wed,14,227,2024-08-11,2024-08-17,2023-08-13,2023-08-19,33,2024-08-12,2024-08-18,2023-08-14,2023-08-20,33,33,33,8,August,Aug,2024-08-01,2024-08-31,2023-08-01,2023-08-31,3,2024-07-01,2024-09-30,2024,2024-01-01,2024-12-31
2024-08-15,2024-08-14,2024-08-16,2023-08-15,2023-08-17,5,4,Thursday,Thu,15,228,2024-08-11,2024-08-17,2023-08-13,2023-08-19,33,2024-08-12,2024-08-18,2023-08-14,2023-08-20,33,33,33,8,August,Aug,2024-08-01,2024-08-31,2023-08-01,2023-08-31,3,2024-07-01,2024-09-30,2024,2024-01-01,2024-12-31
2024-08-16,2024-08-15,2024-08-17,2023-08-16,2023-08-18,6,5,Friday,Fri,16,229,2024-08-11,2024-08-17,2023-08-13,2023-08-19,33,2024-08-12,2024-08-18,2023-08-14,2023-08-20,33,33,33,8,August,Aug,2024-08-01,2024-08-31,2023-08-01,2023-08-31,3,2024-07-01,2024-09-30,2024,2024-01-01,2024-12-31
2024-08-17,2024-08-16,2024-08-18,2023-08-17,2023-08-19,7,6,Saturday,Sat,17,230,2024-08-11,2024-08-17,2023-08-13,2023-08-19,33,2024-08-12,2024-08-18,2023-08-14,2023-08-20,33,33,33,8,August,Aug,2024-08-01,2024-08-31,2023-08-01,2023-08-31,3,2024-07-01,2024-09-30,2024,2024-01-01,2024-12-31
2024-08-18,2024-08-17,2024-08-19,2023-08-18,2023-08-20,1,7,Sunday,Sun,18,231,2024-08-18,2024-08-24,2023-08-20,2023-08-26,33,2024-08-12,2024-08-18,2023-08-14,2023-08-20,33,34,33,8,August,Aug,2024-08-01,2024-08-31,2023-08-01,2023-08-31,3,2024-07-01,2024-09-30,2024,2024-01-01,2024-12-31
2024-08-19,2024-08-18,2024-08-20,2023-08-19,2023-08-21,2,1,Monday,Mon,19,232,2024-08-18,2024-08-24,2023-08-20,2023-08-26,34,2024-08-19,2024-08-25,2023-08-21,2023-08-27,34,34,34,8,August,Aug,2024-08-01,2024-08-31,2023-08-01,2023-08-31,3,2024-07-01,2024-09-30,2024,2024-01-01,2024-12-31
2024-08-20,2024-08-19,2024-08-21,2023-08-20,2023-08-22,3,2,Tuesday,Tue,20,233,2024-08-18,2024-08-24,2023-08-20,2023-08-26,34,2024-08-19,2024-08-25,2023-08-21,2023-08-27,34,34,34,8,August,Aug,2024-08-01,2024-08-31,2023-08-01,2023-08-31,3,2024-07-01,2024-09-30,2024,2024-01-01,2024-12-31
2024-08-21,2024-08-20,2024-08-22,2023-08-21,2023-08-23,4,3,Wednesday,Wed,21,234,2024-08-18,2024-08-24,2023-08-20,2023-08-26,34,2024-08-19,2024-08-25,2023-08-21,2023-08-27,34,34,34,8,August,Aug,2024-08-01,2024-08-31,2023-08-01,2023-08-31,3,2024-07-01,2024-09-30,2024,2024-01-01,2024-12-31
2024-08-22,2024-08-21,2024-08-23,2023-08-22,2023-08-24,5,4,Thursday,Thu,22,235,2024-08-18,2024-08-24,2023-08-20,2023-08-26,34,2024-08-19,2024-08-25,2023-08-21,2023-08-27,34,34,34,8,August,Aug,2024-08-01,2024-08-31,2023-08-01,2023-08-31,3,2024-07-01,2024-09-30,2024,2024-01-01,2024-12-31
2024-08-23,2024-08-22,2024-08-24,2023-08-23,2023-08-25,6,5,Friday,Fri,23,236,2024-08-18,2024-08-24,2023-08-20,2023-08-26,34,2024-08-19,2024-08-25,2023-08-21,2023-08-27,34,34,34,8,August,Aug,2024-08-01,2024-08-31,2023-08-01,2023-08-31,3,2024-07-01,2024-09-30,2024,2024-01-01,2024-12-31
2024-08-24,2024-08-23,2024-08-25,2023-08-24,2023-08-26,7,6,Saturday,Sat,24,237,2024-08-18,2024-08-24,2023-08-20,2023-08-26,34,2024-08-19,2024-08-25,2023-08-21,2023-08-27,34,34,34,8,August,Aug,2024-08-01,2024-08-31,2023-08-01,2023-08-31,3,2024-07-01,2024-09-30,2024,2024-01-01,2024-12-31
2024-08-25,2024-08-24,2024-08-26,2023-08-25,2023-08-27,1,7,Sunday,Sun,25,238,2024-08-25,2024-08-31,2023-08-27,2023-09-02,34,2024-08-19,2024-08-25,2023-08-21,2023-08-27,34,35,34,8,August,Aug,2024-08-01,2024-08-31,2023-08-01,2023-08-31,3,2024-07-01,2024-09-30,2024,2024-01-01,2024-12-31
2024-08-26,2024-08-25,2024-08-27,2023-08-26,2023-08-28,2,1,Monday,Mon,26,239,2024-08-25,2024-08-31,2023-08-27,2023-09-02,35,2024-08-26,2024-09-01,2023-08-28,2023-09-03,35,35,35,8,August,Aug,2024-08-01,2024-08-31,2023-08-01,2023-08-31,3,2024-07-01,2024-09-30,2024,2024-01-01,2024-12-31
2024-08-27,2024-08-26,2024-08-28,2023-08-27,2023-08-29,3,2,Tuesday,Tue,27,240,2024-08-25,2024-08-31,2023-08-27,2023-09-02,35,2024-08-26,2024-09-01,2023-08-28,2023-09-03,35,35,35,8,August,Aug,2024-08-01,2024-08-31,2023-08-01,2023-08-31,3,2024-07-01,2024-09-30,2024,2024-01-01,2024-12-31
2024-08-28,2024-08-27,2024-08-29,2023-08-28,2023-08-30,4,3,Wednesday,Wed,28,241,2024-08-25,2024-08-31,2023-08-27,2023-09-02,35,2024-08-26,2024-09-01,2023-08-28,2023-09-03,35,35,35,8,August,Aug,2024-08-01,2024-08-31,2023-08-01,2023-08-31,3,2024-07-01,2024-09-30,2024,2024-01-01,2024-12-31
2024-08-29,2024-08-28,2024-08-30,2023-08-29,2023-08-31,5,4,Thursday,Thu,29,242,2024-08-25,2024-08-31,2023-08-27,2023-09-02,35,2024-08-26,2024-09-01,2023-08-28,2023-09-03,35,35,35,8,August,Aug,2024-08-01,2024-08-31,2023-08-01,2023-08-31,3,2024-07-01,2024-09-30,2024,2024-01-01,2024-12-31
2024-08-30,2024-08-29,2024-08-31,2023-08-30,2023-09-01,6,5,Friday,Fri,30,243,2024-08-25,2024-08-31,2023-08-27,2023-09-02,35,2024-08-26,2024-09-01,2023-08-28,2023-09-03,35,35,35,8,August,Aug,2024-08-01,2024-08-31,2023-08-01,2023-08-31,3,2024-07-01,2024-09-30,2024,2024-01-01,2024-12-31
2024-08-31,2024-08-30,2024-09-01,2023-08-31,2023-09-02,7,6,Saturday,Sat,31,244,2024-08-25,2024-08-31,2023-08-27,2023-09-02,35,2024-08-26,2024-09-01,2023-08-28,2023-09-03,35,35,35,8,August,Aug,2024-08-01,2024-08-31,2023-08-01,2023-08-31,3,2024-07-01,2024-09-30,2024,2024-01-01,2024-12-31
2024-09-01,2024-08-31,2024-09-02,2023-09-01,2023-09-03,1,7,Sunday,Sun,1,245,2024-09-01,2024-09-07,2023-09-03,2023-09-09,35,2024-08-26,2024-09-01,2023-08-28,2023-09-03,35,36,35,9,September,Sep,2024-09-01,2024-09-30,2023-09-01,2023-09-30,3,2024-07-01,2024-09-30,2024,2024-01-01,2024-12-31
2024-09-02,2024-09-01,2024-09-03,2023-09-02,2023-09-04,2,1,Monday,Mon,2,246,2024-09-01,2024-09-07,2023-09-03,2023-09-09,36,2024-09-02,2024-09-08,2023-09-04,2023-09-10,36,36,36,9,September,Sep,2024-09-01,2024-09-30,2023-09-01,2023-09-30,3,2024-07-01,2024-09-30,2024,2024-01-01,2024-12-31
2024-09-03,2024-09-02,2024-09-04,2023-09-03,2023-09-05,3,2,Tuesday,Tue,3,247,2024-09-01,2024-09-07,2023-09-03,2023-09-09,36,2024-09-02,2024-09-08,2023-09-04,2023-09-10,36,36,36,9,September,Sep,2024-09-01,2024-09-30,2023-09-01,2023-09-30,3,2024-07-01,2024-09-30,2024,2024-01-01,2024-12-31
2024-09-04,2024-09-03,2024-09-05,2023-09-04,2023-09-06,4,3,Wednesday,Wed,4,248,2024-09-01,2024-09-07,2023-09-03,2023-09-09,36,2024-09-02,2024-09-08,2023-09-04,2023-09-10,36,36,36,9,September,Sep,2024-09-01,2024-09-30,2023-09-01,2023-09-30,3,2024-07-01,2024-09-30,2024,2024-01-01,2024-12-31
2024-09-05,2024-09-04,2024-09-06,2023-09-05,2023-09-07,5,4,Thursday,Thu,5,249,2024-09-01,2024-09-07,2023-09-03,2023-09-09,36,2024-09-02,2024-09-08,2023-09-04,2023-09-10,36,36,36,9,September,Sep,2024-09-01,2024-09-30,2023-09-01,2023-09-30,3,2024-07-01,2024-09-30,2024,2024-01-01,2024-12-31
2024-09-06,2024-09-05,2024-09-07,2023-09-06,2023-09-08,6,5,Friday,Fri,6,250,2024-09-01,2024-09-07,2023-09-03,2023-09-09,36,2024-09-02,2024-09-08,2023-09-04,2023-09-10,36,36,36,9,September,Sep,2024-09-01,2024-09-30,2023-09-01,2023-09-30,3,2024-07-01,2024-09-30,2024,2024-01-01,2024-12-31
2024-09-07,2024-09-06,2024-09-08,2023-09-07,2023-09-09,7,6,Saturday,Sat,7,251,2024-09-01,2024-09-07,2023-09-03,2023-09-09,36,2024-09-02,2024-09-08,2023-09-04,2023-09-10,36,36,36,9,September,Sep,2024-09-01,2024-09-30,2023-09-01,2023-09-30,3,2024-07-01,2024-09-30,2024,2024-01-01,2024-12-31
2024-09-08,2024-09-07,2024-09-09,2023-09-08,2023-09-10,1,7,Sunday,Sun,8,252,2024-09-08,2024-09-14,2023-09-10,2023-09-16,36,2024-09-02,2024-09-08,2023-09-04,2023-09-10,36,37,36,9,September,Sep,2024-09-01,2024-09-30,2023-09-01,2023-09-30,3,2024-07-01,2024-09-30,2024,2024-01-01,2024-12-31
2024-09-09,2024-09-08,2024-09-10,2023-09-09,2023-09-11,2,1,Monday,Mon,9,253,2024-09-08,2024-09-14,2023-09-10,2023-09-16,37,2024-09-09,2024-09-15,2023-09-11,2023-09-17,37,37,37,9,September,Sep,2024-09-01,2024-09-30,2023-09-01,2023-09-30,3,2024-07-01,2024-09-30,2024,2024-01-01,2024-12-31
2024-09-10,2024-09-09,2024-09-11,2023-09-10,2023-09-12,3,2,Tuesday,Tue,10,254,2024-09-08,2024-09-14,2023-09-10,2023-09-16,37,2024-09-09,2024-09-15,2023-09-11,2023-09-17,37,37,37,9,September,Sep,2024-09-01,2024-09-30,2023-09-01,2023-09-30,3,2024-07-01,2024-09-30,2024,2024-01-01,2024-12-31
2024-09-11,2024-09-10,2024-09-12,2023-09-11,2023-09-13,4,3,Wednesday,Wed,11,255,2024-09-08,2024-09-14,2023-09-10,2023-09-16,37,2024-09-09,2024-09-15,2023-09-11,2023-09-17,37,37,37,9,September,Sep,2024-09-01,2024-09-30,2023-09-01,2023-09-30,3,2024-07-01,2024-09-30,2024,2024-01-01,2024-12-31
2024-09-12,2024-09-11,2024-09-13,2023-09-12,2023-09-14,5,4,Thursday,Thu,12,256,2024-09-08,2024-09-14,2023-09-10,2023-09-16,37,2024-09-09,2024-09-15,2023-09-11,2023-09-17,37,37,37,9,September,Sep,2024-09-01,2024-09-30,2023-09-01,2023-09-30,3,2024-07-01,2024-09-30,2024,2024-01-01,2024-12-31
2024-09-13,2024-09-12,2024-09-14,2023-09-13,2023-09-15,6,5,Friday,Fri,13,257,2024-09-08,2024-09-14,2023-09-10,2023-09-16,37,2024-09-09,2024-09-15,2023-09-11,2023-09-17,37,37,37,9,September,Sep,2024-09-01,2024-09-30,2023-09-01,2023-09-30,3,2024-07-01,2024-09-30,2024,2024-01-01,2024-12-31
2024-09-14,2024-09-13,2024-09-15,2023-09-14,2023-09-16,7,6,Saturday,Sat,14,258,2024-09-08,2024-09-14,2023-09-10,2023-09-16,37,2024-09-09,2024-09-15,2023-09-11,2023-09-17,37,37,37,9,September,Sep,2024-09-01,2024-09-30,2023-09-01,2023-09-30,3,2024-07-01,2024-09-30,2024,2024-01-01,2024-12-31
2024-09-15,2024-09-14,2024-09-16,2023-09-15,2023-09-17,1,7,Sunday,Sun,15,259,2024-09-15,2024-09-21,2023-09-17,2023-09-23,37,2024-09-09,2024-09-15,2023-09-11,2023-09-17,37,38,37,9,September,Sep,2024-09-01,2024-09-30,2023-09-01,2023-09-30,3,2024-07-01,2024-09-30,2024,2024-01-01,2024-12-31
2024-09-16,2024-09-15,2024-09-17,2023-09-16,2023-09-18,2,1,Monday,Mon,16,260,2024-09-15,2024-09-21,2023-09-17,2023-09-23,38,2024-09-16,2024-09-22,2023-09-18,2023-09-24,38,38,38,9,September,Sep,2024-09-01,2024-09-30,2023-09-01,2023-09-30,3,2024-07-01,2024-09-30,2024,2024-01-01,2024-12-31
2024-09-17,2024-09-16,2024-09-18,2023-09-17,2023-09-19,3,2,Tuesday,Tue,17,261,2024-09-15,2024-09-21,2023-09-17,2023-09-23,38,2024-09-16,2024-09-22,2023-09-18,2023-09-24,38,38,38,9,September,Sep,2024-09-01,2024-09-30,2023-09-01,2023-09-30,3,2024-07-01,2024-09-30,2024,2024-01-01,2024-12-31
2024-09-18,2024-09-17,2024-09-19,2023-09-18,2023-09-20,4,3,Wednesday,Wed,18,262,2024-09-15,2024-09-21,2023-09-17,2023-09-23,38,2024-09-16,2024-09-22,2023-09-18,2023-09-24,38,38,38,9,September,Sep,2024-09-01,2024-09-30,2023-09-01,2023-09-30,3,2024-07-01,2024-09-30,2024,2024-01-01,2024-12-31
2024-09-19,2024-09-18,2024-09-20,2023-09-19,2023-09-21,5,4,Thursday,Thu,19,263,2024-09-15,2024-09-21,2023-09-17,2023-09-23,38,2024-09-16,2024-09-22,2023-09-18,2023-09-24,38,38,38,9,September,Sep,2024-09-01,2024-09-30,2023-09-01,2023-09-30,3,2024-07-01,2024-09-30,2024,2024-01-01,2024-12-31
2024-09-20,2024-09-19,2024-09-21,2023-09-20,2023-09-22,6,5,Friday,Fri,20,264,2024-09-15,2024-09-21,2023-09-17,2023-09-23,38,2024-09-16,2024-09-22,2023-09-18,2023-09-24,38,38,38,9,September,Sep,2024-09-01,2024-09-30,2023-09-01,2023-09-30,3,2024-07-01,2024-09-30,2024,2024-01-01,2024-12-31
2024-09-21,2024-09-20,2024-09-22,2023-09-21,2023-09-23,7,6,Saturday,Sat,21,265,2024-09-15,2024-09-21,2023-09-17,2023-09-23,38,2024-09-16,2024-09-22,2023-09-18,2023-09-24,38,38,38,9,September,Sep,2024-09-01,2024-09-30,2023-09-01,2023-09-30,3,2024-07-01,2024-09-30,2024,2024-01-01,2024-12-31
2024-09-22,2024-09-21,2024-09-23,2023-09-22,2023-09-24,1,7,Sunday,Sun,22,266,2024-09-22,2024-09-28,2023-09-24,2023-09-30,38,2024-09-16,2024-09-22,2023-09-18,2023-09-24,38,39,38,9,September,Sep,2024-09-01,2024-09-30,2023-09-01,2023-09-30,3,2024-07-01,2024-09-30,2024,2024-01-01,2024-12-31
2024-09-23,2024-09-22,2024-09-24,2023-09-23,2023-09-25,2,1,Monday,Mon,23,267,2024-09-22,2024-09-28,2023-09-24,2023-09-30,39,2024-09-23,2024-09-29,2023-09-25,2023-10-01,39,39,39,9,September,Sep,2024-09-01,2024-09-30,2023-09-01,2023-09-30,3,2024-07-01,2024-09-30,2024,2024-01-01,2024-12-31
2024-09-24,2024-09-23,2024-09-25,2023-09-24,2023-09-26,3,2,Tuesday,Tue,24,268,2024-09-22,2024-09-28,2023-09-24,2023-09-30,39,2024-09-23,2024-09-29,2023-09-25,2023-10-01,39,39,39,9,September,Sep,2024-09-01,2024-09-30,2023-09-01,2023-09-30,3,2024-07-01,2024-09-30,2024,2024-01-01,2024-12-31
2024-09-25,2024-09-24,2024-09-26,2023-09-25,2023-09-27,4,3,Wednesday,Wed,25,269,2024-09-22,2024-09-28,2023-09-24,2023-09-30,39,2024-09-23,2024-09-29,2023-09-25,2023-10-01,39,39,39,9,September,Sep,2024-09-01,2024-09-30,2023-09-01,2023-09-30,3,2024-07-01,2024-09-30,2024,2024-01-01,2024-12-31
2024-09-26,2024-09-25,2024-09-27,2023-09-26,2023-09-28,5,4,Thursday,Thu,26,270,2024-09-22,2024-09-28,2023-09-24,2023-09-30,39,2024-09-23,2024-09-29,2023-09-25,2023-10-01,39,39,39,9,September,Sep,2024-09-01,2024-09-30,2023-09-01,2023-09-30,3,2024-07-01,2024-09-30,2024,2024-01-01,2024-12-31
2024-09-27,2024-09-26,2024-09-28,2023-09-27,2023-09-29,6,5,Friday,Fri,27,271,2024-09-22,2024-09-28,2023-09-24,2023-09-30,39,2024-09-23,2024-09-29,2023-09-25,2023-10-01,39,39,39,9,September,Sep,2024-09-01,2024-09-30,2023-09-01,2023-09-30,3,2024-07-01,2024-09-30,2024,2024-01-01,2024-12-31
2024-09-28,2024-09-27,2024-09-29,2023-09-28,2023-09-30,7,6,Saturday,Sat,28,272,2024-09-22,2024-09-28,2023-09-24,2023-09-30,39,2024-09-23,2024-09-29,2023-09-25,2023-10-01,39,39,39,9,September,Sep,2024-09-01,2024-09-30,2023-09-01,2023-09-30,3,2024-07-01,2024-09-30,2024,2024-01-01,2024-12-31
2024-09-29,2024-09-28,2024-09-30,2023-09-29,2023-10-01,1,7,Sunday,Sun,29,273,2024-09-29,2024-10-05,2023-10-01,2023-10-07,39,2024-09-23,2024-09-29,2023-09-25,2023-10-01,39,40,39,9,September,Sep,2024-09-01,2024-09-30,2023-09-01,2023-09-30,3,2024-07-01,2024-09-30,2024,2024-01-01,2024-12-31
2024-09-30,2024-09-29,2024-10-01,2023-09-30,2023-10-02,2,1,Monday,Mon,30,274,2024-09-29,2024-10-05,2023-10-01,2023-10-07,40,2024-09-30,2024-10-06,2023-10-02,2023-10-08,40,40,40,9,September,Sep,2024-09-01,2024-09-30,2023-09-01,2023-09-30,3,2024-07-01,2024-09-30,2024,2024-01-01,2024-12-31
2024-10-01,2024-09-30,2024-10-02,2023-10-01,2023-10-03,3,2,Tuesday,Tue,1,275,2024-09-29,2024-10-05,2023-10-01,2023-10-07,40,2024-09-30,2024-10-06,2023-10-02,2023-10-08,40,40,40,10,October,Oct,2024-10-01,2024-10-31,2023-10-01,2023-10-31,4,2024-10-01,2024-12-31,2024,2024-01-01,2024-12-31
2024-10-02,2024-10-01,2024-10-03,2023-10-02,2023-10-04,4,3,Wednesday,Wed,2,276,2024-09-29,2024-10-05,2023-10-01,2023-10-07,40,2024-09-30,2024-10-06,2023-10-02,2023-10-08,40,40,40,10,October,Oct,2024-10-01,2024-10-31,2023-10-01,2023-10-31,4,2024-10-01,2024-12-31,2024,2024-01-01,2024-12-31
2024-10-03,2024-10-02,2024-10-04,2023-10-03,2023-10-05,5,4,Thursday,Thu,3,277,2024-09-29,2024-10-05,2023-10-01,2023-10-07,40,2024-09-30,2024-10-06,2023-10-02,2023-10-08,40,40,40,10,October,Oct,2024-10-01,2024-10-31,2023-10-01,2023-10-31,4,2024-10-01,2024-12-31,2024,2024-01-01,2024-12-31
2024-10-04,2024-10-03,2024-10-05,2023-10-04,2023-10-06,6,5,Friday,Fri,4,278,2024-09-29,2024-10-05,2023-10-01,2023-10-07,40,2024-09-30,2024-10-06,2023-10-02,2023-10-08,40,40,40,10,October,Oct,2024-10-01,2024-10-31,2023-10-01,2023-10-31,4,2024-10-01,2024-12-31,2024,2024-01-01,2024-12-31
2024-10-05,2024-10-04,2024-10-06,2023-10-05,2023-10-07,7,6,Saturday,Sat,5,279,2024-09-29,2024-10-05,2023-10-01,2023-10-07,40,2024-09-30,2024-10-06,2023-10-02,2023-10-08,40,40,40,10,October,Oct,2024-10-01,2024-10-31,2023-10-01,2023-10-31,4,2024-10-01,2024-12-31,2024,2024-01-01,2024-12-31
2024-10-06,2024-10-05,2024-10-07,2023-10-06,2023-10-08,1,7,Sunday,Sun,6,280,2024-10-06,2024-10-12,2023-10-08,2023-10-14,40,2024-09-30,2024-10-06,2023-10-02,2023-10-08,40,41,40,10,October,Oct,2024-10-01,2024-10-31,2023-10-01,2023-10-31,4,2024-10-01,2024-12-31,2024,2024-01-01,2024-12-31
2024-10-07,2024-10-06,2024-10-08,2023-10-07,2023-10-09,2,1,Monday,Mon,7,281,2024-10-06,2024-10-12,2023-10-08,2023-10-14,41,2024-10-07,2024-10-13,2023-10-09,2023-10-15,41,41,41,10,October,Oct,2024-10-01,2024-10-31,2023-10-01,2023-10-31,4,2024-10-01,2024-12-31,2024,2024-01-01,2024-12-31
2024-10-08,2024-10-07,2024-10-09,2023-10-08,2023-10-10,3,2,Tuesday,Tue,8,282,2024-10-06,2024-10-12,2023-10-08,2023-10-14,41,2024-10-07,2024-10-13,2023-10-09,2023-10-15,41,41,41,10,October,Oct,2024-10-01,2024-10-31,2023-10-01,2023-10-31,4,2024-10-01,2024-12-31,2024,2024-01-01,2024-12-31
2024-10-09,2024-10-08,2024-10-10,2023-10-09,2023-10-11,4,3,Wednesday,Wed,9,283,2024-10-06,2024-10-12,2023-10-08,2023-10-14,41,2024-10-07,2024-10-13,2023-10-09,2023-10-15,41,41,41,10,October,Oct,2024-10-01,2024-10-31,2023-10-01,2023-10-31,4,2024-10-01,2024-12-31,2024,2024-01-01,2024-12-31
2024-10-10,2024-10-09,2024-10-11,2023-10-10,2023-10-12,5,4,Thursday,Thu,10,284,2024-10-06,2024-10-12,2023-10-08,2023-10-14,41,2024-10-07,2024-10-13,2023-10-09,2023-10-15,41,41,41,10,October,Oct,2024-10-01,2024-10-31,2023-10-01,2023-10-31,4,2024-10-01,2024-12-31,2024,2024-01-01,2024-12-31
2024-10-11,2024-10-10,2024-10-12,2023-10-11,2023-10-13,6,5,Friday,Fri,11,285,2024-10-06,2024-10-12,2023-10-08,2023-10-14,41,2024-10-07,2024-10-13,2023-10-09,2023-10-15,41,41,41,10,October,Oct,2024-10-01,2024-10-31,2023-10-01,2023-10-31,4,2024-10-01,2024-12-31,2024,2024-01-01,2024-12-31
2024-10-12,2024-10-11,2024-10-13,2023-10-12,2023-10-14,7,6,Saturday,Sat,12,286,2024-10-06,2024-10-12,2023-10-08,2023-10-14,41,2024-10-07,2024-10-13,2023-10-09,2023-10-15,41,41,41,10,October,Oct,2024-10-01,2024-10-31,2023-10-01,2023-10-31,4,2024-10-01,2024-12-31,2024,2024-01-01,2024-12-31
2024-10-13,2024-10-12,2024-10-14,2023-10-13,2023-10-15,1,7,Sunday,Sun,13,287,2024-10-13,2024-10-19,2023-10-15,2023-10-21,41,2024-10-07,2024-10-13,2023-10-09,2023-10-15,41,42,41,10,October,Oct,2024-10-01,2024-10-31,2023-10-01,2023-10-31,4,2024-10-01,2024-12-31,2024,2024-01-01,2024-12-31
2024-10-14,2024-10-13,2024-10-15,2023-10-14,2023-10-16,2,1,Monday,Mon,14,288,2024-10-13,2024-10-19,2023-10-15,2023-10-21,42,2024-10-14,2024-10-20,2023-10-16,2023-10-22,42,42,42,10,October,Oct,2024-10-01,2024-10-31,2023-10-01,2023-10-31,4,2024-10-01,2024-12-31,2024,2024-01-01,2024-12-31
2024-10-15,2024-10-14,2024-10-16,2023-10-15,2023-10-17,3,2,Tuesday,Tue,15,289,2024-10-13,2024-10-19,2023-10-15,2023-10-21,42,2024-10-14,2024-10-20,2023-10-16,2023-10-22,42,42,42,10,October,Oct,2024-10-01,2024-10-31,2023-10-01,2023-10-31,4,2024-10-01,2024-12-31,2024,2024-01-01,2024-12-31
2024-10-16,2024-10-15,2024-10-17,2023-10-16,2023-10-18,4,3,Wednesday,Wed,16,290,2024-10-13,2024-10-19,2023-10-15,2023-10-21,42,2024-10-14,2024-10-20,2023-10-16,2023-10-22,42,42,42,10,October,Oct,2024-10-01,2024-10-31,2023-10-01,2023-10-31,4,2024-10-01,2024-12-31,2024,2024-01-01,2024-12-31
2024-10-17,2024-10-16,2024-10-18,2023-10-17,2023-10-19,5,4,Thursday,Thu,17,291,2024-10-13,2024-10-19,2023-10-15,2023-10-21,42,2024-10-14,2024-10-20,2023-10-16,2023-10-22,42,42,42,10,October,Oct,2024-10-01,2024-10-31,2023-10-01,2023-10-31,4,2024-10-01,2024-12-31,2024,2024-01-01,2024-12-31
2024-10-18,2024-10-17,2024-10-19,2023-10-18,2023-10-20,6,5,Friday,Fri,18,292,2024-10-13,2024-10-19,2023-10-15,2023-10-21,42,2024-10-14,2024-10-20,2023-10-16,2023-10-22,42,42,42,10,October,Oct,2024-10-01,2024-10-31,2023-10-01,2023-10-31,4,2024-10-01,2024-12-31,2024,2024-01-01,2024-12-31
2024-10-19,2024-10-18,2024-10-20,2023-10-19,2023-10-21,7,6,Saturday,Sat,19,293,2024-10-13,2024-10-19,2023-10-15,2023-10-21,42,2024-10-14,2024-10-20,2023-10-16,2023-10-22,42,42,42,10,October,Oct,2024-10-01,2024-10-31,2023-10-01,2023-10-31,4,2024-10-01,2024-12-31,2024,2024-01-01,2024-12-31
2024-10-20,2024-10-19,2024-10-21,2023-10-20,2023-10-22,1,7,Sunday,Sun,20,294,2024-10-20,2024-10-26,2023-10-22,2023-10-28,42,2024-10-14,2024-10-20,2023-10-16,2023-10-22,42,43,42,10,October,Oct,2024-10-01,2024-10-31,2023-10-01,2023-10-31,4,2024-10-01,2024-12-31,2024,2024-01-01,2024-12-31
2024-10-21,2024-10-20,2024-10-22,2023-10-21,2023-10-23,2,1,Monday,Mon,21,295,2024-10-20,2024-10-26,2023-10-22,2023-10-28,43,2024-10-21,2024-10-27,2023-10-23,2023-10-29,43,43,43,10,October,Oct,2024-10-01,2024-10-31,2023-10-01,2023-10-31,4,2024-10-01,2024-12-31,2024,2024-01-01,2024-12-31
2024-10-22,2024-10-21,2024-10-23,2023-10-22,2023-10-24,3,2,Tuesday,Tue,22,296,2024-10-20,2024-10-26,2023-10-22,2023-10-28,43,2024-10-21,2024-10-27,2023-10-23,2023-10-29,43,43,43,10,October,Oct,2024-10-01,2024-10-31,2023-10-01,2023-10-31,4,2024-10-01,2024-12-31,2024,2024-01-01,2024-12-31
2024-10-23,2024-10-22,2024-10-24,2023-10-23,2023-10-25,4,3,Wednesday,Wed,23,297,2024-10-20,2024-10-26,2023-10-22,2023-10-28,43,2024-10-21,2024-10-27,2023-10-23,2023-10-29,43,43,43,10,October,Oct,2024-10-01,2024-10-31,2023-10-01,2023-10-31,4,2024-10-01,2024-12-31,2024,2024-01-01,2024-12-31
2024-10-24,2024-10-23,2024-10-25,2023-10-24,2023-10-26,5,4,Thursday,Thu,24,298,2024-10-20,2024-10-26,2023-10-22,2023-10-28,43,2024-10-21,2024-10-27,2023-10-23,2023-10-29,43,43,43,10,October,Oct,2024-10-01,2024-10-31,2023-10-01,2023-10-31,4,2024-10-01,2024-12-31,2024,2024-01-01,2024-12-31
2024-10-25,2024-10-24,2024-10-26,2023-10-25,2023-10-27,6,5,Friday,Fri,25,299,2024-10-20,2024-10-26,2023-10-22,2023-10-28,43,2024-10-21,2024-10-27,2023-10-23,2023-10-29,43,43,43,10,October,Oct,2024-10-01,2024-10-31,2023-10-01,2023-10-31,4,2024-10-01,2024-12-31,2024,2024-01-01,2024-12-31
2024-10-26,2024-10-25,2024-10-27,2023-10-26,2023-10-28,7,6,Saturday,Sat,26,300,2024-10-20,2024-10-26,2023-10-22,2023-10-28,43,2024-10-21,2024-10-27,2023-10-23,2023-10-29,43,43,43,10,October,Oct,2024-10-01,2024-10-31,2023-10-01,2023-10-31,4,2024-10-01,2024-12-31,2024,2024-01-01,2024-12-31
2024-10-27,2024-10-26,2024-10-28,2023-10-27,2023-10-29,1,7,Sunday,Sun,27,301,2024-10-27,2024-11-02,2023-10-29,2023-11-04,43,2024-10-21,2024-10-27,2023-10-23,2023-10-29,43,44,43,10,October,Oct,2024-10-01,2024-10-31,2023-10-01,2023-10-31,4,2024-10-01,2024-12-31,2024,2024-01-01,2024-12-31
2024-10-28,2024-10-27,2024-10-29,2023-10-28,2023-10-30,2,1,Monday,Mon,28,302,2024-10-27,2024-11-02,2023-10-29,2023-11-04,44,2024-10-28,2024-11-03,2023-10-30,2023-11-05,44,44,44,10,October,Oct,2024-10-01,2024-10-31,2023-10-01,2023-10-31,4,2024-10-01,2024-12-31,2024,2024-01-01,2024-12-31
2024-10-29,2024-10-28,2024-10-30,2023-10-29,2023-10-31,3,2,Tuesday,Tue,29,303,2024-10-27,2024-11-02,2023-10-29,2023-11-04,44,2024-10-28,2024-11-03,2023-10-30,2023-11-05,44,44,44,10,October,Oct,2024-10-01,2024-10-31,2023-10-01,2023-10-31,4,2024-10-01,2024-12-31,2024,2024-01-01,2024-12-31
2024-10-30,2024-10-29,2024-10-31,2023-10-30,2023-11-01,4,3,Wednesday,Wed,30,304,2024-10-27,2024-11-02,2023-10-29,2023-11-04,44,2024-10-28,2024-11-03,2023-10-30,2023-11-05,44,44,44,10,October,Oct,2024-10-01,2024-10-31,2023-10-01,2023-10-31,4,2024-10-01,2024-12-31,2024,2024-01-01,2024-12-31
2024-10-31,2024-10-30,2024-11-01,2023-10-31,2023-11-02,5,4,Thursday,Thu,31,305,2024-10-27,2024-11-02,2023-10-29,2023-11-04,44,2024-10-28,2024-11-03,2023-10-30,2023-11-05,44,44,44,10,October,Oct,2024-10-01,2024-10-31,2023-10-01,2023-10-31,4,2024-10-01,2024-12-31,2024,2024-01-01,2024-12-31
2024-11-01,2024-10-31,2024-11-02,2023-11-01,2023-11-03,6,5,Friday,Fri,1,306,2024-10-27,2024-11-02,2023-10-29,2023-11-04,44,2024-10-28,2024-11-03,2023-10-30,2023-11-05,44,44,44,11,November,Nov,2024-11-01,2024-11-30,2023-11-01,2023-11-30,4,2024-10-01,2024-12-31,2024,2024-01-01,2024-12-31
2024-11-02,2024-11-01,2024-11-03,2023-11-02,2023-11-04,7,6,Saturday,Sat,2,307,2024-10-27,2024-11-02,2023-10-29,2023-11-04,44,2024-10-28,2024-11-03,2023-10-30,2023-11-05,44,44,44,11,November,Nov,2024-11-01,2024-11-30,2023-11-01,2023-11-30,4,2024-10-01,2024-12-31,2024,2024-01-01,2024-12-31
2024-11-03,2024-11-02,2024-11-04,2023-11-03,2023-11-05,1,7,Sunday,Sun,3,308,2024-11-03,2024-11-09,2023-11-05,2023-11-11,44,2024-10-28,2024-11-03,2023-10-30,2023-11-05,44,45,44,11,November,Nov,2024-11-01,2024-11-30,2023-11-01,2023-11-30,4,2024-10-01,2024-12-31,2024,2024-01-01,2024-12-31
2024-11-04,2024-11-03,2024-11-05,2023-11-04,2023-11-06,2,1,Monday,Mon,4,309,2024-11-03,2024-11-09,2023-11-05,2023-11-11,45,2024-11-04,2024-11-10,2023-11-06,2023-11-12,45,45,45,11,November,Nov,2024-11-01,2024-11-30,2023-11-01,2023-11-30,4,2024-10-01,2024-12-31,2024,2024-01-01,2024-12-31
2024-11-05,2024-11-04,2024-11-06,2023-11-05,2023-11-07,3,2,Tuesday,Tue,5,310,2024-11-03,2024-11-09,2023-11-05,2023-11-11,45,2024-11-04,2024-11-10,2023-11-06,2023-11-12,45,45,45,11,November,Nov,2024-11-01,2024-11-30,2023-11-01,2023-11-30,4,2024-10-01,2024-12-31,2024,2024-01-01,2024-12-31
2024-11-06,2024-11-05,2024-11-07,2023-11-06,2023-11-08,4,3,Wednesday,Wed,6,311,2024-11-03,2024-11-09,2023-11-05,2023-11-11,45,2024-11-04,2024-11-10,2023-11-06,2023-11-12,45,45,45,11,November,Nov,2024-11-01,2024-11-30,2023-11-01,2023-11-30,4,2024-10-01,2024-12-31,2024,2024-01-01,2024-12-31
2024-11-07,2024-11-06,2024-11-08,2023-11-07,2023-11-09,5,4,Thursday,Thu,7,312,2024-11-03,2024-11-09,2023-11-05,2023-11-11,45,2024-11-04,2024-11-10,2023-11-06,2023-11-12,45,45,45,11,November,Nov,2024-11-01,2024-11-30,2023-11-01,2023-11-30,4,2024-10-01,2024-12-31,2024,2024-01-01,2024-12-31
2024-11-08,2024-11-07,2024-11-09,2023-11-08,2023-11-10,6,5,Friday,Fri,8,313,2024-11-03,2024-11-09,2023-11-05,2023-11-11,45,2024-11-04,2024-11-10,2023-11-06,2023-11-12,45,45,45,11,November,Nov,2024-11-01,2024-11-30,2023-11-01,2023-11-30,4,2024-10-01,2024-12-31,2024,2024-01-01,2024-12-31
2024-11-09,2024-11-08,2024-11-10,2023-11-09,2023-11-11,7,6,Saturday,Sat,9,314,2024-11-03,2024-11-09,2023-11-05,2023-11-11,45,2024-11-04,2024-11-10,2023-11-06,2023-11-12,45,45,45,11,November,Nov,2024-11-01,2024-11-30,2023-11-01,2023-11-30,4,2024-10-01,2024-12-31,2024,2024-01-01,2024-12-31
2024-11-10,2024-11-09,2024-11-11,2023-11-10,2023-11-12,1,7,Sunday,Sun,10,315,2024-11-10,2024-11-16,2023-11-12,2023-11-18,45,2024-11-04,2024-11-10,2023-11-06,2023-11-12,45,46,45,11,November,Nov,2024-11-01,2024-11-30,2023-11-01,2023-11-30,4,2024-10-01,2024-12-31,2024,2024-01-01,2024-12-31
2024-11-11,2024-11-10,2024-11-12,2023-11-11,2023-11-13,2,1,Monday,Mon,11,316,2024-11-10,2024-11-16,2023-11-12,2023-11-18,46,2024-11-11,2024-11-17,2023-11-13,2023-11-19,46,46,46,11,November,Nov,2024-11-01,2024-11-30,2023-11-01,2023-11-30,4,2024-10-01,2024-12-31,2024,2024-01-01,2024-12-31
2024-11-12,2024-11-11,2024-11-13,2023-11-12,2023-11-14,3,2,Tuesday,Tue,12,317,2024-11-10,2024-11-16,2023-11-12,2023-11-18,46,2024-11-11,2024-11-17,2023-11-13,2023-11-19,46,46,46,11,November,Nov,2024-11-01,2024-11-30,2023-11-01,2023-11-30,4,2024-10-01,2024-12-31,2024,2024-01-01,2024-12-31
2024-11-13,2024-11-12,2024-11-14,2023-11-13,2023-11-15,4,3,Wednesday,Wed,13,318,2024-11-10,2024-11-16,2023-11-12,2023-11-18,46,2024-11-11,2024-11-17,2023-11-13,2023-11-19,46,46,46,11,November,Nov,2024-11-01,2024-11-30,2023-11-01,2023-11-30,4,2024-10-01,2024-12-31,2024,2024-01-01,2024-12-31
2024-11-14,2024-11-13,2024-11-15,2023-11-14,2023-11-16,5,4,Thursday,Thu,14,319,2024-11-10,2024-11-16,2023-11-12,2023-11-18,46,2024-11-11,2024-11-17,2023-11-13,2023-11-19,46,46,46,11,November,Nov,2024-11-01,2024-11-30,2023-11-01,2023-11-30,4,2024-10-01,2024-12-31,2024,2024-01-01,2024-12-31
2024-11-15,2024-11-14,2024-11-16,2023-11-15,2023-11-17,6,5,Friday,Fri,15,320,2024-11-10,2024-11-16,2023-11-12,2023-11-18,46,2024-11-11,2024-11-17,2023-11-13,2023-11-19,46,46,46,11,November,Nov,2024-11-01,2024-11-30,2023-11-01,2023-11-30,4,2024-10-01,2024-12-31,2024,2024-01-01,2024-12-31
2024-11-16,2024-11-15,2024-11-17,2023-11-16,2023-11-18,7,6,Saturday,Sat,16,321,2024-11-10,2024-11-16,2023-11-12,2023-11-18,46,2024-11-11,2024-11-17,2023-11-13,2023-11-19,46,46,46,11,November,Nov,2024-11-01,2024-11-30,2023-11-01,2023-11-30,4,2024-10-01,2024-12-31,2024,2024-01-01,2024-12-31
2024-11-17,2024-11-16,2024-11-18,2023-11-17,2023-11-19,1,7,Sunday,Sun,17,322,2024-11-17,2024-11-23,2023-11-19,2023-11-25,46,2024-11-11,2024-11-17,2023-11-13,2023-11-19,46,47,46,11,November,Nov,2024-11-01,2024-11-30,2023-11-01,2023-11-30,4,2024-10-01,2024-12-31,2024,2024-01-01,2024-12-31
2024-11-18,2024-11-17,2024-11-19,2023-11-18,2023-11-20,2,1,Monday,Mon,18,323,2024-11-17,2024-11-23,2023-11-19,2023-11-25,47,2024-11-18,2024-11-24,2023-11-20,2023-11-26,47,47,47,11,November,Nov,2024-11-01,2024-11-30,2023-11-01,2023-11-30,4,2024-10-01,2024-12-31,2024,2024-01-01,2024-12-31
2024-11-19,2024-11-18,2024-11-20,2023-11-19,2023-11-21,3,2,Tuesday,Tue,19,324,2024-11-17,2024-11-23,2023-11-19,2023-11-25,47,2024-11-18,2024-11-24,2023-11-20,2023-11-26,47,47,47,11,November,Nov,2024-11-01,2024-11-30,2023-11-01,2023-11-30,4,2024-10-01,2024-12-31,2024,2024-01-01,2024-12-31
2024-11-20,2024-11-19,2024-11-21,2023-11-20,2023-11-22,4,3,Wednesday,Wed,20,325,2024-11-17,2024-11-23,2023-11-19,2023-11-25,47,2024-11-18,2024-11-24,2023-11-20,2023-11-26,47,47,47,11,November,Nov,2024-11-01,2024-11-30,2023-11-01,2023-11-30,4,2024-10-01,2024-12-31,2024,2024-01-01,2024-12-31
2024-11-21,2024-11-20,2024-11-22,2023-11-21,2023-11-23,5,4,Thursday,Thu,21,326,2024-11-17,2024-11-23,2023-11-19,2023-11-25,47,2024-11-18,2024-11-24,2023-11-20,2023-11-26,47,47,47,11,November,Nov,2024-11-01,2024-11-30,2023-11-01,2023-11-30,4,2024-10-01,2024-12-31,2024,2024-01-01,2024-12-31
2024-11-22,2024-11-21,2024-11-23,2023-11-22,2023-11-24,6,5,Friday,Fri,22,327,2024-11-17,2024-11-23,2023-11-19,2023-11-25,47,2024-11-18,2024-11-24,2023-11-20,2023-11-26,47,47,47,11,November,Nov,2024-11-01,2024-11-30,2023-11-01,2023-11-30,4,2024-10-01,2024-12-31,2024,2024-01-01,2024-12-31
2024-11-23,2024-11-22,2024-11-24,2023-11-23,2023-11-25,7,6,Saturday,Sat,23,328,2024-11-17,2024-11-23,2023-11-19,2023-11-25,47,2024-11-18,2024-11-24,2023-11-20,2023-11-26,47,47,47,11,November,Nov,2024-11-01,2024-11-30,2023-11-01,2023-11-30,4,2024-10-01,2024-12-31,2024,2024-01-01,2024-12-31
2024-11-24,2024-11-23,2024-11-25,2023-11-24,2023-11-26,1,7,Sunday,Sun,24,329,2024-11-24,2024-11-30,2023-11-26,2023-12-02,47,2024-11-18,2024-11-24,2023-11-20,2023-11-26,47,48,47,11,November,Nov,2024-11-01,2024-11-30,2023-11-01,2023-11-30,4,2024-10-01,2024-12-31,2024,2024-01-01,2024-12-31
2024-11-25,2024-11-24,2024-11-26,2023-11-25,2023-11-27,2,1,Monday,Mon,25,330,2024-11-24,2024-11-30,2023-11-26,2023-12-02,48,2024-11-25,2024-12-01,2023-11-27,2023-12-03,48,48,48,11,November,Nov,2024-11-01,2024-11-30,2023-11-01,2023-11-30,4,2024-10-01,2024-12-31,2024,2024-01-01,2024-12-31
2024-11-26,2024-11-25,2024-11-27,2023-11-26,2023-11-28,3,2,Tuesday,Tue,26,331,2024-11-24,2024-11-30,2023-11-26,2023-12-02,48,2024-11-25,2024-12-01,2023-11-27,2023-12-03,48,48,48,11,November,Nov,2024-11-01,2024-11-30,2023-11-01,2023-11-30,4,2024-10-01,2024-12-31,2024,2024-01-01,2024-12-31
2024-11-27,2024-11-26,2024-11-28,2023-11-27,2023-11-29,4,3,Wednesday,Wed,27,332,2024-11-24,2024-11-30,2023-11-26,2023-12-02,48,2024-11-25,2024-12-01,2023-11-27,2023-12-03,48,48,48,11,November,Nov,2024-11-01,2024-11-30,2023-11-01,2023-11-30,4,2024-10-01,2024-12-31,2024,2024-01-01,2024-12-31
2024-11-28,2024-11-27,2024-11-29,2023-11-28,2023-11-30,5,4,Thursday,Thu,28,333,2024-11-24,2024-11-30,2023-11-26,2023-12-02,48,2024-11-25,2024-12-01,2023-11-27,2023-12-03,48,48,48,11,November,Nov,2024-11-01,2024-11-30,2023-11-01,2023-11-30,4,2024-10-01,2024-12-31,2024,2024-01-01,2024-12-31
2024-11-29,2024-11-28,2024-11-30,2023-11-29,2023-12-01,6,5,Friday,Fri,29,334,2024-11-24,2024-11-30,2023-11-26,2023-12-02,48,2024-11-25,2024-12-01,2023-11-27,2023-12-03,48,48,48,11,November,Nov,2024-11-01,2024-11-30,2023-11-01,2023-11-30,4,2024-10-01,2024-12-31,2024,2024-01-01,2024-12-31
2024-11-30,2024-11-29,2024-12-01,2023-11-30,2023-12-02,7,6,Saturday,Sat,30,335,2024-11-24,2024-11-30,2023-11-26,2023-12-02,48,2024-11-25,2024-12-01,2023-11-27,2023-12-03,48,48,48,11,November,Nov,2024-11-01,2024-11-30,2023-11-01,2023-11-30,4,2024-10-01,2024-12-31,2024,2024-01-01,2024-12-31
2024-12-01,2024-11-30,2024-12-02,2023-12-01,2023-12-03,1,7,Sunday,Sun,1,336,2024-12-01,2024-12-07,2023-12-03,2023-12-09,48,2024-11-25,2024-12-01,2023-11-27,2023-12-03,48,49,48,12,December,Dec,2024-12-01,2024-12-31,2023-12-01,2023-12-31,4,2024-10-01,2024-12-31,2024,2024-01-01,2024-12-31
2024-12-02,2024-12-01,2024-12-03,2023-12-02,2023-12-04,2,1,Monday,Mon,2,337,2024-12-01,2024-12-07,2023-12-03,2023-12-09,49,2024-12-02,2024-12-08,2023-12-04,2023-12-10,49,49,49,12,December,Dec,2024-12-01,2024-12-31,2023-12-01,2023-12-31,4,2024-10-01,2024-12-31,2024,2024-01-01,2024-12-31
2024-12-03,2024-12-02,2024-12-04,2023-12-03,2023-12-05,3,2,Tuesday,Tue,3,338,2024-12-01,2024-12-07,2023-12-03,2023-12-09,49,2024-12-02,2024-12-08,2023-12-04,2023-12-10,49,49,49,12,December,Dec,2024-12-01,2024-12-31,2023-12-01,2023-12-31,4,2024-10-01,2024-12-31,2024,2024-01-01,2024-12-31
2024-12-04,2024-12-03,2024-12-05,2023-12-04,2023-12-06,4,3,Wednesday,Wed,4,339,2024-12-01,2024-12-07,2023-12-03,2023-12-09,49,2024-12-02,2024-12-08,2023-12-04,2023-12-10,49,49,49,12,December,Dec,2024-12-01,2024-12-31,2023-12-01,2023-12-31,4,2024-10-01,2024-12-31,2024,2024-01-01,2024-12-31
2024-12-05,2024-12-04,2024-12-06,2023-12-05,2023-12-07,5,4,Thursday,Thu,5,340,2024-12-01,2024-12-07,2023-12-03,2023-12-09,49,2024-12-02,2024-12-08,2023-12-04,2023-12-10,49,49,49,12,December,Dec,2024-12-01,2024-12-31,2023-12-01,2023-12-31,4,2024-10-01,2024-12-31,2024,2024-01-01,2024-12-31
2024-12-06,2024-12-05,2024-12-07,2023-12-06,2023-12-08,6,5,Friday,Fri,6,341,2024-12-01,2024-12-07,2023-12-03,2023-12-09,49,2024-12-02,2024-12-08,2023-12-04,2023-12-10,49,49,49,12,December,Dec,2024-12-01,2024-12-31,2023-12-01,2023-12-31,4,2024-10-01,2024-12-31,2024,2024-01-01,2024-12-31
2024-12-07,2024-12-06,2024-12-08,2023-12-07,2023-12-09,7,6,Saturday,Sat,7,342,2024-12-01,2024-12-07,2023-12-03,2023-12-09,49,2024-12-02,2024-12-08,2023-12-04,2023-12-10,49,49,49,12,December,Dec,2024-12-01,2024-12-31,2023-12-01,2023-12-31,4,2024-10-01,2024-12-31,2024,2024-01-01,2024-12-31
2024-12-08,2024-12-07,2024-12-09,2023-12-08,2023-12-10,1,7,Sunday,Sun,8,343,2024-12-08,2024-12-14,2023-12-10,2023-12-16,49,2024-12-02,2024-12-08,2023-12-04,2023-12-10,49,50,49,12,December,Dec,2024-12-01,2024-12-31,2023-12-01,2023-12-31,4,2024-10-01,2024-12-31,2024,2024-01-01,2024-12-31
2024-12-09,2024-12-08,2024-12-10,2023-12-09,2023-12-11,2,1,Monday,Mon,9,344,2024-12-08,2024-12-14,2023-12-10,2023-12-16,50,2024-12-09,2024-12-15,2023-12-11,2023-12-17,50,50,50,12,December,Dec,2024-12-01,2024-12-31,2023-12-01,2023-12-31,4,2024-10-01,2024-12-31,2024,2024-01-01,2024-12-31
2024-12-10,2024-12-09,2024-12-11,2023-12-10,2023-12-12,3,2,Tuesday,Tue,10,345,2024-12-08,2024-12-14,2023-12-10,2023-12-16,50,2024-12-09,2024-12-15,2023-12-11,2023-12-17,50,50,50,12,December,Dec,2024-12-01,2024-12-31,2023-12-01,2023-12-31,4,2024-10-01,2024-12-31,2024,2024-01-01,2024-12-31
2024-12-11,2024-12-10,2024-12-12,2023-12-11,2023-12-13,4,3,Wednesday,Wed,11,346,2024-12-08,2024-12-14,2023-12-10,2023-12-16,50,2024-12-09,2024-12-15,2023-12-11,2023-12-17,50,50,50,12,December,Dec,2024-12-01,2024-12-31,2023-12-01,2023-12-31,4,2024-10-01,2024-12-31,2024,2024-01-01,2024-12-31
2024-12-12,2024-12-11,2024-12-13,2023-12-12,2023-12-14,5,4,Thursday,Thu,12,347,2024-12-08,2024-12-14,2023-12-10,2023-12-16,50,2024-12-09,2024-12-15,2023-12-11,2023-12-17,50,50,50,12,December,Dec,2024-12-01,2024-12-31,2023-12-01,2023-12-31,4,2024-10-01,2024-12-31,2024,2024-01-01,2024-12-31
2024-12-13,2024-12-12,2024-12-14,2023-12-13,2023-12-15,6,5,Friday,Fri,13,348,2024-12-08,2024-12-14,2023-12-10,2023-12-16,50,2024-12-09,2024-12-15,2023-12-11,2023-12-17,50,50,50,12,December,Dec,2024-12-01,2024-12-31,2023-12-01,2023-12-31,4,2024-10-01,2024-12-31,2024,2024-01-01,2024-12-31
2024-12-14,2024-12-13,2024-12-15,2023-12-14,2023-12-16,7,6,Saturday,Sat,14,349,2024-12-08,2024-12-14,2023-12-10,2023-12-16,50,2024-12-09,2024-12-15,2023-12-11,2023-12-17,50,50,50,12,December,Dec,2024-12-01,2024-12-31,2023-12-01,2023-12-31,4,2024-10-01,2024-12-31,2024,2024-01-01,2024-12-31
2024-12-15,2024-12-14,2024-12-16,2023-12-15,2023-12-17,1,7,Sunday,Sun,15,350,2024-12-15,2024-12-21,2023-12-17,2023-12-23,50,2024-12-09,2024-12-15,2023-12-11,2023-12-17,50,51,50,12,December,Dec,2024-12-01,2024-12-31,2023-12-01,2023-12-31,4,2024-10-01,2024-12-31,2024,2024-01-01,2024-12-31
2024-12-16,2024-12-15,2024-12-17,2023-12-16,2023-12-18,2,1,Monday,Mon,16,351,2024-12-15,2024-12-21,2023-12-17,2023-12-23,51,2024-12-16,2024-12-22,2023-12-18,2023-12-24,51,51,51,12,December,Dec,2024-12-01,2024-12-31,2023-12-01,2023-12-31,4,2024-10-01,2024-12-31,2024,2024-01-01,2024-12-31
2024-12-17,2024-12-16,2024-12-18,2023-12-17,2023-12-19,3,2,Tuesday,Tue,17,352,2024-12-15,2024-12-21,2023-12-17,2023-12-23,51,2024-12-16,2024-12-22,2023-12-18,2023-12-24,51,51,51,12,December,Dec,2024-12-01,2024-12-31,2023-12-01,2023-12-31,4,2024-10-01,2024-12-31,2024,2024-01-01,2024-12-31
2024-12-18,2024-12-17,2024-12-19,2023-12-18,2023-12-20,4,3,Wednesday,Wed,18,353,2024-12-15,2024-12-21,2023-12-17,2023-12-23,51,2024-12-16,2024-12-22,2023-12-18,2023-12-24,51,51,51,12,December,Dec,2024-12-01,2024-12-31,2023-12-01,2023-12-31,4,2024-10-01,2024-12-31,2024,2024-01-01,2024-12-31
2024-12-19,2024-12-18,2024-12-20,2023-12-19,2023-12-21,5,4,Thursday,Thu,19,354,2024-12-15,2024-12-21,2023-12-17,2023-12-23,51,2024-12-16,2024-12-22,2023-12-18,2023-12-24,51,51,51,12,December,Dec,2024-12-01,2024-12-31,2023-12-01,2023-12-31,4,2024-10-01,2024-12-31,2024,2024-01-01,2024-12-31
2024-12-20,2024-12-19,2024-12-21,2023-12-20,2023-12-22,6,5,Friday,Fri,20,355,2024-12-15,2024-12-21,2023-12-17,2023-12-23,51,2024-12-16,2024-12-22,2023-12-18,2023-12-24,51,51,51,12,December,Dec,2024-12-01,2024-12-31,2023-12-01,2023-12-31,4,2024-10-01,2024-12-31,2024,2024-01-01,2024-12-31
2024-12-21,2024-12-20,2024-12-22,2023-12-21,2023-12-23,7,6,Saturday,Sat,21,356,2024-12-15,2024-12-21,2023-12-17,2023-12-23,51,2024-12-16,2024-12-22,2023-12-18,2023-12-24,51,51,51,12,December,Dec,2024-12-01,2024-12-31,2023-12-01,2023-12-31,4,2024-10-01,2024-12-31,2024,2024-01-01,2024-12-31
2024-12-22,2024-12-21,2024-12-23,2023-12-22,2023-12-24,1,7,Sunday,Sun,22,357,2024-12-22,2024-12-28,2023-12-24,2023-12-30,51,2024-12-16,2024-12-22,2023-12-18,2023-12-24,51,52,51,12,December,Dec,2024-12-01,2024-12-31,2023-12-01,2023-12-31,4,2024-10-01,2024-12-31,2024,2024-01-01,2024-12-31
2024-12-23,2024-12-22,2024-12-24,2023-12-23,2023-12-25,2,1,Monday,Mon,23,358,2024-12-22,2024-12-28,2023-12-24,2023-12-30,52,2024-12-23,2024-12-29,2023-12-25,2023-12-31,52,52,52,12,December,Dec,2024-12-01,2024-12-31,2023-12-01,2023-12-31,4,2024-10-01,2024-12-31,2024,2024-01-01,2024-12-31
2024-12-24,2024-12-23,2024-12-25,2023-12-24,2023-12-26,3,2,Tuesday,Tue,24,359,2024-12-22,2024-12-28,2023-12-24,2023-12-30,52,2024-12-23,2024-12-29,2023-12-25,2023-12-31,52,52,52,12,December,Dec,2024-12-01,2024-12-31,2023-12-01,2023-12-31,4,2024-10-01,2024-12-31,2024,2024-01-01,2024-12-31
2024-12-25,2024-12-24,2024-12-26,2023-12-25,2023-12-27,4,3,Wednesday,Wed,25,360,2024-12-22,2024-12-28,2023-12-24,2023-12-30,52,2024-12-23,2024-12-29,2023-12-25,2023-12-31,52,52,52,12,December,Dec,2024-12-01,2024-12-31,2023-12-01,2023-12-31,4,2024-10-01,2024-12-31,2024,2024-01-01,2024-12-31
2024-12-26,2024-12-25,2024-12-27,2023-12-26,2023-12-28,5,4,Thursday,Thu,26,361,2024-12-22,2024-12-28,2023-12-24,2023-12-30,52,2024-12-23,2024-12-29,2023-12-25,2023-12-31,52,52,52,12,December,Dec,2024-12-01,2024-12-31,2023-12-01,2023-12-31,4,2024-10-01,2024-12-31,2024,2024-01-01,2024-12-31
2024-12-27,2024-12-26,2024-12-28,2023-12-27,2023-12-29,6,5,Friday,Fri,27,362,2024-12-22,2024-12-28,2023-12-24,2023-12-30,52,2024-12-23,2024-12-29,2023-12-25,2023-12-31,52,52,52,12,December,Dec,2024-12-01,2024-12-31,2023-12-01,2023-12-31,4,2024-10-01,2024-12-31,2024,2024-01-01,2024-12-31
2024-12-28,2024-12-27,2024-12-29,2023-12-28,2023-12-30,7,6,Saturday,Sat,28,363,2024-12-22,2024-12-28,2023-12-24,2023-12-30,52,2024-12-23,2024-12-29,2023-12-25,2023-12-31,52,52,52,12,December,Dec,2024-12-01,2024-12-31,2023-12-01,2023-12-31,4,2024-10-01,2024-12-31,2024,2024-01-01,2024-12-31
2024-12-29,2024-12-28,2024-12-30,2023-12-29,2023-12-31,1,7,Sunday,Sun,29,364,2024-12-29,2025-01-04,2023-12-31,2024-01-06,52,2024-12-23,2024-12-29,2023-12-25,2023-12-31,52,53,52,12,December,Dec,2024-12-01,2024-12-31,2023-12-01,2023-12-31,4,2024-10-01,2024-12-31,2024,2024-01-01,2024-12-31
2024-12-30,2024-12-29,2024-12-31,2023-12-30,2024-01-01,2,1,Monday,Mon,30,365,2024-12-29,2025-01-04,2023-12-31,2024-01-06,53,2024-12-30,2025-01-05,2024-01-01,2024-01-07,1,1,1,12,December,Dec,2024-12-01,2024-12-31,2023-12-01,2023-12-31,4,2024-10-01,2024-12-31,2024,2024-01-01,2024-12-31
2024-12-31,2024-12-30,2025-01-01,2023-12-31,2024-01-02,3,2,Tuesday,Tue,31,366,2024-12-29,2025-01-04,2023-12-31,2024-01-06,53,2024-12-30,2025-01-05,2024-01-01,2024-01-07,1,1,1,12,December,Dec,2024-12-01,2024-12-31,2023-12-01,2023-12-31,4,2024-10-01,2024-12-31,2024,2024-01-01,2024-12-31
2025-01-01,2024-12-31,2025-01-02,2024-01-01,2024-01-03,4,3,Wednesday,Wed,1,1,2024-12-29,2025-01-04,2023-12-31,2024-01-06,1,2024-12-30,2025-01-05,2024-01-01,2024-01-07,1,1,1,1,January,Jan,2025-01-01,2025-01-31,2024-01-01,2024-01-31,1,2025-01-01,2025-03-31,2025,2025-01-01,2025-12-31
2025-01-02,2025-01-01,2025-01-03,2024-01-02,2024-01-04,5,4,Thursday,Thu,2,2,2024-12-29,2025-01-04,2023-12-31,2024-01-06,1,2024-12-30,2025-01-05,2024-01-01,2024-01-07,1,1,1,1,January,Jan,2025-01-01,2025-01-31,2024-01-01,2024-01-31,1,2025-01-01,2025-03-31,2025,2025-01-01,2025-12-31
2025-01-03,2025-01-02,2025-01-04,2024-01-03,2024-01-05,6,5,Friday,Fri,3,3,2024-12-29,2025-01-04,2023-12-31,2024-01-06,1,2024-12-30,2025-01-05,2024-01-01,2024-01-07,1,1,1,1,January,Jan,2025-01-01,2025-01-31,2024-01-01,2024-01-31,1,2025-01-01,2025-03-31,2025,2025-01-01,2025-12-31
2025-01-04,2025-01-03,2025-01-05,2024-01-04,2024-01-06,7,6,Saturday,Sat,4,4,2024-12-29,2025-01-04,2023-12-31,2024-01-06,1,2024-12-30,2025-01-05,2024-01-01,2024-01-07,1,1,1,1,January,Jan,2025-01-01,2025-01-31,2024-01-01,2024-01-31,1,2025-01-01,2025-03-31,2025,2025-01-01,2025-12-31
2025-01-05,2025-01-04,2025-01-06,2024-01-05,2024-01-07,1,7,Sunday,Sun,5,5,2025-01-05,2025-01-11,2024-01-07,2024-01-13,1,2024-12-30,2025-01-05,2024-01-01,2024-01-07,1,1,1,1,January,Jan,2025-01-01,2025-01-31,2024-01-01,2024-01-31,1,2025-01-01,2025-03-31,2025,2025-01-01,2025-12-31
2025-01-06,2025-01-05,2025-01-07,2024-01-06,2024-01-08,2,1,Monday,Mon,6,6,2025-01-05,2025-01-11,2024-01-07,2024-01-13,1,2025-01-06,2025-01-12,2024-01-08,2024-01-14,2,2,2,1,January,Jan,2025-01-01,2025-01-31,2024-01-01,2024-01-31,1,2025-01-01,2025-03-31,2025,2025-01-01,2025-12-31
2025-01-07,2025-01-06,2025-01-08,2024-01-07,2024-01-09,3,2,Tuesday,Tue,7,7,2025-01-05,2025-01-11,2024-01-07,2024-01-13,1,2025-01-06,2025-01-12,2024-01-08,2024-01-14,2,2,2,1,January,Jan,2025-01-01,2025-01-31,2024-01-01,2024-01-31,1,2025-01-01,2025-03-31,2025,2025-01-01,2025-12-31
2025-01-08,2025-01-07,2025-01-09,2024-01-08,2024-01-10,4,3,Wednesday,Wed,8,8,2025-01-05,2025-01-11,2024-01-07,2024-01-13,2,2025-01-06,2025-01-12,2024-01-08,2024-01-14,2,2,2,1,January,Jan,2025-01-01,2025-01-31,2024-01-01,2024-01-31,1,2025-01-01,2025-03-31,2025,2025-01-01,2025-12-31
2025-01-09,2025-01-08,2025-01-10,2024-01-09,2024-01-11,5,4,Thursday,Thu,9,9,2025-01-05,2025-01-11,2024-01-07,2024-01-13,2,2025-01-06,2025-01-12,2024-01-08,2024-01-14,2,2,2,1,January,Jan,2025-01-01,2025-01-31,2024-01-01,2024-01-31,1,2025-01-01,2025-03-31,2025,2025-01-01,2025-12-31
2025-01-10,2025-01-09,2025-01-11,2024-01-10,2024-01-12,6,5,Friday,Fri,10,10,2025-01-05,2025-01-11,2024-01-07,2024-01-13,2,2025-01-06,2025-01-12,2024-01-08,2024-01-14,2,2,2,1,January,Jan,2025-01-01,2025-01-31,2024-01-01,2024-01-31,1,2025-01-01,2025-03-31,2025,2025-01-01,2025-12-31
2025-01-11,2025-01-10,2025-01-12,2024-01-11,2024-01-13,7,6,Saturday,Sat,11,11,2025-01-05,2025-01-11,2024-01-07,2024-01-13,2,2025-01-06,2025-01-12,2024-01-08,2024-01-14,2,2,2,1,January,Jan,2025-01-01,2025-01-31,2024-01-01,2024-01-31,1,2025-01-01,2025-03-31,2025,2025-01-01,2025-12-31
2025-01-12,2025-01-11,2025-01-13,2024-01-12,2024-01-14,1,7,Sunday,Sun,12,12,2025-01-12,2025-01-18,2024-01-14,2024-01-20,2,2025-01-06,2025-01-12,2024-01-08,2024-01-14,2,2,2,1,January,Jan,2025-01-01,2025-01-31,2024-01-01,2024-01-31,1,2025-01-01,2025-03-31,2025,2025-01-01,2025-12-31
2025-01-13,2025-01-12,2025-01-14,2024-01-13,2024-01-15,2,1,Monday,Mon,13,13,2025-01-12,2025-01-18,2024-01-14,2024-01-20,2,2025-01-13,2025-01-19,2024-01-15,2024-01-21,3,3,3,1,January,Jan,2025-01-01,2025-01-31,2024-01-01,2024-01-31,1,2025-01-01,2025-03-31,2025,2025-01-01,2025-12-31
2025-01-14,2025-01-13,2025-01-15,2024-01-14,2024-01-16,3,2,Tuesday,Tue,14,14,2025-01-12,2025-01-18,2024-01-14,2024-01-20,2,2025-01-13,2025-01-19,2024-01-15,2024-01-21,3,3,3,1,January,Jan,2025-01-01,2025-01-31,2024-01-01,2024-01-31,1,2025-01-01,2025-03-31,2025,2025-01-01,2025-12-31
2025-01-15,2025-01-14,2025-01-16,2024-01-15,2024-01-17,4,3,Wednesday,Wed,15,15,2025-01-12,2025-01-18,2024-01-14,2024-01-20,3,2025-01-13,2025-01-19,2024-01-15,2024-01-21,3,3,3,1,January,Jan,2025-01-01,2025-01-31,2024-01-01,2024-01-31,1,2025-01-01,2025-03-31,2025,2025-01-01,2025-12-31
2025-01-16,2025-01-15,2025-01-17,2024-01-16,2024-01-18,5,4,Thursday,Thu,16,16,2025-01-12,2025-01-18,2024-01-14,2024-01-20,3,2025-01-13,2025-01-19,2024-01-15,2024-01-21,3,3,3,1,January,Jan,2025-01-01,2025-01-31,2024-01-01,2024-01-31,1,2025-01-01,2025-03-31,2025,2025-01-01,2025-12-31
2025-01-17,2025-01-16,2025-01-18,2024-01-17,2024-01-19,6,5,Friday,Fri,17,17,2025-01-12,2025-01-18,2024-01-14,2024-01-20,3,2025-01-13,2025-01-19,2024-01-15,2024-01-21,3,3,3,1,January,Jan,2025-01-01,2025-01-31,2024-01-01,2024-01-31,1,2025-01-01,2025-03-31,2025,2025-01-01,2025-12-31
2025-01-18,2025-01-17,2025-01-19,2024-01-18,2024-01-20,7,6,Saturday,Sat,18,18,2025-01-12,2025-01-18,2024-01-14,2024-01-20,3,2025-01-13,2025-01-19,2024-01-15,2024-01-21,3,3,3,1,January,Jan,2025-01-01,2025-01-31,2024-01-01,2024-01-31,1,2025-01-01,2025-03-31,2025,2025-01-01,2025-12-31
2025-01-19,2025-01-18,2025-01-20,2024-01-19,2024-01-21,1,7,Sunday,Sun,19,19,2025-01-19,2025-01-25,2024-01-21,2024-01-27,3,2025-01-13,2025-01-19,2024-01-15,2024-01-21,3,3,3,1,January,Jan,2025-01-01,2025-01-31,2024-01-01,2024-01-31,1,2025-01-01,2025-03-31,2025,2025-01-01,2025-12-31
2025-01-20,2025-01-19,2025-01-21,2024-01-20,2024-01-22,2,1,Monday,Mon,20,20,2025-01-19,2025-01-25,2024-01-21,2024-01-27,3,2025-01-20,2025-01-26,2024-01-22,2024-01-28,4,4,4,1,January,Jan,2025-01-01,2025-01-31,2024-01-01,2024-01-31,1,2025-01-01,2025-03-31,2025,2025-01-01,2025-12-31
2025-01-21,2025-01-20,2025-01-22,2024-01-21,2024-01-23,3,2,Tuesday,Tue,21,21,2025-01-19,2025-01-25,2024-01-21,2024-01-27,3,2025-01-20,2025-01-26,2024-01-22,2024-01-28,4,4,4,1,January,Jan,2025-01-01,2025-01-31,2024-01-01,2024-01-31,1,2025-01-01,2025-03-31,2025,2025-01-01,2025-12-31
2025-01-22,2025-01-21,2025-01-23,2024-01-22,2024-01-24,4,3,Wednesday,Wed,22,22,2025-01-19,2025-01-25,2024-01-21,2024-01-27,4,2025-01-20,2025-01-26,2024-01-22,2024-01-28,4,4,4,1,January,Jan,2025-01-01,2025-01-31,2024-01-01,2024-01-31,1,2025-01-01,2025-03-31,2025,2025-01-01,2025-12-31
2025-01-23,2025-01-22,2025-01-24,2024-01-23,2024-01-25,5,4,Thursday,Thu,23,23,2025-01-19,2025-01-25,2024-01-21,2024-01-27,4,2025-01-20,2025-01-26,2024-01-22,2024-01-28,4,4,4,1,January,Jan,2025-01-01,2025-01-31,2024-01-01,2024-01-31,1,2025-01-01,2025-03-31,2025,2025-01-01,2025-12-31
2025-01-24,2025-01-23,2025-01-25,2024-01-24,2024-01-26,6,5,Friday,Fri,24,24,2025-01-19,2025-01-25,2024-01-21,2024-01-27,4,2025-01-20,2025-01-26,2024-01-22,2024-01-28,4,4,4,1,January,Jan,2025-01-01,2025-01-31,2024-01-01,2024-01-31,1,2025-01-01,2025-03-31,2025,2025-01-01,2025-12-31
2025-01-25,2025-01-24,2025-01-26,2024-01-25,2024-01-27,7,6,Saturday,Sat,25,25,2025-01-19,2025-01-25,2024-01-21,2024-01-27,4,2025-01-20,2025-01-26,2024-01-22,2024-01-28,4,4,4,1,January,Jan,2025-01-01,2025-01-31,2024-01-01,2024-01-31,1,2025-01-01,2025-03-31,2025,2025-01-01,2025-12-31
2025-01-26,2025-01-25,2025-01-27,2024-01-26,2024-01-28,1,7,Sunday,Sun,26,26,2025-01-26,2025-02-01,2024-01-28,2024-02-03,4,2025-01-20,2025-01-26,2024-01-22,2024-01-28,4,4,4,1,January,Jan,2025-01-01,2025-01-31,2024-01-01,2024-01-31,1,2025-01-01,2025-03-31,2025,2025-01-01,2025-12-31
2025-01-27,2025-01-26,2025-01-28,2024-01-27,2024-01-29,2,1,Monday,Mon,27,27,2025-01-26,2025-02-01,2024-01-28,2024-02-03,4,2025-01-27,2025-02-02,2024-01-29,2024-02-04,5,5,5,1,January,Jan,2025-01-01,2025-01-31,2024-01-01,2024-01-31,1,2025-01-01,2025-03-31,2025,2025-01-01,2025-12-31
2025-01-28,2025-01-27,2025-01-29,2024-01-28,2024-01-30,3,2,Tuesday,Tue,28,28,2025-01-26,2025-02-01,2024-01-28,2024-02-03,4,2025-01-27,2025-02-02,2024-01-29,2024-02-04,5,5,5,1,January,Jan,2025-01-01,2025-01-31,2024-01-01,2024-01-31,1,2025-01-01,2025-03-31,2025,2025-01-01,2025-12-31
2025-01-29,2025-01-28,2025-01-30,2024-01-29,2024-01-31,4,3,Wednesday,Wed,29,29,2025-01-26,2025-02-01,2024-01-28,2024-02-03,5,2025-01-27,2025-02-02,2024-01-29,2024-02-04,5,5,5,1,January,Jan,2025-01-01,2025-01-31,2024-01-01,2024-01-31,1,2025-01-01,2025-03-31,2025,2025-01-01,2025-12-31
2025-01-30,2025-01-29,2025-01-31,2024-01-30,2024-02-01,5,4,Thursday,Thu,30,30,2025-01-26,2025-02-01,2024-01-28,2024-02-03,5,2025-01-27,2025-02-02,2024-01-29,2024-02-04,5,5,5,1,January,Jan,2025-01-01,2025-01-31,2024-01-01,2024-01-31,1,2025-01-01,2025-03-31,2025,2025-01-01,2025-12-31
2025-01-31,2025-01-30,2025-02-01,2024-01-31,2024-02-02,6,5,Friday,Fri,31,31,2025-01-26,2025-02-01,2024-01-28,2024-02-03,5,2025-01-27,2025-02-02,2024-01-29,2024-02-04,5,5,5,1,January,Jan,2025-01-01,2025-01-31,2024-01-01,2024-01-31,1,2025-01-01,2025-03-31,2025,2025-01-01,2025-12-31
2025-02-01,2025-01-31,2025-02-02,2024-02-01,2024-02-03,7,6,Saturday,Sat,1,32,2025-01-26,2025-02-01,2024-01-28,2024-02-03,5,2025-01-27,2025-02-02,2024-01-29,2024-02-04,5,5,5,2,February,Feb,2025-02-01,2025-02-28,2024-02-01,2024-02-29,1,2025-01-01,2025-03-31,2025,2025-01-01,2025-12-31
2025-02-02,2025-02-01,2025-02-03,2024-02-02,2024-02-04,1,7,Sunday,Sun,2,33,2025-02-02,2025-02-08,2024-02-04,2024-02-10,5,2025-01-27,2025-02-02,2024-01-29,2024-02-04,5,5,5,2,February,Feb,2025-02-01,2025-02-28,2024-02-01,2024-02-29,1,2025-01-01,2025-03-31,2025,2025-01-01,2025-12-31
2025-02-03,2025-02-02,2025-02-04,2024-02-03,2024-02-05,2,1,Monday,Mon,3,34,2025-02-02,2025-02-08,2024-02-04,2024-02-10,5,2025-02-03,2025-02-09,2024-02-05,2024-02-11,6,6,6,2,February,Feb,2025-02-01,2025-02-28,2024-02-01,2024-02-29,1,2025-01-01,2025-03-31,2025,2025-01-01,2025-12-31
2025-02-04,2025-02-03,2025-02-05,2024-02-04,2024-02-06,3,2,Tuesday,Tue,4,35,2025-02-02,2025-02-08,2024-02-04,2024-02-10,5,2025-02-03,2025-02-09,2024-02-05,2024-02-11,6,6,6,2,February,Feb,2025-02-01,2025-02-28,2024-02-01,2024-02-29,1,2025-01-01,2025-03-31,2025,2025-01-01,2025-12-31
2025-02-05,2025-02-04,2025-02-06,2024-02-05,2024-02-07,4,3,Wednesday,Wed,5,36,2025-02-02,2025-02-08,2024-02-04,2024-02-10,6,2025-02-03,2025-02-09,2024-02-05,2024-02-11,6,6,6,2,February,Feb,2025-02-01,2025-02-28,2024-02-01,2024-02-29,1,2025-01-01,2025-03-31,2025,2025-01-01,2025-12-31
2025-02-06,2025-02-05,2025-02-07,2024-02-06,2024-02-08,5,4,Thursday,Thu,6,37,2025-02-02,2025-02-08,2024-02-04,2024-02-10,6,2025-02-03,2025-02-09,2024-02-05,2024-02-11,6,6,6,2,February,Feb,2025-02-01,2025-02-28,2024-02-01,2024-02-29,1,2025-01-01,2025-03-31,2025,2025-01-01,2025-12-31
2025-02-07,2025-02-06,2025-02-08,2024-02-07,2024-02-09,6,5,Friday,Fri,7,38,2025-02-02,2025-02-08,2024-02-04,2024-02-10,6,2025-02-03,2025-02-09,2024-02-05,2024-02-11,6,6,6,2,February,Feb,2025-02-01,2025-02-28,2024-02-01,2024-02-29,1,2025-01-01,2025-03-31,2025,2025-01-01,2025-12-31
2025-02-08,2025-02-07,2025-02-09,2024-02-08,2024-02-10,7,6,Saturday,Sat,8,39,2025-02-02,2025-02-08,2024-02-04,2024-02-10,6,2025-02-03,2025-02-09,2024-02-05,2024-02-11,6,6,6,2,February,Feb,2025-02-01,2025-02-28,2024-02-01,2024-02-29,1,2025-01-01,2025-03-31,2025,2025-01-01,2025-12-31
2025-02-09,2025-02-08,2025-02-10,2024-02-09,2024-02-11,1,7,Sunday,Sun,9,40,2025-02-09,2025-02-15,2024-02-11,2024-02-17,6,2025-02-03,2025-02-09,2024-02-05,2024-02-11,6,6,6,2,February,Feb,2025-02-01,2025-02-28,2024-02-01,2024-02-29,1,2025-01-01,2025-03-31,2025,2025-01-01,2025-12-31
2025-02-10,2025-02-09,2025-02-11,2024-02-10,2024-02-12,2,1,Monday,Mon,10,41,2025-02-09,2025-02-15,2024-02-11,2024-02-17,6,2025-02-10,2025-02-16,2024-02-12,2024-02-18,7,7,7,2,February,Feb,2025-02-01,2025-02-28,2024-02-01,2024-02-29,1,2025-01-01,2025-03-31,2025,2025-01-01,2025-12-31
2025-02-11,2025-02-10,2025-02-12,2024-02-11,2024-02-13,3,2,Tuesday,Tue,11,42,2025-02-09,2025-02-15,2024-02-11,2024-02-17,6,2025-02-10,2025-02-16,2024-02-12,2024-02-18,7,7,7,2,February,Feb,2025-02-01,2025-02-28,2024-02-01,2024-02-29,1,2025-01-01,2025-03-31,2025,2025-01-01,2025-12-31
2025-02-12,2025-02-11,2025-02-13,2024-02-12,2024-02-14,4,3,Wednesday,Wed,12,43,2025-02-09,2025-02-15,2024-02-11,2024-02-17,7,2025-02-10,2025-02-16,2024-02-12,2024-02-18,7,7,7,2,February,Feb,2025-02-01,2025-02-28,2024-02-01,2024-02-29,1,2025-01-01,2025-03-31,2025,2025-01-01,2025-12-31
2025-02-13,2025-02-12,2025-02-14,2024-02-13,2024-02-15,5,4,Thursday,Thu,13,44,2025-02-09,2025-02-15,2024-02-11,2024-02-17,7,2025-02-10,2025-02-16,2024-02-12,2024-02-18,7,7,7,2,February,Feb,2025-02-01,2025-02-28,2024-02-01,2024-02-29,1,2025-01-01,2025-03-31,2025,2025-01-01,2025-12-31
2025-02-14,2025-02-13,2025-02-15,2024-02-14,2024-02-16,6,5,Friday,Fri,14,45,2025-02-09,2025-02-15,2024-02-11,2024-02-17,7,2025-02-10,2025-02-16,2024-02-12,2024-02-18,7,7,7,2,February,Feb,2025-02-01,2025-02-28,2024-02-01,2024-02-29,1,2025-01-01,2025-03-31,2025,2025-01-01,2025-12-31
2025-02-15,2025-02-14,2025-02-16,2024-02-15,2024-02-17,7,6,Saturday,Sat,15,46,2025-02-09,2025-02-15,2024-02-11,2024-02-17,7,2025-02-10,2025-02-16,2024-02-12,2024-02-18,7,7,7,2,February,Feb,2025-02-01,2025-02-28,2024-02-01,2024-02-29,1,2025-01-01,2025-03-31,2025,2025-01-01,2025-12-31
2025-02-16,2025-02-15,2025-02-17,2024-02-16,2024-02-18,1,7,Sunday,Sun,16,47,2025-02-16,2025-02-22,2024-02-18,2024-02-24,7,2025-02-10,2025-02-16,2024-02-12,2024-02-18,7,7,7,2,February,Feb,2025-02-01,2025-02-28,2024-02-01,2024-02-29,1,2025-01-01,2025-03-31,2025,2025-01-01,2025-12-31
2025-02-17,2025-02-16,2025-02-18,2024-02-17,2024-02-19,2,1,Monday,Mon,17,48,2025-02-16,2025-02-22,2024-02-18,2024-02-24,7,2025-02-17,2025-02-23,2024-02-19,2024-02-25,8,8,8,2,February,Feb,2025-02-01,2025-02-28,2024-02-01,2024-02-29,1,2025-01-01,2025-03-31,2025,2025-01-01,2025-12-31
2025-02-18,2025-02-17,2025-02-19,2024-02-18,2024-02-20,3,2,Tuesday,Tue,18,49,2025-02-16,2025-02-22,2024-02-18,2024-02-24,7,2025-02-17,2025-02-23,2024-02-19,2024-02-25,8,8,8,2,February,Feb,2025-02-01,2025-02-28,2024-02-01,2024-02-29,1,2025-01-01,2025-03-31,2025,2025-01-01,2025-12-31
2025-02-19,2025-02-18,2025-02-20,2024-02-19,2024-02-21,4,3,Wednesday,Wed,19,50,2025-02-16,2025-02-22,2024-02-18,2024-02-24,8,2025-02-17,2025-02-23,2024-02-19,2024-02-25,8,8,8,2,February,Feb,2025-02-01,2025-02-28,2024-02-01,2024-02-29,1,2025-01-01,2025-03-31,2025,2025-01-01,2025-12-31
2025-02-20,2025-02-19,2025-02-21,2024-02-20,2024-02-22,5,4,Thursday,Thu,20,51,2025-02-16,2025-02-22,2024-02-18,2024-02-24,8,2025-02-17,2025-02-23,2024-02-19,2024-02-25,8,8,8,2,February,Feb,2025-02-01,2025-02-28,2024-02-01,2024-02-29,1,2025-01-01,2025-03-31,2025,2025-01-01,2025-12-31
2025-02-21,2025-02-20,2025-02-22,2024-02-21,2024-02-23,6,5,Friday,Fri,21,52,2025-02-16,2025-02-22,2024-02-18,2024-02-24,8,2025-02-17,2025-02-23,2024-02-19,2024-02-25,8,8,8,2,February,Feb,2025-02-01,2025-02-28,2024-02-01,2024-02-29,1,2025-01-01,2025-03-31,2025,2025-01-01,2025-12-31
2025-02-22,2025-02-21,2025-02-23,2024-02-22,2024-02-24,7,6,Saturday,Sat,22,53,2025-02-16,2025-02-22,2024-02-18,2024-02-24,8,2025-02-17,2025-02-23,2024-02-19,2024-02-25,8,8,8,2,February,Feb,2025-02-01,2025-02-28,2024-02-01,2024-02-29,1,2025-01-01,2025-03-31,2025,2025-01-01,2025-12-31
2025-02-23,2025-02-22,2025-02-24,2024-02-23,2024-02-25,1,7,Sunday,Sun,23,54,2025-02-23,2025-03-01,2024-02-25,2024-03-02,8,2025-02-17,2025-02-23,2024-02-19,2024-02-25,8,8,8,2,February,Feb,2025-02-01,2025-02-28,2024-02-01,2024-02-29,1,2025-01-01,2025-03-31,2025,2025-01-01,2025-12-31
2025-02-24,2025-02-23,2025-02-25,2024-02-24,2024-02-26,2,1,Monday,Mon,24,55,2025-02-23,2025-03-01,2024-02-25,2024-03-02,8,2025-02-24,2025-03-02,2024-02-26,2024-03-03,9,9,9,2,February,Feb,2025-02-01,2025-02-28,2024-02-01,2024-02-29,1,2025-01-01,2025-03-31,2025,2025-01-01,2025-12-31
2025-02-25,2025-02-24,2025-02-26,2024-02-25,2024-02-27,3,2,Tuesday,Tue,25,56,2025-02-23,2025-03-01,2024-02-25,2024-03-02,8,2025-02-24,2025-03-02,2024-02-26,2024-03-03,9,9,9,2,February,Feb,2025-02-01,2025-02-28,2024-02-01,2024-02-29,1,2025-01-01,2025-03-31,2025,2025-01-01,2025-12-31
2025-02-26,2025-02-25,2025-02-27,2024-02-26,2024-02-28,4,3,Wednesday,Wed,26,57,2025-02-23,2025-03-01,2024-02-25,2024-03-02,9,2025-02-24,2025-03-02,2024-02-26,2024-03-03,9,9,9,2,February,Feb,2025-02-01,2025-02-28,2024-02-01,2024-02-29,1,2025-01-01,2025-03-31,2025,2025-01-01,2025-12-31
2025-02-27,2025-02-26,2025-02-28,2024-02-27,2024-02-29,5,4,Thursday,Thu,27,58,2025-02-23,2025-03-01,2024-02-25,2024-03-02,9,2025-02-24,2025-03-02,2024-02-26,2024-03-03,9,9,9,2,February,Feb,2025-02-01,2025-02-28,2024-02-01,2024-02-29,1,2025-01-01,2025-03-31,2025,2025-01-01,2025-12-31
2025-02-28,2025-02-27,2025-03-01,2024-02-28,2024-03-01,6,5,Friday,Fri,28,59,2025-02-23,2025-03-01,2024-02-25,2024-03-02,9,2025-02-24,2025-03-02,2024-02-26,2024-03-03,9,9,9,2,February,Feb,2025-02-01,2025-02-28,2024-02-01,2024-02-29,1,2025-01-01,2025-03-31,2025,2025-01-01,2025-12-31
2025-03-01,2025-02-28,2025-03-02,2024-03-01,2024-03-02,7,6,Saturday,Sat,1,60,2025-02-23,2025-03-01,2024-02-25,2024-03-02,9,2025-02-24,2025-03-02,2024-02-26,2024-03-03,9,9,9,3,March,Mar,2025-03-01,2025-03-31,2024-03-01,2024-03-31,1,2025-01-01,2025-03-31,2025,2025-01-01,2025-12-31
2025-03-02,2025-03-01,2025-03-03,2024-03-02,2024-03-03,1,7,Sunday,Sun,2,61,2025-03-02,2025-03-08,2024-03-03,2024-03-09,9,2025-02-24,2025-03-02,2024-02-26,2024-03-03,9,9,9,3,March,Mar,2025-03-01,2025-03-31,2024-03-01,2024-03-31,1,2025-01-01,2025-03-31,2025,2025-01-01,2025-12-31
2025-03-03,2025-03-02,2025-03-04,2024-03-03,2024-03-04,2,1,Monday,Mon,3,62,2025-03-02,2025-03-08,2024-03-03,2024-03-09,9,2025-03-03,2025-03-09,2024-03-04,2024-03-10,10,10,10,3,March,Mar,2025-03-01,2025-03-31,2024-03-01,2024-03-31,1,2025-01-01,2025-03-31,2025,2025-01-01,2025-12-31
2025-03-04,2025-03-03,2025-03-05,2024-03-04,2024-03-05,3,2,Tuesday,Tue,4,63,2025-03-02,2025-03-08,2024-03-03,2024-03-09,9,2025-03-03,2025-03-09,2024-03-04,2024-03-10,10,10,10,3,March,Mar,2025-03-01,2025-03-31,2024-03-01,2024-03-31,1,2025-01-01,2025-03-31,2025,2025-01-01,2025-12-31
2025-03-05,2025-03-04,2025-03-06,2024-03-05,2024-03-06,4,3,Wednesday,Wed,5,64,2025-03-02,2025-03-08,2024-03-03,2024-03-09,10,2025-03-03,2025-03-09,2024-03-04,2024-03-10,10,10,10,3,March,Mar,2025-03-01,2025-03-31,2024-03-01,2024-03-31,1,2025-01-01,2025-03-31,2025,2025-01-01,2025-12-31
2025-03-06,2025-03-05,2025-03-07,2024-03-06,2024-03-07,5,4,Thursday,Thu,6,65,2025-03-02,2025-03-08,2024-03-03,2024-03-09,10,2025-03-03,2025-03-09,2024-03-04,2024-03-10,10,10,10,3,March,Mar,2025-03-01,2025-03-31,2024-03-01,2024-03-31,1,2025-01-01,2025-03-31,2025,2025-01-01,2025-12-31
2025-03-07,2025-03-06,2025-03-08,2024-03-07,2024-03-08,6,5,Friday,Fri,7,66,2025-03-02,2025-03-08,2024-03-03,2024-03-09,10,2025-03-03,2025-03-09,2024-03-04,2024-03-10,10,10,10,3,March,Mar,2025-03-01,2025-03-31,2024-03-01,2024-03-31,1,2025-01-01,2025-03-31,2025,2025-01-01,2025-12-31
2025-03-08,2025-03-07,2025-03-09,2024-03-08,2024-03-09,7,6,Saturday,Sat,8,67,2025-03-02,2025-03-08,2024-03-03,2024-03-09,10,2025-03-03,2025-03-09,2024-03-04,2024-03-10,10,10,10,3,March,Mar,2025-03-01,2025-03-31,2024-03-01,2024-03-31,1,2025-01-01,2025-03-31,2025,2025-01-01,2025-12-31
2025-03-09,2025-03-08,2025-03-10,2024-03-09,2024-03-10,1,7,Sunday,Sun,9,68,2025-03-09,2025-03-15,2024-03-10,2024-03-16,10,2025-03-03,2025-03-09,2024-03-04,2024-03-10,10,10,10,3,March,Mar,2025-03-01,2025-03-31,2024-03-01,2024-03-31,1,2025-01-01,2025-03-31,2025,2025-01-01,2025-12-31
2025-03-10,2025-03-09,2025-03-11,2024-03-10,2024-03-11,2,1,Monday,Mon,10,69,2025-03-09,2025-03-15,2024-03-10,2024-03-16,10,2025-03-10,2025-03-16,2024-03-11,2024-03-17,11,11,11,3,March,Mar,2025-03-01,2025-03-31,2024-03-01,2024-03-31,1,2025-01-01,2025-03-31,2025,2025-01-01,2025-12-31
2025-03-11,2025-03-10,2025-03-12,2024-03-11,2024-03-12,3,2,Tuesday,Tue,11,70,2025-03-09,2025-03-15,2024-03-10,2024-03-16,10,2025-03-10,2025-03-16,2024-03-11,2024-03-17,11,11,11,3,March,Mar,2025-03-01,2025-03-31,2024-03-01,2024-03-31,1,2025-01-01,2025-03-31,2025,2025-01-01,2025-12-31
2025-03-12,2025-03-11,2025-03-13,2024-03-12,2024-03-13,4,3,Wednesday,Wed,12,71,2025-03-09,2025-03-15,2024-03-10,2024-03-16,11,2025-03-10,2025-03-16,2024-03-11,2024-03-17,11,11,11,3,March,Mar,2025-03-01,2025-03-31,2024-03-01,2024-03-31,1,2025-01-01,2025-03-31,2025,2025-01-01,2025-12-31
2025-03-13,2025-03-12,2025-03-14,2024-03-13,2024-03-14,5,4,Thursday,Thu,13,72,2025-03-09,2025-03-15,2024-03-10,2024-03-16,11,2025-03-10,2025-03-16,2024-03-11,2024-03-17,11,11,11,3,March,Mar,2025-03-01,2025-03-31,2024-03-01,2024-03-31,1,2025-01-01,2025-03-31,2025,2025-01-01,2025-12-31
2025-03-14,2025-03-13,2025-03-15,2024-03-14,2024-03-15,6,5,Friday,Fri,14,73,2025-03-09,2025-03-15,2024-03-10,2024-03-16,11,2025-03-10,2025-03-16,2024-03-11,2024-03-17,11,11,11,3,March,Mar,2025-03-01,2025-03-31,2024-03-01,2024-03-31,1,2025-01-01,2025-03-31,2025,2025-01-01,2025-12-31
2025-03-15,2025-03-14,2025-03-16,2024-03-15,2024-03-16,7,6,Saturday,Sat,15,74,2025-03-09,2025-03-15,2024-03-10,2024-03-16,11,2025-03-10,2025-03-16,2024-03-11,2024-03-17,11,11,11,3,March,Mar,2025-03-01,2025-03-31,2024-03-01,2024-03-31,1,2025-01-01,2025-03-31,2025,2025-01-01,2025-12-31
2025-03-16,2025-03-15,2025-03-17,2024-03-16,2024-03-17,1,7,Sunday,Sun,16,75,2025-03-16,2025-03-22,2024-03-17,2024-03-23,11,2025-03-10,2025-03-16,2024-03-11,2024-03-17,11,11,11,3,March,Mar,2025-03-01,2025-03-31,2024-03-01,2024-03-31,1,2025-01-01,2025-03-31,2025,2025-01-01,2025-12-31
2025-03-17,2025-03-16,2025-03-18,2024-03-17,2024-03-18,2,1,Monday,Mon,17,76,2025-03-16,2025-03-22,2024-03-17,2024-03-23,11,2025-03-17,2025-03-23,2024-03-18,2024-03-24,12,12,12,3,March,Mar,2025-03-01,2025-03-31,2024-03-01,2024-03-31,1,2025-01-01,2025-03-31,2025,2025-01-01,2025-12-31
2025-03-18,2025-03-17,2025-03-19,2024-03-18,2024-03-19,3,2,Tuesday,Tue,18,77,2025-03-16,2025-03-22,2024-03-17,2024-03-23,11,2025-03-17,2025-03-23,2024-03-18,2024-03-24,12,12,12,3,March,Mar,2025-03-01,2025-03-31,2024-03-01,2024-03-31,1,2025-01-01,2025-03-31,2025,2025-01-01,2025-12-31
2025-03-19,2025-03-18,2025-03-20,2024-03-19,2024-03-20,4,3,Wednesday,Wed,19,78,2025-03-16,2025-03-22,2024-03-17,2024-03-23,12,2025-03-17,2025-03-23,2024-03-18,2024-03-24,12,12,12,3,March,Mar,2025-03-01,2025-03-31,2024-03-01,2024-03-31,1,2025-01-01,2025-03-31,2025,2025-01-01,2025-12-31
2025-03-20,2025-03-19,2025-03-21,2024-03-20,2024-03-21,5,4,Thursday,Thu,20,79,2025-03-16,2025-03-22,2024-03-17,2024-03-23,12,2025-03-17,2025-03-23,2024-03-18,2024-03-24,12,12,12,3,March,Mar,2025-03-01,2025-03-31,2024-03-01,2024-03-31,1,2025-01-01,2025-03-31,2025,2025-01-01,2025-12-31
2025-03-21,2025-03-20,2025-03-22,2024-03-21,2024-03-22,6,5,Friday,Fri,21,80,2025-03-16,2025-03-22,2024-03-17,2024-03-23,12,2025-03-17,2025-03-23,2024-03-18,2024-03-24,12,12,12,3,March,Mar,2025-03-01,2025-03-31,2024-03-01,2024-03-31,1,2025-01-01,2025-03-31,2025,2025-01-01,2025-12-31
2025-03-22,2025-03-21,2025-03-23,2024-03-22,2024-03-23,7,6,Saturday,Sat,22,81,2025-03-16,2025-03-22,2024-03-17,2024-03-23,12,2025-03-17,2025-03-23,2024-03-18,2024-03-24,12,12,12,3,March,Mar,2025-03-01,2025-03-31,2024-03-01,2024-03-31,1,2025-01-01,2025-03-31,2025,2025-01-01,2025-12-31
2025-03-23,2025-03-22,2025-03-24,2024-03-23,2024-03-24,1,7,Sunday,Sun,23,82,2025-03-23,2025-03-29,2024-03-24,2024-03-30,12,2025-03-17,2025-03-23,2024-03-18,2024-03-24,12,12,12,3,March,Mar,2025-03-01,2025-03-31,2024-03-01,2024-03-31,1,2025-01-01,2025-03-31,2025,2025-01-01,2025-12-31
2025-03-24,2025-03-23,2025-03-25,2024-03-24,2024-03-25,2,1,Monday,Mon,24,83,2025-03-23,2025-03-29,2024-03-24,2024-03-30,12,2025-03-24,2025-03-30,2024-03-25,2024-03-31,13,13,13,3,March,Mar,2025-03-01,2025-03-31,2024-03-01,2024-03-31,1,2025-01-01,2025-03-31,2025,2025-01-01,2025-12-31
2025-03-25,2025-03-24,2025-03-26,2024-03-25,2024-03-26,3,2,Tuesday,Tue,25,84,2025-03-23,2025-03-29,2024-03-24,2024-03-30,12,2025-03-24,2025-03-30,2024-03-25,2024-03-31,13,13,13,3,March,Mar,2025-03-01,2025-03-31,2024-03-01,2024-03-31,1,2025-01-01,2025-03-31,2025,2025-01-01,2025-12-31
2025-03-26,2025-03-25,2025-03-27,2024-03-26,2024-03-27,4,3,Wednesday,Wed,26,85,2025-03-23,2025-03-29,2024-03-24,2024-03-30,13,2025-03-24,2025-03-30,2024-03-25,2024-03-31,13,13,13,3,March,Mar,2025-03-01,2025-03-31,2024-03-01,2024-03-31,1,2025-01-01,2025-03-31,2025,2025-01-01,2025-12-31
2025-03-27,2025-03-26,2025-03-28,2024-03-27,2024-03-28,5,4,Thursday,Thu,27,86,2025-03-23,2025-03-29,2024-03-24,2024-03-30,13,2025-03-24,2025-03-30,2024-03-25,2024-03-31,13,13,13,3,March,Mar,2025-03-01,2025-03-31,2024-03-01,2024-03-31,1,2025-01-01,2025-03-31,2025,2025-01-01,2025-12-31
2025-03-28,2025-03-27,2025-03-29,2024-03-28,2024-03-29,6,5,Friday,Fri,28,87,2025-03-23,2025-03-29,2024-03-24,2024-03-30,13,2025-03-24,2025-03-30,2024-03-25,2024-03-31,13,13,13,3,March,Mar,2025-03-01,2025-03-31,2024-03-01,2024-03-31,1,2025-01-01,2025-03-31,2025,2025-01-01,2025-12-31
2025-03-29,2025-03-28,2025-03-30,2024-03-29,2024-03-30,7,6,Saturday,Sat,29,88,2025-03-23,2025-03-29,2024-03-24,2024-03-30,13,2025-03-24,2025-03-30,2024-03-25,2024-03-31,13,13,13,3,March,Mar,2025-03-01,2025-03-31,2024-03-01,2024-03-31,1,2025-01-01,2025-03-31,2025,2025-01-01,2025-12-31
2025-03-30,2025-03-29,2025-03-31,2024-03-30,2024-03-31,1,7,Sunday,Sun,30,89,2025-03-30,2025-04-05,2024-03-31,2024-04-06,13,2025-03-24,2025-03-30,2024-03-25,2024-03-31,13,13,13,3,March,Mar,2025-03-01,2025-03-31,2024-03-01,2024-03-31,1,2025-01-01,2025-03-31,2025,2025-01-01,2025-12-31
2025-03-31,2025-03-30,2025-04-01,2024-03-31,2024-04-01,2,1,Monday,Mon,31,90,2025-03-30,2025-04-05,2024-03-31,2024-04-06,13,2025-03-31,2025-04-06,2024-04-01,2024-04-07,14,14,14,3,March,Mar,2025-03-01,2025-03-31,2024-03-01,2024-03-31,1,2025-01-01,2025-03-31,2025,2025-01-01,2025-12-31
2025-04-01,2025-03-31,2025-04-02,2024-04-01,2024-04-02,3,2,Tuesday,Tue,1,91,2025-03-30,2025-04-05,2024-03-31,2024-04-06,13,2025-03-31,2025-04-06,2024-04-01,2024-04-07,14,14,14,4,April,Apr,2025-04-01,2025-04-30,2024-04-01,2024-04-30,2,2025-04-01,2025-06-30,2025,2025-01-01,2025-12-31
2025-04-02,2025-04-01,2025-04-03,2024-04-02,2024-04-03,4,3,Wednesday,Wed,2,92,2025-03-30,2025-04-05,2024-03-31,2024-04-06,14,2025-03-31,2025-04-06,2024-04-01,2024-04-07,14,14,14,4,April,Apr,2025-04-01,2025-04-30,2024-04-01,2024-04-30,2,2025-04-01,2025-06-30,2025,2025-01-01,2025-12-31
2025-04-03,2025-04-02,2025-04-04,2024-04-03,2024-04-04,5,4,Thursday,Thu,3,93,2025-03-30,2025-04-05,2024-03-31,2024-04-06,14,2025-03-31,2025-04-06,2024-04-01,2024-04-07,14,14,14,4,April,Apr,2025-04-01,2025-04-30,2024-04-01,2024-04-30,2,2025-04-01,2025-06-30,2025,2025-01-01,2025-12-31
2025-04-04,2025-04-03,2025-04-05,2024-04-04,2024-04-05,6,5,Friday,Fri,4,94,2025-03-30,2025-04-05,2024-03-31,2024-04-06,14,2025-03-31,2025-04-06,2024-04-01,2024-04-07,14,14,14,4,April,Apr,2025-04-01,2025-04-30,2024-04-01,2024-04-30,2,2025-04-01,2025-06-30,2025,2025-01-01,2025-12-31
2025-04-05,2025-04-04,2025-04-06,2024-04-05,2024-04-06,7,6,Saturday,Sat,5,95,2025-03-30,2025-04-05,2024-03-31,2024-04-06,14,2025-03-31,2025-04-06,2024-04-01,2024-04-07,14,14,14,4,April,Apr,2025-04-01,2025-04-30,2024-04-01,2024-04-30,2,2025-04-01,2025-06-30,2025,2025-01-01,2025-12-31
2025-04-06,2025-04-05,2025-04-07,2024-04-06,2024-04-07,1,7,Sunday,Sun,6,96,2025-04-06,2025-04-12,2024-04-07,2024-04-13,14,2025-03-31,2025-04-06,2024-04-01,2024-04-07,14,14,14,4,April,Apr,2025-04-01,2025-04-30,2024-04-01,2024-04-30,2,2025-04-01,2025-06-30,2025,2025-01-01,2025-12-31
2025-04-07,2025-04-06,2025-04-08,2024-04-07,2024-04-08,2,1,Monday,Mon,7,97,2025-04-06,2025-04-12,2024-04-07,2024-04-13,14,2025-04-07,2025-04-13,2024-04-08,2024-04-14,15,15,15,4,April,Apr,2025-04-01,2025-04-30,2024-04-01,2024-04-30,2,2025-04-01,2025-06-30,2025,2025-01-01,2025-12-31
2025-04-08,2025-04-07,2025-04-09,2024-04-08,2024-04-09,3,2,Tuesday,Tue,8,98,2025-04-06,2025-04-12,2024-04-07,2024-04-13,14,2025-04-07,2025-04-13,2024-04-08,2024-04-14,15,15,15,4,April,Apr,2025-04-01,2025-04-30,2024-04-01,2024-04-30,2,2025-04-01,2025-06-30,2025,2025-01-01,2025-12-31
2025-04-09,2025-04-08,2025-04-10,2024-04-09,2024-04-10,4,3,Wednesday,Wed,9,99,2025-04-06,2025-04-12,2024-04-07,2024-04-13,15,2025-04-07,2025-04-13,2024-04-08,2024-04-14,15,15,15,4,April,Apr,2025-04-01,2025-04-30,2024-04-01,2024-04-30,2,2025-04-01,2025-06-30,2025,2025-01-01,2025-12-31
2025-04-10,2025-04-09,2025-04-11,2024-04-10,2024-04-11,5,4,Thursday,Thu,10,100,2025-04-06,2025-04-12,2024-04-07,2024-04-13,15,2025-04-07,2025-04-13,2024-04-08,2024-04-14,15,15,15,4,April,Apr,2025-04-01,2025-04-30,2024-04-01,2024-04-30,2,2025-04-01,2025-06-30,2025,2025-01-01,2025-12-31
2025-04-11,2025-04-10,2025-04-12,2024-04-11,2024-04-12,6,5,Friday,Fri,11,101,2025-04-06,2025-04-12,2024-04-07,2024-04-13,15,2025-04-07,2025-04-13,2024-04-08,2024-04-14,15,15,15,4,April,Apr,2025-04-01,2025-04-30,2024-04-01,2024-04-30,2,2025-04-01,2025-06-30,2025,2025-01-01,2025-12-31
2025-04-12,2025-04-11,2025-04-13,2024-04-12,2024-04-13,7,6,Saturday,Sat,12,102,2025-04-06,2025-04-12,2024-04-07,2024-04-13,15,2025-04-07,2025-04-13,2024-04-08,2024-04-14,15,15,15,4,April,Apr,2025-04-01,2025-04-30,2024-04-01,2024-04-30,2,2025-04-01,2025-06-30,2025,2025-01-01,2025-12-31
2025-04-13,2025-04-12,2025-04-14,2024-04-13,2024-04-14,1,7,Sunday,Sun,13,103,2025-04-13,2025-04-19,2024-04-14,2024-04-20,15,2025-04-07,2025-04-13,2024-04-08,2024-04-14,15,15,15,4,April,Apr,2025-04-01,2025-04-30,2024-04-01,2024-04-30,2,2025-04-01,2025-06-30,2025,2025-01-01,2025-12-31
2025-04-14,2025-04-13,2025-04-15,2024-04-14,2024-04-15,2,1,Monday,Mon,14,104,2025-04-13,2025-04-19,2024-04-14,2024-04-20,15,2025-04-14,2025-04-20,2024-04-15,2024-04-21,16,16,16,4,April,Apr,2025-04-01,2025-04-30,2024-04-01,2024-04-30,2,2025-04-01,2025-06-30,2025,2025-01-01,2025-12-31
2025-04-15,2025-04-14,2025-04-16,2024-04-15,2024-04-16,3,2,Tuesday,Tue,15,105,2025-04-13,2025-04-19,2024-04-14,2024-04-20,15,2025-04-14,2025-04-20,2024-04-15,2024-04-21,16,16,16,4,April,Apr,2025-04-01,2025-04-30,2024-04-01,2024-04-30,2,2025-04-01,2025-06-30,2025,2025-01-01,2025-12-31
2025-04-16,2025-04-15,2025-04-17,2024-04-16,2024-04-17,4,3,Wednesday,Wed,16,106,2025-04-13,2025-04-19,2024-04-14,2024-04-20,16,2025-04-14,2025-04-20,2024-04-15,2024-04-21,16,16,16,4,April,Apr,2025-04-01,2025-04-30,2024-04-01,2024-04-30,2,2025-04-01,2025-06-30,2025,2025-01-01,2025-12-31
2025-04-17,2025-04-16,2025-04-18,2024-04-17,2024-04-18,5,4,Thursday,Thu,17,107,2025-04-13,2025-04-19,2024-04-14,2024-04-20,16,2025-04-14,2025-04-20,2024-04-15,2024-04-21,16,16,16,4,April,Apr,2025-04-01,2025-04-30,2024-04-01,2024-04-30,2,2025-04-01,2025-06-30,2025,2025-01-01,2025-12-31
2025-04-18,2025-04-17,2025-04-19,2024-04-18,2024-04-19,6,5,Friday,Fri,18,108,2025-04-13,2025-04-19,2024-04-14,2024-04-20,16,2025-04-14,2025-04-20,2024-04-15,2024-04-21,16,16,16,4,April,Apr,2025-04-01,2025-04-30,2024-04-01,2024-04-30,2,2025-04-01,2025-06-30,2025,2025-01-01,2025-12-31
2025-04-19,2025-04-18,2025-04-20,2024-04-19,2024-04-20,7,6,Saturday,Sat,19,109,2025-04-13,2025-04-19,2024-04-14,2024-04-20,16,2025-04-14,2025-04-20,2024-04-15,2024-04-21,16,16,16,4,April,Apr,2025-04-01,2025-04-30,2024-04-01,2024-04-30,2,2025-04-01,2025-06-30,2025,2025-01-01,2025-12-31
2025-04-20,2025-04-19,2025-04-21,2024-04-20,2024-04-21,1,7,Sunday,Sun,20,110,2025-04-20,2025-04-26,2024-04-21,2024-04-27,16,2025-04-14,2025-04-20,2024-04-15,2024-04-21,16,16,16,4,April,Apr,2025-04-01,2025-04-30,2024-04-01,2024-04-30,2,2025-04-01,2025-06-30,2025,2025-01-01,2025-12-31
2025-04-21,2025-04-20,2025-04-22,2024-04-21,2024-04-22,2,1,Monday,Mon,21,111,2025-04-20,2025-04-26,2024-04-21,2024-04-27,16,2025-04-21,2025-04-27,2024-04-22,2024-04-28,17,17,17,4,April,Apr,2025-04-01,2025-04-30,2024-04-01,2024-04-30,2,2025-04-01,2025-06-30,2025,2025-01-01,2025-12-31
2025-04-22,2025-04-21,2025-04-23,2024-04-22,2024-04-23,3,2,Tuesday,Tue,22,112,2025-04-20,2025-04-26,2024-04-21,2024-04-27,16,2025-04-21,2025-04-27,2024-04-22,2024-04-28,17,17,17,4,April,Apr,2025-04-01,2025-04-30,2024-04-01,2024-04-30,2,2025-04-01,2025-06-30,2025,2025-01-01,2025-12-31
2025-04-23,2025-04-22,2025-04-24,2024-04-23,2024-04-24,4,3,Wednesday,Wed,23,113,2025-04-20,2025-04-26,2024-04-21,2024-04-27,17,2025-04-21,2025-04-27,2024-04-22,2024-04-28,17,17,17,4,April,Apr,2025-04-01,2025-04-30,2024-04-01,2024-04-30,2,2025-04-01,2025-06-30,2025,2025-01-01,2025-12-31
2025-04-24,2025-04-23,2025-04-25,2024-04-24,2024-04-25,5,4,Thursday,Thu,24,114,2025-04-20,2025-04-26,2024-04-21,2024-04-27,17,2025-04-21,2025-04-27,2024-04-22,2024-04-28,17,17,17,4,April,Apr,2025-04-01,2025-04-30,2024-04-01,2024-04-30,2,2025-04-01,2025-06-30,2025,2025-01-01,2025-12-31
2025-04-25,2025-04-24,2025-04-26,2024-04-25,2024-04-26,6,5,Friday,Fri,25,115,2025-04-20,2025-04-26,2024-04-21,2024-04-27,17,2025-04-21,2025-04-27,2024-04-22,2024-04-28,17,17,17,4,April,Apr,2025-04-01,2025-04-30,2024-04-01,2024-04-30,2,2025-04-01,2025-06-30,2025,2025-01-01,2025-12-31
2025-04-26,2025-04-25,2025-04-27,2024-04-26,2024-04-27,7,6,Saturday,Sat,26,116,2025-04-20,2025-04-26,2024-04-21,2024-04-27,17,2025-04-21,2025-04-27,2024-04-22,2024-04-28,17,17,17,4,April,Apr,2025-04-01,2025-04-30,2024-04-01,2024-04-30,2,2025-04-01,2025-06-30,2025,2025-01-01,2025-12-31
2025-04-27,2025-04-26,2025-04-28,2024-04-27,2024-04-28,1,7,Sunday,Sun,27,117,2025-04-27,2025-05-03,2024-04-28,2024-05-04,17,2025-04-21,2025-04-27,2024-04-22,2024-04-28,17,17,17,4,April,Apr,2025-04-01,2025-04-30,2024-04-01,2024-04-30,2,2025-04-01,2025-06-30,2025,2025-01-01,2025-12-31
2025-04-28,2025-04-27,2025-04-29,2024-04-28,2024-04-29,2,1,Monday,Mon,28,118,2025-04-27,2025-05-03,2024-04-28,2024-05-04,17,2025-04-28,2025-05-04,2024-04-29,2024-05-05,18,18,18,4,April,Apr,2025-04-01,2025-04-30,2024-04-01,2024-04-30,2,2025-04-01,2025-06-30,2025,2025-01-01,2025-12-31
2025-04-29,2025-04-28,2025-04-30,2024-04-29,2024-04-30,3,2,Tuesday,Tue,29,119,2025-04-27,2025-05-03,2024-04-28,2024-05-04,17,2025-04-28,2025-05-04,2024-04-29,2024-05-05,18,18,18,4,April,Apr,2025-04-01,2025-04-30,2024-04-01,2024-04-30,2,2025-04-01,2025-06-30,2025,2025-01-01,2025-12-31
2025-04-30,2025-04-29,2025-05-01,2024-04-30,2024-05-01,4,3,Wednesday,Wed,30,120,2025-04-27,2025-05-03,2024-04-28,2024-05-04,18,2025-04-28,2025-05-04,2024-04-29,2024-05-05,18,18,18,4,April,Apr,2025-04-01,2025-04-30,2024-04-01,2024-04-30,2,2025-04-01,2025-06-30,2025,2025-01-01,2025-12-31
2025-05-01,2025-04-30,2025-05-02,2024-05-01,2024-05-02,5,4,Thursday,Thu,1,121,2025-04-27,2025-05-03,2024-04-28,2024-05-04,18,2025-04-28,2025-05-04,2024-04-29,2024-05-05,18,18,18,5,May,May,2025-05-01,2025-05-31,2024-05-01,2024-05-31,2,2025-04-01,2025-06-30,2025,2025-01-01,2025-12-31
2025-05-02,2025-05-01,2025-05-03,2024-05-02,2024-05-03,6,5,Friday,Fri,2,122,2025-04-27,2025-05-03,2024-04-28,2024-05-04,18,2025-04-28,2025-05-04,2024-04-29,2024-05-05,18,18,18,5,May,May,2025-05-01,2025-05-31,2024-05-01,2024-05-31,2,2025-04-01,2025-06-30,2025,2025-01-01,2025-12-31
2025-05-03,2025-05-02,2025-05-04,2024-05-03,2024-05-04,7,6,Saturday,Sat,3,123,2025-04-27,2025-05-03,2024-04-28,2024-05-04,18,2025-04-28,2025-05-04,2024-04-29,2024-05-05,18,18,18,5,May,May,2025-05-01,2025-05-31,2024-05-01,2024-05-31,2,2025-04-01,2025-06-30,2025,2025-01-01,2025-12-31
2025-05-04,2025-05-03,2025-05-05,2024-05-04,2024-05-05,1,7,Sunday,Sun,4,124,2025-05-04,2025-05-10,2024-05-05,2024-05-11,18,2025-04-28,2025-05-04,2024-04-29,2024-05-05,18,18,18,5,May,May,2025-05-01,2025-05-31,2024-05-01,2024-05-31,2,2025-04-01,2025-06-30,2025,2025-01-01,2025-12-31
2025-05-05,2025-05-04,2025-05-06,2024-05-05,2024-05-06,2,1,Monday,Mon,5,125,2025-05-04,2025-05-10,2024-05-05,2024-05-11,18,2025-05-05,2025-05-11,2024-05-06,2024-05-12,19,19,19,5,May,May,2025-05-01,2025-05-31,2024-05-01,2024-05-31,2,2025-04-01,2025-06-30,2025,2025-01-01,2025-12-31
2025-05-06,2025-05-05,2025-05-07,2024-05-06,2024-05-07,3,2,Tuesday,Tue,6,126,2025-05-04,2025-05-10,2024-05-05,2024-05-11,18,2025-05-05,2025-05-11,2024-05-06,2024-05-12,19,19,19,5,May,May,2025-05-01,2025-05-31,2024-05-01,2024-05-31,2,2025-04-01,2025-06-30,2025,2025-01-01,2025-12-31
2025-05-07,2025-05-06,2025-05-08,2024-05-07,2024-05-08,4,3,Wednesday,Wed,7,127,2025-05-04,2025-05-10,2024-05-05,2024-05-11,19,2025-05-05,2025-05-11,2024-05-06,2024-05-12,19,19,19,5,May,May,2025-05-01,2025-05-31,2024-05-01,2024-05-31,2,2025-04-01,2025-06-30,2025,2025-01-01,2025-12-31
2025-05-08,2025-05-07,2025-05-09,2024-05-08,2024-05-09,5,4,Thursday,Thu,8,128,2025-05-04,2025-05-10,2024-05-05,2024-05-11,19,2025-05-05,2025-05-11,2024-05-06,2024-05-12,19,19,19,5,May,May,2025-05-01,2025-05-31,2024-05-01,2024-05-31,2,2025-04-01,2025-06-30,2025,2025-01-01,2025-12-31
2025-05-09,2025-05-08,2025-05-10,2024-05-09,2024-05-10,6,5,Friday,Fri,9,129,2025-05-04,2025-05-10,2024-05-05,2024-05-11,19,2025-05-05,2025-05-11,2024-05-06,2024-05-12,19,19,19,5,May,May,2025-05-01,2025-05-31,2024-05-01,2024-05-31,2,2025-04-01,2025-06-30,2025,2025-01-01,2025-12-31
2025-05-10,2025-05-09,2025-05-11,2024-05-10,2024-05-11,7,6,Saturday,Sat,10,130,2025-05-04,2025-05-10,2024-05-05,2024-05-11,19,2025-05-05,2025-05-11,2024-05-06,2024-05-12,19,19,19,5,May,May,2025-05-01,2025-05-31,2024-05-01,2024-05-31,2,2025-04-01,2025-06-30,2025,2025-01-01,2025-12-31
2025-05-11,2025-05-10,2025-05-12,2024-05-11,2024-05-12,1,7,Sunday,Sun,11,131,2025-05-11,2025-05-17,2024-05-12,2024-05-18,19,2025-05-05,2025-05-11,2024-05-06,2024-05-12,19,19,19,5,May,May,2025-05-01,2025-05-31,2024-05-01,2024-05-31,2,2025-04-01,2025-06-30,2025,2025-01-01,2025-12-31
2025-05-12,2025-05-11,2025-05-13,2024-05-12,2024-05-13,2,1,Monday,Mon,12,132,2025-05-11,2025-05-17,2024-05-12,2024-05-18,19,2025-05-12,2025-05-18,2024-05-13,2024-05-19,20,20,20,5,May,May,2025-05-01,2025-05-31,2024-05-01,2024-05-31,2,2025-04-01,2025-06-30,2025,2025-01-01,2025-12-31
2025-05-13,2025-05-12,2025-05-14,2024-05-13,2024-05-14,3,2,Tuesday,Tue,13,133,2025-05-11,2025-05-17,2024-05-12,2024-05-18,19,2025-05-12,2025-05-18,2024-05-13,2024-05-19,20,20,20,5,May,May,2025-05-01,2025-05-31,2024-05-01,2024-05-31,2,2025-04-01,2025-06-30,2025,2025-01-01,2025-12-31
2025-05-14,2025-05-13,2025-05-15,2024-05-14,2024-05-15,4,3,Wednesday,Wed,14,134,2025-05-11,2025-05-17,2024-05-12,2024-05-18,20,2025-05-12,2025-05-18,2024-05-13,2024-05-19,20,20,20,5,May,May,2025-05-01,2025-05-31,2024-05-01,2024-05-31,2,2025-04-01,2025-06-30,2025,2025-01-01,2025-12-31
2025-05-15,2025-05-14,2025-05-16,2024-05-15,2024-05-16,5,4,Thursday,Thu,15,135,2025-05-11,2025-05-17,2024-05-12,2024-05-18,20,2025-05-12,2025-05-18,2024-05-13,2024-05-19,20,20,20,5,May,May,2025-05-01,2025-05-31,2024-05-01,2024-05-31,2,2025-04-01,2025-06-30,2025,2025-01-01,2025-12-31
2025-05-16,2025-05-15,2025-05-17,2024-05-16,2024-05-17,6,5,Friday,Fri,16,136,2025-05-11,2025-05-17,2024-05-12,2024-05-18,20,2025-05-12,2025-05-18,2024-05-13,2024-05-19,20,20,20,5,May,May,2025-05-01,2025-05-31,2024-05-01,2024-05-31,2,2025-04-01,2025-06-30,2025,2025-01-01,2025-12-31
2025-05-17,2025-05-16,2025-05-18,2024-05-17,2024-05-18,7,6,Saturday,Sat,17,137,2025-05-11,2025-05-17,2024-05-12,2024-05-18,20,2025-05-12,2025-05-18,2024-05-13,2024-05-19,20,20,20,5,May,May,2025-05-01,2025-05-31,2024-05-01,2024-05-31,2,2025-04-01,2025-06-30,2025,2025-01-01,2025-12-31
2025-05-18,2025-05-17,2025-05-19,2024-05-18,2024-05-19,1,7,Sunday,Sun,18,138,2025-05-18,2025-05-24,2024-05-19,2024-05-25,20,2025-05-12,2025-05-18,2024-05-13,2024-05-19,20,20,20,5,May,May,2025-05-01,2025-05-31,2024-05-01,2024-05-31,2,2025-04-01,2025-06-30,2025,2025-01-01,2025-12-31
2025-05-19,2025-05-18,2025-05-20,2024-05-19,2024-05-20,2,1,Monday,Mon,19,139,2025-05-18,2025-05-24,2024-05-19,2024-05-25,20,2025-05-19,2025-05-25,2024-05-20,2024-05-26,21,21,21,5,May,May,2025-05-01,2025-05-31,2024-05-01,2024-05-31,2,2025-04-01,2025-06-30,2025,2025-01-01,2025-12-31
2025-05-20,2025-05-19,2025-05-21,2024-05-20,2024-05-21,3,2,Tuesday,Tue,20,140,2025-05-18,2025-05-24,2024-05-19,2024-05-25,20,2025-05-19,2025-05-25,2024-05-20,2024-05-26,21,21,21,5,May,May,2025-05-01,2025-05-31,2024-05-01,2024-05-31,2,2025-04-01,2025-06-30,2025,2025-01-01,2025-12-31
2025-05-21,2025-05-20,2025-05-22,2024-05-21,2024-05-22,4,3,Wednesday,Wed,21,141,2025-05-18,2025-05-24,2024-05-19,2024-05-25,21,2025-05-19,2025-05-25,2024-05-20,2024-05-26,21,21,21,5,May,May,2025-05-01,2025-05-31,2024-05-01,2024-05-31,2,2025-04-01,2025-06-30,2025,2025-01-01,2025-12-31
2025-05-22,2025-05-21,2025-05-23,2024-05-22,2024-05-23,5,4,Thursday,Thu,22,142,2025-05-18,2025-05-24,2024-05-19,2024-05-25,21,2025-05-19,2025-05-25,2024-05-20,2024-05-26,21,21,21,5,May,May,2025-05-01,2025-05-31,2024-05-01,2024-05-31,2,2025-04-01,2025-06-30,2025,2025-01-01,2025-12-31
2025-05-23,2025-05-22,2025-05-24,2024-05-23,2024-05-24,6,5,Friday,Fri,23,143,2025-05-18,2025-05-24,2024-05-19,2024-05-25,21,2025-05-19,2025-05-25,2024-05-20,2024-05-26,21,21,21,5,May,May,2025-05-01,2025-05-31,2024-05-01,2024-05-31,2,2025-04-01,2025-06-30,2025,2025-01-01,2025-12-31
2025-05-24,2025-05-23,2025-05-25,2024-05-24,2024-05-25,7,6,Saturday,Sat,24,144,2025-05-18,2025-05-24,2024-05-19,2024-05-25,21,2025-05-19,2025-05-25,2024-05-20,2024-05-26,21,21,21,5,May,May,2025-05-01,2025-05-31,2024-05-01,2024-05-31,2,2025-04-01,2025-06-30,2025,2025-01-01,2025-12-31
2025-05-25,2025-05-24,2025-05-26,2024-05-25,2024-05-26,1,7,Sunday,Sun,25,145,2025-05-25,2025-05-31,2024-05-26,2024-06-01,21,2025-05-19,2025-05-25,2024-05-20,2024-05-26,21,21,21,5,May,May,2025-05-01,2025-05-31,2024-05-01,2024-05-31,2,2025-04-01,2025-06-30,2025,2025-01-01,2025-12-31
2025-05-26,2025-05-25,2025-05-27,2024-05-26,2024-05-27,2,1,Monday,Mon,26,146,2025-05-25,2025-05-31,2024-05-26,2024-06-01,21,2025-05-26,2025-06-01,2024-05-27,2024-06-02,22,22,22,5,May,May,2025-05-01,2025-05-31,2024-05-01,2024-05-31,2,2025-04-01,2025-06-30,2025,2025-01-01,2025-12-31
2025-05-27,2025-05-26,2025-05-28,2024-05-27,2024-05-28,3,2,Tuesday,Tue,27,147,2025-05-25,2025-05-31,2024-05-26,2024-06-01,21,2025-05-26,2025-06-01,2024-05-27,2024-06-02,22,22,22,5,May,May,2025-05-01,2025-05-31,2024-05-01,2024-05-31,2,2025-04-01,2025-06-30,2025,2025-01-01,2025-12-31
2025-05-28,2025-05-27,2025-05-29,2024-05-28,2024-05-29,4,3,Wednesday,Wed,28,148,2025-05-25,2025-05-31,2024-05-26,2024-06-01,22,2025-05-26,2025-06-01,2024-05-27,2024-06-02,22,22,22,5,May,May,2025-05-01,2025-05-31,2024-05-01,2024-05-31,2,2025-04-01,2025-06-30,2025,2025-01-01,2025-12-31
2025-05-29,2025-05-28,2025-05-30,2024-05-29,2024-05-30,5,4,Thursday,Thu,29,149,2025-05-25,2025-05-31,2024-05-26,2024-06-01,22,2025-05-26,2025-06-01,2024-05-27,2024-06-02,22,22,22,5,May,May,2025-05-01,2025-05-31,2024-05-01,2024-05-31,2,2025-04-01,2025-06-30,2025,2025-01-01,2025-12-31
2025-05-30,2025-05-29,2025-05-31,2024-05-30,2024-05-31,6,5,Friday,Fri,30,150,2025-05-25,2025-05-31,2024-05-26,2024-06-01,22,2025-05-26,2025-06-01,2024-05-27,2024-06-02,22,22,22,5,May,May,2025-05-01,2025-05-31,2024-05-01,2024-05-31,2,2025-04-01,2025-06-30,2025,2025-01-01,2025-12-31
2025-05-31,2025-05-30,2025-06-01,2024-05-31,2024-06-01,7,6,Saturday,Sat,31,151,2025-05-25,2025-05-31,2024-05-26,2024-06-01,22,2025-05-26,2025-06-01,2024-05-27,2024-06-02,22,22,22,5,May,May,2025-05-01,2025-05-31,2024-05-01,2024-05-31,2,2025-04-01,2025-06-30,2025,2025-01-01,2025-12-31
2025-06-01,2025-05-31,2025-06-02,2024-06-01,2024-06-02,1,7,Sunday,Sun,1,152,2025-06-01,2025-06-07,2024-06-02,2024-06-08,22,2025-05-26,2025-06-01,2024-05-27,2024-06-02,22,22,22,6,June,Jun,2025-06-01,2025-06-30,2024-06-01,2024-06-30,2,2025-04-01,2025-06-30,2025,2025-01-01,2025-12-31
2025-06-02,2025-06-01,2025-06-03,2024-06-02,2024-06-03,2,1,Monday,Mon,2,153,2025-06-01,2025-06-07,2024-06-02,2024-06-08,22,2025-06-02,2025-06-08,2024-06-03,2024-06-09,23,23,23,6,June,Jun,2025-06-01,2025-06-30,2024-06-01,2024-06-30,2,2025-04-01,2025-06-30,2025,2025-01-01,2025-12-31
2025-06-03,2025-06-02,2025-06-04,2024-06-03,2024-06-04,3,2,Tuesday,Tue,3,154,2025-06-01,2025-06-07,2024-06-02,2024-06-08,22,2025-06-02,2025-06-08,2024-06-03,2024-06-09,23,23,23,6,June,Jun,2025-06-01,2025-06-30,2024-06-01,2024-06-30,2,2025-04-01,2025-06-30,2025,2025-01-01,2025-12-31
2025-06-04,2025-06-03,2025-06-05,2024-06-04,2024-06-05,4,3,Wednesday,Wed,4,155,2025-06-01,2025-06-07,2024-06-02,2024-06-08,23,2025-06-02,2025-06-08,2024-06-03,2024-06-09,23,23,23,6,June,Jun,2025-06-01,2025-06-30,2024-06-01,2024-06-30,2,2025-04-01,2025-06-30,2025,2025-01-01,2025-12-31
2025-06-05,2025-06-04,2025-06-06,2024-06-05,2024-06-06,5,4,Thursday,Thu,5,156,2025-06-01,2025-06-07,2024-06-02,2024-06-08,23,2025-06-02,2025-06-08,2024-06-03,2024-06-09,23,23,23,6,June,Jun,2025-06-01,2025-06-30,2024-06-01,2024-06-30,2,2025-04-01,2025-06-30,2025,2025-01-01,2025-12-31
2025-06-06,2025-06-05,2025-06-07,2024-06-06,2024-06-07,6,5,Friday,Fri,6,157,2025-06-01,2025-06-07,2024-06-02,2024-06-08,23,2025-06-02,2025-06-08,2024-06-03,2024-06-09,23,23,23,6,June,Jun,2025-06-01,2025-06-30,2024-06-01,2024-06-30,2,2025-04-01,2025-06-30,2025,2025-01-01,2025-12-31
2025-06-07,2025-06-06,2025-06-08,2024-06-07,2024-06-08,7,6,Saturday,Sat,7,158,2025-06-01,2025-06-07,2024-06-02,2024-06-08,23,2025-06-02,2025-06-08,2024-06-03,2024-06-09,23,23,23,6,June,Jun,2025-06-01,2025-06-30,2024-06-01,2024-06-30,2,2025-04-01,2025-06-30,2025,2025-01-01,2025-12-31
2025-06-08,2025-06-07,2025-06-09,2024-06-08,2024-06-09,1,7,Sunday,Sun,8,159,2025-06-08,2025-06-14,2024-06-09,2024-06-15,23,2025-06-02,2025-06-08,2024-06-03,2024-06-09,23,23,23,6,June,Jun,2025-06-01,2025-06-30,2024-06-01,2024-06-30,2,2025-04-01,2025-06-30,2025,2025-01-01,2025-12-31
2025-06-09,2025-06-08,2025-06-10,2024-06-09,2024-06-10,2,1,Monday,Mon,9,160,2025-06-08,2025-06-14,2024-06-09,2024-06-15,23,2025-06-09,2025-06-15,2024-06-10,2024-06-16,24,24,24,6,June,Jun,2025-06-01,2025-06-30,2024-06-01,2024-06-30,2,2025-04-01,2025-06-30,2025,2025-01-01,2025-12-31
2025-06-10,2025-06-09,2025-06-11,2024-06-10,2024-06-11,3,2,Tuesday,Tue,10,161,2025-06-08,2025-06-14,2024-06-09,2024-06-15,23,2025-06-09,2025-06-15,2024-06-10,2024-06-16,24,24,24,6,June,Jun,2025-06-01,2025-06-30,2024-06-01,2024-06-30,2,2025-04-01,2025-06-30,2025,2025-01-01,2025-12-31
2025-06-11,2025-06-10,2025-06-12,2024-06-11,2024-06-12,4,3,Wednesday,Wed,11,162,2025-06-08,2025-06-14,2024-06-09,2024-06-15,24,2025-06-09,2025-06-15,2024-06-10,2024-06-16,24,24,24,6,June,Jun,2025-06-01,2025-06-30,2024-06-01,2024-06-30,2,2025-04-01,2025-06-30,2025,2025-01-01,2025-12-31
2025-06-12,2025-06-11,2025-06-13,2024-06-12,2024-06-13,5,4,Thursday,Thu,12,163,2025-06-08,2025-06-14,2024-06-09,2024-06-15,24,2025-06-09,2025-06-15,2024-06-10,2024-06-16,24,24,24,6,June,Jun,2025-06-01,2025-06-30,2024-06-01,2024-06-30,2,2025-04-01,2025-06-30,2025,2025-01-01,2025-12-31
2025-06-13,2025-06-12,2025-06-14,2024-06-13,2024-06-14,6,5,Friday,Fri,13,164,2025-06-08,2025-06-14,2024-06-09,2024-06-15,24,2025-06-09,2025-06-15,2024-06-10,2024-06-16,24,24,24,6,June,Jun,2025-06-01,2025-06-30,2024-06-01,2024-06-30,2,2025-04-01,2025-06-30,2025,2025-01-01,2025-12-31
2025-06-14,2025-06-13,2025-06-15,2024-06-14,2024-06-15,7,6,Saturday,Sat,14,165,2025-06-08,2025-06-14,2024-06-09,2024-06-15,24,2025-06-09,2025-06-15,2024-06-10,2024-06-16,24,24,24,6,June,Jun,2025-06-01,2025-06-30,2024-06-01,2024-06-30,2,2025-04-01,2025-06-30,2025,2025-01-01,2025-12-31
2025-06-15,2025-06-14,2025-06-16,2024-06-15,2024-06-16,1,7,Sunday,Sun,15,166,2025-06-15,2025-06-21,2024-06-16,2024-06-22,24,2025-06-09,2025-06-15,2024-06-10,2024-06-16,24,24,24,6,June,Jun,2025-06-01,2025-06-30,2024-06-01,2024-06-30,2,2025-04-01,2025-06-30,2025,2025-01-01,2025-12-31
2025-06-16,2025-06-15,2025-06-17,2024-06-16,2024-06-17,2,1,Monday,Mon,16,167,2025-06-15,2025-06-21,2024-06-16,2024-06-22,24,2025-06-16,2025-06-22,2024-06-17,2024-06-23,25,25,25,6,June,Jun,2025-06-01,2025-06-30,2024-06-01,2024-06-30,2,2025-04-01,2025-06-30,2025,2025-01-01,2025-12-31
2025-06-17,2025-06-16,2025-06-18,2024-06-17,2024-06-18,3,2,Tuesday,Tue,17,168,2025-06-15,2025-06-21,2024-06-16,2024-06-22,24,2025-06-16,2025-06-22,2024-06-17,2024-06-23,25,25,25,6,June,Jun,2025-06-01,2025-06-30,2024-06-01,2024-06-30,2,2025-04-01,2025-06-30,2025,2025-01-01,2025-12-31
2025-06-18,2025-06-17,2025-06-19,2024-06-18,2024-06-19,4,3,Wednesday,Wed,18,169,2025-06-15,2025-06-21,2024-06-16,2024-06-22,25,2025-06-16,2025-06-22,2024-06-17,2024-06-23,25,25,25,6,June,Jun,2025-06-01,2025-06-30,2024-06-01,2024-06-30,2,2025-04-01,2025-06-30,2025,2025-01-01,2025-12-31
2025-06-19,2025-06-18,2025-06-20,2024-06-19,2024-06-20,5,4,Thursday,Thu,19,170,2025-06-15,2025-06-21,2024-06-16,2024-06-22,25,2025-06-16,2025-06-22,2024-06-17,2024-06-23,25,25,25,6,June,Jun,2025-06-01,2025-06-30,2024-06-01,2024-06-30,2,2025-04-01,2025-06-30,2025,2025-01-01,2025-12-31
2025-06-20,2025-06-19,2025-06-21,2024-06-20,2024-06-21,6,5,Friday,Fri,20,171,2025-06-15,2025-06-21,2024-06-16,2024-06-22,25,2025-06-16,2025-06-22,2024-06-17,2024-06-23,25,25,25,6,June,Jun,2025-06-01,2025-06-30,2024-06-01,2024-06-30,2,2025-04-01,2025-06-30,2025,2025-01-01,2025-12-31
2025-06-21,2025-06-20,2025-06-22,2024-06-21,2024-06-22,7,6,Saturday,Sat,21,172,2025-06-15,2025-06-21,2024-06-16,2024-06-22,25,2025-06-16,2025-06-22,2024-06-17,2024-06-23,25,25,25,6,June,Jun,2025-06-01,2025-06-30,2024-06-01,2024-06-30,2,2025-04-01,2025-06-30,2025,2025-01-01,2025-12-31
2025-06-22,2025-06-21,2025-06-23,2024-06-22,2024-06-23,1,7,Sunday,Sun,22,173,2025-06-22,2025-06-28,2024-06-23,2024-06-29,25,2025-06-16,2025-06-22,2024-06-17,2024-06-23,25,25,25,6,June,Jun,2025-06-01,2025-06-30,2024-06-01,2024-06-30,2,2025-04-01,2025-06-30,2025,2025-01-01,2025-12-31
2025-06-23,2025-06-22,2025-06-24,2024-06-23,2024-06-24,2,1,Monday,Mon,23,174,2025-06-22,2025-06-28,2024-06-23,2024-06-29,25,2025-06-23,2025-06-29,2024-06-24,2024-06-30,26,26,26,6,June,Jun,2025-06-01,2025-06-30,2024-06-01,2024-06-30,2,2025-04-01,2025-06-30,2025,2025-01-01,2025-12-31
2025-06-24,2025-06-23,2025-06-25,2024-06-24,2024-06-25,3,2,Tuesday,Tue,24,175,2025-06-22,2025-06-28,2024-06-23,2024-06-29,25,2025-06-23,2025-06-29,2024-06-24,2024-06-30,26,26,26,6,June,Jun,2025-06-01,2025-06-30,2024-06-01,2024-06-30,2,2025-04-01,2025-06-30,2025,2025-01-01,2025-12-31
2025-06-25,2025-06-24,2025-06-26,2024-06-25,2024-06-26,4,3,Wednesday,Wed,25,176,2025-06-22,2025-06-28,2024-06-23,2024-06-29,26,2025-06-23,2025-06-29,2024-06-24,2024-06-30,26,26,26,6,June,Jun,2025-06-01,2025-06-30,2024-06-01,2024-06-30,2,2025-04-01,2025-06-30,2025,2025-01-01,2025-12-31
2025-06-26,2025-06-25,2025-06-27,2024-06-26,2024-06-27,5,4,Thursday,Thu,26,177,2025-06-22,2025-06-28,2024-06-23,2024-06-29,26,2025-06-23,2025-06-29,2024-06-24,2024-06-30,26,26,26,6,June,Jun,2025-06-01,2025-06-30,2024-06-01,2024-06-30,2,2025-04-01,2025-06-30,2025,2025-01-01,2025-12-31
2025-06-27,2025-06-26,2025-06-28,2024-06-27,2024-06-28,6,5,Friday,Fri,27,178,2025-06-22,2025-06-28,2024-06-23,2024-06-29,26,2025-06-23,2025-06-29,2024-06-24,2024-06-30,26,26,26,6,June,Jun,2025-06-01,2025-06-30,2024-06-01,2024-06-30,2,2025-04-01,2025-06-30,2025,2025-01-01,2025-12-31
2025-06-28,2025-06-27,2025-06-29,2024-06-28,2024-06-29,7,6,Saturday,Sat,28,179,2025-06-22,2025-06-28,2024-06-23,2024-06-29,26,2025-06-23,2025-06-29,2024-06-24,2024-06-30,26,26,26,6,June,Jun,2025-06-01,2025-06-30,2024-06-01,2024-06-30,2,2025-04-01,2025-06-30,2025,2025-01-01,2025-12-31
2025-06-29,2025-06-28,2025-06-30,2024-06-29,2024-06-30,1,7,Sunday,Sun,29,180,2025-06-29,2025-07-05,2024-06-30,2024-07-06,26,2025-06-23,2025-06-29,2024-06-24,2024-06-30,26,26,26,6,June,Jun,2025-06-01,2025-06-30,2024-06-01,2024-06-30,2,2025-04-01,2025-06-30,2025,2025-01-01,2025-12-31
2025-06-30,2025-06-29,2025-07-01,2024-06-30,2024-07-01,2,1,Monday,Mon,30,181,2025-06-29,2025-07-05,2024-06-30,2024-07-06,26,2025-06-30,2025-07-06,2024-07-01,2024-07-07,27,27,27,6,June,Jun,2025-06-01,2025-06-30,2024-06-01,2024-06-30,2,2025-04-01,2025-06-30,2025,2025-01-01,2025-12-31
2025-07-01,2025-06-30,2025-07-02,2024-07-01,2024-07-02,3,2,Tuesday,Tue,1,182,2025-06-29,2025-07-05,2024-06-30,2024-07-06,26,2025-06-30,2025-07-06,2024-07-01,2024-07-07,27,27,27,7,July,Jul,2025-07-01,2025-07-31,2024-07-01,2024-07-31,3,2025-07-01,2025-09-30,2025,2025-01-01,2025-12-31
2025-07-02,2025-07-01,2025-07-03,2024-07-02,2024-07-03,4,3,Wednesday,Wed,2,183,2025-06-29,2025-07-05,2024-06-30,2024-07-06,27,2025-06-30,2025-07-06,2024-07-01,2024-07-07,27,27,27,7,July,Jul,2025-07-01,2025-07-31,2024-07-01,2024-07-31,3,2025-07-01,2025-09-30,2025,2025-01-01,2025-12-31
2025-07-03,2025-07-02,2025-07-04,2024-07-03,2024-07-04,5,4,Thursday,Thu,3,184,2025-06-29,2025-07-05,2024-06-30,2024-07-06,27,2025-06-30,2025-07-06,2024-07-01,2024-07-07,27,27,27,7,July,Jul,2025-07-01,2025-07-31,2024-07-01,2024-07-31,3,2025-07-01,2025-09-30,2025,2025-01-01,2025-12-31
2025-07-04,2025-07-03,2025-07-05,2024-07-04,2024-07-05,6,5,Friday,Fri,4,185,2025-06-29,2025-07-05,2024-06-30,2024-07-06,27,2025-06-30,2025-07-06,2024-07-01,2024-07-07,27,27,27,7,July,Jul,2025-07-01,2025-07-31,2024-07-01,2024-07-31,3,2025-07-01,2025-09-30,2025,2025-01-01,2025-12-31
2025-07-05,2025-07-04,2025-07-06,2024-07-05,2024-07-06,7,6,Saturday,Sat,5,186,2025-06-29,2025-07-05,2024-06-30,2024-07-06,27,2025-06-30,2025-07-06,2024-07-01,2024-07-07,27,27,27,7,July,Jul,2025-07-01,2025-07-31,2024-07-01,2024-07-31,3,2025-07-01,2025-09-30,2025,2025-01-01,2025-12-31
2025-07-06,2025-07-05,2025-07-07,2024-07-06,2024-07-07,1,7,Sunday,Sun,6,187,2025-07-06,2025-07-12,2024-07-07,2024-07-13,27,2025-06-30,2025-07-06,2024-07-01,2024-07-07,27,27,27,7,July,Jul,2025-07-01,2025-07-31,2024-07-01,2024-07-31,3,2025-07-01,2025-09-30,2025,2025-01-01,2025-12-31
2025-07-07,2025-07-06,2025-07-08,2024-07-07,2024-07-08,2,1,Monday,Mon,7,188,2025-07-06,2025-07-12,2024-07-07,2024-07-13,27,2025-07-07,2025-07-13,2024-07-08,2024-07-14,28,28,28,7,July,Jul,2025-07-01,2025-07-31,2024-07-01,2024-07-31,3,2025-07-01,2025-09-30,2025,2025-01-01,2025-12-31
2025-07-08,2025-07-07,2025-07-09,2024-07-08,2024-07-09,3,2,Tuesday,Tue,8,189,2025-07-06,2025-07-12,2024-07-07,2024-07-13,27,2025-07-07,2025-07-13,2024-07-08,2024-07-14,28,28,28,7,July,Jul,2025-07-01,2025-07-31,2024-07-01,2024-07-31,3,2025-07-01,2025-09-30,2025,2025-01-01,2025-12-31
2025-07-09,2025-07-08,2025-07-10,2024-07-09,2024-07-10,4,3,Wednesday,Wed,9,190,2025-07-06,2025-07-12,2024-07-07,2024-07-13,28,2025-07-07,2025-07-13,2024-07-08,2024-07-14,28,28,28,7,July,Jul,2025-07-01,2025-07-31,2024-07-01,2024-07-31,3,2025-07-01,2025-09-30,2025,2025-01-01,2025-12-31
2025-07-10,2025-07-09,2025-07-11,2024-07-10,2024-07-11,5,4,Thursday,Thu,10,191,2025-07-06,2025-07-12,2024-07-07,2024-07-13,28,2025-07-07,2025-07-13,2024-07-08,2024-07-14,28,28,28,7,July,Jul,2025-07-01,2025-07-31,2024-07-01,2024-07-31,3,2025-07-01,2025-09-30,2025,2025-01-01,2025-12-31
2025-07-11,2025-07-10,2025-07-12,2024-07-11,2024-07-12,6,5,Friday,Fri,11,192,2025-07-06,2025-07-12,2024-07-07,2024-07-13,28,2025-07-07,2025-07-13,2024-07-08,2024-07-14,28,28,28,7,July,Jul,2025-07-01,2025-07-31,2024-07-01,2024-07-31,3,2025-07-01,2025-09-30,2025,2025-01-01,2025-12-31
2025-07-12,2025-07-11,2025-07-13,2024-07-12,2024-07-13,7,6,Saturday,Sat,12,193,2025-07-06,2025-07-12,2024-07-07,2024-07-13,28,2025-07-07,2025-07-13,2024-07-08,2024-07-14,28,28,28,7,July,Jul,2025-07-01,2025-07-31,2024-07-01,2024-07-31,3,2025-07-01,2025-09-30,2025,2025-01-01,2025-12-31
2025-07-13,2025-07-12,2025-07-14,2024-07-13,2024-07-14,1,7,Sunday,Sun,13,194,2025-07-13,2025-07-19,2024-07-14,2024-07-20,28,2025-07-07,2025-07-13,2024-07-08,2024-07-14,28,28,28,7,July,Jul,2025-07-01,2025-07-31,2024-07-01,2024-07-31,3,2025-07-01,2025-09-30,2025,2025-01-01,2025-12-31
2025-07-14,2025-07-13,2025-07-15,2024-07-14,2024-07-15,2,1,Monday,Mon,14,195,2025-07-13,2025-07-19,2024-07-14,2024-07-20,28,2025-07-14,2025-07-20,2024-07-15,2024-07-21,29,29,29,7,July,Jul,2025-07-01,2025-07-31,2024-07-01,2024-07-31,3,2025-07-01,2025-09-30,2025,2025-01-01,2025-12-31
2025-07-15,2025-07-14,2025-07-16,2024-07-15,2024-07-16,3,2,Tuesday,Tue,15,196,2025-07-13,2025-07-19,2024-07-14,2024-07-20,28,2025-07-14,2025-07-20,2024-07-15,2024-07-21,29,29,29,7,July,Jul,2025-07-01,2025-07-31,2024-07-01,2024-07-31,3,2025-07-01,2025-09-30,2025,2025-01-01,2025-12-31
2025-07-16,2025-07-15,2025-07-17,2024-07-16,2024-07-17,4,3,Wednesday,Wed,16,197,2025-07-13,2025-07-19,2024-07-14,2024-07-20,29,2025-07-14,2025-07-20,2024-07-15,2024-07-21,29,29,29,7,July,Jul,2025-07-01,2025-07-31,2024-07-01,2024-07-31,3,2025-07-01,2025-09-30,2025,2025-01-01,2025-12-31
2025-07-17,2025-07-16,2025-07-18,2024-07-17,2024-07-18,5,4,Thursday,Thu,17,198,2025-07-13,2025-07-19,2024-07-14,2024-07-20,29,2025-07-14,2025-07-20,2024-07-15,2024-07-21,29,29,29,7,July,Jul,2025-07-01,2025-07-31,2024-07-01,2024-07-31,3,2025-07-01,2025-09-30,2025,2025-01-01,2025-12-31
2025-07-18,2025-07-17,2025-07-19,2024-07-18,2024-07-19,6,5,Friday,Fri,18,199,2025-07-13,2025-07-19,2024-07-14,2024-07-20,29,2025-07-14,2025-07-20,2024-07-15,2024-07-21,29,29,29,7,July,Jul,2025-07-01,2025-07-31,2024-07-01,2024-07-31,3,2025-07-01,2025-09-30,2025,2025-01-01,2025-12-31
2025-07-19,2025-07-18,2025-07-20,2024-07-19,2024-07-20,7,6,Saturday,Sat,19,200,2025-07-13,2025-07-19,2024-07-14,2024-07-20,29,2025-07-14,2025-07-20,2024-07-15,2024-07-21,29,29,29,7,July,Jul,2025-07-01,2025-07-31,2024-07-01,2024-07-31,3,2025-07-01,2025-09-30,2025,2025-01-01,2025-12-31
2025-07-20,2025-07-19,2025-07-21,2024-07-20,2024-07-21,1,7,Sunday,Sun,20,201,2025-07-20,2025-07-26,2024-07-21,2024-07-27,29,2025-07-14,2025-07-20,2024-07-15,2024-07-21,29,29,29,7,July,Jul,2025-07-01,2025-07-31,2024-07-01,2024-07-31,3,2025-07-01,2025-09-30,2025,2025-01-01,2025-12-31
2025-07-21,2025-07-20,2025-07-22,2024-07-21,2024-07-22,2,1,Monday,Mon,21,202,2025-07-20,2025-07-26,2024-07-21,2024-07-27,29,2025-07-21,2025-07-27,2024-07-22,2024-07-28,30,30,30,7,July,Jul,2025-07-01,2025-07-31,2024-07-01,2024-07-31,3,2025-07-01,2025-09-30,2025,2025-01-01,2025-12-31
2025-07-22,2025-07-21,2025-07-23,2024-07-22,2024-07-23,3,2,Tuesday,Tue,22,203,2025-07-20,2025-07-26,2024-07-21,2024-07-27,29,2025-07-21,2025-07-27,2024-07-22,2024-07-28,30,30,30,7,July,Jul,2025-07-01,2025-07-31,2024-07-01,2024-07-31,3,2025-07-01,2025-09-30,2025,2025-01-01,2025-12-31
2025-07-23,2025-07-22,2025-07-24,2024-07-23,2024-07-24,4,3,Wednesday,Wed,23,204,2025-07-20,2025-07-26,2024-07-21,2024-07-27,30,2025-07-21,2025-07-27,2024-07-22,2024-07-28,30,30,30,7,July,Jul,2025-07-01,2025-07-31,2024-07-01,2024-07-31,3,2025-07-01,2025-09-30,2025,2025-01-01,2025-12-31
2025-07-24,2025-07-23,2025-07-25,2024-07-24,2024-07-25,5,4,Thursday,Thu,24,205,2025-07-20,2025-07-26,2024-07-21,2024-07-27,30,2025-07-21,2025-07-27,2024-07-22,2024-07-28,30,30,30,7,July,Jul,2025-07-01,2025-07-31,2024-07-01,2024-07-31,3,2025-07-01,2025-09-30,2025,2025-01-01,2025-12-31
2025-07-25,2025-07-24,2025-07-26,2024-07-25,2024-07-26,6,5,Friday,Fri,25,206,2025-07-20,2025-07-26,2024-07-21,2024-07-27,30,2025-07-21,2025-07-27,2024-07-22,2024-07-28,30,30,30,7,July,Jul,2025-07-01,2025-07-31,2024-07-01,2024-07-31,3,2025-07-01,2025-09-30,2025,2025-01-01,2025-12-31
2025-07-26,2025-07-25,2025-07-27,2024-07-26,2024-07-27,7,6,Saturday,Sat,26,207,2025-07-20,2025-07-26,2024-07-21,2024-07-27,30,2025-07-21,2025-07-27,2024-07-22,2024-07-28,30,30,30,7,July,Jul,2025-07-01,2025-07-31,2024-07-01,2024-07-31,3,2025-07-01,2025-09-30,2025,2025-01-01,2025-12-31
2025-07-27,2025-07-26,2025-07-28,2024-07-27,2024-07-28,1,7,Sunday,Sun,27,208,2025-07-27,2025-08-02,2024-07-28,2024-08-03,30,2025-07-21,2025-07-27,2024-07-22,2024-07-28,30,30,30,7,July,Jul,2025-07-01,2025-07-31,2024-07-01,2024-07-31,3,2025-07-01,2025-09-30,2025,2025-01-01,2025-12-31
2025-07-28,2025-07-27,2025-07-29,2024-07-28,2024-07-29,2,1,Monday,Mon,28,209,2025-07-27,2025-08-02,2024-07-28,2024-08-03,30,2025-07-28,2025-08-03,2024-07-29,2024-08-04,31,31,31,7,July,Jul,2025-07-01,2025-07-31,2024-07-01,2024-07-31,3,2025-07-01,2025-09-30,2025,2025-01-01,2025-12-31
2025-07-29,2025-07-28,2025-07-30,2024-07-29,2024-07-30,3,2,Tuesday,Tue,29,210,2025-07-27,2025-08-02,2024-07-28,2024-08-03,30,2025-07-28,2025-08-03,2024-07-29,2024-08-04,31,31,31,7,July,Jul,2025-07-01,2025-07-31,2024-07-01,2024-07-31,3,2025-07-01,2025-09-30,2025,2025-01-01,2025-12-31
2025-07-30,2025-07-29,2025-07-31,2024-07-30,2024-07-31,4,3,Wednesday,Wed,30,211,2025-07-27,2025-08-02,2024-07-28,2024-08-03,31,2025-07-28,2025-08-03,2024-07-29,2024-08-04,31,31,31,7,July,Jul,2025-07-01,2025-07-31,2024-07-01,2024-07-31,3,2025-07-01,2025-09-30,2025,2025-01-01,2025-12-31
2025-07-31,2025-07-30,2025-08-01,2024-07-31,2024-08-01,5,4,Thursday,Thu,31,212,2025-07-27,2025-08-02,2024-07-28,2024-08-03,31,2025-07-28,2025-08-03,2024-07-29,2024-08-04,31,31,31,7,July,Jul,2025-07-01,2025-07-31,2024-07-01,2024-07-31,3,2025-07-01,2025-09-30,2025,2025-01-01,2025-12-31
2025-08-01,2025-07-31,2025-08-02,2024-08-01,2024-08-02,6,5,Friday,Fri,1,213,2025-07-27,2025-08-02,2024-07-28,2024-08-03,31,2025-07-28,2025-08-03,2024-07-29,2024-08-04,31,31,31,8,August,Aug,2025-08-01,2025-08-31,2024-08-01,2024-08-31,3,2025-07-01,2025-09-30,2025,2025-01-01,2025-12-31
2025-08-02,2025-08-01,2025-08-03,2024-08-02,2024-08-03,7,6,Saturday,Sat,2,214,2025-07-27,2025-08-02,2024-07-28,2024-08-03,31,2025-07-28,2025-08-03,2024-07-29,2024-08-04,31,31,31,8,August,Aug,2025-08-01,2025-08-31,2024-08-01,2024-08-31,3,2025-07-01,2025-09-30,2025,2025-01-01,2025-12-31
2025-08-03,2025-08-02,2025-08-04,2024-08-03,2024-08-04,1,7,Sunday,Sun,3,215,2025-08-03,2025-08-09,2024-08-04,2024-08-10,31,2025-07-28,2025-08-03,2024-07-29,2024-08-04,31,31,31,8,August,Aug,2025-08-01,2025-08-31,2024-08-01,2024-08-31,3,2025-07-01,2025-09-30,2025,2025-01-01,2025-12-31
2025-08-04,2025-08-03,2025-08-05,2024-08-04,2024-08-05,2,1,Monday,Mon,4,216,2025-08-03,2025-08-09,2024-08-04,2024-08-10,31,2025-08-04,2025-08-10,2024-08-05,2024-08-11,32,32,32,8,August,Aug,2025-08-01,2025-08-31,2024-08-01,2024-08-31,3,2025-07-01,2025-09-30,2025,2025-01-01,2025-12-31
2025-08-05,2025-08-04,2025-08-06,2024-08-05,2024-08-06,3,2,Tuesday,Tue,5,217,2025-08-03,2025-08-09,2024-08-04,2024-08-10,31,2025-08-04,2025-08-10,2024-08-05,2024-08-11,32,32,32,8,August,Aug,2025-08-01,2025-08-31,2024-08-01,2024-08-31,3,2025-07-01,2025-09-30,2025,2025-01-01,2025-12-31
2025-08-06,2025-08-05,2025-08-07,2024-08-06,2024-08-07,4,3,Wednesday,Wed,6,218,2025-08-03,2025-08-09,2024-08-04,2024-08-10,32,2025-08-04,2025-08-10,2024-08-05,2024-08-11,32,32,32,8,August,Aug,2025-08-01,2025-08-31,2024-08-01,2024-08-31,3,2025-07-01,2025-09-30,2025,2025-01-01,2025-12-31
2025-08-07,2025-08-06,2025-08-08,2024-08-07,2024-08-08,5,4,Thursday,Thu,7,219,2025-08-03,2025-08-09,2024-08-04,2024-08-10,32,2025-08-04,2025-08-10,2024-08-05,2024-08-11,32,32,32,8,August,Aug,2025-08-01,2025-08-31,2024-08-01,2024-08-31,3,2025-07-01,2025-09-30,2025,2025-01-01,2025-12-31
2025-08-08,2025-08-07,2025-08-09,2024-08-08,2024-08-09,6,5,Friday,Fri,8,220,2025-08-03,2025-08-09,2024-08-04,2024-08-10,32,2025-08-04,2025-08-10,2024-08-05,2024-08-11,32,32,32,8,August,Aug,2025-08-01,2025-08-31,2024-08-01,2024-08-31,3,2025-07-01,2025-09-30,2025,2025-01-01,2025-12-31
2025-08-09,2025-08-08,2025-08-10,2024-08-09,2024-08-10,7,6,Saturday,Sat,9,221,2025-08-03,2025-08-09,2024-08-04,2024-08-10,32,2025-08-04,2025-08-10,2024-08-05,2024-08-11,32,32,32,8,August,Aug,2025-08-01,2025-08-31,2024-08-01,2024-08-31,3,2025-07-01,2025-09-30,2025,2025-01-01,2025-12-31
2025-08-10,2025-08-09,2025-08-11,2024-08-10,2024-08-11,1,7,Sunday,Sun,10,222,2025-08-10,2025-08-16,2024-08-11,2024-08-17,32,2025-08-04,2025-08-10,2024-08-05,2024-08-11,32,32,32,8,August,Aug,2025-08-01,2025-08-31,2024-08-01,2024-08-31,3,2025-07-01,2025-09-30,2025,2025-01-01,2025-12-31
2025-08-11,2025-08-10,2025-08-12,2024-08-11,2024-08-12,2,1,Monday,Mon,11,223,2025-08-10,2025-08-16,2024-08-11,2024-08-17,32,2025-08-11,2025-08-17,2024-08-12,2024-08-18,33,33,33,8,August,Aug,2025-08-01,2025-08-31,2024-08-01,2024-08-31,3,2025-07-01,2025-09-30,2025,2025-01-01,2025-12-31
2025-08-12,2025-08-11,2025-08-13,2024-08-12,2024-08-13,3,2,Tuesday,Tue,12,224,2025-08-10,2025-08-16,2024-08-11,2024-08-17,32,2025-08-11,2025-08-17,2024-08-12,2024-08-18,33,33,33,8,August,Aug,2025-08-01,2025-08-31,2024-08-01,2024-08-31,3,2025-07-01,2025-09-30,2025,2025-01-01,2025-12-31
2025-08-13,2025-08-12,2025-08-14,2024-08-13,2024-08-14,4,3,Wednesday,Wed,13,225,2025-08-10,2025-08-16,2024-08-11,2024-08-17,33,2025-08-11,2025-08-17,2024-08-12,2024-08-18,33,33,33,8,August,Aug,2025-08-01,2025-08-31,2024-08-01,2024-08-31,3,2025-07-01,2025-09-30,2025,2025-01-01,2025-12-31
2025-08-14,2025-08-13,2025-08-15,2024-08-14,2024-08-15,5,4,Thursday,Thu,14,226,2025-08-10,2025-08-16,2024-08-11,2024-08-17,33,2025-08-11,2025-08-17,2024-08-12,2024-08-18,33,33,33,8,August,Aug,2025-08-01,2025-08-31,2024-08-01,2024-08-31,3,2025-07-01,2025-09-30,2025,2025-01-01,2025-12-31
2025-08-15,2025-08-14,2025-08-16,2024-08-15,2024-08-16,6,5,Friday,Fri,15,227,2025-08-10,2025-08-16,2024-08-11,2024-08-17,33,2025-08-11,2025-08-17,2024-08-12,2024-08-18,33,33,33,8,August,Aug,2025-08-01,2025-08-31,2024-08-01,2024-08-31,3,2025-07-01,2025-09-30,2025,2025-01-01,2025-12-31
2025-08-16,2025-08-15,2025-08-17,2024-08-16,2024-08-17,7,6,Saturday,Sat,16,228,2025-08-10,2025-08-16,2024-08-11,2024-08-17,33,2025-08-11,2025-08-17,2024-08-12,2024-08-18,33,33,33,8,August,Aug,2025-08-01,2025-08-31,2024-08-01,2024-08-31,3,2025-07-01,2025-09-30,2025,2025-01-01,2025-12-31
2025-08-17,2025-08-16,2025-08-18,2024-08-17,2024-08-18,1,7,Sunday,Sun,17,229,2025-08-17,2025-08-23,2024-08-18,2024-08-24,33,2025-08-11,2025-08-17,2024-08-12,2024-08-18,33,33,33,8,August,Aug,2025-08-01,2025-08-31,2024-08-01,2024-08-31,3,2025-07-01,2025-09-30,2025,2025-01-01,2025-12-31
2025-08-18,2025-08-17,2025-08-19,2024-08-18,2024-08-19,2,1,Monday,Mon,18,230,2025-08-17,2025-08-23,2024-08-18,2024-08-24,33,2025-08-18,2025-08-24,2024-08-19,2024-08-25,34,34,34,8,August,Aug,2025-08-01,2025-08-31,2024-08-01,2024-08-31,3,2025-07-01,2025-09-30,2025,2025-01-01,2025-12-31
2025-08-19,2025-08-18,2025-08-20,2024-08-19,2024-08-20,3,2,Tuesday,Tue,19,231,2025-08-17,2025-08-23,2024-08-18,2024-08-24,33,2025-08-18,2025-08-24,2024-08-19,2024-08-25,34,34,34,8,August,Aug,2025-08-01,2025-08-31,2024-08-01,2024-08-31,3,2025-07-01,2025-09-30,2025,2025-01-01,2025-12-31
2025-08-20,2025-08-19,2025-08-21,2024-08-20,2024-08-21,4,3,Wednesday,Wed,20,232,2025-08-17,2025-08-23,2024-08-18,2024-08-24,34,2025-08-18,2025-08-24,2024-08-19,2024-08-25,34,34,34,8,August,Aug,2025-08-01,2025-08-31,2024-08-01,2024-08-31,3,2025-07-01,2025-09-30,2025,2025-01-01,2025-12-31
2025-08-21,2025-08-20,2025-08-22,2024-08-21,2024-08-22,5,4,Thursday,Thu,21,233,2025-08-17,2025-08-23,2024-08-18,2024-08-24,34,2025-08-18,2025-08-24,2024-08-19,2024-08-25,34,34,34,8,August,Aug,2025-08-01,2025-08-31,2024-08-01,2024-08-31,3,2025-07-01,2025-09-30,2025,2025-01-01,2025-12-31
2025-08-22,2025-08-21,2025-08-23,2024-08-22,2024-08-23,6,5,Friday,Fri,22,234,2025-08-17,2025-08-23,2024-08-18,2024-08-24,34,2025-08-18,2025-08-24,2024-08-19,2024-08-25,34,34,34,8,August,Aug,2025-08-01,2025-08-31,2024-08-01,2024-08-31,3,2025-07-01,2025-09-30,2025,2025-01-01,2025-12-31
2025-08-23,2025-08-22,2025-08-24,2024-08-23,2024-08-24,7,6,Saturday,Sat,23,235,2025-08-17,2025-08-23,2024-08-18,2024-08-24,34,2025-08-18,2025-08-24,2024-08-19,2024-08-25,34,34,34,8,August,Aug,2025-08-01,2025-08-31,2024-08-01,2024-08-31,3,2025-07-01,2025-09-30,2025,2025-01-01,2025-12-31
2025-08-24,2025-08-23,2025-08-25,2024-08-24,2024-08-25,1,7,Sunday,Sun,24,236,2025-08-24,2025-08-30,2024-08-25,2024-08-31,34,2025-08-18,2025-08-24,2024-08-19,2024-08-25,34,34,34,8,August,Aug,2025-08-01,2025-08-31,2024-08-01,2024-08-31,3,2025-07-01,2025-09-30,2025,2025-01-01,2025-12-31
2025-08-25,2025-08-24,2025-08-26,2024-08-25,2024-08-26,2,1,Monday,Mon,25,237,2025-08-24,2025-08-30,2024-08-25,2024-08-31,34,2025-08-25,2025-08-31,2024-08-26,2024-09-01,35,35,35,8,August,Aug,2025-08-01,2025-08-31,2024-08-01,2024-08-31,3,2025-07-01,2025-09-30,2025,2025-01-01,2025-12-31
2025-08-26,2025-08-25,2025-08-27,2024-08-26,2024-08-27,3,2,Tuesday,Tue,26,238,2025-08-24,2025-08-30,2024-08-25,2024-08-31,34,2025-08-25,2025-08-31,2024-08-26,2024-09-01,35,35,35,8,August,Aug,2025-08-01,2025-08-31,2024-08-01,2024-08-31,3,2025-07-01,2025-09-30,2025,2025-01-01,2025-12-31
2025-08-27,2025-08-26,2025-08-28,2024-08-27,2024-08-28,4,3,Wednesday,Wed,27,239,2025-08-24,2025-08-30,2024-08-25,2024-08-31,35,2025-08-25,2025-08-31,2024-08-26,2024-09-01,35,35,35,8,August,Aug,2025-08-01,2025-08-31,2024-08-01,2024-08-31,3,2025-07-01,2025-09-30,2025,2025-01-01,2025-12-31
2025-08-28,2025-08-27,2025-08-29,2024-08-28,2024-08-29,5,4,Thursday,Thu,28,240,2025-08-24,2025-08-30,2024-08-25,2024-08-31,35,2025-08-25,2025-08-31,2024-08-26,2024-09-01,35,35,35,8,August,Aug,2025-08-01,2025-08-31,2024-08-01,2024-08-31,3,2025-07-01,2025-09-30,2025,2025-01-01,2025-12-31
2025-08-29,2025-08-28,2025-08-30,2024-08-29,2024-08-30,6,5,Friday,Fri,29,241,2025-08-24,2025-08-30,2024-08-25,2024-08-31,35,2025-08-25,2025-08-31,2024-08-26,2024-09-01,35,35,35,8,August,Aug,2025-08-01,2025-08-31,2024-08-01,2024-08-31,3,2025-07-01,2025-09-30,2025,2025-01-01,2025-12-31
2025-08-30,2025-08-29,2025-08-31,2024-08-30,2024-08-31,7,6,Saturday,Sat,30,242,2025-08-24,2025-08-30,2024-08-25,2024-08-31,35,2025-08-25,2025-08-31,2024-08-26,2024-09-01,35,35,35,8,August,Aug,2025-08-01,2025-08-31,2024-08-01,2024-08-31,3,2025-07-01,2025-09-30,2025,2025-01-01,2025-12-31
2025-08-31,2025-08-30,2025-09-01,2024-08-31,2024-09-01,1,7,Sunday,Sun,31,243,2025-08-31,2025-09-06,2024-09-01,2024-09-07,35,2025-08-25,2025-08-31,2024-08-26,2024-09-01,35,35,35,8,August,Aug,2025-08-01,2025-08-31,2024-08-01,2024-08-31,3,2025-07-01,2025-09-30,2025,2025-01-01,2025-12-31
2025-09-01,2025-08-31,2025-09-02,2024-09-01,2024-09-02,2,1,Monday,Mon,1,244,2025-08-31,2025-09-06,2024-09-01,2024-09-07,35,2025-09-01,2025-09-07,2024-09-02,2024-09-08,36,36,36,9,September,Sep,2025-09-01,2025-09-30,2024-09-01,2024-09-30,3,2025-07-01,2025-09-30,2025,2025-01-01,2025-12-31
2025-09-02,2025-09-01,2025-09-03,2024-09-02,2024-09-03,3,2,Tuesday,Tue,2,245,2025-08-31,2025-09-06,2024-09-01,2024-09-07,35,2025-09-01,2025-09-07,2024-09-02,2024-09-08,36,36,36,9,September,Sep,2025-09-01,2025-09-30,2024-09-01,2024-09-30,3,2025-07-01,2025-09-30,2025,2025-01-01,2025-12-31
2025-09-03,2025-09-02,2025-09-04,2024-09-03,2024-09-04,4,3,Wednesday,Wed,3,246,2025-08-31,2025-09-06,2024-09-01,2024-09-07,36,2025-09-01,2025-09-07,2024-09-02,2024-09-08,36,36,36,9,September,Sep,2025-09-01,2025-09-30,2024-09-01,2024-09-30,3,2025-07-01,2025-09-30,2025,2025-01-01,2025-12-31
2025-09-04,2025-09-03,2025-09-05,2024-09-04,2024-09-05,5,4,Thursday,Thu,4,247,2025-08-31,2025-09-06,2024-09-01,2024-09-07,36,2025-09-01,2025-09-07,2024-09-02,2024-09-08,36,36,36,9,September,Sep,2025-09-01,2025-09-30,2024-09-01,2024-09-30,3,2025-07-01,2025-09-30,2025,2025-01-01,2025-12-31
2025-09-05,2025-09-04,2025-09-06,2024-09-05,2024-09-06,6,5,Friday,Fri,5,248,2025-08-31,2025-09-06,2024-09-01,2024-09-07,36,2025-09-01,2025-09-07,2024-09-02,2024-09-08,36,36,36,9,September,Sep,2025-09-01,2025-09-30,2024-09-01,2024-09-30,3,2025-07-01,2025-09-30,2025,2025-01-01,2025-12-31
2025-09-06,2025-09-05,2025-09-07,2024-09-06,2024-09-07,7,6,Saturday,Sat,6,249,2025-08-31,2025-09-06,2024-09-01,2024-09-07,36,2025-09-01,2025-09-07,2024-09-02,2024-09-08,36,36,36,9,September,Sep,2025-09-01,2025-09-30,2024-09-01,2024-09-30,3,2025-07-01,2025-09-30,2025,2025-01-01,2025-12-31
2025-09-07,2025-09-06,2025-09-08,2024-09-07,2024-09-08,1,7,Sunday,Sun,7,250,2025-09-07,2025-09-13,2024-09-08,2024-09-14,36,2025-09-01,2025-09-07,2024-09-02,2024-09-08,36,36,36,9,September,Sep,2025-09-01,2025-09-30,2024-09-01,2024-09-30,3,2025-07-01,2025-09-30,2025,2025-01-01,2025-12-31
2025-09-08,2025-09-07,2025-09-09,2024-09-08,2024-09-09,2,1,Monday,Mon,8,251,2025-09-07,2025-09-13,2024-09-08,2024-09-14,36,2025-09-08,2025-09-14,2024-09-09,2024-09-15,37,37,37,9,September,Sep,2025-09-01,2025-09-30,2024-09-01,2024-09-30,3,2025-07-01,2025-09-30,2025,2025-01-01,2025-12-31
2025-09-09,2025-09-08,2025-09-10,2024-09-09,2024-09-10,3,2,Tuesday,Tue,9,252,2025-09-07,2025-09-13,2024-09-08,2024-09-14,36,2025-09-08,2025-09-14,2024-09-09,2024-09-15,37,37,37,9,September,Sep,2025-09-01,2025-09-30,2024-09-01,2024-09-30,3,2025-07-01,2025-09-30,2025,2025-01-01,2025-12-31
2025-09-10,2025-09-09,2025-09-11,2024-09-10,2024-09-11,4,3,Wednesday,Wed,10,253,2025-09-07,2025-09-13,2024-09-08,2024-09-14,37,2025-09-08,2025-09-14,2024-09-09,2024-09-15,37,37,37,9,September,Sep,2025-09-01,2025-09-30,2024-09-01,2024-09-30,3,2025-07-01,2025-09-30,2025,2025-01-01,2025-12-31
2025-09-11,2025-09-10,2025-09-12,2024-09-11,2024-09-12,5,4,Thursday,Thu,11,254,2025-09-07,2025-09-13,2024-09-08,2024-09-14,37,2025-09-08,2025-09-14,2024-09-09,2024-09-15,37,37,37,9,September,Sep,2025-09-01,2025-09-30,2024-09-01,2024-09-30,3,2025-07-01,2025-09-30,2025,2025-01-01,2025-12-31
2025-09-12,2025-09-11,2025-09-13,2024-09-12,2024-09-13,6,5,Friday,Fri,12,255,2025-09-07,2025-09-13,2024-09-08,2024-09-14,37,2025-09-08,2025-09-14,2024-09-09,2024-09-15,37,37,37,9,September,Sep,2025-09-01,2025-09-30,2024-09-01,2024-09-30,3,2025-07-01,2025-09-30,2025,2025-01-01,2025-12-31
2025-09-13,2025-09-12,2025-09-14,2024-09-13,2024-09-14,7,6,Saturday,Sat,13,256,2025-09-07,2025-09-13,2024-09-08,2024-09-14,37,2025-09-08,2025-09-14,2024-09-09,2024-09-15,37,37,37,9,September,Sep,2025-09-01,2025-09-30,2024-09-01,2024-09-30,3,2025-07-01,2025-09-30,2025,2025-01-01,2025-12-31
2025-09-14,2025-09-13,2025-09-15,2024-09-14,2024-09-15,1,7,Sunday,Sun,14,257,2025-09-14,2025-09-20,2024-09-15,2024-09-21,37,2025-09-08,2025-09-14,2024-09-09,2024-09-15,37,37,37,9,September,Sep,2025-09-01,2025-09-30,2024-09-01,2024-09-30,3,2025-07-01,2025-09-30,2025,2025-01-01,2025-12-31
2025-09-15,2025-09-14,2025-09-16,2024-09-15,2024-09-16,2,1,Monday,Mon,15,258,2025-09-14,2025-09-20,2024-09-15,2024-09-21,37,2025-09-15,2025-09-21,2024-09-16,2024-09-22,38,38,38,9,September,Sep,2025-09-01,2025-09-30,2024-09-01,2024-09-30,3,2025-07-01,2025-09-30,2025,2025-01-01,2025-12-31
2025-09-16,2025-09-15,2025-09-17,2024-09-16,2024-09-17,3,2,Tuesday,Tue,16,259,2025-09-14,2025-09-20,2024-09-15,2024-09-21,37,2025-09-15,2025-09-21,2024-09-16,2024-09-22,38,38,38,9,September,Sep,2025-09-01,2025-09-30,2024-09-01,2024-09-30,3,2025-07-01,2025-09-30,2025,2025-01-01,2025-12-31
2025-09-17,2025-09-16,2025-09-18,2024-09-17,2024-09-18,4,3,Wednesday,Wed,17,260,2025-09-14,2025-09-20,2024-09-15,2024-09-21,38,2025-09-15,2025-09-21,2024-09-16,2024-09-22,38,38,38,9,September,Sep,2025-09-01,2025-09-30,2024-09-01,2024-09-30,3,2025-07-01,2025-09-30,2025,2025-01-01,2025-12-31
2025-09-18,2025-09-17,2025-09-19,2024-09-18,2024-09-19,5,4,Thursday,Thu,18,261,2025-09-14,2025-09-20,2024-09-15,2024-09-21,38,2025-09-15,2025-09-21,2024-09-16,2024-09-22,38,38,38,9,September,Sep,2025-09-01,2025-09-30,2024-09-01,2024-09-30,3,2025-07-01,2025-09-30,2025,2025-01-01,2025-12-31
2025-09-19,2025-09-18,2025-09-20,2024-09-19,2024-09-20,6,5,Friday,Fri,19,262,2025-09-14,2025-09-20,2024-09-15,2024-09-21,38,2025-09-15,2025-09-21,2024-09-16,2024-09-22,38,38,38,9,September,Sep,2025-09-01,2025-09-30,2024-09-01,2024-09-30,3,2025-07-01,2025-09-30,2025,2025-01-01,2025-12-31
2025-09-20,2025-09-19,2025-09-21,2024-09-20,2024-09-21,7,6,Saturday,Sat,20,263,2025-09-14,2025-09-20,2024-09-15,2024-09-21,38,2025-09-15,2025-09-21,2024-09-16,2024-09-22,38,38,38,9,September,Sep,2025-09-01,2025-09-30,2024-09-01,2024-09-30,3,2025-07-01,2025-09-30,2025,2025-01-01,2025-12-31
2025-09-21,2025-09-20,2025-09-22,2024-09-21,2024-09-22,1,7,Sunday,Sun,21,264,2025-09-21,2025-09-27,2024-09-22,2024-09-28,38,2025-09-15,2025-09-21,2024-09-16,2024-09-22,38,38,38,9,September,Sep,2025-09-01,2025-09-30,2024-09-01,2024-09-30,3,2025-07-01,2025-09-30,2025,2025-01-01,2025-12-31
2025-09-22,2025-09-21,2025-09-23,2024-09-22,2024-09-23,2,1,Monday,Mon,22,265,2025-09-21,2025-09-27,2024-09-22,2024-09-28,38,2025-09-22,2025-09-28,2024-09-23,2024-09-29,39,39,39,9,September,Sep,2025-09-01,2025-09-30,2024-09-01,2024-09-30,3,2025-07-01,2025-09-30,2025,2025-01-01,2025-12-31
2025-09-23,2025-09-22,2025-09-24,2024-09-23,2024-09-24,3,2,Tuesday,Tue,23,266,2025-09-21,2025-09-27,2024-09-22,2024-09-28,38,2025-09-22,2025-09-28,2024-09-23,2024-09-29,39,39,39,9,September,Sep,2025-09-01,2025-09-30,2024-09-01,2024-09-30,3,2025-07-01,2025-09-30,2025,2025-01-01,2025-12-31
2025-09-24,2025-09-23,2025-09-25,2024-09-24,2024-09-25,4,3,Wednesday,Wed,24,267,2025-09-21,2025-09-27,2024-09-22,2024-09-28,39,2025-09-22,2025-09-28,2024-09-23,2024-09-29,39,39,39,9,September,Sep,2025-09-01,2025-09-30,2024-09-01,2024-09-30,3,2025-07-01,2025-09-30,2025,2025-01-01,2025-12-31
2025-09-25,2025-09-24,2025-09-26,2024-09-25,2024-09-26,5,4,Thursday,Thu,25,268,2025-09-21,2025-09-27,2024-09-22,2024-09-28,39,2025-09-22,2025-09-28,2024-09-23,2024-09-29,39,39,39,9,September,Sep,2025-09-01,2025-09-30,2024-09-01,2024-09-30,3,2025-07-01,2025-09-30,2025,2025-01-01,2025-12-31
2025-09-26,2025-09-25,2025-09-27,2024-09-26,2024-09-27,6,5,Friday,Fri,26,269,2025-09-21,2025-09-27,2024-09-22,2024-09-28,39,2025-09-22,2025-09-28,2024-09-23,2024-09-29,39,39,39,9,September,Sep,2025-09-01,2025-09-30,2024-09-01,2024-09-30,3,2025-07-01,2025-09-30,2025,2025-01-01,2025-12-31
2025-09-27,2025-09-26,2025-09-28,2024-09-27,2024-09-28,7,6,Saturday,Sat,27,270,2025-09-21,2025-09-27,2024-09-22,2024-09-28,39,2025-09-22,2025-09-28,2024-09-23,2024-09-29,39,39,39,9,September,Sep,2025-09-01,2025-09-30,2024-09-01,2024-09-30,3,2025-07-01,2025-09-30,2025,2025-01-01,2025-12-31
2025-09-28,2025-09-27,2025-09-29,2024-09-28,2024-09-29,1,7,Sunday,Sun,28,271,2025-09-28,2025-10-04,2024-09-29,2024-10-05,39,2025-09-22,2025-09-28,2024-09-23,2024-09-29,39,39,39,9,September,Sep,2025-09-01,2025-09-30,2024-09-01,2024-09-30,3,2025-07-01,2025-09-30,2025,2025-01-01,2025-12-31
2025-09-29,2025-09-28,2025-09-30,2024-09-29,2024-09-30,2,1,Monday,Mon,29,272,2025-09-28,2025-10-04,2024-09-29,2024-10-05,39,2025-09-29,2025-10-05,2024-09-30,2024-10-06,40,40,40,9,September,Sep,2025-09-01,2025-09-30,2024-09-01,2024-09-30,3,2025-07-01,2025-09-30,2025,2025-01-01,2025-12-31
2025-09-30,2025-09-29,2025-10-01,2024-09-30,2024-10-01,3,2,Tuesday,Tue,30,273,2025-09-28,2025-10-04,2024-09-29,2024-10-05,39,2025-09-29,2025-10-05,2024-09-30,2024-10-06,40,40,40,9,September,Sep,2025-09-01,2025-09-30,2024-09-01,2024-09-30,3,2025-07-01,2025-09-30,2025,2025-01-01,2025-12-31
2025-10-01,2025-09-30,2025-10-02,2024-10-01,2024-10-02,4,3,Wednesday,Wed,1,274,2025-09-28,2025-10-04,2024-09-29,2024-10-05,40,2025-09-29,2025-10-05,2024-09-30,2024-10-06,40,40,40,10,October,Oct,2025-10-01,2025-10-31,2024-10-01,2024-10-31,4,2025-10-01,2025-12-31,2025,2025-01-01,2025-12-31
2025-10-02,2025-10-01,2025-10-03,2024-10-02,2024-10-03,5,4,Thursday,Thu,2,275,2025-09-28,2025-10-04,2024-09-29,2024-10-05,40,2025-09-29,2025-10-05,2024-09-30,2024-10-06,40,40,40,10,October,Oct,2025-10-01,2025-10-31,2024-10-01,2024-10-31,4,2025-10-01,2025-12-31,2025,2025-01-01,2025-12-31
2025-10-03,2025-10-02,2025-10-04,2024-10-03,2024-10-04,6,5,Friday,Fri,3,276,2025-09-28,2025-10-04,2024-09-29,2024-10-05,40,2025-09-29,2025-10-05,2024-09-30,2024-10-06,40,40,40,10,October,Oct,2025-10-01,2025-10-31,2024-10-01,2024-10-31,4,2025-10-01,2025-12-31,2025,2025-01-01,2025-12-31
2025-10-04,2025-10-03,2025-10-05,2024-10-04,2024-10-05,7,6,Saturday,Sat,4,277,2025-09-28,2025-10-04,2024-09-29,2024-10-05,40,2025-09-29,2025-10-05,2024-09-30,2024-10-06,40,40,40,10,October,Oct,2025-10-01,2025-10-31,2024-10-01,2024-10-31,4,2025-10-01,2025-12-31,2025,2025-01-01,2025-12-31
2025-10-05,2025-10-04,2025-10-06,2024-10-05,2024-10-06,1,7,Sunday,Sun,5,278,2025-10-05,2025-10-11,2024-10-06,2024-10-12,40,2025-09-29,2025-10-05,2024-09-30,2024-10-06,40,40,40,10,October,Oct,2025-10-01,2025-10-31,2024-10-01,2024-10-31,4,2025-10-01,2025-12-31,2025,2025-01-01,2025-12-31
2025-10-06,2025-10-05,2025-10-07,2024-10-06,2024-10-07,2,1,Monday,Mon,6,279,2025-10-05,2025-10-11,2024-10-06,2024-10-12,40,2025-10-06,2025-10-12,2024-10-07,2024-10-13,41,41,41,10,October,Oct,2025-10-01,2025-10-31,2024-10-01,2024-10-31,4,2025-10-01,2025-12-31,2025,2025-01-01,2025-12-31
2025-10-07,2025-10-06,2025-10-08,2024-10-07,2024-10-08,3,2,Tuesday,Tue,7,280,2025-10-05,2025-10-11,2024-10-06,2024-10-12,40,2025-10-06,2025-10-12,2024-10-07,2024-10-13,41,41,41,10,October,Oct,2025-10-01,2025-10-31,2024-10-01,2024-10-31,4,2025-10-01,2025-12-31,2025,2025-01-01,2025-12-31
2025-10-08,2025-10-07,2025-10-09,2024-10-08,2024-10-09,4,3,Wednesday,Wed,8,281,2025-10-05,2025-10-11,2024-10-06,2024-10-12,41,2025-10-06,2025-10-12,2024-10-07,2024-10-13,41,41,41,10,October,Oct,2025-10-01,2025-10-31,2024-10-01,2024-10-31,4,2025-10-01,2025-12-31,2025,2025-01-01,2025-12-31
2025-10-09,2025-10-08,2025-10-10,2024-10-09,2024-10-10,5,4,Thursday,Thu,9,282,2025-10-05,2025-10-11,2024-10-06,2024-10-12,41,2025-10-06,2025-10-12,2024-10-07,2024-10-13,41,41,41,10,October,Oct,2025-10-01,2025-10-31,2024-10-01,2024-10-31,4,2025-10-01,2025-12-31,2025,2025-01-01,2025-12-31
2025-10-10,2025-10-09,2025-10-11,2024-10-10,2024-10-11,6,5,Friday,Fri,10,283,2025-10-05,2025-10-11,2024-10-06,2024-10-12,41,2025-10-06,2025-10-12,2024-10-07,2024-10-13,41,41,41,10,October,Oct,2025-10-01,2025-10-31,2024-10-01,2024-10-31,4,2025-10-01,2025-12-31,2025,2025-01-01,2025-12-31
2025-10-11,2025-10-10,2025-10-12,2024-10-11,2024-10-12,7,6,Saturday,Sat,11,284,2025-10-05,2025-10-11,2024-10-06,2024-10-12,41,2025-10-06,2025-10-12,2024-10-07,2024-10-13,41,41,41,10,October,Oct,2025-10-01,2025-10-31,2024-10-01,2024-10-31,4,2025-10-01,2025-12-31,2025,2025-01-01,2025-12-31
2025-10-12,2025-10-11,2025-10-13,2024-10-12,2024-10-13,1,7,Sunday,Sun,12,285,2025-10-12,2025-10-18,2024-10-13,2024-10-19,41,2025-10-06,2025-10-12,2024-10-07,2024-10-13,41,41,41,10,October,Oct,2025-10-01,2025-10-31,2024-10-01,2024-10-31,4,2025-10-01,2025-12-31,2025,2025-01-01,2025-12-31
2025-10-13,2025-10-12,2025-10-14,2024-10-13,2024-10-14,2,1,Monday,Mon,13,286,2025-10-12,2025-10-18,2024-10-13,2024-10-19,41,2025-10-13,2025-10-19,2024-10-14,2024-10-20,42,42,42,10,October,Oct,2025-10-01,2025-10-31,2024-10-01,2024-10-31,4,2025-10-01,2025-12-31,2025,2025-01-01,2025-12-31
2025-10-14,2025-10-13,2025-10-15,2024-10-14,2024-10-15,3,2,Tuesday,Tue,14,287,2025-10-12,2025-10-18,2024-10-13,2024-10-19,41,2025-10-13,2025-10-19,2024-10-14,2024-10-20,42,42,42,10,October,Oct,2025-10-01,2025-10-31,2024-10-01,2024-10-31,4,2025-10-01,2025-12-31,2025,2025-01-01,2025-12-31
2025-10-15,2025-10-14,2025-10-16,2024-10-15,2024-10-16,4,3,Wednesday,Wed,15,288,2025-10-12,2025-10-18,2024-10-13,2024-10-19,42,2025-10-13,2025-10-19,2024-10-14,2024-10-20,42,42,42,10,October,Oct,2025-10-01,2025-10-31,2024-10-01,2024-10-31,4,2025-10-01,2025-12-31,2025,2025-01-01,2025-12-31
2025-10-16,2025-10-15,2025-10-17,2024-10-16,2024-10-17,5,4,Thursday,Thu,16,289,2025-10-12,2025-10-18,2024-10-13,2024-10-19,42,2025-10-13,2025-10-19,2024-10-14,2024-10-20,42,42,42,10,October,Oct,2025-10-01,2025-10-31,2024-10-01,2024-10-31,4,2025-10-01,2025-12-31,2025,2025-01-01,2025-12-31
2025-10-17,2025-10-16,2025-10-18,2024-10-17,2024-10-18,6,5,Friday,Fri,17,290,2025-10-12,2025-10-18,2024-10-13,2024-10-19,42,2025-10-13,2025-10-19,2024-10-14,2024-10-20,42,42,42,10,October,Oct,2025-10-01,2025-10-31,2024-10-01,2024-10-31,4,2025-10-01,2025-12-31,2025,2025-01-01,2025-12-31
2025-10-18,2025-10-17,2025-10-19,2024-10-18,2024-10-19,7,6,Saturday,Sat,18,291,2025-10-12,2025-10-18,2024-10-13,2024-10-19,42,2025-10-13,2025-10-19,2024-10-14,2024-10-20,42,42,42,10,October,Oct,2025-10-01,2025-10-31,2024-10-01,2024-10-31,4,2025-10-01,2025-12-31,2025,2025-01-01,2025-12-31
2025-10-19,2025-10-18,2025-10-20,2024-10-19,2024-10-20,1,7,Sunday,Sun,19,292,2025-10-19,2025-10-25,2024-10-20,2024-10-26,42,2025-10-13,2025-10-19,2024-10-14,2024-10-20,42,42,42,10,October,Oct,2025-10-01,2025-10-31,2024-10-01,2024-10-31,4,2025-10-01,2025-12-31,2025,2025-01-01,2025-12-31
2025-10-20,2025-10-19,2025-10-21,2024-10-20,2024-10-21,2,1,Monday,Mon,20,293,2025-10-19,2025-10-25,2024-10-20,2024-10-26,42,2025-10-20,2025-10-26,2024-10-21,2024-10-27,43,43,43,10,October,Oct,2025-10-01,2025-10-31,2024-10-01,2024-10-31,4,2025-10-01,2025-12-31,2025,2025-01-01,2025-12-31
2025-10-21,2025-10-20,2025-10-22,2024-10-21,2024-10-22,3,2,Tuesday,Tue,21,294,2025-10-19,2025-10-25,2024-10-20,2024-10-26,42,2025-10-20,2025-10-26,2024-10-21,2024-10-27,43,43,43,10,October,Oct,2025-10-01,2025-10-31,2024-10-01,2024-10-31,4,2025-10-01,2025-12-31,2025,2025-01-01,2025-12-31
2025-10-22,2025-10-21,2025-10-23,2024-10-22,2024-10-23,4,3,Wednesday,Wed,22,295,2025-10-19,2025-10-25,2024-10-20,2024-10-26,43,2025-10-20,2025-10-26,2024-10-21,2024-10-27,43,43,43,10,October,Oct,2025-10-01,2025-10-31,2024-10-01,2024-10-31,4,2025-10-01,2025-12-31,2025,2025-01-01,2025-12-31
2025-10-23,2025-10-22,2025-10-24,2024-10-23,2024-10-24,5,4,Thursday,Thu,23,296,2025-10-19,2025-10-25,2024-10-20,2024-10-26,43,2025-10-20,2025-10-26,2024-10-21,2024-10-27,43,43,43,10,October,Oct,2025-10-01,2025-10-31,2024-10-01,2024-10-31,4,2025-10-01,2025-12-31,2025,2025-01-01,2025-12-31
2025-10-24,2025-10-23,2025-10-25,2024-10-24,2024-10-25,6,5,Friday,Fri,24,297,2025-10-19,2025-10-25,2024-10-20,2024-10-26,43,2025-10-20,2025-10-26,2024-10-21,2024-10-27,43,43,43,10,October,Oct,2025-10-01,2025-10-31,2024-10-01,2024-10-31,4,2025-10-01,2025-12-31,2025,2025-01-01,2025-12-31
2025-10-25,2025-10-24,2025-10-26,2024-10-25,2024-10-26,7,6,Saturday,Sat,25,298,2025-10-19,2025-10-25,2024-10-20,2024-10-26,43,2025-10-20,2025-10-26,2024-10-21,2024-10-27,43,43,43,10,October,Oct,2025-10-01,2025-10-31,2024-10-01,2024-10-31,4,2025-10-01,2025-12-31,2025,2025-01-01,2025-12-31
2025-10-26,2025-10-25,2025-10-27,2024-10-26,2024-10-27,1,7,Sunday,Sun,26,299,2025-10-26,2025-11-01,2024-10-27,2024-11-02,43,2025-10-20,2025-10-26,2024-10-21,2024-10-27,43,43,43,10,October,Oct,2025-10-01,2025-10-31,2024-10-01,2024-10-31,4,2025-10-01,2025-12-31,2025,2025-01-01,2025-12-31
2025-10-27,2025-10-26,2025-10-28,2024-10-27,2024-10-28,2,1,Monday,Mon,27,300,2025-10-26,2025-11-01,2024-10-27,2024-11-02,43,2025-10-27,2025-11-02,2024-10-28,2024-11-03,44,44,44,10,October,Oct,2025-10-01,2025-10-31,2024-10-01,2024-10-31,4,2025-10-01,2025-12-31,2025,2025-01-01,2025-12-31
2025-10-28,2025-10-27,2025-10-29,2024-10-28,2024-10-29,3,2,Tuesday,Tue,28,301,2025-10-26,2025-11-01,2024-10-27,2024-11-02,43,2025-10-27,2025-11-02,2024-10-28,2024-11-03,44,44,44,10,October,Oct,2025-10-01,2025-10-31,2024-10-01,2024-10-31,4,2025-10-01,2025-12-31,2025,2025-01-01,2025-12-31
2025-10-29,2025-10-28,2025-10-30,2024-10-29,2024-10-30,4,3,Wednesday,Wed,29,302,2025-10-26,2025-11-01,2024-10-27,2024-11-02,44,2025-10-27,2025-11-02,2024-10-28,2024-11-03,44,44,44,10,October,Oct,2025-10-01,2025-10-31,2024-10-01,2024-10-31,4,2025-10-01,2025-12-31,2025,2025-01-01,2025-12-31
2025-10-30,2025-10-29,2025-10-31,2024-10-30,2024-10-31,5,4,Thursday,Thu,30,303,2025-10-26,2025-11-01,2024-10-27,2024-11-02,44,2025-10-27,2025-11-02,2024-10-28,2024-11-03,44,44,44,10,October,Oct,2025-10-01,2025-10-31,2024-10-01,2024-10-31,4,2025-10-01,2025-12-31,2025,2025-01-01,2025-12-31
2025-10-31,2025-10-30,2025-11-01,2024-10-31,2024-11-01,6,5,Friday,Fri,31,304,2025-10-26,2025-11-01,2024-10-27,2024-11-02,44,2025-10-27,2025-11-02,2024-10-28,2024-11-03,44,44,44,10,October,Oct,2025-10-01,2025-10-31,2024-10-01,2024-10-31,4,2025-10-01,2025-12-31,2025,2025-01-01,2025-12-31
2025-11-01,2025-10-31,2025-11-02,2024-11-01,2024-11-02,7,6,Saturday,Sat,1,305,2025-10-26,2025-11-01,2024-10-27,2024-11-02,44,2025-10-27,2025-11-02,2024-10-28,2024-11-03,44,44,44,11,November,Nov,2025-11-01,2025-11-30,2024-11-01,2024-11-30,4,2025-10-01,2025-12-31,2025,2025-01-01,2025-12-31
2025-11-02,2025-11-01,2025-11-03,2024-11-02,2024-11-03,1,7,Sunday,Sun,2,306,2025-11-02,2025-11-08,2024-11-03,2024-11-09,44,2025-10-27,2025-11-02,2024-10-28,2024-11-03,44,44,44,11,November,Nov,2025-11-01,2025-11-30,2024-11-01,2024-11-30,4,2025-10-01,2025-12-31,2025,2025-01-01,2025-12-31
2025-11-03,2025-11-02,2025-11-04,2024-11-03,2024-11-04,2,1,Monday,Mon,3,307,2025-11-02,2025-11-08,2024-11-03,2024-11-09,44,2025-11-03,2025-11-09,2024-11-04,2024-11-10,45,45,45,11,November,Nov,2025-11-01,2025-11-30,2024-11-01,2024-11-30,4,2025-10-01,2025-12-31,2025,2025-01-01,2025-12-31
2025-11-04,2025-11-03,2025-11-05,2024-11-04,2024-11-05,3,2,Tuesday,Tue,4,308,2025-11-02,2025-11-08,2024-11-03,2024-11-09,44,2025-11-03,2025-11-09,2024-11-04,2024-11-10,45,45,45,11,November,Nov,2025-11-01,2025-11-30,2024-11-01,2024-11-30,4,2025-10-01,2025-12-31,2025,2025-01-01,2025-12-31
2025-11-05,2025-11-04,2025-11-06,2024-11-05,2024-11-06,4,3,Wednesday,Wed,5,309,2025-11-02,2025-11-08,2024-11-03,2024-11-09,45,2025-11-03,2025-11-09,2024-11-04,2024-11-10,45,45,45,11,November,Nov,2025-11-01,2025-11-30,2024-11-01,2024-11-30,4,2025-10-01,2025-12-31,2025,2025-01-01,2025-12-31
2025-11-06,2025-11-05,2025-11-07,2024-11-06,2024-11-07,5,4,Thursday,Thu,6,310,2025-11-02,2025-11-08,2024-11-03,2024-11-09,45,2025-11-03,2025-11-09,2024-11-04,2024-11-10,45,45,45,11,November,Nov,2025-11-01,2025-11-30,2024-11-01,2024-11-30,4,2025-10-01,2025-12-31,2025,2025-01-01,2025-12-31
2025-11-07,2025-11-06,2025-11-08,2024-11-07,2024-11-08,6,5,Friday,Fri,7,311,2025-11-02,2025-11-08,2024-11-03,2024-11-09,45,2025-11-03,2025-11-09,2024-11-04,2024-11-10,45,45,45,11,November,Nov,2025-11-01,2025-11-30,2024-11-01,2024-11-30,4,2025-10-01,2025-12-31,2025,2025-01-01,2025-12-31
2025-11-08,2025-11-07,2025-11-09,2024-11-08,2024-11-09,7,6,Saturday,Sat,8,312,2025-11-02,2025-11-08,2024-11-03,2024-11-09,45,2025-11-03,2025-11-09,2024-11-04,2024-11-10,45,45,45,11,November,Nov,2025-11-01,2025-11-30,2024-11-01,2024-11-30,4,2025-10-01,2025-12-31,2025,2025-01-01,2025-12-31
2025-11-09,2025-11-08,2025-11-10,2024-11-09,2024-11-10,1,7,Sunday,Sun,9,313,2025-11-09,2025-11-15,2024-11-10,2024-11-16,45,2025-11-03,2025-11-09,2024-11-04,2024-11-10,45,45,45,11,November,Nov,2025-11-01,2025-11-30,2024-11-01,2024-11-30,4,2025-10-01,2025-12-31,2025,2025-01-01,2025-12-31
2025-11-10,2025-11-09,2025-11-11,2024-11-10,2024-11-11,2,1,Monday,Mon,10,314,2025-11-09,2025-11-15,2024-11-10,2024-11-16,45,2025-11-10,2025-11-16,2024-11-11,2024-11-17,46,46,46,11,November,Nov,2025-11-01,2025-11-30,2024-11-01,2024-11-30,4,2025-10-01,2025-12-31,2025,2025-01-01,2025-12-31
2025-11-11,2025-11-10,2025-11-12,2024-11-11,2024-11-12,3,2,Tuesday,Tue,11,315,2025-11-09,2025-11-15,2024-11-10,2024-11-16,45,2025-11-10,2025-11-16,2024-11-11,2024-11-17,46,46,46,11,November,Nov,2025-11-01,2025-11-30,2024-11-01,2024-11-30,4,2025-10-01,2025-12-31,2025,2025-01-01,2025-12-31
2025-11-12,2025-11-11,2025-11-13,2024-11-12,2024-11-13,4,3,Wednesday,Wed,12,316,2025-11-09,2025-11-15,2024-11-10,2024-11-16,46,2025-11-10,2025-11-16,2024-11-11,2024-11-17,46,46,46,11,November,Nov,2025-11-01,2025-11-30,2024-11-01,2024-11-30,4,2025-10-01,2025-12-31,2025,2025-01-01,2025-12-31
2025-11-13,2025-11-12,2025-11-14,2024-11-13,2024-11-14,5,4,Thursday,Thu,13,317,2025-11-09,2025-11-15,2024-11-10,2024-11-16,46,2025-11-10,2025-11-16,2024-11-11,2024-11-17,46,46,46,11,November,Nov,2025-11-01,2025-11-30,2024-11-01,2024-11-30,4,2025-10-01,2025-12-31,2025,2025-01-01,2025-12-31
2025-11-14,2025-11-13,2025-11-15,2024-11-14,2024-11-15,6,5,Friday,Fri,14,318,2025-11-09,2025-11-15,2024-11-10,2024-11-16,46,2025-11-10,2025-11-16,2024-11-11,2024-11-17,46,46,46,11,November,Nov,2025-11-01,2025-11-30,2024-11-01,2024-11-30,4,2025-10-01,2025-12-31,2025,2025-01-01,2025-12-31
2025-11-15,2025-11-14,2025-11-16,2024-11-15,2024-11-16,7,6,Saturday,Sat,15,319,2025-11-09,2025-11-15,2024-11-10,2024-11-16,46,2025-11-10,2025-11-16,2024-11-11,2024-11-17,46,46,46,11,November,Nov,2025-11-01,2025-11-30,2024-11-01,2024-11-30,4,2025-10-01,2025-12-31,2025,2025-01-01,2025-12-31
2025-11-16,2025-11-15,2025-11-17,2024-11-16,2024-11-17,1,7,Sunday,Sun,16,320,2025-11-16,2025-11-22,2024-11-17,2024-11-23,46,2025-11-10,2025-11-16,2024-11-11,2024-11-17,46,46,46,11,November,Nov,2025-11-01,2025-11-30,2024-11-01,2024-11-30,4,2025-10-01,2025-12-31,2025,2025-01-01,2025-12-31
2025-11-17,2025-11-16,2025-11-18,2024-11-17,2024-11-18,2,1,Monday,Mon,17,321,2025-11-16,2025-11-22,2024-11-17,2024-11-23,46,2025-11-17,2025-11-23,2024-11-18,2024-11-24,47,47,47,11,November,Nov,2025-11-01,2025-11-30,2024-11-01,2024-11-30,4,2025-10-01,2025-12-31,2025,2025-01-01,2025-12-31
2025-11-18,2025-11-17,2025-11-19,2024-11-18,2024-11-19,3,2,Tuesday,Tue,18,322,2025-11-16,2025-11-22,2024-11-17,2024-11-23,46,2025-11-17,2025-11-23,2024-11-18,2024-11-24,47,47,47,11,November,Nov,2025-11-01,2025-11-30,2024-11-01,2024-11-30,4,2025-10-01,2025-12-31,2025,2025-01-01,2025-12-31
2025-11-19,2025-11-18,2025-11-20,2024-11-19,2024-11-20,4,3,Wednesday,Wed,19,323,2025-11-16,2025-11-22,2024-11-17,2024-11-23,47,2025-11-17,2025-11-23,2024-11-18,2024-11-24,47,47,47,11,November,Nov,2025-11-01,2025-11-30,2024-11-01,2024-11-30,4,2025-10-01,2025-12-31,2025,2025-01-01,2025-12-31
2025-11-20,2025-11-19,2025-11-21,2024-11-20,2024-11-21,5,4,Thursday,Thu,20,324,2025-11-16,2025-11-22,2024-11-17,2024-11-23,47,2025-11-17,2025-11-23,2024-11-18,2024-11-24,47,47,47,11,November,Nov,2025-11-01,2025-11-30,2024-11-01,2024-11-30,4,2025-10-01,2025-12-31,2025,2025-01-01,2025-12-31
2025-11-21,2025-11-20,2025-11-22,2024-11-21,2024-11-22,6,5,Friday,Fri,21,325,2025-11-16,2025-11-22,2024-11-17,2024-11-23,47,2025-11-17,2025-11-23,2024-11-18,2024-11-24,47,47,47,11,November,Nov,2025-11-01,2025-11-30,2024-11-01,2024-11-30,4,2025-10-01,2025-12-31,2025,2025-01-01,2025-12-31
2025-11-22,2025-11-21,2025-11-23,2024-11-22,2024-11-23,7,6,Saturday,Sat,22,326,2025-11-16,2025-11-22,2024-11-17,2024-11-23,47,2025-11-17,2025-11-23,2024-11-18,2024-11-24,47,47,47,11,November,Nov,2025-11-01,2025-11-30,2024-11-01,2024-11-30,4,2025-10-01,2025-12-31,2025,2025-01-01,2025-12-31
2025-11-23,2025-11-22,2025-11-24,2024-11-23,2024-11-24,1,7,Sunday,Sun,23,327,2025-11-23,2025-11-29,2024-11-24,2024-11-30,47,2025-11-17,2025-11-23,2024-11-18,2024-11-24,47,47,47,11,November,Nov,2025-11-01,2025-11-30,2024-11-01,2024-11-30,4,2025-10-01,2025-12-31,2025,2025-01-01,2025-12-31
2025-11-24,2025-11-23,2025-11-25,2024-11-24,2024-11-25,2,1,Monday,Mon,24,328,2025-11-23,2025-11-29,2024-11-24,2024-11-30,47,2025-11-24,2025-11-30,2024-11-25,2024-12-01,48,48,48,11,November,Nov,2025-11-01,2025-11-30,2024-11-01,2024-11-30,4,2025-10-01,2025-12-31,2025,2025-01-01,2025-12-31
2025-11-25,2025-11-24,2025-11-26,2024-11-25,2024-11-26,3,2,Tuesday,Tue,25,329,2025-11-23,2025-11-29,2024-11-24,2024-11-30,47,2025-11-24,2025-11-30,2024-11-25,2024-12-01,48,48,48,11,November,Nov,2025-11-01,2025-11-30,2024-11-01,2024-11-30,4,2025-10-01,2025-12-31,2025,2025-01-01,2025-12-31
2025-11-26,2025-11-25,2025-11-27,2024-11-26,2024-11-27,4,3,Wednesday,Wed,26,330,2025-11-23,2025-11-29,2024-11-24,2024-11-30,48,2025-11-24,2025-11-30,2024-11-25,2024-12-01,48,48,48,11,November,Nov,2025-11-01,2025-11-30,2024-11-01,2024-11-30,4,2025-10-01,2025-12-31,2025,2025-01-01,2025-12-31
2025-11-27,2025-11-26,2025-11-28,2024-11-27,2024-11-28,5,4,Thursday,Thu,27,331,2025-11-23,2025-11-29,2024-11-24,2024-11-30,48,2025-11-24,2025-11-30,2024-11-25,2024-12-01,48,48,48,11,November,Nov,2025-11-01,2025-11-30,2024-11-01,2024-11-30,4,2025-10-01,2025-12-31,2025,2025-01-01,2025-12-31
2025-11-28,2025-11-27,2025-11-29,2024-11-28,2024-11-29,6,5,Friday,Fri,28,332,2025-11-23,2025-11-29,2024-11-24,2024-11-30,48,2025-11-24,2025-11-30,2024-11-25,2024-12-01,48,48,48,11,November,Nov,2025-11-01,2025-11-30,2024-11-01,2024-11-30,4,2025-10-01,2025-12-31,2025,2025-01-01,2025-12-31
2025-11-29,2025-11-28,2025-11-30,2024-11-29,2024-11-30,7,6,Saturday,Sat,29,333,2025-11-23,2025-11-29,2024-11-24,2024-11-30,48,2025-11-24,2025-11-30,2024-11-25,2024-12-01,48,48,48,11,November,Nov,2025-11-01,2025-11-30,2024-11-01,2024-11-30,4,2025-10-01,2025-12-31,2025,2025-01-01,2025-12-31
2025-11-30,2025-11-29,2025-12-01,2024-11-30,2024-12-01,1,7,Sunday,Sun,30,334,2025-11-30,2025-12-06,2024-12-01,2024-12-07,48,2025-11-24,2025-11-30,2024-11-25,2024-12-01,48,48,48,11,November,Nov,2025-11-01,2025-11-30,2024-11-01,2024-11-30,4,2025-10-01,2025-12-31,2025,2025-01-01,2025-12-31
2025-12-01,2025-11-30,2025-12-02,2024-12-01,2024-12-02,2,1,Monday,Mon,1,335,2025-11-30,2025-12-06,2024-12-01,2024-12-07,48,2025-12-01,2025-12-07,2024-12-02,2024-12-08,49,49,49,12,December,Dec,2025-12-01,2025-12-31,2024-12-01,2024-12-31,4,2025-10-01,2025-12-31,2025,2025-01-01,2025-12-31
2025-12-02,2025-12-01,2025-12-03,2024-12-02,2024-12-03,3,2,Tuesday,Tue,2,336,2025-11-30,2025-12-06,2024-12-01,2024-12-07,48,2025-12-01,2025-12-07,2024-12-02,2024-12-08,49,49,49,12,December,Dec,2025-12-01,2025-12-31,2024-12-01,2024-12-31,4,2025-10-01,2025-12-31,2025,2025-01-01,2025-12-31
2025-12-03,2025-12-02,2025-12-04,2024-12-03,2024-12-04,4,3,Wednesday,Wed,3,337,2025-11-30,2025-12-06,2024-12-01,2024-12-07,49,2025-12-01,2025-12-07,2024-12-02,2024-12-08,49,49,49,12,December,Dec,2025-12-01,2025-12-31,2024-12-01,2024-12-31,4,2025-10-01,2025-12-31,2025,2025-01-01,2025-12-31
2025-12-04,2025-12-03,2025-12-05,2024-12-04,2024-12-05,5,4,Thursday,Thu,4,338,2025-11-30,2025-12-06,2024-12-01,2024-12-07,49,2025-12-01,2025-12-07,2024-12-02,2024-12-08,49,49,49,12,December,Dec,2025-12-01,2025-12-31,2024-12-01,2024-12-31,4,2025-10-01,2025-12-31,2025,2025-01-01,2025-12-31
2025-12-05,2025-12-04,2025-12-06,2024-12-05,2024-12-06,6,5,Friday,Fri,5,339,2025-11-30,2025-12-06,2024-12-01,2024-12-07,49,2025-12-01,2025-12-07,2024-12-02,2024-12-08,49,49,49,12,December,Dec,2025-12-01,2025-12-31,2024-12-01,2024-12-31,4,2025-10-01,2025-12-31,2025,2025-01-01,2025-12-31
2025-12-06,2025-12-05,2025-12-07,2024-12-06,2024-12-07,7,6,Saturday,Sat,6,340,2025-11-30,2025-12-06,2024-12-01,2024-12-07,49,2025-12-01,2025-12-07,2024-12-02,2024-12-08,49,49,49,12,December,Dec,2025-12-01,2025-12-31,2024-12-01,2024-12-31,4,2025-10-01,2025-12-31,2025,2025-01-01,2025-12-31
2025-12-07,2025-12-06,2025-12-08,2024-12-07,2024-12-08,1,7,Sunday,Sun,7,341,2025-12-07,2025-12-13,2024-12-08,2024-12-14,49,2025-12-01,2025-12-07,2024-12-02,2024-12-08,49,49,49,12,December,Dec,2025-12-01,2025-12-31,2024-12-01,2024-12-31,4,2025-10-01,2025-12-31,2025,2025-01-01,2025-12-31
2025-12-08,2025-12-07,2025-12-09,2024-12-08,2024-12-09,2,1,Monday,Mon,8,342,2025-12-07,2025-12-13,2024-12-08,2024-12-14,49,2025-12-08,2025-12-14,2024-12-09,2024-12-15,50,50,50,12,December,Dec,2025-12-01,2025-12-31,2024-12-01,2024-12-31,4,2025-10-01,2025-12-31,2025,2025-01-01,2025-12-31
2025-12-09,2025-12-08,2025-12-10,2024-12-09,2024-12-10,3,2,Tuesday,Tue,9,343,2025-12-07,2025-12-13,2024-12-08,2024-12-14,49,2025-12-08,2025-12-14,2024-12-09,2024-12-15,50,50,50,12,December,Dec,2025-12-01,2025-12-31,2024-12-01,2024-12-31,4,2025-10-01,2025-12-31,2025,2025-01-01,2025-12-31
2025-12-10,2025-12-09,2025-12-11,2024-12-10,2024-12-11,4,3,Wednesday,Wed,10,344,2025-12-07,2025-12-13,2024-12-08,2024-12-14,50,2025-12-08,2025-12-14,2024-12-09,2024-12-15,50,50,50,12,December,Dec,2025-12-01,2025-12-31,2024-12-01,2024-12-31,4,2025-10-01,2025-12-31,2025,2025-01-01,2025-12-31
2025-12-11,2025-12-10,2025-12-12,2024-12-11,2024-12-12,5,4,Thursday,Thu,11,345,2025-12-07,2025-12-13,2024-12-08,2024-12-14,50,2025-12-08,2025-12-14,2024-12-09,2024-12-15,50,50,50,12,December,Dec,2025-12-01,2025-12-31,2024-12-01,2024-12-31,4,2025-10-01,2025-12-31,2025,2025-01-01,2025-12-31
2025-12-12,2025-12-11,2025-12-13,2024-12-12,2024-12-13,6,5,Friday,Fri,12,346,2025-12-07,2025-12-13,2024-12-08,2024-12-14,50,2025-12-08,2025-12-14,2024-12-09,2024-12-15,50,50,50,12,December,Dec,2025-12-01,2025-12-31,2024-12-01,2024-12-31,4,2025-10-01,2025-12-31,2025,2025-01-01,2025-12-31
2025-12-13,2025-12-12,2025-12-14,2024-12-13,2024-12-14,7,6,Saturday,Sat,13,347,2025-12-07,2025-12-13,2024-12-08,2024-12-14,50,2025-12-08,2025-12-14,2024-12-09,2024-12-15,50,50,50,12,December,Dec,2025-12-01,2025-12-31,2024-12-01,2024-12-31,4,2025-10-01,2025-12-31,2025,2025-01-01,2025-12-31
2025-12-14,2025-12-13,2025-12-15,2024-12-14,2024-12-15,1,7,Sunday,Sun,14,348,2025-12-14,2025-12-20,2024-12-15,2024-12-21,50,2025-12-08,2025-12-14,2024-12-09,2024-12-15,50,50,50,12,December,Dec,2025-12-01,2025-12-31,2024-12-01,2024-12-31,4,2025-10-01,2025-12-31,2025,2025-01-01,2025-12-31
2025-12-15,2025-12-14,2025-12-16,2024-12-15,2024-12-16,2,1,Monday,Mon,15,349,2025-12-14,2025-12-20,2024-12-15,2024-12-21,50,2025-12-15,2025-12-21,2024-12-16,2024-12-22,51,51,51,12,December,Dec,2025-12-01,2025-12-31,2024-12-01,2024-12-31,4,2025-10-01,2025-12-31,2025,2025-01-01,2025-12-31
2025-12-16,2025-12-15,2025-12-17,2024-12-16,2024-12-17,3,2,Tuesday,Tue,16,350,2025-12-14,2025-12-20,2024-12-15,2024-12-21,50,2025-12-15,2025-12-21,2024-12-16,2024-12-22,51,51,51,12,December,Dec,2025-12-01,2025-12-31,2024-12-01,2024-12-31,4,2025-10-01,2025-12-31,2025,2025-01-01,2025-12-31
2025-12-17,2025-12-16,2025-12-18,2024-12-17,2024-12-18,4,3,Wednesday,Wed,17,351,2025-12-14,2025-12-20,2024-12-15,2024-12-21,51,2025-12-15,2025-12-21,2024-12-16,2024-12-22,51,51,51,12,December,Dec,2025-12-01,2025-12-31,2024-12-01,2024-12-31,4,2025-10-01,2025-12-31,2025,2025-01-01,2025-12-31
2025-12-18,2025-12-17,2025-12-19,2024-12-18,2024-12-19,5,4,Thursday,Thu,18,352,2025-12-14,2025-12-20,2024-12-15,2024-12-21,51,2025-12-15,2025-12-21,2024-12-16,2024-12-22,51,51,51,12,December,Dec,2025-12-01,2025-12-31,2024-12-01,2024-12-31,4,2025-10-01,2025-12-31,2025,2025-01-01,2025-12-31
2025-12-19,2025-12-18,2025-12-20,2024-12-19,2024-12-20,6,5,Friday,Fri,19,353,2025-12-14,2025-12-20,2024-12-15,2024-12-21,51,2025-12-15,2025-12-21,2024-12-16,2024-12-22,51,51,51,12,December,Dec,2025-12-01,2025-12-31,2024-12-01,2024-12-31,4,2025-10-01,2025-12-31,2025,2025-01-01,2025-12-31
2025-12-20,2025-12-19,2025-12-21,2024-12-20,2024-12-21,7,6,Saturday,Sat,20,354,2025-12-14,2025-12-20,2024-12-15,2024-12-21,51,2025-12-15,2025-12-21,2024-12-16,2024-12-22,51,51,51,12,December,Dec,2025-12-01,2025-12-31,2024-12-01,2024-12-31,4,2025-10-01,2025-12-31,2025,2025-01-01,2025-12-31
2025-12-21,2025-12-20,2025-12-22,2024-12-21,2024-12-22,1,7,Sunday,Sun,21,355,2025-12-21,2025-12-27,2024-12-22,2024-12-28,51,2025-12-15,2025-12-21,2024-12-16,2024-12-22,51,51,51,12,December,Dec,2025-12-01,2025-12-31,2024-12-01,2024-12-31,4,2025-10-01,2025-12-31,2025,2025-01-01,2025-12-31
2025-12-22,2025-12-21,2025-12-23,2024-12-22,2024-12-23,2,1,Monday,Mon,22,356,2025-12-21,2025-12-27,2024-12-22,2024-12-28,51,2025-12-22,2025-12-28,2024-12-23,2024-12-29,52,52,52,12,December,Dec,2025-12-01,2025-12-31,2024-12-01,2024-12-31,4,2025-10-01,2025-12-31,2025,2025-01-01,2025-12-31
2025-12-23,2025-12-22,2025-12-24,2024-12-23,2024-12-24,3,2,Tuesday,Tue,23,357,2025-12-21,2025-12-27,2024-12-22,2024-12-28,51,2025-12-22,2025-12-28,2024-12-23,2024-12-29,52,52,52,12,December,Dec,2025-12-01,2025-12-31,2024-12-01,2024-12-31,4,2025-10-01,2025-12-31,2025,2025-01-01,2025-12-31
2025-12-24,2025-12-23,2025-12-25,2024-12-24,2024-12-25,4,3,Wednesday,Wed,24,358,2025-12-21,2025-12-27,2024-12-22,2024-12-28,52,2025-12-22,2025-12-28,2024-12-23,2024-12-29,52,52,52,12,December,Dec,2025-12-01,2025-12-31,2024-12-01,2024-12-31,4,2025-10-01,2025-12-31,2025,2025-01-01,2025-12-31
2025-12-25,2025-12-24,2025-12-26,2024-12-25,2024-12-26,5,4,Thursday,Thu,25,359,2025-12-21,2025-12-27,2024-12-22,2024-12-28,52,2025-12-22,2025-12-28,2024-12-23,2024-12-29,52,52,52,12,December,Dec,2025-12-01,2025-12-31,2024-12-01,2024-12-31,4,2025-10-01,2025-12-31,2025,2025-01-01,2025-12-31
2025-12-26,2025-12-25,2025-12-27,2024-12-26,2024-12-27,6,5,Friday,Fri,26,360,2025-12-21,2025-12-27,2024-12-22,2024-12-28,52,2025-12-22,2025-12-28,2024-12-23,2024-12-29,52,52,52,12,December,Dec,2025-12-01,2025-12-31,2024-12-01,2024-12-31,4,2025-10-01,2025-12-31,2025,2025-01-01,2025-12-31
2025-12-27,2025-12-26,2025-12-28,2024-12-27,2024-12-28,7,6,Saturday,Sat,27,361,2025-12-21,2025-12-27,2024-12-22,2024-12-28,52,2025-12-22,2025-12-28,2024-12-23,2024-12-29,52,52,52,12,December,Dec,2025-12-01,2025-12-31,2024-12-01,2024-12-31,4,2025-10-01,2025-12-31,2025,2025-01-01,2025-12-31
2025-12-28,2025-12-27,2025-12-29,2024-12-28,2024-12-29,1,7,Sunday,Sun,28,362,2025-12-28,2026-01-03,2024-12-29,2025-01-04,52,2025-12-22,2025-12-28,2024-12-23,2024-12-29,52,52,52,12,December,Dec,2025-12-01,2025-12-31,2024-12-01,2024-12-31,4,2025-10-01,2025-12-31,2025,2025-01-01,2025-12-31
2025-12-29,2025-12-28,2025-12-30,2024-12-29,2024-12-30,2,1,Monday,Mon,29,363,2025-12-28,2026-01-03,2024-12-29,2025-01-04,52,2025-12-29,2026-01-04,2024-12-30,2025-01-05,1,53,1,12,December,Dec,2025-12-01,2025-12-31,2024-12-01,2024-12-31,4,2025-10-01,2025-12-31,2025,2025-01-01,2025-12-31
2025-12-30,2025-12-29,2025-12-31,2024-12-30,2024-12-31,3,2,Tuesday,Tue,30,364,2025-12-28,2026-01-03,2024-12-29,2025-01-04,52,2025-12-29,2026-01-04,2024-12-30,2025-01-05,1,53,1,12,December,Dec,2025-12-01,2025-12-31,2024-12-01,2024-12-31,4,2025-10-01,2025-12-31,2025,2025-01-01,2025-12-31
