account_id,customer_id,account_opening_date,account_type
1,1,2024-08-28,current
2,2,2008-03-25,current
3,3,2017-10-21,current
4,4,2016-05-16,savings
5,5,2024-05-25,savings
6,6,2016-08-23,savings
7,7,1999-04-07,current
8,8,2015-03-12,savings
9,9,2002-12-20,current
10,10,2023-11-08,current
11,11,2003-03-10,savings
12,12,2013-05-23,current
13,13,2004-04-05,savings
14,14,2001-10-13,savings
15,15,,savings
16,16,2011-11-14,savings
17,17,2005-10-25,current
18,18,1999-03-28,savings
19,19,2023-12-16,current
20,20,2007-03-06,savings
21,21,2024-12-09,savings
22,22,2024-10-24,current
23,23,2005-07-24,savings
24,24,2007-10-17,savings
25,25,2007-12-21,savings
26,26,1996-05-24,current
27,27,1998-12-01,savings
28,28,2017-02-09,savings
29,29,2004-10-07,savings
30,30,2006-04-10,current
31,31,2009-04-11,current
33,33,1999-02-16,current
34,34,2012-10-23,savings
35,35,2008-12-25,current
36,36,2024-04-02,current
37,37,2013-03-23,current
38,38,1997-12-26,current
39,39,1995-11-03,savings
40,40,2019-10-02,savings
41,41,2001-02-24,current
42,42,2024-04-12,current
43,43,2001-04-07,current
44,44,1997-10-01,current
45,45,1998-01-12,savings
46,46,2008-04-15,savings
47,47,2005-03-07,current
48,48,2023-12-18,current
49,49,2003-04-20,current
50,50,2013-05-04,current
51,51,1995-10-04,current
52,52,2021-05-13,current
53,53,2009-06-26,current
54,54,2014-03-19,savings
55,55,1997-02-10,savings
56,56,2003-11-13,savings
57,57,2007-11-19,current
58,58,2008-11-18,savings
59,59,1999-02-22,current
60,60,2004-02-17,current
61,61,2001-11-20,current
62,62,2023-01-02,savings
63,63,2010-12-16,savings
64,64,1995-02-07,current
65,65,2012-02-21,savings
66,66,2000-11-04,savings
67,67,2003-03-15,savings
68,68,2002-01-19,savings
69,69,2005-06-22,current
70,70,2019-07-01,current
71,71,2024-03-21,savings
72,72,2008-09-11,savings
73,73,2016-05-11,savings
74,74,2011-12-22,current
75,75,2003-01-14,savings
76,76,2015-08-12,current
77,77,2024-11-26,savings
78,78,2015-02-28,savings
79,79,2001-01-06,current
80,80,1995-06-18,current
81,81,2014-08-05,current
82,82,2016-05-25,current
83,83,1996-05-01,savings
84,84,1995-07-05,current
85,85,2018-10-22,current
86,86,2018-03-03,current
87,87,2016-01-01,savings
88,88,2008-12-18,current
89,89,2008-02-23,savings
90,90,1998-12-14,savings
91,91,2010-10-16,current
92,92,2003-07-03,savings
93,93,2016-08-13,current
94,94,2006-07-01,savings
95,95,2024-11-03,savings
96,96,2023-08-13,current
97,97,2023-12-27,current
98,98,2001-09-21,savings
99,99,2015-02-14,current
100,100,2008-01-20,current
101,101,2007-03-20,savings
102,102,2009-10-22,savings
103,103,1996-02-28,savings
104,104,2005-11-12,current
105,105,2012-04-17,savings
106,106,2019-12-18,current
107,107,2024-06-27,savings
108,108,2003-10-04,current
109,109,2006-01-13,current
110,110,2019-10-06,savings
111,111,1998-08-28,savings
112,112,2024-01-18,current
113,113,2012-10-24,savings
114,114,2002-07-02,savings
115,115,2023-05-25,current
116,116,2000-06-03,current
117,117,2004-08-03,savings
118,118,2011-05-23,savings
119,119,1999-03-06,savings
120,120,2024-03-25,savings
121,121,2022-07-21,savings
122,122,2011-04-04,current
123,123,2020-10-09,savings
124,124,2000-04-28,current
125,125,1999-10-09,savings
126,126,2009-06-06,savings
127,127,2021-08-01,savings
128,128,2017-12-20,current
129,129,2015-02-12,savings
130,130,1999-06-12,current
131,131,2005-05-28,current
132,132,2005-06-27,savings
133,133,2020-10-22,savings
134,134,2003-04-18,savings
135,135,2006-08-25,savings
136,136,2019-06-05,current
137,137,2006-02-14,current
138,138,2005-08-04,savings
139,139,2003-02-07,current
140,140,2018-10-20,savings
141,141,1996-04-20,current
142,142,2004-11-14,savings
143,143,1998-12-10,savings
144,144,2013-05-22,current
145,145,2007-09-16,current
146,146,2020-02-16,current
147,147,2011-08-08,savings
148,148,1997-12-13,current
149,149,1998-01-11,savings
150,150,2011-09-05,savings
151,151,2002-03-24,savings
152,152,1996-04-28,savings
153,153,2009-12-24,current
154,154,2008-07-23,savings
155,155,2000-07-22,savings
156,156,2018-09-01,savings
157,157,2022-03-27,current
158,158,2000-04-14,current
159,159,1997-09-26,current
160,160,2004-02-06,savings
161,161,2015-04-10,current
162,162,2000-05-22,current
163,163,2000-06-17,savings
164,164,1996-08-17,savings
165,165,2002-04-02,current
166,166,2011-03-18,current
167,167,2007-03-01,savings
168,168,2016-10-06,current
169,169,2023-02-04,savings
170,170,2024-06-08,savings
171,171,2009-09-08,savings
172,172,2016-01-18,savings
173,173,2018-12-21,current
174,174,2014-08-20,savings
175,175,2007-12-26,savings
176,176,2006-08-24,current
177,177,2002-06-26,current
178,178,2011-07-24,current
179,179,2012-01-11,savings
180,180,2013-03-17,savings
181,181,2024-05-08,savings
182,182,2018-11-09,current
183,183,2003-02-06,current
184,184,2002-11-02,savings
185,185,2001-03-13,savings
186,186,2008-05-25,savings
187,187,2022-03-03,current
188,188,1997-06-14,current
189,189,2004-11-09,savings
190,190,2011-11-07,current
191,191,2022-03-28,current
192,192,2002-01-04,current
193,193,2015-01-01,current
194,194,2012-01-18,savings
195,195,2003-11-04,savings
196,196,1997-05-01,current
197,197,2023-11-14,current
198,198,2006-04-09,savings
199,199,2021-05-09,current
200,200,2009-06-24,current
201,201,2006-08-27,savings
202,202,2019-06-07,current
203,203,2022-09-26,savings
204,204,2014-08-14,current
205,205,2012-10-17,current
206,206,2021-07-16,current
207,207,1996-05-19,current
208,208,2009-07-07,current
209,209,2003-09-03,current
210,210,1997-03-22,current
211,211,2009-08-17,current
212,212,2012-07-26,savings
213,213,2017-09-11,savings
214,214,2013-05-10,savings
215,215,2007-02-28,savings
216,216,1998-07-12,current
217,217,2023-09-08,savings
218,218,2005-08-06,savings
219,219,2004-11-23,current
220,220,1995-02-14,current
221,221,2003-01-27,current
222,222,2014-04-01,current
223,223,2022-03-21,current
224,224,1995-06-26,savings
225,225,2009-10-27,current
226,226,2017-12-10,current
227,227,2012-03-28,current
228,228,2024-11-20,savings
229,229,2011-11-17,current
230,230,1995-06-12,current
231,231,2013-06-26,savings
232,232,2001-01-01,savings
233,233,2000-01-26,current
234,234,2002-01-17,savings
235,235,1996-06-17,savings
236,236,2005-02-19,current
237,237,2008-12-14,savings
238,238,2023-10-06,savings
239,239,2005-11-06,current
240,240,2012-07-09,savings
241,241,2024-02-05,savings
242,242,2011-09-07,current
243,243,2009-10-03,current
244,244,2013-10-28,savings
245,245,1999-03-13,savings
246,246,2014-06-08,savings
247,247,2022-06-04,savings
248,248,2003-07-02,savings
249,249,2003-08-26,current
250,250,2011-02-16,savings
251,251,1996-12-12,savings
252,252,1996-02-26,current
253,253,1996-01-28,current
254,254,1997-10-21,savings
255,255,2016-02-18,savings
256,256,2004-07-19,current
257,257,2017-01-02,savings
258,258,2018-07-27,current
259,259,2022-07-26,current
260,260,2021-05-12,current
261,261,2022-04-23,current
262,262,2011-05-06,savings
263,263,2019-04-21,current
264,264,2020-12-23,savings
265,265,1995-03-26,current
266,266,2003-12-04,savings
267,267,2000-06-21,savings
268,268,2019-12-16,current
269,269,2016-10-07,savings
270,270,2022-10-20,savings
271,271,2015-10-14,savings
272,272,2007-05-01,current
273,273,1998-10-04,savings
274,274,2012-10-10,savings
275,275,2004-06-25,current
276,276,2019-06-28,current
277,277,2013-08-08,savings
278,278,2002-05-24,current
279,279,2023-02-18,current
280,280,2013-07-20,current
281,281,2016-10-25,savings
282,282,2023-07-10,current
283,283,2024-09-02,current
284,284,2006-12-05,current
285,285,2008-09-02,savings
286,286,2008-11-21,current
287,287,2009-02-13,savings
288,288,2005-06-20,current
289,289,2001-02-07,savings
290,290,2021-06-02,current
291,291,2004-10-28,current
292,292,2015-09-19,savings
293,293,2013-07-10,savings
294,294,2023-02-10,current
295,295,2006-05-16,current
296,296,2013-11-04,current
297,297,1999-05-25,savings
298,298,2005-08-23,current
299,299,2019-02-23,current
300,300,1998-11-25,current
301,301,2011-02-02,savings
302,302,2020-03-04,current
303,303,1995-07-01,savings
304,304,2002-04-04,savings
305,305,2024-03-19,current
306,306,1998-02-13,savings
307,307,1995-11-10,savings
308,308,2024-07-01,current
309,309,2023-01-01,current
310,310,1996-06-15,current
311,311,2015-12-04,savings
312,312,2005-05-22,savings
313,313,2022-11-18,savings
314,314,2014-07-01,current
315,315,2003-09-04,savings
316,316,2000-08-14,current
317,317,1995-04-22,current
318,318,2020-08-02,savings
319,319,2015-10-07,savings
320,320,1996-03-26,savings
321,321,1995-03-26,current
322,322,2001-04-28,savings
323,323,2022-12-02,current
324,324,2001-10-08,savings
325,325,2019-01-21,current
326,326,2021-08-06,savings
327,327,2018-12-09,savings
328,328,2020-12-28,current
329,329,2008-10-07,savings
330,330,2008-02-28,savings
331,331,2019-09-24,current
332,332,2012-06-17,savings
333,333,1997-03-11,savings
334,334,2008-12-17,current
335,335,2011-02-18,savings
336,336,2008-01-09,savings
337,337,2013-06-14,current
338,338,2002-08-21,savings
339,339,2000-02-25,savings
340,340,2023-11-03,current
341,341,2011-12-19,savings
342,342,2000-11-03,savings
343,343,2017-06-28,savings
344,344,1995-06-19,current
345,345,2022-07-25,savings
346,346,2007-06-04,savings
347,347,2003-05-01,current
348,348,1996-07-07,current
349,349,2005-05-08,savings
350,350,1999-08-28,savings
351,351,1997-01-10,current
352,352,1997-01-28,current
353,353,2007-09-28,current
354,354,2001-05-24,savings
355,355,2003-03-13,current
356,356,2000-07-04,savings
357,357,2009-04-11,savings
358,358,2022-01-02,savings
359,359,1998-05-01,current
360,360,2005-04-08,current
361,361,2021-08-13,current
362,362,2005-01-17,current
363,363,2002-01-12,savings
364,364,2018-02-24,savings
365,365,2011-06-07,current
366,366,2004-04-05,savings
367,367,2014-08-12,current
368,368,2004-12-01,savings
369,369,1997-03-12,savings
370,370,2010-03-01,current
371,371,2000-02-24,savings
372,372,2014-09-04,savings
373,373,2013-09-15,savings
374,374,2012-10-27,current
375,375,2006-10-28,savings
376,376,2014-05-03,savings
377,377,2014-10-26,savings
378,378,2024-01-09,current
379,379,2014-10-13,savings
380,380,1997-11-06,current
381,381,2024-07-12,current
382,382,2005-06-26,savings
383,383,2022-02-06,savings
384,384,1998-07-06,savings
385,385,1996-09-07,savings
386,386,1997-04-23,savings
387,387,1999-03-25,savings
388,388,2004-07-22,current
389,389,2014-08-05,savings
390,390,2008-01-19,savings
391,391,1995-02-07,current
392,392,2018-07-17,savings
393,393,1998-07-19,savings
394,394,2010-02-08,current
395,395,2006-11-10,current
396,396,2018-05-18,savings
397,397,2009-02-15,current
398,398,2004-11-06,current
399,399,2020-12-11,current
400,400,2023-09-11,current
401,401,2017-02-23,savings
402,402,1999-08-20,current
403,403,1997-07-26,savings
404,404,2020-02-10,savings
405,405,1997-12-15,current
406,406,1996-12-22,savings
407,407,2014-06-11,current
408,408,1995-02-26,current
409,409,2023-07-01,current
410,410,2005-05-19,current
411,411,2011-09-20,savings
412,412,2022-08-13,savings
413,413,2014-07-24,current
414,414,2021-01-28,current
415,415,2010-01-22,savings
416,416,2003-10-13,savings
417,417,1995-05-02,current
418,418,2014-09-06,current
419,419,2006-10-23,current
420,420,2001-08-22,savings
421,421,1997-01-15,current
422,422,1999-12-06,current
423,423,2007-04-19,savings
424,424,2002-04-21,current
425,425,2012-03-02,current
426,426,2002-03-10,savings
427,427,1998-08-24,savings
428,428,2001-12-24,savings
429,429,2008-09-18,savings
430,430,2006-07-04,current
431,431,2014-06-20,savings
432,432,2007-05-01,savings
433,433,2015-10-24,current
434,434,2004-06-18,savings
435,435,1999-05-18,savings
436,436,1996-08-22,savings
437,437,2022-11-21,current
438,438,2021-05-08,savings
439,439,1998-01-15,current
440,440,2021-05-21,savings
441,441,2002-08-01,current
442,442,1996-01-20,current
443,443,2021-06-15,savings
444,444,2020-08-13,current
445,445,1995-03-23,savings
446,446,1997-03-18,savings
447,447,2014-04-09,current
448,448,2003-07-23,current
449,449,2010-01-20,current
450,450,2014-07-14,current
451,451,2004-11-03,current
452,452,2011-11-28,current
453,453,2014-06-01,current
454,454,2018-12-02,current
455,455,1996-04-28,savings
456,456,2008-02-14,savings
457,457,2011-03-15,current
458,458,2005-12-26,current
459,459,2017-08-16,savings
460,460,1995-05-28,current
461,461,2021-11-15,current
462,462,2000-11-06,current
463,463,2016-02-13,savings
464,464,1995-11-09,savings
465,465,2021-02-23,savings
466,466,2024-03-20,savings
467,467,1997-10-26,current
468,468,2013-08-05,current
469,469,2000-05-11,savings
470,470,2013-07-13,savings
471,471,2011-12-24,savings
472,472,2024-04-10,current
473,473,2021-04-21,savings
474,474,2008-05-11,savings
475,475,2024-02-15,current
476,476,2014-12-28,current
477,477,2018-10-16,savings
478,478,2016-02-22,savings
479,479,2011-11-09,current
480,480,1999-05-25,current
481,481,2015-08-26,savings
482,482,2015-09-14,current
483,483,2001-05-27,savings
484,484,1996-08-10,savings
485,485,2001-02-19,current
486,486,2018-08-28,savings
487,487,2006-02-25,current
488,488,2005-11-15,current
489,489,2013-11-25,savings
490,490,2023-01-06,current
491,491,2004-06-28,current
492,492,1995-05-15,savings
493,493,2017-12-13,savings
494,494,1995-07-14,current
495,495,1996-09-06,savings
496,496,2007-02-22,savings
497,497,2000-04-23,current
498,498,2008-12-18,current
499,499,2014-09-26,savings
500,500,2017-08-06,current
501,501,2024-10-01,savings
502,502,2020-07-11,savings
503,503,2020-10-15,savings
504,504,2003-10-26,savings
505,505,1999-01-21,current
506,506,2023-08-21,current
507,507,2014-04-16,current
508,508,2011-07-27,current
509,509,2019-12-22,current
510,510,1996-07-13,savings
511,511,2020-06-28,savings
512,512,2012-11-04,savings
513,513,1996-12-20,current
514,514,1996-10-14,savings
515,515,2023-07-08,current
516,516,2002-11-17,current
517,517,2018-01-12,savings
518,518,2007-02-27,savings
519,519,2005-11-23,current
520,520,2002-12-15,current
521,521,2010-08-13,savings
522,522,2009-02-28,current
523,523,2008-10-25,savings
524,524,2008-03-08,savings
525,525,1997-03-22,current
526,526,2021-06-05,savings
527,527,2011-01-02,current
528,528,2011-09-18,current
529,529,2013-03-22,savings
530,530,2005-11-13,savings
531,531,2002-08-12,current
532,532,2008-04-21,savings
533,533,1997-11-16,current
534,534,1997-01-26,current
535,535,1995-12-19,savings
536,536,2022-09-25,savings
537,537,2007-11-17,savings
538,538,2002-10-21,savings
539,539,2018-01-02,savings
540,540,2024-11-10,savings
541,541,2019-09-11,current
542,542,1998-06-11,current
543,543,2004-01-13,current
544,544,2015-04-25,savings
545,545,2014-05-07,savings
546,546,2008-09-12,savings
547,547,2005-07-26,current
548,548,2001-01-22,savings
549,549,1998-09-07,savings
550,550,2022-12-25,savings
551,551,2019-08-25,current
552,552,2004-11-17,current
553,553,1995-04-15,current
554,554,2017-12-18,savings
555,555,2008-04-21,savings
556,556,1999-05-28,current
557,557,2019-08-20,current
558,558,2014-09-22,current
559,559,2007-04-03,savings
560,560,2005-11-15,savings
561,561,2015-09-11,current
562,562,1998-10-05,current
563,563,2017-05-22,savings
564,564,2004-12-15,current
565,565,2014-10-02,current
566,566,1997-09-10,current
567,567,2015-01-01,current
568,568,2016-11-12,savings
569,569,2008-10-05,savings
570,570,2020-12-02,savings
571,571,2006-12-09,current
572,572,2007-03-07,current
573,573,2005-10-15,savings
574,574,2003-11-20,current
575,575,2009-08-26,savings
576,576,2015-01-22,current
577,577,2006-11-26,current
578,578,2008-03-13,current
579,579,2024-07-28,savings
580,580,2016-03-07,savings
581,581,2002-11-24,current
582,582,1998-12-06,current
583,583,2016-01-21,savings
584,584,2017-07-17,savings
585,585,2005-07-24,savings
586,586,2019-10-20,current
587,587,2020-02-22,savings
588,588,2015-07-19,current
589,589,2016-08-22,savings
590,590,2002-07-02,current
591,591,2021-05-16,savings
592,592,2010-07-15,savings
593,593,2005-02-02,savings
594,594,2005-03-27,savings
595,595,2013-05-14,savings
596,596,1998-01-25,savings
597,597,1999-11-24,savings
598,598,2000-07-10,current
599,599,2003-11-21,current
600,600,2000-06-05,current
601,601,2016-07-15,savings
602,602,2022-12-15,current
603,603,1996-11-13,current
604,604,2001-12-07,current
605,605,2006-02-23,savings
606,606,2004-04-20,savings
607,607,2019-03-13,savings
608,608,2011-04-12,savings
609,609,2011-06-10,savings
610,610,2001-09-06,current
611,611,2012-11-07,current
612,612,2003-04-20,savings
613,613,2015-12-19,current
614,614,2023-10-24,current
615,615,2011-12-24,current
616,616,2008-01-01,current
617,617,2022-07-19,savings
618,618,2020-09-11,savings
619,619,2004-07-15,current
620,620,2006-10-12,savings
621,621,2005-11-15,current
622,622,2021-06-05,savings
623,623,1997-06-19,current
624,624,2014-10-18,savings
625,625,1997-08-01,current
626,626,1999-11-09,savings
627,627,2004-08-07,current
628,628,2012-12-08,current
629,629,2006-01-24,current
630,630,2014-09-06,current
631,631,2007-01-01,current
632,632,2018-09-16,savings
633,633,2022-02-03,savings
634,634,2019-04-06,current
635,635,1997-07-22,current
636,636,1996-07-23,savings
637,637,2023-05-22,current
638,638,2017-04-10,savings
639,639,2011-04-08,current
640,640,2010-08-07,savings
641,641,2003-03-20,current
642,642,2000-09-06,current
643,643,1999-08-22,current
644,644,2013-08-22,current
645,645,1998-05-19,current
646,646,2010-08-09,current
647,647,2009-08-17,savings
648,648,2007-09-18,current
649,649,2008-12-23,savings
650,650,2011-08-08,current
651,651,2013-12-09,savings
652,652,2023-05-14,current
653,653,2008-09-12,savings
654,654,2018-05-03,savings
655,655,2014-08-09,current
656,656,2003-04-18,current
657,657,1995-09-24,current
658,658,2018-12-07,current
659,659,2010-11-09,savings
660,660,2015-06-05,current
661,661,2008-04-23,current
662,662,2002-09-04,savings
663,663,2012-09-25,current
664,664,1995-01-25,current
665,665,2007-06-14,savings
666,666,2018-08-12,current
667,667,2021-07-12,current
668,668,2017-08-07,savings
669,669,1996-08-26,current
670,670,1999-03-08,current
671,671,2023-05-03,current
672,672,1995-11-11,savings
673,673,2000-06-23,current
674,674,2003-12-22,savings
675,675,2015-05-02,savings
676,676,1997-02-03,current
677,677,1997-01-02,savings
678,678,2018-04-08,current
679,679,2013-09-14,current
680,680,2024-03-11,current
681,681,2016-12-01,savings
682,682,2018-04-12,current
683,683,2014-12-25,savings
684,684,2007-11-05,savings
685,685,2015-02-03,savings
686,686,2020-06-23,current
687,687,2001-11-03,savings
688,688,1995-08-08,savings
689,689,1998-10-03,savings
690,690,2009-12-15,savings
691,691,2003-10-07,savings
692,692,2002-01-23,savings
693,693,2020-09-02,current
694,694,2012-12-25,savings
695,695,2017-06-16,current
696,696,2023-01-04,current
697,697,1999-08-22,current
698,698,2013-03-16,savings
699,699,2004-07-27,current
700,700,2012-02-25,current
701,701,1995-10-19,savings
702,702,2015-05-15,savings
703,703,2018-10-15,current
704,704,1996-02-12,current
705,705,2018-07-20,current
706,706,2006-05-04,savings
707,707,2002-11-16,savings
708,708,2008-09-04,savings
709,709,2000-01-27,current
710,710,2015-06-03,savings
711,711,2024-11-27,savings
712,712,2015-10-07,savings
713,713,2009-07-10,current
714,714,2007-04-16,savings
715,715,2019-07-26,current
716,716,2014-06-14,current
717,717,2020-01-23,savings
718,718,2014-12-25,savings
719,719,1996-01-22,savings
720,720,2003-10-15,current
721,721,2012-05-07,current
722,722,2024-01-18,current
723,723,2020-10-28,current
724,724,2014-07-15,savings
725,725,2023-05-13,savings
726,726,2017-05-07,current
727,727,2007-01-10,current
728,728,2002-07-09,current
729,729,1996-11-08,current
730,730,2003-06-15,savings
731,731,2018-03-21,savings
732,732,1999-02-03,savings
733,733,2006-02-03,savings
734,734,2012-12-23,current
735,735,1999-03-23,current
736,736,2017-12-14,savings
737,737,2009-11-27,savings
738,738,2007-09-09,savings
739,739,2020-07-22,savings
740,740,2002-11-24,savings
741,741,2007-10-25,savings
742,742,2014-12-15,current
743,743,2002-05-11,current
744,744,2006-07-09,savings
745,745,2008-06-10,savings
746,746,2019-12-10,current
747,747,2013-08-05,current
748,748,1999-08-23,savings
749,749,2010-09-14,current
750,750,2002-07-28,current
751,751,2010-04-01,current
752,752,2019-04-26,current
753,753,1996-11-08,current
754,754,2021-01-07,current
755,755,2015-06-19,current
756,756,1998-12-24,current
757,757,2003-11-13,current
758,758,1995-07-14,current
759,759,2006-06-01,savings
760,760,2018-09-05,savings
761,761,2007-09-03,current
762,762,2004-07-18,savings
763,763,2008-12-07,savings
764,764,2006-04-02,current
765,765,2020-10-11,savings
766,766,2013-06-04,current
767,767,2011-04-11,savings
768,768,2009-04-08,savings
769,769,2011-12-22,savings
770,770,2024-01-17,current
771,771,2002-09-12,savings
772,772,2001-04-15,current
773,773,2019-01-26,savings
774,774,2011-12-16,savings
775,775,2011-07-22,current
776,776,2002-12-23,savings
777,777,2008-05-19,current
778,778,2015-03-01,current
779,779,2014-06-26,current
780,780,2010-03-14,current
781,781,2005-02-21,savings
782,782,1995-08-09,current
783,783,2005-06-15,current
784,784,2020-04-07,current
785,785,,savings
786,786,1998-02-17,savings
787,787,2011-12-28,current
788,788,2002-04-04,savings
789,789,1999-02-17,savings
790,790,2011-12-15,current
791,791,2004-09-11,current
792,792,1998-06-02,savings
793,793,1996-05-19,savings
794,794,1995-04-27,savings
795,795,2022-03-22,savings
796,796,2024-02-09,current
797,797,2018-09-01,savings
798,798,1998-02-18,savings
799,799,2014-02-28,savings
800,800,2002-01-17,current
801,801,1996-04-18,savings
802,802,2016-07-16,current
803,803,2020-12-21,current
804,804,2003-02-04,current
805,805,2024-01-16,savings
806,806,2014-06-06,savings
807,807,1995-05-28,current
808,808,2007-07-02,savings
809,809,2019-12-21,current
810,810,2012-12-23,current
811,811,2009-03-13,savings
812,812,2005-07-17,current
813,813,2002-01-05,current
814,814,2003-11-11,savings
815,815,2000-02-02,current
816,816,2013-05-16,savings
817,817,2009-01-21,savings
818,818,2019-02-26,current
819,819,1995-02-22,current
820,820,2007-06-22,savings
821,821,2017-12-26,current
822,822,2017-10-10,savings
823,823,2018-03-03,current
824,824,2012-01-01,savings
825,825,2015-10-18,current
826,826,1995-08-17,savings
827,827,2015-08-05,current
828,828,2005-02-18,current
829,829,2008-12-24,savings
830,830,2018-09-13,savings
831,831,2017-02-09,current
832,832,2010-10-11,current
833,833,2018-06-15,current
834,834,2020-09-02,current
835,835,2012-12-25,savings
836,836,2015-04-26,current
837,837,2008-04-23,current
838,838,2010-03-14,savings
839,839,2009-06-26,current
840,840,2013-02-05,savings
841,841,2022-08-01,current
842,842,2018-04-23,savings
843,843,2010-07-28,savings
844,844,2015-03-13,current
845,845,2005-10-03,savings
846,846,2009-06-07,current
847,847,2023-10-16,savings
848,848,2003-06-19,savings
849,849,2010-04-12,savings
850,850,2024-11-09,current
851,851,2013-08-26,current
852,852,2012-05-19,savings
853,853,2019-09-20,current
854,854,2009-08-10,savings
855,855,2005-10-10,savings
856,856,2024-07-13,current
857,857,2004-06-05,savings
858,858,2018-07-23,current
859,859,2011-05-09,savings
860,860,1995-08-04,current
861,861,1998-04-14,savings
862,862,2020-11-16,savings
863,863,2013-12-22,savings
864,864,2017-01-04,savings
865,865,2020-04-18,savings
866,866,2017-09-25,current
867,867,2022-03-07,current
868,868,2011-09-11,savings
869,869,2004-02-10,savings
870,870,2019-04-25,current
871,871,2006-11-04,current
872,872,1999-03-20,savings
873,873,2024-10-02,savings
874,874,2017-02-01,savings
875,875,2012-06-12,savings
876,876,2003-10-10,savings
877,877,2006-03-07,savings
878,878,2015-01-18,current
879,879,2004-01-12,savings
880,880,2003-03-16,savings
881,881,2006-06-03,current
882,882,2024-09-17,current
883,883,2002-11-20,current
884,884,2013-07-02,savings
885,885,2015-01-27,current
886,886,2015-10-28,savings
887,887,2017-03-24,current
888,888,2012-08-17,current
889,889,2017-06-20,current
890,890,2022-06-27,savings
891,891,2014-05-07,current
892,892,2006-11-19,current
893,893,2024-09-10,current
894,894,1997-09-06,savings
895,895,2019-10-21,savings
896,896,2009-08-23,savings
897,897,2016-07-20,savings
898,898,2007-04-10,savings
899,899,2000-04-28,current
900,900,2000-06-12,current
901,901,2022-05-15,savings
902,902,2014-01-17,current
903,903,2011-04-17,current
904,904,2005-08-20,savings
905,905,2010-08-22,savings
906,906,1999-09-17,savings
907,907,2023-12-06,current
908,908,2004-10-22,savings
909,909,1995-06-13,savings
910,910,2017-02-03,savings
911,911,2010-10-19,current
912,912,2010-12-26,current
913,913,2014-07-22,current
914,914,2013-04-06,savings
915,915,2019-01-16,current
916,916,2019-08-28,savings
917,917,2010-09-25,savings
918,918,2008-02-10,current
919,919,1997-08-19,savings
920,920,2005-03-27,current
921,921,1997-07-02,savings
922,922,2023-11-18,savings
923,923,1996-04-03,current
924,924,2010-03-27,savings
925,925,1999-02-24,current
926,926,2003-09-11,current
927,927,1998-12-07,savings
928,928,1999-06-03,savings
929,929,2010-05-19,savings
930,930,2024-09-04,savings
931,931,2010-10-03,savings
932,932,2023-11-24,savings
933,933,2021-01-28,savings
934,934,1995-11-08,savings
935,935,1997-04-22,savings
936,936,2012-04-24,savings
937,937,1995-06-24,savings
938,938,2015-11-22,current
939,939,2003-10-28,savings
940,940,2013-08-24,savings
941,941,2006-08-06,savings
942,942,1997-11-18,current
943,943,2012-07-13,savings
944,944,2024-01-24,current
945,945,2007-04-13,current
946,946,2002-06-07,savings
947,947,2002-09-21,savings
948,948,2023-04-10,savings
949,949,2002-07-03,current
950,950,1995-10-17,current
951,951,2021-06-25,current
952,952,2013-01-16,savings
953,953,2004-12-26,savings
954,954,2017-04-21,current
955,955,2001-08-09,current
956,956,2007-09-15,current
957,957,2016-06-02,current
958,958,2020-04-03,savings
959,959,2003-03-17,savings
960,960,2022-10-21,current
961,961,2015-05-04,savings
962,962,2021-05-06,current
963,963,1998-02-14,current
964,964,2016-12-17,savings
965,965,2005-01-18,savings
966,966,2010-09-11,savings
967,967,1996-01-22,current
968,968,2020-10-22,current
969,969,1997-10-02,savings
970,970,2020-05-08,savings
971,971,2010-03-18,savings
972,972,2016-03-26,current
973,973,2008-06-01,current
974,974,1997-03-13,savings
975,975,2019-07-15,savings
976,976,2014-07-03,current
977,977,2009-03-12,savings
978,978,2012-07-21,current
979,979,2006-05-20,savings
980,980,2017-07-21,current
981,981,2001-01-04,current
982,982,1995-07-15,savings
983,983,2000-07-18,savings
984,984,2007-03-13,current
985,985,2011-02-16,savings
986,986,2023-12-16,savings
987,987,2011-09-09,savings
988,988,2013-03-09,current
989,989,2016-06-03,current
990,990,2018-04-05,current
991,991,2011-01-08,savings
992,992,2014-10-15,current
993,993,2001-03-24,savings
994,994,2001-08-11,savings
995,995,1996-06-02,current
996,996,2007-04-15,current
997,997,2002-11-01,current
998,998,2018-04-19,savings
999,999,2009-07-23,savings
1000,1000,2013-01-06,current
1001,1001,2002-06-27,savings
1002,1002,2000-07-14,current
1003,1003,2002-03-21,current
1004,1004,2022-12-28,current
1005,1005,2024-04-03,savings
1006,1006,2019-11-10,current
1007,1007,1998-10-05,current
1008,1008,2005-04-13,current
1009,1009,2005-08-19,current
1010,1010,2007-04-11,savings
1011,1011,2006-09-13,savings
1012,1012,2007-02-03,savings
1013,1013,2001-02-15,savings
1014,1014,2012-01-05,savings
1015,1015,1998-08-10,savings
1016,1016,2009-12-11,savings
1017,1017,2002-04-03,current
1018,1018,2013-04-15,current
1019,1019,2022-05-27,savings
1020,1020,2024-10-10,current
1021,1021,2014-04-03,savings
1022,1022,2015-04-05,savings
1023,1023,2023-12-10,current
1024,1024,2003-08-13,current
1025,1025,2007-10-21,current
1026,1026,2010-10-10,current
1027,1027,2012-05-01,savings
1028,1028,1999-09-07,current
1029,1029,2006-07-27,savings
1030,1030,2022-10-15,savings
1031,1031,2000-02-16,current
1032,1032,2000-02-19,current
1033,1033,2017-01-25,current
1034,1034,2011-04-16,savings
1035,1035,1999-10-16,savings
1036,1036,2009-08-15,current
1037,1037,2016-02-01,current
1038,1038,1995-08-14,savings
1039,1039,2011-05-24,current
1040,1040,1997-09-09,current
1041,1041,1995-08-22,current
1042,1042,2007-12-15,current
1043,1043,1995-09-11,current
1044,1044,2000-03-04,current
1045,1045,2009-09-26,current
1046,1046,2005-07-23,savings
1047,1047,2001-07-24,current
1048,1048,2022-08-23,current
1049,1049,2011-11-23,savings
1050,1050,2023-03-26,savings
1051,1051,2003-06-16,current
1052,1052,2013-11-11,savings
1053,1053,2005-03-17,current
1054,1054,2022-09-13,savings
1055,1055,2009-05-24,savings
1056,1056,1997-04-09,savings
1057,1057,2000-06-09,current
1058,1058,2014-10-13,savings
1059,1059,2000-06-06,current
1060,1060,2001-09-17,current
1061,1061,2020-12-21,savings
1062,1062,2007-10-21,savings
1063,1063,2010-05-19,current
1064,1064,1997-11-28,current
1065,1065,2000-06-15,current
1066,1066,2019-12-12,savings
1067,1067,2020-08-02,current
1068,1068,2019-01-01,savings
1069,1069,1995-02-26,current
1070,1070,2006-11-20,savings
1071,1071,2016-05-18,current
1072,1072,2003-08-28,current
1073,1073,2012-09-22,savings
1074,1074,2022-10-24,savings
1075,1075,1998-06-14,savings
1076,1076,2008-07-28,savings
1077,1077,2005-12-03,savings
1078,1078,1995-04-15,current
1079,1079,2008-10-07,savings
1080,1080,2012-06-19,savings
1081,1081,2006-04-12,savings
1082,1082,1996-06-21,savings
1083,1083,2019-08-12,savings
1084,1084,2021-08-13,current
1085,1085,2010-11-02,savings
1086,1086,1997-12-10,current
1087,1087,2005-10-13,savings
1088,1088,2021-07-01,savings
1089,1089,2004-10-23,current
1090,1090,2010-02-21,savings
1091,1091,2009-07-08,savings
1092,1092,2014-09-26,current
1093,1093,1996-12-16,current
1094,1094,1995-06-28,savings
1095,1095,2010-06-02,current
1096,1096,2005-12-04,savings
1097,1097,2005-06-19,savings
1098,1098,2021-04-17,savings
1099,1099,1996-04-19,current
1100,1100,2024-11-03,current
1101,1101,1999-04-17,savings
1102,1102,2006-09-13,savings
1103,1103,2014-06-10,current
1104,1104,2000-01-03,savings
1105,1105,2003-02-26,current
1106,1106,2021-03-08,current
1107,1107,2015-06-07,current
1108,1108,1995-04-27,current
1109,1109,2007-04-24,current
1110,1110,2003-03-18,savings
1111,1111,1998-03-28,current
1112,1112,2003-09-24,current
1113,1113,1999-01-25,current
1114,1114,2013-02-15,savings
1115,1115,2014-02-19,current
1116,1116,2016-04-22,current
1117,1117,2009-04-07,current
1118,1118,2019-04-22,savings
1119,1119,2004-01-17,savings
1120,1120,2007-01-20,savings
1121,1121,2024-09-14,current
1122,1122,2002-02-03,current
1123,1123,2009-11-23,savings
1124,1124,1999-06-19,savings
1125,1125,2009-11-09,current
1126,1126,2003-02-05,savings
1127,1127,1997-10-04,savings
1128,1128,2003-06-13,savings
1129,1129,2013-11-11,current
1130,1130,1997-06-07,savings
1131,1131,2015-02-05,savings
1132,1132,2005-02-28,savings
1133,1133,2010-11-05,current
1134,1134,2021-11-06,current
1135,1135,2006-03-06,savings
1136,1136,2012-03-06,savings
1137,1137,2010-01-05,savings
1138,1138,2016-03-03,savings
1139,1139,2018-08-01,savings
1140,1140,2023-08-05,current
1141,1141,1997-07-01,savings
1142,1142,2015-01-09,savings
1143,1143,2010-02-21,current
1144,1144,2015-03-17,current
1145,1145,2023-06-14,savings
1146,1146,2012-11-10,current
1147,1147,1998-07-24,current
1148,1148,2005-02-18,savings
1149,1149,2006-11-16,savings
1150,1150,1999-01-15,current
1151,1151,2014-04-01,savings
1152,1152,1998-05-23,savings
1153,1153,2009-08-18,current
1154,1154,1996-02-28,savings
1155,1155,2016-09-04,current
1156,1156,1996-12-21,current
1157,1157,2001-12-18,current
1158,1158,2022-08-15,current
1159,1159,2016-05-11,current
1160,1160,1999-06-04,savings
1161,1161,2011-01-01,current
1162,1162,2020-10-03,savings
1163,1163,1997-02-28,savings
1164,1164,2015-01-26,current
1165,1165,2016-08-24,savings
1166,1166,2015-05-19,current
1167,1167,2019-10-18,current
1168,1168,2000-03-15,savings
1169,1169,2024-05-28,current
1170,1170,2021-06-24,savings
1171,1171,2023-01-24,savings
1172,1172,2003-02-01,savings
1173,1173,2006-10-13,current
1174,1174,2002-06-18,savings
1175,1175,2009-10-13,current
1176,1176,2012-06-22,savings
1177,1177,2015-06-10,savings
1178,1178,2008-09-13,current
1179,1179,1999-03-17,savings
1180,1180,2011-12-11,savings
1181,1181,2021-09-10,savings
1182,1182,2024-03-20,current
1183,1183,2014-10-24,current
1184,1184,2001-02-16,savings
1185,1185,2004-11-28,savings
1186,1186,2013-10-22,current
1187,1187,2018-02-23,current
1188,1188,2019-03-02,current
1189,1189,2013-05-05,savings
1190,1190,2024-11-28,savings
1191,1191,2015-09-19,current
1192,1192,1995-10-11,current
1193,1193,2006-07-08,savings
1194,1194,2002-12-12,savings
1195,1195,2018-06-08,current
1196,1196,1998-11-05,current
1197,1197,2000-05-19,savings
1198,1198,2003-08-19,current
1199,1199,2003-02-02,savings
1200,1200,2018-01-10,savings
1201,1201,2008-01-27,savings
1202,1202,2007-12-01,current
1203,1203,2010-05-11,savings
1204,1204,2021-04-09,current
1205,1205,1997-11-04,current
1206,1206,2000-10-09,savings
1207,1207,2014-11-03,current
1208,1208,2012-09-22,savings
1209,1209,2020-02-20,current
1210,1210,2002-11-21,savings
1211,1211,2010-07-25,savings
1212,1212,2012-08-13,savings
1213,1213,2011-06-13,savings
1214,1214,1997-09-19,savings
1215,1215,1998-12-16,current
1216,1216,2022-12-22,current
1217,1217,1996-02-06,savings
1218,1218,2017-02-28,current
1219,1219,2022-10-27,current
1220,1220,1999-04-02,savings
1221,1221,2002-12-07,savings
1222,1222,2021-08-07,savings
1223,1223,2016-06-06,savings
1224,1224,2019-02-27,savings
1225,1225,2009-09-12,current
1226,1226,2011-01-27,current
1227,1227,2014-06-04,current
1228,1228,1997-11-18,savings
1229,1229,2018-05-16,current
1230,1230,2006-01-11,savings
1231,1231,2010-10-04,savings
1232,1232,2023-11-05,savings
1233,1233,2017-05-22,savings
1234,1234,2024-09-22,current
1235,1235,2001-03-28,savings
1236,1236,2009-06-01,current
1237,1237,1997-08-27,savings
1238,1238,1996-12-10,current
1239,1239,2005-11-07,current
1240,1240,2020-12-03,savings
1241,1241,1999-01-13,current
1242,1242,2017-03-24,current
1243,1243,2004-08-26,savings
1244,1244,1996-05-09,current
1245,1245,2010-03-07,current
1246,1246,2005-06-19,current
1247,1247,2024-09-18,savings
1248,1248,2013-11-14,savings
1249,1249,2019-01-20,current
1250,1250,1997-04-05,current
1251,1251,1995-07-17,current
1252,1252,2020-02-27,current
1253,1253,2008-05-24,savings
1254,1254,2002-05-15,current
1255,1255,2001-06-09,current
1256,1256,2010-11-25,current
1257,1257,2004-12-26,savings
1258,1258,2010-05-09,current
1259,1259,1996-07-15,current
1260,1260,2004-10-13,savings
1261,1261,2024-05-04,current
1262,1262,2024-12-11,current
1263,1263,2009-06-17,current
1264,1264,2013-06-04,savings
1265,1265,1995-06-27,savings
1266,1266,2009-06-09,current
1267,1267,2006-06-21,current
1268,1268,2000-10-21,savings
1269,1269,2006-02-28,savings
1270,1270,2019-11-04,current
1271,1271,2005-06-01,current
1272,1272,2023-05-11,current
1273,1273,2002-07-01,savings
1274,1274,2005-04-19,savings
1275,1275,2011-10-15,savings
1276,1276,2007-09-18,savings
1277,1277,2012-10-14,savings
1278,1278,2005-12-15,current
1279,1279,1996-01-13,current
1280,1280,2007-06-08,current
1281,1281,2003-07-05,savings
1282,1282,2010-08-14,current
1283,1283,2019-11-19,savings
1284,1284,2000-10-12,savings
1285,1285,2012-10-12,current
1286,1286,2016-09-26,current
1287,1287,1999-10-26,current
1288,1288,2003-06-03,current
1289,1289,2001-12-28,current
1290,1290,2008-05-06,savings
1291,1291,2020-04-20,savings
1292,1292,2006-05-01,savings
1293,1293,1995-03-10,current
1294,1294,1995-09-16,current
1295,1295,2006-09-07,current
1296,1296,2011-11-05,current
1297,1297,2005-08-04,savings
1298,1298,2022-05-28,current
1299,1299,2020-09-24,current
1300,1300,2023-10-20,current
1301,1301,1997-05-11,current
1302,1302,2010-02-06,current
1303,1303,2016-05-11,savings
1304,1304,2014-01-06,current
1305,1305,1995-03-26,current
1306,1306,2012-02-07,current
1307,1307,1997-05-03,savings
1308,1308,2001-03-08,current
1309,1309,1995-07-24,savings
1310,1310,2024-03-20,savings
1311,1311,2010-08-25,current
1312,1312,2022-09-22,current
1313,1313,1997-11-24,current
1314,1314,2002-08-22,current
1315,1315,2000-12-09,savings
1316,1316,2003-08-05,savings
1317,1317,2021-06-11,savings
1318,1318,2007-02-06,savings
1319,1319,2013-07-11,current
1320,1320,2000-10-16,current
1321,1321,2017-10-19,savings
1322,1322,2013-09-24,savings
1323,1323,1998-11-25,savings
1324,1324,2006-06-16,savings
1325,1325,2022-03-17,current
1326,1326,1995-11-02,savings
1327,1327,2008-08-11,savings
1328,1328,2024-05-28,savings
1329,1329,2021-05-01,savings
1330,1330,2023-09-10,current
1331,1331,2005-03-13,savings
1332,1332,1995-08-05,savings
1333,1333,2021-10-11,savings
1334,1334,1999-09-14,savings
1335,1335,2022-01-08,savings
1336,1336,2001-07-15,current
1337,1337,2016-09-05,savings
1338,1338,2007-04-17,savings
1339,1339,2022-12-07,savings
1340,1340,2009-04-19,savings
1341,1341,2015-08-13,current
1342,1342,2012-09-17,current
1343,1343,2022-08-01,current
1344,1344,2011-09-01,savings
1345,1345,2010-03-20,current
1346,1346,2024-05-25,savings
1347,1347,2003-06-09,current
1348,1348,2001-08-10,current
1349,1349,2017-04-01,current
1350,1350,2020-08-07,current
1351,1351,1997-07-01,savings
1352,1352,2021-07-20,current
1353,1353,2022-06-21,current
1354,1354,2012-10-21,savings
1355,1355,2018-02-04,current
1356,1356,2019-02-08,current
1357,1357,2022-07-26,current
1358,1358,2023-07-23,savings
1359,1359,2002-09-06,savings
1360,1360,2024-05-09,current
1361,1361,2017-12-09,current
1362,1362,2007-05-06,savings
1363,1363,2006-10-14,savings
1364,1364,2016-11-22,current
1365,1365,2018-07-17,savings
1366,1366,2001-09-23,current
1367,1367,2013-12-19,savings
1368,1368,2016-11-05,savings
1369,1369,2002-04-07,current
1370,1370,2021-10-21,current
1371,1371,2020-07-14,current
1372,1372,1998-02-22,savings
1373,1373,2017-12-22,current
1374,1374,2015-02-15,current
1375,1375,2023-11-18,savings
1376,1376,1998-11-24,savings
1377,1377,2023-09-07,current
1378,1378,2023-10-13,savings
1379,1379,2007-10-22,current
1380,1380,2009-07-21,savings
1381,1381,2022-02-11,savings
1382,1382,2005-08-19,savings
1383,1383,2023-07-24,savings
1384,1384,2010-10-06,current
1385,1385,2010-11-11,savings
1386,1386,2010-08-14,current
1387,1387,2007-11-27,savings
1388,1388,2010-03-21,current
1389,1389,2016-06-25,current
1390,1390,2000-03-12,savings
1391,1391,2007-11-07,current
1392,1392,1995-09-04,current
1393,1393,2016-07-01,current
1394,1394,2019-10-03,current
1395,1395,1996-05-24,current
1396,1396,2024-04-20,current
1397,1397,2013-03-02,savings
1398,1398,2007-11-13,current
1399,1399,2009-04-14,current
1400,1400,2009-10-09,current
1401,1401,2002-04-13,savings
1402,1402,2012-09-23,savings
1403,1403,2005-01-20,savings
1404,1404,2018-02-20,current
1405,1405,2012-12-27,savings
1406,1406,2014-09-18,savings
1407,1407,2002-03-27,savings
1408,1408,2009-05-17,current
1409,1409,2004-03-07,savings
1410,1410,2021-07-03,savings
1411,1411,1997-06-21,current
1412,1412,2001-05-13,current
1413,1413,1995-08-07,savings
1414,1414,2017-03-18,current
1415,1415,2012-01-22,savings
1416,1416,1995-11-04,current
1417,1417,2004-08-27,savings
1418,1418,2018-08-02,current
1419,1419,1995-06-24,current
1420,1420,2020-10-21,current
1421,1421,2010-01-02,savings
1422,1422,2003-11-12,savings
1423,1423,2024-04-08,savings
1424,1424,2016-11-13,current
1425,1425,2003-04-06,current
1426,1426,2002-11-03,savings
1427,1427,2020-11-26,current
1428,1428,2022-03-25,savings
1429,1429,2021-01-04,savings
1430,1430,2004-11-11,savings
1431,1431,2000-04-13,current
1432,1432,2006-08-18,savings
1433,1433,2024-06-02,savings
1434,1434,2010-05-02,savings
1435,1435,2023-01-22,savings
1436,1436,2020-09-26,savings
1437,1437,2008-05-24,current
1438,1438,1999-04-11,current
1439,1439,2021-03-09,savings
1440,1440,2002-02-20,savings
1441,1441,2014-04-21,savings
1442,1442,1995-07-10,savings
1443,1443,2004-08-09,current
1444,1444,1995-06-12,current
1445,1445,2014-05-16,savings
1446,1446,2012-01-27,current
1447,1447,2010-05-18,current
1448,1448,1996-08-11,savings
1449,1449,2017-03-28,savings
1450,1450,2012-06-15,savings
1451,1451,2015-06-20,savings
1452,1452,2006-09-10,savings
1453,1453,2023-04-12,current
1454,1454,2023-09-23,current
1455,1455,2010-04-21,current
1456,1456,1999-03-15,current
1457,1457,2024-11-18,savings
1458,1458,2001-05-18,current
1459,1459,2007-12-21,savings
1460,1460,2016-03-08,current
1461,1461,2009-06-19,savings
1462,1462,1999-06-19,current
1463,1463,2013-09-20,current
1464,1464,2017-07-19,current
1465,1465,2001-02-18,savings
1466,1466,2015-09-04,savings
1467,1467,2009-01-01,current
1468,1468,1995-05-09,savings
1469,1469,2014-05-10,current
1470,1470,2011-07-23,current
1471,1471,2004-08-14,savings
1472,1472,2006-07-22,savings
1473,1473,1999-06-04,current
1474,1474,2018-05-08,current
1475,1475,2012-01-12,current
1476,1476,2005-06-21,current
1477,1477,2022-08-07,current
1478,1478,2022-10-08,current
1479,1479,1999-05-19,current
1480,1480,2014-06-25,savings
1481,1481,2016-03-27,savings
1482,1482,2019-08-13,savings
1483,1483,2001-09-27,savings
1484,1484,2006-02-09,savings
1485,1485,1996-07-07,savings
1486,1486,2017-12-15,savings
1487,1487,2007-10-23,current
1488,1488,2018-10-18,current
1489,1489,2020-07-06,savings
1490,1490,2004-02-10,current
1491,1491,1997-01-19,savings
1492,1492,2013-11-07,savings
1493,1493,2015-11-09,savings
1494,1494,2004-10-24,savings
1495,1495,2022-12-12,current
1496,1496,1998-09-16,savings
1497,1497,1997-10-12,savings
1498,1498,2024-10-24,savings
1499,1499,2003-06-09,current
1500,1500,2001-01-02,current
1501,1501,2022-09-07,savings
1502,1502,2008-12-01,current
1503,1503,2009-02-07,savings
1504,1504,2022-07-01,current
1505,1505,2023-03-20,savings
1506,1506,2024-12-03,savings
1507,1507,2009-07-13,savings
1508,1508,1999-10-22,current
1509,1509,2018-11-02,current
1510,1510,2005-07-04,savings
1511,1511,2003-02-25,current
1512,1512,2017-05-07,current
1513,1513,2013-12-16,savings
1514,1514,2007-05-08,savings
1515,1515,2024-12-11,current
1516,1516,2021-09-17,savings
1517,1517,2017-03-10,current
1518,1518,2011-03-01,savings
1519,1519,2002-01-05,savings
1520,1520,2023-05-12,savings
1521,1521,2014-01-11,savings
1522,1522,2012-05-08,savings
1523,1523,2006-10-25,savings
1524,1524,2005-09-16,savings
1525,1525,2020-10-16,savings
1526,1526,2010-01-08,current
1527,1527,2021-06-16,current
1528,1528,2001-06-18,current
1529,1529,2015-09-13,current
1530,1530,2010-03-13,current
1531,1531,2011-11-17,current
1532,1532,2021-12-04,current
1533,1533,2012-12-06,current
1534,1534,2023-07-01,current
1535,1535,2006-05-05,savings
1536,1536,2003-11-06,current
1537,1537,2018-05-02,current
1538,1538,2022-02-18,savings
1539,1539,2010-10-06,current
1540,1540,2023-07-22,savings
1541,1541,2008-08-01,savings
1542,1542,2020-02-03,current
1543,1543,2024-01-20,current
1544,1544,2007-05-21,savings
1545,1545,1997-11-26,current
1546,1546,1999-09-11,current
1547,1547,2016-05-24,current
1548,1548,2003-05-24,current
1549,1549,2003-04-14,savings
1550,1550,2004-11-20,savings
1551,1551,2006-05-04,current
1552,1552,2004-05-13,current
1553,1553,2006-11-14,current
1554,1554,2017-03-14,savings
1555,1555,1997-11-03,current
1556,1556,2004-09-03,current
1557,1557,2021-02-20,savings
1558,1558,2011-03-12,savings
1559,1559,1997-01-22,current
1560,1560,2019-03-08,savings
1561,1561,2019-12-13,current
1562,1562,2017-03-02,savings
1563,1563,2020-02-08,savings
1564,1564,2011-02-16,savings
1565,1565,1999-11-11,savings
1566,1566,2006-02-19,savings
1567,1567,2014-10-21,savings
1568,1568,2024-05-09,current
1569,1569,2008-04-19,current
1570,1570,2004-06-18,savings
1571,1571,2005-06-12,savings
1572,1572,2000-01-03,current
1573,1573,2013-10-28,current
1574,1574,2007-01-06,savings
1575,1575,2020-06-02,savings
1576,1576,2014-02-15,current
1577,1577,2011-01-16,savings
1578,1578,2005-10-24,current
1579,1579,2021-08-02,savings
1580,1580,2018-04-10,savings
1581,1581,2022-02-07,savings
1582,1582,2010-01-25,savings
1583,1583,1996-11-13,current
1584,1584,2015-09-28,current
1585,1585,2023-08-25,current
1586,1586,2011-05-09,current
1587,1587,2002-04-24,current
1588,1588,1996-04-06,current
1589,1589,2021-10-07,savings
1590,1590,2023-08-06,savings
1591,1591,2010-10-17,current
1592,1592,2001-05-22,savings
1593,1593,1995-08-28,current
1594,1594,1997-04-19,current
1595,1595,2008-10-04,savings
1596,1596,2018-08-01,current
1597,1597,2007-03-04,savings
1598,1598,2019-06-19,current
1599,1599,2012-04-23,current
1600,1600,2007-12-19,current
1601,1601,2020-08-11,savings
1602,1602,2017-07-18,savings
1603,1603,2002-05-06,savings
1604,1604,2015-12-07,savings
1605,1605,2005-08-04,current
1606,1606,2018-01-02,savings
1607,1607,2020-11-15,savings
1608,1608,1995-08-09,savings
1609,1609,2013-08-13,savings
1610,1610,1999-08-15,current
1611,1611,2011-12-01,savings
1612,1612,2022-04-25,current
1613,1613,2024-09-10,savings
1614,1614,2019-10-10,savings
1615,1615,2023-09-10,savings
1616,1616,2015-07-02,savings
1617,1617,2011-07-26,savings
1618,1618,2002-03-02,savings
1619,1619,2003-12-09,savings
1620,1620,2023-12-13,savings
1621,1621,2009-04-12,savings
1622,1622,2015-12-18,current
1623,1623,2009-03-24,savings
1624,1624,2002-02-12,savings
1625,1625,2001-08-05,savings
1626,1626,2021-10-24,current
1627,1627,1996-05-09,current
1628,1628,1997-10-20,savings
1629,1629,2005-05-07,savings
1630,1630,2019-01-04,current
1631,1631,1997-06-10,current
1632,1632,2010-01-13,savings
1633,1633,2016-08-12,current
1634,1634,2009-04-28,savings
1635,1635,2004-01-13,current
1636,1636,2006-03-28,savings
1637,1637,2002-09-26,savings
1638,1638,1997-10-12,savings
1639,1639,2013-01-15,savings
1640,1640,2017-04-24,savings
1641,1641,2007-04-12,current
1642,1642,2012-12-16,savings
1643,1643,2009-04-02,current
1644,1644,2012-10-06,current
1645,1645,2002-11-21,current
1646,1646,1996-09-18,current
1647,1647,2020-12-21,savings
1648,1648,2004-11-26,current
1649,1649,2020-09-28,current
1650,1650,2006-04-09,current
1651,1651,1998-07-05,savings
1652,1652,2015-10-07,savings
1653,1653,2018-05-20,current
1654,1654,1998-12-07,current
1655,1655,2001-10-02,savings
1656,1656,2022-01-20,current
1657,1657,2004-01-28,savings
1658,1658,2020-01-12,current
1659,1659,2001-12-13,current
1660,1660,2018-05-26,savings
1661,1661,2001-11-14,savings
1662,1662,1997-06-16,current
1663,1663,2012-03-25,savings
1664,1664,1998-05-20,current
1665,1665,2022-11-26,savings
1666,1666,1997-03-08,savings
1667,1667,2019-03-20,savings
1668,1668,2015-06-07,current
1669,1669,2014-06-24,current
1670,1670,2018-10-21,current
1671,1671,2007-05-16,savings
1672,1672,1995-03-14,current
1673,1673,2021-12-10,savings
1674,1674,1996-02-24,savings
1675,1675,2016-11-09,savings
1676,1676,2024-06-19,savings
1677,1677,2008-11-13,current
1678,1678,1999-05-05,current
1679,1679,2016-08-17,current
1680,1680,2016-06-17,savings
1681,1681,1996-01-14,current
1682,1682,2023-06-27,savings
1683,1683,1998-02-28,current
1684,1684,2010-01-10,current
1685,1685,2019-11-04,current
1686,1686,2020-10-09,current
1687,1687,2009-07-16,current
1688,1688,2024-09-03,current
1689,1689,2001-01-09,savings
1690,1690,2022-11-09,savings
1691,1691,2000-12-14,savings
1692,1692,2007-03-10,current
1693,1693,2005-03-03,savings
1694,1694,2015-01-21,current
1695,1695,1997-04-02,savings
1696,1696,2003-06-24,current
1697,1697,2004-02-13,current
1698,1698,2024-04-09,savings
1699,1699,2016-07-27,current
1700,1700,2014-12-01,current
1701,1701,2011-02-14,savings
1702,1702,2001-08-25,savings
1703,1703,2013-10-18,savings
1704,1704,1995-12-28,savings
1705,1705,2001-03-16,savings
1706,1706,2013-09-09,current
1707,1707,2017-04-21,current
1708,1708,2015-02-05,savings
1709,1709,2019-05-03,current
1710,1710,2014-07-21,savings
1711,1711,2010-07-20,current
1712,1712,2015-06-05,current
1713,1713,2015-09-10,current
1714,1714,2001-06-20,savings
1715,1715,2011-11-24,current
1716,1716,2019-10-12,savings
1717,1717,2023-08-01,savings
1718,1718,2017-11-16,savings
1719,1719,2003-03-19,current
1720,1720,2006-08-25,current
1721,1721,2019-04-25,current
1722,1722,2016-06-12,savings
1723,1723,2006-08-05,savings
1724,1724,2005-04-26,savings
1725,1725,2009-08-03,savings
1726,1726,2005-11-24,savings
1727,1727,2013-06-24,savings
1728,1728,2019-09-06,current
1729,1729,2009-09-26,savings
1730,1730,2009-08-01,current
1731,1731,2020-01-02,savings
1732,1732,2002-07-04,savings
1733,1733,1997-06-15,current
1734,1734,2006-12-05,current
1735,1735,2022-03-22,current
1736,1736,2015-02-26,current
1737,1737,2024-08-25,current
1738,1738,2018-09-10,current
1739,1739,2007-02-26,current
1740,1740,1996-05-28,savings
1741,1741,2016-03-06,savings
1742,1742,2012-01-25,savings
1743,1743,1997-05-13,savings
1744,1744,2011-02-27,current
1745,1745,2005-06-02,current
1746,1746,2000-10-09,savings
1747,1747,1995-04-22,current
1748,1748,2017-11-23,savings
1749,1749,2013-07-20,current
1750,1750,2002-08-10,savings
1751,1751,2000-09-07,savings
1752,1752,2022-10-05,savings
1753,1753,2002-12-01,current
1754,1754,2004-11-14,savings
1755,1755,2007-10-27,savings
1756,1756,2005-04-12,savings
1757,1757,1999-01-20,current
1758,1758,2004-08-12,savings
1759,1759,2002-02-24,current
1760,1760,1996-02-20,current
1761,1761,2005-12-05,savings
1762,1762,2020-04-12,current
1763,1763,2006-08-24,current
1764,1764,2012-04-03,current
1765,1765,2004-09-06,current
1766,1766,2017-11-21,savings
1767,1767,2016-03-27,current
1768,1768,2001-05-16,savings
1769,1769,2022-05-09,current
1770,1770,2012-08-21,current
1771,1771,1999-09-16,savings
1772,1772,2010-07-13,current
1773,1773,2017-06-04,current
1774,1774,2009-12-05,savings
1775,1775,2011-05-20,current
1776,1776,2019-06-15,savings
1777,1777,2023-09-05,savings
1778,1778,2014-04-20,current
1779,1779,1996-08-23,savings
1780,1780,2024-12-05,current
1781,1781,2013-04-12,current
1782,1782,2020-12-27,savings
1783,1783,2020-05-11,current
1784,1784,2020-07-11,savings
1785,1785,2010-03-09,current
1786,1786,2001-11-23,savings
1787,1787,2005-10-21,savings
1788,1788,2022-05-07,savings
1789,1789,2022-09-06,savings
1790,1790,2001-09-02,savings
1791,1791,1997-03-20,savings
1792,1792,2023-07-10,current
1793,1793,2005-09-02,current
1794,1794,2004-05-13,current
1795,1795,2022-05-18,current
1796,1796,1998-11-03,savings
1797,1797,2012-01-04,savings
1798,1798,2019-12-08,savings
1799,1799,2001-05-02,savings
1800,1800,2011-05-05,current
1801,1801,2023-11-04,savings
1802,1802,2024-08-26,savings
1803,1803,1995-06-20,savings
1804,1804,2008-03-08,current
1805,1805,2016-08-11,current
1806,1806,2018-06-21,current
1807,1807,2016-07-03,current
1808,1808,2016-12-02,savings
1809,1809,2021-10-01,current
1810,1810,2024-07-11,current
1811,1811,2004-08-15,savings
1812,1812,2020-04-06,current
1813,1813,2020-08-17,current
1814,1814,2023-12-18,savings
1815,1815,2006-03-27,current
1816,1816,2006-09-09,current
1817,1817,2016-06-27,current
1818,1818,2023-03-27,current
1819,1819,2007-11-27,savings
1820,1820,2014-08-26,savings
1821,1821,2016-07-06,current
1822,1822,2007-10-12,savings
1823,1823,1997-04-10,savings
1824,1824,2012-03-14,current
1825,1825,2020-06-25,current
1826,1826,2014-03-09,savings
1827,1827,2009-08-04,savings
1828,1828,2001-10-04,current
1829,1829,2013-11-27,savings
1830,1830,2015-02-18,savings
1831,1831,2013-06-27,current
1832,1832,2018-04-17,current
1833,1833,1995-01-25,current
1834,1834,2004-02-11,current
1835,1835,2003-07-25,savings
1836,1836,1997-12-19,current
1837,1837,2005-09-02,savings
1838,1838,2008-06-21,savings
1839,1839,1996-05-03,current
1840,1840,1995-07-01,savings
1841,1841,2011-11-07,current
1842,1842,2008-07-21,current
1843,1843,2022-10-06,savings
1844,1844,2007-05-12,savings
1845,1845,1997-11-26,savings
1846,1846,2021-10-20,current
1847,1847,2015-11-10,current
1848,1848,1997-08-22,current
1849,1849,2008-07-14,savings
1850,1850,2015-08-18,current
1851,1851,2003-02-17,current
1852,1852,1995-12-23,savings
1853,1853,2015-03-23,savings
1854,1854,2000-12-14,current
1855,1855,2002-02-01,current
1856,1856,2005-12-10,current
1857,1857,2005-09-24,savings
1858,1858,1995-11-23,current
1859,1859,2015-12-18,current
1860,1860,1997-02-18,savings
1861,1861,2021-06-17,current
1862,1862,2004-11-28,current
1863,1863,2010-06-05,current
1864,1864,2013-08-05,savings
1865,1865,1998-10-09,savings
1866,1866,2006-06-16,savings
1867,1867,2001-07-15,savings
1868,1868,2003-02-14,current
1869,1869,2004-09-20,savings
1870,1870,2019-06-15,savings
1871,1871,2015-12-21,savings
1872,1872,2010-02-13,savings
1873,1873,1998-07-06,current
1874,1874,1998-08-22,savings
1875,1875,2019-05-02,current
1876,1876,2007-08-10,savings
1877,1877,1998-12-27,current
1878,1878,2018-10-17,savings
1879,1879,2008-10-06,savings
1880,1880,2007-07-19,savings
1881,1881,1999-12-24,current
1882,1882,2002-11-02,savings
1883,1883,1995-04-01,current
1884,1884,2021-12-19,current
1885,1885,2013-06-16,current
1886,1886,2023-02-18,savings
1887,1887,2001-01-12,savings
1888,1888,2000-04-19,savings
1889,1889,1997-09-27,savings
1890,1890,2013-11-28,savings
1891,1891,2000-12-02,current
1892,1892,2022-08-25,savings
1893,1893,2018-11-03,savings
1894,1894,2001-02-09,savings
1895,1895,2008-08-14,current
1896,1896,1997-01-03,savings
1897,1897,2005-05-23,savings
1898,1898,2012-06-11,savings
1899,1899,2015-02-05,savings
1900,1900,2003-07-15,current
1901,1901,2014-01-12,current
1902,1902,2015-05-13,savings
1903,1903,2003-10-11,current
1904,1904,2024-07-23,current
1905,1905,2002-06-07,current
1906,1906,2006-04-08,savings
1907,1907,1995-06-27,current
1908,1908,2003-11-23,savings
1909,1909,2012-12-22,savings
1910,1910,2004-03-15,current
1911,1911,2021-08-19,current
1912,1912,2002-05-11,current
1913,1913,2000-07-21,savings
1914,1914,2007-03-17,current
1915,1915,2014-07-24,savings
1916,1916,1996-12-22,current
1917,1917,2022-08-21,current
1918,1918,2020-03-18,current
1919,1919,2000-04-10,savings
1920,1920,2020-10-19,current
1921,1921,2012-05-11,savings
1922,1922,2012-02-18,current
1923,1923,1997-04-21,savings
1924,1924,2024-01-27,current
1925,1925,2011-04-15,current
1926,1926,1998-04-24,current
1927,1927,2022-11-01,current
1928,1928,2007-06-23,current
1929,1929,2020-01-15,current
1930,1930,2002-12-08,savings
1931,1931,2020-05-02,current
1932,1932,2000-12-21,current
1933,1933,2004-01-05,savings
1934,1934,2002-08-14,savings
1935,1935,2011-04-22,current
1936,1936,2007-01-20,savings
1937,1937,2017-10-11,savings
1938,1938,2004-05-02,current
1939,1939,2002-01-19,savings
1940,1940,2014-07-15,current
1941,1941,1996-03-07,savings
1942,1942,2022-06-10,savings
1943,1943,2021-12-26,savings
1944,1944,2022-07-04,current
1945,1945,2006-12-12,current
1946,1946,2004-05-15,current
1947,1947,2001-05-06,current
1948,1948,2007-02-08,current
1949,1949,2000-08-20,current
1950,1950,2015-11-01,savings
1951,1951,2015-06-27,savings
1952,1952,2022-03-27,current
1953,1953,2015-06-07,savings
1954,1954,2013-06-18,current
1955,1955,2023-07-13,current
1956,1956,2015-06-05,savings
1957,1957,2006-02-21,savings
1958,1958,2011-08-23,current
1959,1959,2022-07-20,current
1960,1960,2002-11-10,savings
1961,1961,2010-03-16,savings
1962,1962,2022-09-16,savings
1963,1963,2004-04-04,current
1964,1964,2014-08-23,current
1965,1965,2011-02-21,current
1966,1966,2001-12-24,current
1967,1967,1995-12-23,current
1968,1968,2009-02-06,savings
1969,1969,2014-11-07,current
1970,1970,2012-12-16,current
1971,1971,1997-01-01,current
1972,1972,2006-09-16,savings
1973,1973,1997-02-24,current
1974,1974,1995-09-02,savings
1975,1975,2007-11-15,current
1976,1976,2004-06-11,current
1977,1977,2007-04-16,savings
1978,1978,2020-02-26,savings
1979,1979,1997-04-01,current
1980,1980,1996-04-03,savings
1981,1981,2024-04-05,savings
1982,1982,2021-11-01,savings
1983,1983,1996-07-07,current
1984,1984,2010-10-10,current
1985,1985,1997-10-21,current
1986,1986,2011-11-24,current
1987,1987,2012-11-25,savings
1988,1988,2023-11-09,current
1989,1989,2023-07-02,savings
1990,1990,2008-07-12,current
1991,1991,1997-11-23,current
1992,1992,2015-05-04,savings
1993,1993,1995-01-13,current
1994,1994,2018-03-18,current
1995,1995,2021-05-26,current
1996,1996,1995-06-11,savings
1997,1997,2016-06-18,current
1998,1998,2024-10-10,savings
1999,1999,2018-05-15,savings
2000,2000,1995-09-24,current
2001,2001,2015-11-04,current
2002,2002,2003-12-08,current
2003,2003,1997-11-16,current
2004,2004,2009-12-16,savings
2005,2005,2024-12-13,savings
2006,2006,2011-09-19,current
2007,2007,2016-05-02,current
2008,2008,2003-09-10,current
2009,2009,2012-09-24,savings
2010,2010,2005-10-07,current
2011,2011,2023-10-23,current
2012,2012,2012-08-16,current
2013,2013,2024-12-22,savings
2014,2014,2017-12-08,savings
2015,2015,2016-11-08,current
2016,2016,2019-07-05,savings
2017,2017,2014-01-23,current
2018,2018,2011-01-05,current
2019,2019,2009-05-22,savings
2020,2020,2017-06-27,current
2021,2021,2000-02-07,savings
2022,2022,2006-06-25,savings
2023,2023,2023-08-27,current
2024,2024,1996-09-11,current
2025,2025,1998-03-13,current
2026,2026,2019-03-12,current
2027,2027,1996-12-16,current
2028,2028,2024-07-22,savings
2029,2029,1999-04-16,savings
2030,2030,2000-08-04,savings
2031,2031,1996-12-12,savings
2032,2032,2002-07-24,savings
2033,2033,2021-07-01,current
2034,2034,2011-01-25,savings
2035,2035,1996-11-05,current
2036,2036,2024-10-03,current
2037,2037,2008-10-16,savings
2038,2038,2015-01-23,savings
2039,2039,2004-10-02,savings
2040,2040,2003-02-24,current
2041,2041,1995-02-16,current
2042,2042,2005-01-01,current
2043,2043,2009-05-14,savings
2044,2044,2008-10-01,current
2045,2045,1998-08-22,current
2046,2046,2020-01-02,savings
2047,2047,2005-04-01,current
2048,2048,2011-10-09,current
2049,2049,2011-12-01,savings
2050,2050,2024-11-13,current
2051,2051,1996-12-25,savings
2052,2052,2018-01-15,savings
2053,2053,2020-12-18,current
2054,2054,2017-12-14,current
2055,2055,1999-01-01,savings
2056,2056,1998-04-15,current
2057,2057,2021-10-23,current
2058,2058,2003-06-02,savings
2059,2059,2017-10-12,savings
2060,2060,1999-11-01,savings
2061,2061,1999-01-07,savings
2062,2062,2014-05-19,savings
2063,2063,2014-11-05,savings
2064,2064,2002-05-02,current
2065,2065,2024-09-22,current
2066,2066,2005-08-14,savings
2067,2067,2001-04-11,savings
2068,2068,2014-04-10,savings
2069,2069,2009-04-19,savings
2070,2070,1998-11-22,savings
2071,2071,2006-01-08,current
2072,2072,2017-03-13,savings
2073,2073,2007-03-04,current
2074,2074,1996-12-13,savings
2075,2075,2016-09-16,current
2076,2076,2018-04-26,current
2077,2077,1996-07-25,savings
2078,2078,1997-02-01,savings
2079,2079,2023-03-27,savings
2080,2080,2000-02-07,current
2081,2081,1999-10-09,savings
2082,2082,2015-06-19,savings
2083,2083,2009-03-14,current
2084,2084,2023-07-22,current
2085,2085,2014-12-06,savings
2086,2086,2006-04-13,savings
2087,2087,1998-12-09,savings
2088,2088,2001-11-08,savings
2089,2089,2023-07-08,savings
2090,2090,2005-02-08,savings
2091,2091,2003-05-11,savings
2092,2092,2007-05-04,current
2093,2093,2017-07-01,current
2094,2094,2020-02-01,current
2095,2095,2023-03-10,current
2096,2096,2021-06-05,savings
2097,2097,2005-08-26,savings
2098,2098,2011-07-13,current
2099,2099,2004-12-21,current
2100,2100,2002-08-13,savings
2101,2101,2013-03-03,savings
2102,2102,1997-04-06,current
2103,2103,2012-12-08,current
2104,2104,2022-06-14,current
2105,2105,2024-04-03,current
2106,2106,2015-01-17,savings
2107,2107,2017-07-09,savings
2108,2108,2005-08-28,savings
2109,2109,2013-04-19,current
2110,2110,2009-06-15,savings
2111,2111,2011-09-18,current
2112,2112,1996-09-28,savings
2113,2113,2022-12-09,current
2114,2114,2012-07-16,current
2115,2115,2018-07-06,savings
2116,2116,2021-01-14,savings
2117,2117,2020-11-27,savings
2118,2118,2019-01-11,current
2119,2119,2014-01-11,current
2120,2120,1998-08-12,current
2121,2121,2023-05-21,savings
2122,2122,2017-04-11,current
2123,2123,2001-02-10,savings
2124,2124,2002-01-14,current
2125,2125,2007-04-18,savings
2126,2126,2008-12-06,current
2127,2127,2011-11-20,savings
2128,2128,2019-12-07,savings
2129,2129,2013-03-07,current
2130,2130,2022-10-18,current
2131,2131,1999-08-26,current
2132,2132,2022-10-09,current
2133,2133,1995-11-04,savings
2134,2134,2005-07-15,current
2135,2135,2002-07-25,savings
2136,2136,2024-12-03,current
2137,2137,2006-08-21,current
2138,2138,2020-12-06,savings
2139,2139,2022-05-16,current
2140,2140,2003-01-10,current
2141,2141,2000-12-21,current
2142,2142,2002-10-27,current
2143,2143,2006-05-02,current
2144,2144,2014-04-19,current
2145,2145,2012-09-22,savings
2146,2146,2009-06-22,savings
2147,2147,2006-08-25,current
2148,2148,2023-02-03,savings
2149,2149,2000-07-26,current
2150,2150,1996-08-24,current
2151,2151,2010-12-05,current
2152,2152,1999-03-16,savings
2153,2153,2003-10-10,savings
2154,2154,2013-05-19,current
2155,2155,2000-09-15,current
2156,2156,1995-08-01,current
2157,2157,2000-01-23,savings
2158,2158,2006-07-24,savings
2159,2159,1999-12-18,current
2160,2160,1995-11-26,current
2161,2161,2018-04-05,current
2162,2162,2023-07-10,current
2163,2163,1999-07-23,savings
2164,2164,2007-02-02,savings
2165,2165,2000-08-08,savings
2166,2166,2018-02-10,savings
2167,2167,1996-05-22,current
2168,2168,1998-09-11,savings
2169,2169,2002-12-14,current
2170,2170,2021-10-16,savings
2171,2171,2001-03-13,savings
2172,2172,1995-12-07,savings
2173,2173,1998-09-28,current
2174,2174,1997-08-07,savings
2175,2175,2005-05-11,savings
2176,2176,2022-01-08,savings
2177,2177,2015-12-07,savings
2178,2178,2012-03-05,savings
2179,2179,2002-09-01,savings
2180,2180,2002-10-28,current
2181,2181,2013-10-24,current
2182,2182,2008-06-03,current
2183,2183,2016-12-26,current
2184,2184,2003-07-12,savings
2185,2185,2006-10-04,current
2186,2186,2002-03-26,current
2187,2187,2008-01-10,current
2188,2188,2001-02-06,savings
2189,2189,2007-01-26,savings
2190,2190,2016-05-09,savings
2191,2191,2022-10-23,current
2192,2192,2014-01-05,current
2193,2193,2015-10-06,savings
2194,2194,2023-03-18,savings
2195,2195,2008-08-03,current
2196,2196,2000-11-12,current
2197,2197,2007-11-18,savings
2198,2198,2013-10-12,savings
2199,2199,2017-12-09,current
2200,2200,2014-09-15,savings
2201,2201,1999-02-26,savings
2202,2202,2018-08-21,savings
2203,2203,1995-04-24,savings
2204,2204,2004-12-17,savings
2205,2205,2001-06-07,current
2206,2206,2019-11-08,current
2207,2207,2020-04-18,savings
2208,2208,1999-07-11,current
2209,2209,2008-08-24,current
2210,2210,2020-12-18,savings
2211,2211,1998-12-01,savings
2212,2212,2008-07-18,current
2213,2213,2024-08-05,current
2214,2214,2015-08-08,current
2215,2215,1997-08-08,savings
2216,2216,2022-03-05,savings
2217,2217,2015-01-18,current
2218,2218,1996-12-28,savings
2219,2219,2019-05-12,current
2220,2220,2012-05-01,savings
2221,2221,1998-12-01,savings
2222,2222,2022-06-14,savings
2223,2223,2007-07-22,current
2224,2224,2005-08-12,savings
2225,2225,2010-08-01,savings
2226,2226,2014-12-01,savings
2227,2227,2004-11-24,savings
2228,2228,2004-11-28,savings
2229,2229,2008-02-06,current
2230,2230,1996-06-28,savings
2231,2231,2003-03-24,savings
2232,2232,2010-06-27,current
2233,2233,1995-05-20,savings
2234,2234,2009-09-28,savings
2235,2235,1997-08-18,savings
2236,2236,1998-03-12,savings
2237,2237,2023-12-26,current
2238,2238,1999-01-02,savings
2239,2239,2015-03-21,savings
2240,2240,2008-01-02,savings
2241,2241,2001-08-06,savings
2242,2242,2018-06-23,current
2243,2243,2001-06-09,savings
2244,2244,2024-09-24,savings
2245,2245,2003-06-17,current
2246,2246,2001-02-16,savings
2247,2247,2023-01-07,current
2248,2248,2001-03-21,savings
2249,2249,2000-05-19,current
2250,2250,1998-09-06,current
2251,2251,2023-11-12,current
2252,2252,2019-07-08,current
2253,2253,1995-01-12,savings
2254,2254,2003-04-23,savings
2255,2255,1995-07-12,current
2256,2256,2017-02-13,current
2257,2257,2019-03-14,current
2258,2258,2006-10-08,savings
2259,2259,2014-06-17,current
2260,2260,1996-07-20,savings
2261,2261,2020-01-06,savings
2262,2262,2009-10-19,current
2263,2263,1998-08-12,current
2264,2264,2001-07-22,savings
2265,2265,2007-03-12,current
2266,2266,2017-02-21,current
2267,2267,2022-05-03,savings
2268,2268,2011-11-23,current
2269,2269,2009-03-01,current
2270,2270,1998-10-14,savings
2271,2271,2006-07-27,current
2272,2272,2020-07-25,current
2273,2273,2022-04-22,savings
2274,2274,2010-08-18,current
2275,2275,1998-12-11,savings
2276,2276,1997-12-23,current
2277,2277,1997-11-26,savings
2278,2278,2020-11-22,savings
2279,2279,2021-09-21,current
2280,2280,2017-11-26,savings
2281,2281,2003-08-11,current
2282,2282,2008-09-02,savings
2283,2283,2018-04-08,current
2284,2284,2016-09-18,savings
2285,2285,1999-12-03,savings
2286,2286,2020-04-15,current
2287,2287,2009-08-26,current
2288,2288,1996-05-18,savings
2289,2289,2002-02-13,savings
2290,2290,2005-12-23,savings
2291,2291,2018-07-15,savings
2292,2292,2004-06-18,savings
2293,2293,2005-08-03,savings
2294,2294,2010-08-05,savings
2295,2295,2001-04-09,savings
2296,2296,2008-08-19,current
2297,2297,1998-11-06,current
2298,2298,2000-10-11,current
2299,2299,2014-01-14,current
2300,2300,2000-04-13,savings
2301,2301,2008-01-03,savings
2302,2302,1998-10-01,current
2303,2303,2000-05-16,savings
2304,2304,2000-02-17,savings
2305,2305,1996-10-17,current
2306,2306,1999-03-12,current
2307,2307,2022-07-20,current
2308,2308,2011-05-02,savings
2309,2309,2015-05-11,savings
2310,2310,2014-03-25,current
2311,2311,2003-02-22,current
2312,2312,2008-05-06,current
2313,2313,2023-05-01,current
2314,2314,2022-12-18,savings
2315,2315,2018-10-28,current
2316,2316,2015-03-09,savings
2317,2317,2012-06-11,current
2318,2318,2003-11-11,savings
2319,2319,2010-01-14,savings
2320,2320,2003-11-17,current
2321,2321,2008-10-01,savings
2322,2322,2001-06-01,current
2323,2323,2004-03-10,current
2324,2324,2015-02-27,current
2325,2325,1996-05-28,savings
2326,2326,2023-10-10,current
2327,2327,2023-04-25,savings
2328,2328,2011-12-19,current
2329,2329,1996-04-07,savings
2330,2330,2002-01-27,current
2331,2331,2024-01-26,current
2332,2332,2020-01-16,savings
2333,2333,2008-02-01,savings
2334,2334,2004-08-19,savings
2335,2335,2005-03-15,current
2336,2336,2015-09-12,savings
2337,2337,2011-07-21,savings
2338,2338,2011-02-01,savings
2339,2339,1997-11-15,savings
2340,2340,2000-04-11,current
2341,2341,2013-03-09,savings
2342,2342,2010-03-17,savings
2343,2343,2007-05-08,current
2344,2344,2022-05-25,current
2345,2345,2010-09-15,current
2346,2346,2020-10-02,savings
2347,2347,2022-04-24,savings
2348,2348,1999-07-20,savings
2349,2349,2022-05-26,savings
2350,2350,1998-01-25,savings
2351,2351,2016-06-08,current
2352,2352,2021-04-13,savings
2353,2353,2013-10-04,savings
2354,2354,2017-06-24,savings
2355,2355,2021-02-22,savings
2356,2356,2000-01-05,savings
2357,2357,2018-05-14,savings
2358,2358,2016-01-04,current
2359,2359,2021-06-27,current
2360,2360,2005-05-28,current
2361,2361,2004-03-16,current
2362,2362,1999-03-03,current
2363,2363,2021-10-21,current
2364,2364,1997-04-19,savings
2365,2365,2005-11-21,savings
2366,2366,2016-07-04,current
2367,2367,2016-12-23,current
2368,2368,2019-11-12,savings
2369,2369,1996-03-21,savings
2370,2370,2017-07-28,current
2371,2371,2020-02-10,current
2372,2372,2023-07-06,current
2373,2373,2018-05-02,savings
2374,2374,2010-12-28,current
2375,2375,2024-04-03,current
2376,2376,2010-01-08,current
2377,2377,2010-03-13,current
2378,2378,2007-04-28,savings
2379,2379,2000-06-07,current
2380,2380,2013-03-04,savings
2381,2381,1995-03-04,savings
2382,2382,2016-12-02,current
2383,2383,2002-06-23,current
2384,2384,1995-01-04,savings
2385,2385,1997-02-11,savings
2386,2386,2017-10-10,savings
2387,2387,2012-01-07,savings
2388,2388,2020-05-08,savings
2389,2389,2014-03-26,current
2390,2390,2024-12-15,current
2391,2391,2012-05-16,current
2392,2392,2012-09-21,savings
2393,2393,1999-11-07,savings
2394,2394,1997-03-09,savings
2395,2395,2011-07-25,savings
2396,2396,2011-10-09,current
2397,2397,2005-09-25,current
2398,2398,2014-08-06,savings
2399,2399,2007-02-01,savings
2400,2400,1997-05-14,current
2401,2401,2014-02-25,current
2402,2402,2007-06-27,current
2403,2403,1999-08-03,savings
2404,2404,2013-07-20,current
2405,2405,2021-06-02,savings
2406,2406,2017-10-17,current
2407,2407,2000-06-18,current
2408,2408,2002-12-18,current
2409,2409,2001-03-05,savings
2410,2410,1996-09-21,savings
2411,2411,2023-08-26,current
2412,2412,2019-09-22,savings
2413,2413,2002-05-12,current
2414,2414,2012-05-26,savings
2415,2415,2021-12-15,current
2416,2416,2006-01-03,savings
2417,2417,2023-05-18,savings
2418,2418,2015-12-24,current
2419,2419,2023-07-14,current
2420,2420,1997-05-05,savings
2421,2421,2002-12-02,current
2422,2422,2013-03-19,current
2423,2423,2003-04-19,current
2424,2424,2018-05-08,current
2425,2425,2002-03-25,savings
2426,2426,2008-08-08,current
2427,2427,2008-07-14,savings
2428,2428,2006-07-22,savings
2429,2429,2000-06-11,savings
2430,2430,2009-09-22,savings
2431,2431,2020-08-04,current
2432,2432,2005-02-21,savings
2433,2433,2003-03-26,current
2434,2434,2001-01-24,current
2435,2435,2005-01-22,savings
2436,2436,2009-06-18,current
2437,2437,2003-08-14,savings
2438,2438,2017-07-16,current
2439,2439,2016-08-05,current
2440,2440,2015-11-03,current
2441,2441,2022-02-28,savings
2442,2442,2002-12-21,savings
2443,2443,2021-10-14,savings
2444,2444,1999-12-03,current
2445,2445,2005-08-08,savings
2446,2446,2013-11-20,current
2447,2447,2018-08-20,current
2448,2448,2016-10-14,current
2449,2449,2012-03-01,current
2450,2450,2015-02-28,savings
2451,2451,2021-09-06,savings
2452,2452,2017-10-27,current
2453,2453,1995-11-13,current
2454,2454,2005-08-15,current
2455,2455,2001-11-22,savings
2456,2456,2001-03-20,current
2457,2457,2016-08-15,savings
2458,2458,2013-02-01,savings
2459,2459,2020-11-23,savings
2460,2460,1998-02-19,current
2461,2461,2018-09-19,savings
2462,2462,2000-05-12,savings
2463,2463,2013-01-18,savings
2464,2464,1997-10-08,savings
2465,2465,2012-10-04,savings
2466,2466,1997-04-24,current
2467,2467,2023-05-22,current
2468,2468,2024-02-09,savings
2469,2469,1998-02-09,current
2470,2470,2015-07-21,savings
2471,2471,2009-05-08,current
2472,2472,2004-05-02,current
2473,2473,2003-11-05,savings
2474,2474,2024-08-22,savings
2475,2475,1998-07-18,current
2476,2476,2022-07-03,current
2477,2477,2024-01-23,current
2478,2478,2016-06-17,savings
2479,2479,2001-02-18,savings
2480,2480,2017-04-19,current
2481,2481,2012-12-14,savings
2482,2482,2012-07-01,current
2483,2483,1996-01-16,savings
2484,2484,2011-07-03,savings
2485,2485,2021-11-26,savings
2486,2486,2003-08-25,current
2487,2487,2004-09-06,current
2488,2488,2014-07-23,current
2489,2489,2017-06-11,savings
2490,2490,2010-03-27,savings
2491,2491,2022-07-02,current
2492,2492,1996-07-27,current
2493,2493,2022-01-27,savings
2494,2494,2024-03-27,savings
2495,2495,2020-04-22,savings
2496,2496,1998-06-09,savings
2497,2497,2014-04-12,savings
2498,2498,1996-01-17,savings
2499,2499,2002-12-03,current
2500,2500,2007-02-26,savings
2501,2501,2002-03-01,current
2502,2502,2006-12-18,savings
2503,2503,2021-03-25,savings
2504,2504,2016-05-20,current
2505,2505,2002-06-24,savings
2506,2506,2000-03-16,current
2507,2507,2012-06-02,current
2508,2508,2023-04-09,current
2509,2509,2007-07-25,savings
2510,2510,1996-12-17,current
2511,2511,2020-08-12,current
2512,2512,2021-04-10,savings
2513,2513,2002-09-02,current
2514,2514,2008-02-17,current
2515,2515,2021-07-21,savings
2516,2516,2024-07-13,current
2517,2517,2003-03-04,savings
2518,2518,2022-09-27,current
2519,2519,2015-11-25,savings
2520,2520,2018-03-15,current
2521,2521,2007-04-06,current
2522,2522,2021-06-04,savings
2523,2523,1999-06-17,current
2524,2524,2013-12-01,current
2525,2525,2007-03-24,current
2526,2526,2023-12-03,savings
2527,2527,2006-03-01,savings
2528,2528,2005-02-24,savings
2529,2529,2002-04-19,current
2530,2530,1995-06-13,savings
2531,2531,2024-08-19,current
2532,2532,2023-04-09,savings
2533,2533,2015-03-20,savings
2534,2534,2002-10-10,savings
2535,2535,2005-10-06,savings
2536,2536,2002-12-20,current
2537,2537,2015-08-03,savings
2538,2538,1996-12-20,current
2539,2539,2003-07-25,savings
2540,2540,2001-09-18,current
2541,2541,2013-09-01,current
2542,2542,2012-11-17,savings
2543,2543,1999-05-06,current
2544,2544,2003-09-07,current
2545,2545,1999-04-22,savings
2546,2546,2019-04-04,savings
2547,2547,2002-12-20,savings
2548,2548,2020-04-01,current
2549,2549,2003-10-01,savings
2550,2550,1999-09-24,savings
2551,2551,2009-03-28,current
2552,2552,1998-03-24,savings
2553,2553,2016-08-12,savings
2554,2554,2010-08-19,current
2555,2555,2012-11-15,savings
2556,2556,2002-10-20,current
2557,2557,2002-02-18,savings
2558,2558,2008-11-20,current
2559,2559,2005-05-20,current
2560,2560,2013-02-02,savings
2561,2561,2014-10-06,savings
2562,2562,2001-03-07,current
2563,2563,2003-07-16,current
2564,2564,2024-10-21,current
2565,2565,2006-05-13,savings
2566,2566,2006-01-21,current
2567,2567,2019-04-14,current
2568,2568,2013-03-25,savings
2569,2569,2004-02-18,savings
2570,2570,2010-05-19,current
2571,2571,2001-11-13,current
2572,2572,2022-09-04,current
2573,2573,2008-01-01,savings
2574,2574,1995-10-07,savings
2575,2575,1995-03-20,current
2576,2576,2004-03-12,savings
2577,2577,2024-07-20,savings
2578,2578,1999-10-19,savings
2579,2579,2002-08-14,savings
2580,2580,2011-02-06,savings
2581,2581,2000-04-04,savings
2582,2582,1998-09-16,current
2583,2583,2019-08-16,current
2584,2584,1995-03-23,savings
2585,2585,2008-10-19,current
2586,2586,2010-02-08,current
2587,2587,2010-08-16,current
2588,2588,2006-01-14,savings
2589,2589,2003-09-18,savings
2590,2590,2013-09-23,current
2591,2591,1995-06-23,current
2592,2592,2015-03-07,current
2593,2593,2000-11-21,current
2594,2594,2014-02-03,current
2595,2595,2023-06-15,current
2596,2596,2005-09-09,savings
2597,2597,1995-04-28,current
2598,2598,2014-11-06,savings
2599,2599,1996-08-18,current
2600,2600,2015-01-08,current
2601,2601,1995-09-21,current
2602,2602,2009-08-13,savings
2603,2603,2011-04-06,savings
2604,2604,2022-01-19,current
2605,2605,2002-10-26,savings
2606,2606,2006-11-18,savings
2607,2607,2010-08-19,savings
2608,2608,2015-07-23,current
2609,2609,2020-05-11,current
2610,2610,2019-02-22,current
2611,2611,2012-07-10,savings
2612,2612,2001-03-20,savings
2613,2613,2017-11-16,current
2614,2614,2006-04-16,current
2615,2615,2015-08-15,savings
2616,2616,2011-10-27,current
2617,2617,2021-07-27,current
2618,2618,2016-05-27,current
2619,2619,2015-07-27,current
2620,2620,2010-08-06,savings
2621,2621,2006-10-06,current
2622,2622,1996-10-03,current
2623,2623,2008-07-02,savings
2624,2624,2021-11-03,savings
2625,2625,2018-05-26,current
2626,2626,1999-11-06,current
2627,2627,2021-02-10,savings
2628,2628,2024-01-02,current
2629,2629,2003-11-28,savings
2630,2630,2003-06-27,current
2631,2631,2024-10-10,current
2632,2632,1996-07-13,current
2633,2633,2014-06-02,current
2634,2634,2023-01-02,current
2635,2635,2024-01-23,current
2636,2636,2006-12-09,savings
2637,2637,2002-12-21,savings
2638,2638,2003-03-02,current
2639,2639,1999-04-12,savings
2640,2640,2002-05-13,savings
2641,2641,2017-11-19,savings
2642,2642,2022-07-19,current
2643,2643,2003-12-27,savings
2644,2644,2005-05-18,savings
2645,2645,2016-10-20,savings
2646,2646,2007-11-07,current
2647,2647,2023-05-07,current
2648,2648,2014-10-15,savings
2649,2649,2022-06-28,current
2650,2650,2006-09-12,current
2651,2651,2019-05-05,current
2652,2652,1998-12-13,current
2653,2653,2014-10-27,savings
2654,2654,1999-08-24,current
2655,2655,2001-06-11,savings
2656,2656,2002-05-08,savings
2657,2657,2023-07-02,current
2658,2658,2010-08-01,current
2659,2659,1995-03-20,current
2660,2660,2015-04-05,savings
2661,2661,2023-10-11,current
2662,2662,2008-09-09,current
2663,2663,2013-10-19,current
2664,2664,2010-12-23,savings
2665,2665,1998-03-08,current
2666,2666,2000-06-19,savings
2667,2667,2020-02-06,current
2668,2668,2001-12-10,current
2669,2669,1995-11-17,current
2670,2670,2021-12-25,current
2671,2671,2004-05-21,savings
2672,2672,2012-10-02,savings
2673,2673,2009-06-22,savings
2674,2674,2003-08-04,savings
2675,2675,1999-10-24,current
2676,2676,2005-07-08,savings
2677,2677,2002-07-22,current
2678,2678,2006-07-26,savings
2679,2679,2006-11-24,savings
2680,2680,2017-06-08,current
2681,2681,2001-11-24,current
2682,2682,2023-04-20,current
2683,2683,1999-01-02,savings
2684,2684,2018-02-05,savings
2685,2685,2014-03-08,current
2686,2686,2016-08-18,savings
2687,2687,2012-11-24,current
2688,2688,2009-11-23,current
2689,2689,1996-01-28,current
2690,2690,2012-05-26,savings
2691,2691,2008-05-07,current
2692,2692,2021-11-13,current
2693,2693,2018-01-15,current
2694,2694,2006-04-10,savings
2695,2695,2010-07-09,savings
2696,2696,2011-12-08,current
2697,2697,2023-11-14,savings
2698,2698,2016-09-01,savings
2699,2699,2002-12-09,savings
2700,2700,2006-05-20,savings
2701,2701,2021-03-25,savings
2702,2702,2001-10-26,savings
2703,2703,1995-02-19,savings
2704,2704,2003-04-02,current
2705,2705,2022-09-13,savings
2706,2706,2016-05-01,current
2707,2707,2009-12-21,current
2708,2708,2017-07-03,savings
2709,2709,1996-02-19,current
2710,2710,2010-08-05,current
2711,2711,2021-11-25,current
2712,2712,2020-09-28,current
2713,2713,2017-03-15,savings
2714,2714,2002-08-22,savings
2715,2715,2005-01-14,current
2716,2716,2014-12-02,current
2717,2717,2007-01-02,current
2718,2718,2011-05-20,savings
2719,2719,2019-04-11,current
2720,2720,2004-12-12,savings
2721,2721,2005-07-25,savings
2722,2722,2015-05-09,current
2723,2723,2018-12-18,current
2724,2724,2016-12-21,savings
2725,2725,1998-06-01,current
2726,2726,2001-04-19,current
2727,2727,2018-09-04,current
2728,2728,2013-07-19,savings
2729,2729,1998-04-18,current
2730,2730,2014-08-10,savings
2731,2731,2024-04-25,current
2732,2732,2003-11-02,savings
2733,2733,2007-05-08,savings
2734,2734,2009-07-26,current
2735,2735,2014-10-11,savings
2736,2736,2004-01-26,current
2737,2737,2012-02-26,current
2738,2738,2012-06-27,current
2739,2739,2016-09-07,current
2740,2740,2016-06-14,current
2741,2741,2021-08-08,current
2742,2742,1996-03-01,savings
2743,2743,2010-11-09,savings
2744,2744,2003-01-16,current
2745,2745,2012-09-19,savings
2746,2746,1996-12-20,current
2747,2747,2012-11-16,current
2748,2748,2005-06-18,savings
2749,2749,2022-04-09,savings
2750,2750,1996-12-24,current
2751,2751,1998-03-23,current
2752,2752,2014-08-18,current
2753,2753,2000-04-22,current
2754,2754,2002-12-05,savings
2755,2755,2001-08-21,savings
2756,2756,2021-05-16,current
2757,2757,1997-01-09,savings
2758,2758,2003-07-07,savings
2759,2759,2018-01-05,savings
2760,2760,2013-04-02,savings
2761,2761,2021-06-22,current
2762,2762,2016-11-11,current
2763,2763,2021-04-24,current
2764,2764,1995-12-22,savings
2765,2765,2017-08-15,savings
2766,2766,2023-01-12,current
2767,2767,2005-03-12,current
2768,2768,2023-06-01,current
2769,2769,2003-08-01,current
2770,2770,2004-05-09,savings
2771,2771,2024-09-22,current
2772,2772,1996-09-28,current
2773,2773,2019-05-21,current
2774,2774,2021-12-08,savings
2775,2775,2022-04-07,savings
2776,2776,1995-09-22,current
2777,2777,1998-02-22,savings
2778,2778,2001-11-07,savings
2779,2779,2021-08-07,current
2780,2780,2012-04-02,current
2781,2781,1996-08-22,savings
2782,2782,2008-06-21,current
2783,2783,2017-08-18,savings
2784,2784,2018-03-07,savings
2785,2785,1995-01-21,savings
2786,2786,2016-11-24,savings
2787,2787,2021-06-27,current
2788,2788,2012-03-23,current
2789,2789,2003-10-13,current
2790,2790,1996-09-03,current
2791,2791,2006-01-28,savings
2792,2792,2013-11-15,savings
2793,2793,2018-09-28,savings
2794,2794,2010-10-03,savings
2795,2795,2002-03-02,current
2796,2796,1995-09-26,savings
2797,2797,1998-07-21,savings
2798,2798,2004-04-02,current
2799,2799,2003-11-28,current
2800,2800,2009-08-07,savings
2801,2801,2020-10-18,savings
2802,2802,2009-12-26,current
2803,2803,2019-02-07,current
2804,2804,2017-12-27,current
2805,2805,2016-12-11,savings
2806,2806,2004-05-07,savings
2807,2807,1996-09-20,savings
2808,2808,2006-04-07,current
2809,2809,2023-06-17,current
2810,2810,2019-05-08,current
2811,2811,2022-05-17,savings
2812,2812,2024-01-14,savings
2813,2813,2013-02-07,current
2814,2814,2013-05-24,current
2815,2815,2003-01-03,current
2816,2816,2003-04-24,savings
2817,2817,1997-02-17,savings
2818,2818,2003-10-09,current
2819,2819,1998-03-14,current
2820,2820,2006-09-06,savings
2821,2821,2012-10-06,current
2822,2822,2005-04-01,current
2823,2823,2000-11-16,current
2824,2824,2021-06-17,savings
2825,2825,2023-02-24,savings
2826,2826,2007-11-14,savings
2827,2827,2004-12-01,savings
2828,2828,2006-04-23,savings
2829,2829,2004-02-08,savings
2830,2830,2022-04-22,savings
2831,2831,2000-01-26,current
2832,2832,1999-11-02,current
2833,2833,1995-05-17,savings
2834,2834,2014-02-07,current
2835,2835,2010-10-09,savings
2836,2836,2000-10-19,savings
2837,2837,2015-07-24,savings
2838,2838,2018-11-12,current
2839,2839,2014-01-02,savings
2840,2840,2021-07-28,current
2841,2841,2024-12-09,savings
2842,2842,2008-05-25,current
2843,2843,2017-10-14,savings
2844,2844,2010-01-15,current
2845,2845,2004-03-08,savings
2846,2846,2006-03-23,current
2847,2847,2015-05-22,current
2848,2848,1996-09-07,current
2849,2849,2000-02-22,savings
2850,2850,1995-12-01,current
2851,2851,2004-12-01,savings
2852,2852,2002-05-21,savings
2853,2853,2005-11-27,current
2854,2854,2016-05-04,current
2855,2855,1996-02-22,current
2856,2856,2021-08-09,current
2857,2857,2006-11-13,savings
2858,2858,2006-06-22,current
2859,2859,1998-08-02,current
2860,2860,2006-02-22,savings
2861,2861,2020-06-25,current
2862,2862,1999-05-04,savings
2863,2863,1996-05-15,current
2864,2864,2000-11-26,current
2865,2865,2021-10-24,current
2866,2866,2013-10-08,current
2867,2867,2012-04-25,savings
2868,2868,2009-08-06,current
2869,2869,2012-06-23,savings
2870,2870,2012-01-20,savings
2871,2871,2004-12-04,current
2872,2872,2008-10-27,current
2873,2873,2021-07-15,current
2874,2874,2006-07-14,current
2875,2875,2014-04-11,current
2876,2876,2010-08-16,savings
2877,2877,2007-01-09,savings
2878,2878,2007-06-27,current
2879,2879,2014-09-02,current
2880,2880,2020-03-19,savings
2881,2881,2017-12-09,savings
2882,2882,2022-05-07,current
2883,2883,2024-08-01,savings
2884,2884,2019-05-28,current
2885,2885,2005-11-23,savings
2886,2886,1998-06-12,current
2887,2887,2000-05-18,current
2888,2888,1996-12-09,current
2889,2889,2001-03-09,savings
2890,2890,1995-06-23,savings
2891,2891,2020-09-15,savings
2892,2892,1998-05-12,savings
2893,2893,2019-06-21,current
2894,2894,1997-03-14,current
2895,2895,2007-06-07,savings
2896,2896,2001-11-20,savings
2897,2897,2017-08-08,current
2898,2898,2000-12-13,current
2899,2899,2004-06-23,savings
2900,2900,2007-02-01,savings
2901,2901,2003-08-12,savings
2902,2902,2003-01-19,current
2903,2903,2015-10-16,current
2904,2904,2008-12-17,current
2905,2905,2012-04-10,current
2906,2906,2018-08-12,savings
2907,2907,2010-07-18,current
2908,2908,2008-11-28,savings
2909,2909,2007-06-08,current
2910,2910,2002-04-13,savings
2911,2911,1996-08-14,savings
2912,2912,2019-01-04,current
2913,2913,1997-09-22,savings
2914,2914,1995-01-03,savings
2915,2915,1995-12-11,current
2916,2916,2002-09-14,savings
2917,2917,2017-10-18,current
2918,2918,1997-12-22,current
2919,2919,2008-08-08,current
2920,2920,2007-02-07,savings
2921,2921,2015-07-27,savings
2922,2922,2002-07-01,current
2923,2923,2021-12-02,current
2924,2924,2004-09-04,savings
2925,2925,2011-05-12,current
2926,2926,2021-08-19,current
2927,2927,2008-09-04,current
2928,2928,1995-12-19,savings
2929,2929,2008-12-23,savings
2930,2930,2015-06-19,savings
2931,2931,2010-11-23,current
2932,2932,2007-04-06,current
2933,2933,2018-01-01,current
2934,2934,1997-12-25,current
2935,2935,2003-02-10,savings
2936,2936,2006-09-07,savings
2937,2937,2018-12-28,current
2938,2938,2020-05-10,savings
2939,2939,2000-10-07,current
2940,2940,2003-05-03,current
2941,2941,2007-10-17,savings
2942,2942,2011-02-07,savings
2943,2943,1995-08-14,current
2944,2944,1996-11-18,current
2945,2945,2012-01-25,savings
2946,2946,2024-10-15,savings
2947,2947,1998-10-09,savings
2948,2948,2015-08-20,current
2949,2949,2017-07-28,savings
2950,2950,2024-08-11,savings
2951,2951,2006-07-05,savings
2952,2952,2015-02-23,current
2953,2953,1997-11-12,savings
2954,2954,1998-05-10,savings
2955,2955,2015-02-12,savings
2956,2956,2007-01-14,savings
2957,2957,2007-11-28,current
2958,2958,2010-01-22,savings
2959,2959,2011-03-28,current
2960,2960,2018-02-01,savings
2961,2961,2009-11-03,savings
2962,2962,2015-09-18,savings
2963,2963,2021-01-23,savings
2964,2964,2008-06-03,savings
2965,2965,2001-09-14,savings
2966,2966,1999-10-13,current
2967,2967,2001-07-03,current
2968,2968,2007-07-15,current
2969,2969,2002-05-13,current
2970,2970,2019-06-23,current
2971,2971,2021-02-21,savings
2972,2972,2005-11-16,savings
2973,2973,2024-04-19,savings
2974,2974,2012-09-03,savings
2975,2975,2004-01-04,current
2976,2976,1999-09-07,current
2977,2977,1996-01-21,savings
2978,2978,2002-04-16,savings
2979,2979,2006-05-15,current
2980,2980,2005-04-01,current
2981,2981,1999-02-28,savings
2982,2982,2000-06-14,current
2983,2983,2005-03-05,savings
2984,2984,2004-02-08,savings
2985,2985,2010-07-01,current
2986,2986,2009-02-18,current
2987,2987,2009-02-07,savings
2988,2988,2007-07-28,current
2989,2989,2014-03-28,current
2990,2990,2020-03-15,savings
2991,2991,2006-05-21,savings
2992,2992,2013-09-10,savings
2993,2993,2006-08-02,current
2994,2994,1997-05-23,savings
2995,2995,2007-09-20,savings
2996,2996,2024-06-11,savings
2997,2997,1998-11-14,current
2998,2998,2007-08-04,current
2999,2999,2009-01-20,savings
3000,3000,2012-07-04,current
3001,3001,2004-09-18,current
3002,3002,2013-11-21,savings
3003,3003,1996-10-12,current
3004,3004,2011-10-14,current
3005,3005,2017-05-02,savings
3006,3006,2004-03-17,current
3007,3007,1999-09-24,current
3008,3008,2008-01-04,current
3009,3009,2005-04-05,current
3010,3010,2010-04-02,current
3011,3011,2016-03-17,savings
3012,3012,2016-06-25,savings
3013,3013,1999-09-03,current
3014,3014,1999-02-09,savings
3015,3015,2017-10-13,savings
3016,3016,2015-05-09,savings
3017,3017,2013-06-20,savings
3018,3018,2014-11-04,current
3019,3019,1996-03-10,current
3020,3020,2012-06-26,current
3021,3021,2013-08-08,savings
3022,3022,2013-07-23,current
3023,3023,2020-05-11,savings
3024,3024,1995-05-03,current
3025,3025,2016-02-21,current
3026,3026,2010-05-22,savings
3027,3027,1995-11-25,current
3028,3028,1996-10-23,savings
3029,3029,2000-08-05,current
3030,3030,2007-09-05,savings
3031,3031,2015-09-12,savings
3032,3032,2010-07-05,savings
3033,3033,2015-03-25,current
3034,3034,2021-04-22,current
3035,3035,2012-02-22,savings
3036,3036,2020-02-23,savings
3037,3037,2010-12-03,savings
3038,3038,2013-03-15,current
3039,3039,2020-04-08,savings
3040,3040,2007-11-03,current
3041,3041,2019-08-07,current
3042,3042,2019-06-13,current
3043,3043,2021-02-20,savings
3044,3044,2006-05-25,current
3045,3045,2009-04-25,savings
3046,3046,1996-12-10,savings
3047,3047,2009-09-03,current
3048,3048,2002-10-26,current
3049,3049,1999-06-20,savings
3050,3050,2003-06-07,current
3051,3051,2017-02-25,current
3052,3052,2009-11-14,current
3053,3053,2006-06-05,current
3054,3054,2006-12-02,savings
3055,3055,2012-07-13,current
3056,3056,2019-12-06,current
3057,3057,2017-09-07,current
3058,3058,2010-10-05,current
3059,3059,2004-10-04,current
3060,3060,2018-09-12,current
3061,3061,2007-02-23,current
3062,3062,2008-11-26,current
3063,3063,2006-04-25,current
3064,3064,2008-09-14,savings
3065,3065,2010-07-05,savings
3066,3066,2016-01-09,current
3067,3067,2003-06-09,current
3068,3068,2011-02-14,savings
3069,3069,2000-04-27,savings
3070,3070,1995-11-13,current
3071,3071,2008-10-07,savings
3072,3072,2002-05-15,savings
3073,3073,2022-12-09,savings
3074,3074,1996-01-21,savings
3075,3075,2003-10-15,savings
3076,3076,2008-02-25,savings
3077,3077,2014-02-01,savings
3078,3078,2011-09-26,savings
3079,3079,2001-04-10,current
3080,3080,2002-06-06,savings
3081,3081,2015-07-23,current
3082,3082,2010-03-09,savings
3083,3083,2005-06-09,current
3084,3084,2014-10-11,current
3085,3085,2022-05-03,current
3086,3086,2022-11-24,current
3087,3087,2020-08-12,savings
3088,3088,2017-05-10,current
3089,3089,2006-07-03,savings
3090,3090,2011-07-05,current
3091,3091,2004-04-02,savings
3092,3092,1997-07-20,current
3093,3093,2019-09-18,savings
3094,3094,2012-04-17,savings
3095,3095,2021-11-04,current
3096,3096,2015-11-13,savings
3097,3097,2004-03-22,savings
3098,3098,2019-04-22,current
3099,3099,2001-10-22,savings
3100,3100,2019-09-25,current
3101,3101,2023-10-09,current
3102,3102,2021-07-25,savings
3103,3103,2018-12-20,current
3104,3104,1995-01-09,current
3105,3105,1995-09-04,savings
3106,3106,2009-04-24,savings
3107,3107,2020-09-01,savings
3108,3108,2012-09-24,current
3109,3109,2012-07-12,current
3110,3110,2012-09-11,savings
3111,3111,2005-03-08,savings
3112,3112,2008-05-10,savings
3113,3113,2019-04-19,savings
3114,3114,2020-07-16,savings
3115,3115,2009-02-25,savings
3116,3116,2003-11-01,savings
3117,3117,2022-04-27,savings
3118,3118,1998-03-19,savings
3119,3119,2006-12-23,savings
3120,3120,2017-04-14,current
3121,3121,2016-07-09,current
3122,3122,2018-12-06,current
3123,3123,1999-05-19,savings
3124,3124,1999-12-16,savings
3125,3125,2020-05-17,current
3126,3126,2020-04-28,current
3127,3127,2004-11-22,current
3128,3128,1999-08-25,savings
3129,3129,2024-10-11,savings
3130,3130,2006-07-04,current
3131,3131,2005-04-02,savings
3132,3132,2003-09-02,current
3133,3133,2002-08-28,current
3134,3134,2003-12-04,current
3135,3135,2003-12-28,savings
3136,3136,2024-02-04,current
3137,3137,2001-01-10,savings
3138,3138,2003-08-19,current
3139,3139,2017-05-22,current
3140,3140,2015-02-11,savings
3141,3141,2003-10-01,savings
3142,3142,1995-07-19,current
3143,3143,2005-01-20,savings
3144,3144,2010-01-12,current
3145,3145,1999-12-06,current
3146,3146,2016-06-25,savings
3147,3147,2007-05-28,current
3148,3148,2003-06-23,current
3149,3149,1996-05-12,current
3150,3150,2007-12-05,current
3151,3151,1996-10-15,current
3152,3152,2004-03-28,current
3153,3153,2023-12-17,current
3154,3154,1997-04-06,savings
3155,3155,2008-09-20,savings
3156,3156,2019-06-17,current
3157,3157,2000-01-21,current
3158,3158,2019-04-28,savings
3159,3159,2017-09-10,current
3160,3160,2014-08-18,savings
3161,3161,1998-06-04,savings
3162,3162,2007-04-01,savings
3163,3163,1995-04-12,current
3164,3164,2007-03-28,current
3165,3165,2000-10-10,savings
3166,3166,2003-11-24,savings
3167,3167,2007-07-15,current
3168,3168,2004-07-26,current
3169,3169,2005-02-10,savings
3170,3170,2003-09-26,savings
3171,3171,2019-04-17,savings
3172,3172,1997-05-26,current
3173,3173,2009-11-12,current
3174,3174,2000-07-11,savings
3175,3175,1997-01-06,current
3176,3176,2023-12-20,current
3177,3177,2024-09-11,savings
3178,3178,2009-05-08,current
3179,3179,2016-01-14,current
3180,3180,1997-01-13,savings
3181,3181,2003-09-16,savings
3182,3182,2007-05-13,current
3183,3183,2020-11-21,current
3184,3184,2023-01-13,savings
3185,3185,2019-03-06,current
3186,3186,2000-08-16,savings
3187,3187,2021-10-17,savings
3188,3188,2004-04-10,savings
3189,3189,2009-07-18,current
3190,3190,2016-09-17,savings
3191,3191,2022-09-08,current
3192,3192,2004-03-20,savings
3193,3193,2000-02-15,savings
3194,3194,1999-08-28,current
3195,3195,2024-10-13,savings
3196,3196,2020-10-05,savings
3197,3197,2016-06-09,current
3198,3198,2024-01-02,current
3199,3199,2012-11-23,savings
3200,3200,1997-02-05,savings
3201,3201,2011-11-02,current
3202,3202,1997-04-16,savings
3203,3203,1996-03-03,savings
3204,3204,2006-06-25,savings
3205,3205,2023-02-04,current
3206,3206,2024-09-10,current
3207,3207,2013-07-01,current
3208,3208,2009-05-02,current
3209,3209,2005-06-09,savings
3210,3210,2007-07-14,current
3211,3211,2000-03-15,current
3212,3212,2021-01-16,current
3213,3213,2013-08-09,current
3214,3214,2014-04-23,savings
3215,3215,2007-09-18,current
3216,3216,2010-07-23,current
3217,3217,2007-06-14,savings
3218,3218,2000-06-09,savings
3219,3219,2006-05-09,current
3220,3220,1995-03-19,current
3221,3221,2022-07-16,current
3222,3222,2018-07-19,savings
3223,3223,2002-05-22,current
3224,3224,2015-12-09,savings
3225,3225,2006-09-28,savings
3226,3226,2024-07-25,savings
3227,3227,2006-08-26,savings
3228,3228,2023-09-10,current
3229,3229,1998-08-23,savings
3230,3230,2002-05-19,current
3231,3231,2003-04-13,savings
3232,3232,2012-05-26,current
3233,3233,2003-03-27,current
3234,3234,2006-02-19,current
3235,3235,2016-01-14,savings
3236,3236,2000-06-08,savings
3237,3237,2018-06-08,current
3238,3238,2021-08-06,savings
3239,3239,2018-09-25,current
3240,3240,2002-09-07,savings
3241,3241,2018-06-18,savings
3242,3242,2010-05-28,savings
3243,3243,2020-01-15,current
3244,3244,2023-09-20,current
3245,3245,1999-07-11,savings
3246,3246,2024-12-17,current
3247,3247,2003-05-16,savings
3248,3248,2000-04-10,current
3249,3249,2004-06-21,current
3250,3250,2024-07-21,current
3251,3251,2019-12-16,savings
3252,3252,1996-09-10,current
3253,3253,2007-07-22,savings
3254,3254,1998-10-09,savings
3255,3255,2019-03-08,savings
3256,3256,2024-01-03,current
3257,3257,2003-06-05,current
3258,3258,2008-06-19,savings
3259,3259,2016-05-13,current
3260,3260,2024-06-08,savings
3261,3261,2013-03-16,savings
3262,3262,2019-06-15,savings
3263,3263,2016-08-13,current
3264,3264,2005-10-21,current
3265,3265,2004-11-21,current
3266,3266,2024-03-04,savings
3267,3267,2020-11-26,current
3268,3268,2015-09-08,savings
3269,3269,1999-01-25,savings
3270,3270,2015-07-16,current
3271,3271,2014-07-25,current
3272,3272,2011-07-12,savings
3273,3273,1995-07-21,savings
3274,3274,2001-03-28,current
3275,3275,2014-07-05,current
3276,3276,1999-09-02,savings
3277,3277,2014-09-27,current
3278,3278,2011-04-27,current
3279,3279,2007-04-03,savings
3280,3280,2002-01-23,current
3281,3281,2020-12-25,savings
3282,3282,2004-03-14,current
3283,3283,2008-03-08,savings
3284,3284,2000-07-07,savings
3285,3285,2015-02-18,current
3286,3286,2019-01-21,current
3287,3287,2024-11-12,current
3288,3288,2018-07-14,current
3289,3289,2011-11-27,savings
3290,3290,2011-09-03,current
3291,3291,2007-08-22,current
3292,3292,2004-05-06,savings
3293,3293,2022-03-03,savings
3294,3294,2017-09-04,savings
3295,3295,2021-01-21,current
3296,3296,2008-05-15,savings
3297,3297,2009-10-11,current
3298,3298,2015-07-12,savings
3299,3299,2015-01-22,current
3300,3300,2021-01-14,savings
3301,3301,2011-04-22,savings
3302,3302,2017-06-09,current
3303,3303,2015-08-04,current
3304,3304,2009-02-17,current
3305,3305,2003-11-05,savings
3306,3306,2022-10-17,current
3307,3307,2005-10-07,savings
3308,3308,2011-08-19,current
3309,3309,2016-06-02,current
3310,3310,2012-08-13,savings
3311,3311,1997-02-06,savings
3312,3312,2017-12-27,current
3313,3313,2019-02-15,savings
3314,3314,1999-12-07,current
3315,3315,2010-03-26,current
3316,3316,2010-11-27,current
3317,3317,1997-10-23,current
3318,3318,2020-10-14,current
3319,3319,2017-05-08,current
3320,3320,2020-11-20,current
3321,3321,2014-03-03,current
3322,3322,1998-10-28,current
3323,3323,1999-10-08,current
3324,3324,2009-11-01,current
3325,3325,2000-06-11,savings
3326,3326,1998-07-27,savings
3327,3327,2022-07-28,current
3328,3328,2023-04-20,current
3329,3329,1995-11-16,current
3330,3330,2014-12-09,current
3331,3331,2011-04-19,savings
3332,3332,1996-04-23,savings
3333,3333,2001-03-28,savings
3334,3334,2011-04-19,current
3335,3335,1999-04-11,savings
3336,3336,2021-05-08,savings
3337,3337,2003-08-21,savings
3338,3338,2024-04-07,savings
3339,3339,2021-08-20,savings
3340,3340,1996-11-20,current
3341,3341,2015-01-11,savings
3342,3342,2003-08-15,savings
3343,3343,1997-02-06,savings
3344,3344,2007-06-20,current
3345,3345,2023-10-28,savings
3346,3346,2010-02-24,savings
3347,3347,2019-09-06,current
3348,3348,2014-02-27,current
3349,3349,2010-03-18,savings
3350,3350,2007-12-04,savings
3351,3351,2007-06-09,savings
3352,3352,2003-12-20,current
3353,3353,1996-11-23,current
3354,3354,2005-10-28,savings
3355,3355,2018-07-28,savings
3356,3356,2010-01-18,savings
3357,3357,2011-02-12,savings
3358,3358,1995-07-01,savings
3359,3359,1998-08-02,savings
3360,3360,2020-05-05,savings
3361,3361,2001-07-08,savings
3362,3362,2003-02-04,current
3363,3363,1995-01-06,savings
3364,3364,2016-06-01,savings
3365,3365,1997-09-08,current
3366,3366,2019-02-23,current
3367,3367,1996-04-09,current
3368,3368,1999-02-06,savings
3369,3369,2022-09-02,savings
3370,3370,2021-10-14,savings
3371,3371,1997-04-18,current
3372,3372,1997-12-01,savings
3373,3373,2017-08-11,savings
3374,3374,2000-11-24,savings
3375,3375,2021-12-16,savings
3376,3376,2022-11-08,current
3377,3377,2012-10-12,savings
3378,3378,2020-06-28,savings
3379,3379,1995-10-20,savings
3380,3380,2010-05-06,savings
3381,3381,2003-10-26,current
3382,3382,2000-07-04,savings
3383,3383,2012-01-28,current
3384,3384,2010-05-08,savings
3385,3385,1999-10-28,savings
3386,3386,2009-01-06,current
3387,3387,1996-05-17,current
3388,3388,2019-03-16,savings
3389,3389,2005-02-21,current
3390,3390,2009-01-01,savings
3391,3391,2005-05-11,savings
3392,3392,2017-05-04,current
3393,3393,2010-02-18,savings
3394,3394,2012-03-22,savings
3395,3395,2007-05-10,current
3396,3396,2016-04-16,current
3397,3397,2005-01-01,savings
3398,3398,2001-10-07,savings
3399,3399,2022-12-14,savings
3400,3400,1996-09-03,current
3401,3401,1995-02-21,savings
3402,3402,2020-01-20,savings
3403,3403,2018-03-18,current
3404,3404,2013-10-05,savings
3405,3405,2020-12-04,current
3406,3406,2021-04-21,current
3407,3407,1998-06-01,savings
3408,3408,2014-05-17,current
3409,3409,2018-05-21,savings
3410,3410,1997-12-21,savings
3411,3411,2015-10-01,current
3412,3412,1996-07-06,current
3413,3413,2017-05-24,current
3414,3414,1999-03-14,savings
3415,3415,2001-04-28,savings
3416,3416,2001-04-22,current
3417,3417,1995-12-03,savings
3418,3418,2020-12-08,current
3419,3419,2001-04-08,savings
3420,3420,2014-05-16,savings
3421,3421,2017-04-28,savings
3422,3422,1999-01-15,savings
3423,3423,2008-03-18,current
3424,3424,2024-04-22,savings
3425,3425,1996-08-21,current
3426,3426,2004-03-26,savings
3427,3427,2022-11-15,savings
3428,3428,2016-04-13,current
3429,3429,2002-09-19,savings
3430,3430,2004-01-19,current
3431,3431,2006-07-19,savings
3432,3432,2014-01-02,savings
3433,3433,2014-12-02,savings
3434,3434,1999-07-15,current
3435,3435,2020-04-15,savings
3436,3436,2000-02-26,current
3437,3437,2015-09-14,savings
3438,3438,1996-04-05,current
3439,3439,2006-06-13,current
3440,3440,2017-02-04,current
3441,3441,2014-07-03,current
3442,3442,1995-08-16,savings
3443,3443,2002-08-21,current
3444,3444,2007-01-23,current
3445,3445,2000-03-17,savings
3446,3446,1996-10-15,current
3447,3447,1996-10-08,savings
3448,3448,2019-11-16,savings
3449,3449,2018-03-25,savings
3450,3450,2019-11-24,savings
3451,3451,2000-07-04,current
3452,3452,2004-03-28,savings
3453,3453,2012-05-18,current
3454,3454,2003-04-22,savings
3455,3455,2000-04-02,current
3456,3456,2015-02-05,savings
3457,3457,1996-08-25,current
3458,3458,2010-11-26,savings
3459,3459,2024-07-24,current
3460,3460,2001-07-25,current
3461,3461,2006-12-07,current
3462,3462,2016-09-28,savings
3463,3463,2003-11-28,current
3464,3464,2004-10-09,current
3465,3465,2009-03-16,current
3466,3466,2010-11-18,savings
3467,3467,2015-01-02,savings
3468,3468,2011-11-04,current
3469,3469,2009-12-22,current
3470,3470,2018-11-19,current
3471,3471,2014-09-12,current
3472,3472,1995-10-26,current
3473,3473,2023-12-06,savings
3474,3474,2012-06-05,savings
3475,3475,2023-03-03,savings
3476,3476,2003-01-17,savings
3477,3477,2010-04-04,savings
3478,3478,2006-07-17,savings
3479,3479,2020-11-10,current
3480,3480,2004-11-04,savings
3481,3481,1999-11-20,current
3482,3482,2023-10-05,savings
3483,3483,2017-11-18,current
3484,3484,1999-04-04,current
3485,3485,2011-07-26,current
3486,3486,2008-08-08,current
3487,3487,2017-04-07,savings
3488,3488,2014-08-10,savings
3489,3489,2005-05-18,current
3490,3490,2021-09-16,current
3491,3491,2012-11-13,current
3492,3492,2012-08-27,current
3493,3493,2006-10-11,savings
3494,3494,2000-05-23,savings
3495,3495,2019-07-23,current
3496,3496,2024-06-24,current
3497,3497,2014-05-24,current
3498,3498,1995-12-11,current
3499,3499,2019-07-26,current
3500,3500,2019-04-06,current
3501,3501,2022-12-01,savings
3502,3502,2011-01-19,current
3503,3503,2017-03-28,current
3504,3504,2014-11-01,current
3505,3505,2013-08-17,current
3506,3506,2021-04-10,current
3507,3507,2012-06-28,current
3508,3508,2002-01-12,current
3509,3509,1998-09-04,savings
3510,3510,2014-04-22,current
3511,3511,2017-09-11,savings
3512,3512,2019-11-17,current
3513,3513,2021-03-11,savings
3514,3514,1995-08-09,savings
3515,3515,2003-06-26,savings
3516,3516,2016-04-08,savings
3517,3517,2012-02-27,current
3518,3518,2007-04-03,savings
3519,3519,1995-06-05,current
3520,3520,2019-12-19,current
3521,3521,2002-08-02,current
3522,3522,2001-01-09,current
3523,3523,2004-06-16,savings
3524,3524,2018-12-21,current
3525,3525,2016-05-13,savings
3526,3526,2010-11-27,savings
3527,3527,1996-06-23,current
3528,3528,2001-08-01,current
3529,3529,2009-08-20,savings
3530,3530,2017-06-13,savings
3531,3531,2020-03-15,savings
3532,3532,2019-05-24,current
3533,3533,2000-11-18,savings
3534,3534,1999-12-24,current
3535,3535,2019-06-14,savings
3536,3536,2010-09-08,savings
3537,3537,2016-08-10,current
3538,3538,2024-01-23,savings
3539,3539,2008-05-23,current
3540,3540,2006-05-22,savings
3541,3541,2016-08-01,current
3542,3542,1999-08-14,current
3543,3543,2023-12-25,current
3544,3544,1996-04-02,savings
3545,3545,2001-02-04,current
3546,3546,2018-08-17,current
3547,3547,2020-09-21,savings
3548,3548,2019-04-16,current
3549,3549,1996-01-15,current
3550,3550,2021-11-15,savings
3551,3551,2009-04-15,savings
3552,3552,1997-10-03,current
3553,3553,2018-08-16,savings
3554,3554,1996-08-01,savings
3555,3555,2000-10-05,current
3556,3556,2013-06-23,savings
3557,3557,2017-08-23,savings
3558,3558,1998-12-03,current
3559,3559,2018-03-07,savings
3560,3560,1995-02-18,current
3561,3561,2020-06-23,current
3562,3562,2021-12-25,savings
3563,3563,1998-12-15,current
3564,3564,2023-08-06,savings
3565,3565,1996-03-25,current
3566,3566,2001-12-06,current
3567,3567,2022-09-10,savings
3568,3568,2002-10-27,savings
3569,3569,1997-08-23,current
3570,3570,2023-02-01,current
3571,3571,2019-11-10,current
3572,3572,1998-08-11,savings
3573,3573,1999-08-23,savings
3574,3574,2001-12-20,savings
3575,3575,2004-10-16,current
3576,3576,1999-12-09,savings
3577,3577,2005-02-25,savings
3578,3578,2017-10-04,savings
3579,3579,2001-10-01,current
3580,3580,1996-07-03,savings
3581,3581,2023-08-19,current
3582,3582,2014-09-23,savings
3583,3583,1995-10-20,savings
3584,3584,2014-02-20,savings
3585,3585,2022-02-09,savings
3586,3586,2009-10-26,current
3587,3587,2017-12-16,current
3588,3588,2023-04-21,current
3589,3589,2017-06-18,savings
3590,3590,2021-06-12,current
3591,3591,2016-05-06,current
3592,3592,2022-11-23,current
3593,3593,2009-05-25,current
3594,3594,1999-04-25,savings
3595,3595,2021-05-02,savings
3596,3596,2006-10-09,current
3597,3597,2009-04-20,current
3598,3598,2020-02-26,savings
3599,3599,2020-08-15,current
3600,3600,1996-03-22,current
3601,3601,1999-03-11,current
3602,3602,2009-11-15,savings
3603,3603,2004-11-14,savings
3604,3604,2021-06-10,savings
3605,3605,2001-05-03,current
3606,3606,2023-09-17,current
3607,3607,2015-11-23,current
3608,3608,2019-12-01,current
3609,3609,2013-08-01,savings
3610,3610,1997-09-07,savings
3611,3611,2013-06-26,savings
3612,3612,1999-12-09,savings
3613,3613,2004-10-01,savings
3614,3614,2000-09-17,current
3615,3615,2004-09-04,savings
3616,3616,2014-12-25,current
3617,3617,2019-08-18,current
3618,3618,1997-05-19,current
3619,3619,1998-06-20,savings
3620,3620,1998-09-10,savings
3621,3621,2012-01-05,savings
3622,3622,2002-06-05,savings
3623,3623,2004-04-25,current
3624,3624,2001-03-23,savings
3625,3625,2005-01-19,current
3626,3626,2018-06-25,current
3627,3627,2005-02-21,current
3628,3628,2011-02-12,savings
3629,3629,2016-08-19,current
3630,3630,2016-07-20,savings
3631,3631,2006-02-17,savings
3632,3632,2010-01-21,current
3633,3633,2013-02-05,current
3634,3634,2006-11-28,savings
3635,3635,2008-08-27,savings
3636,3636,2008-03-15,current
3637,3637,2021-01-08,savings
3638,3638,2003-12-09,savings
3639,3639,1998-02-21,savings
3640,3640,2007-04-20,savings
3641,3641,2023-05-07,current
3642,3642,1999-07-19,savings
3643,3643,2019-08-08,current
3644,3644,2002-11-03,savings
3645,3645,1999-04-16,savings
3646,3646,2015-11-18,savings
3647,3647,2000-08-07,savings
3648,3648,1996-12-07,savings
3649,3649,2011-03-14,current
3650,3650,2016-10-05,savings
3651,3651,2000-03-11,savings
3652,3652,2000-04-08,savings
3653,3653,2014-08-25,current
3654,3654,2017-05-01,savings
3655,3655,2022-02-02,current
3656,3656,2022-06-22,savings
3657,3657,2017-06-09,current
3658,3658,2006-12-27,current
3659,3659,1995-09-06,current
3660,3660,2003-08-25,current
3661,3661,2024-12-08,savings
3662,3662,1996-01-22,current
3663,3663,1999-05-06,savings
3664,3664,2009-10-04,current
3665,3665,2012-11-15,current
3666,3666,2016-03-22,current
3667,3667,2022-01-13,current
3668,3668,2004-05-16,current
3669,3669,1995-02-07,savings
3670,3670,1997-04-26,current
3671,3671,2006-10-14,savings
3672,3672,2011-02-02,current
3673,3673,2018-04-20,current
3674,3674,2000-11-22,current
3675,3675,2016-05-13,current
3676,3676,2021-06-04,savings
3677,3677,2001-01-05,current
3678,3678,2019-06-20,savings
3679,3679,2000-02-20,savings
3680,3680,1995-08-25,savings
3681,3681,2021-10-12,savings
3682,3682,2011-02-19,savings
3683,3683,1999-05-11,savings
3684,3684,2015-01-25,current
3685,3685,2003-09-28,savings
3686,3686,2014-02-07,savings
3687,3687,2011-08-14,savings
3688,3688,2016-02-04,savings
3689,3689,2003-12-08,savings
3690,3690,2003-02-07,savings
3691,3691,2020-07-22,current
3692,3692,2009-01-01,current
3693,3693,2014-11-06,savings
3694,3694,2009-04-24,savings
3695,3695,2020-01-24,current
3696,3696,2014-03-17,savings
3697,3697,2024-08-19,current
3698,3698,1995-11-11,current
3699,3699,2018-11-02,current
3700,3700,2013-06-05,savings
3701,3701,2019-01-22,current
3702,3702,2002-12-25,current
3703,3703,1998-07-16,savings
3704,3704,2021-02-27,savings
3705,3705,2011-04-08,current
3706,3706,2014-03-03,savings
3707,3707,1996-06-09,savings
3708,3708,2008-07-18,current
3709,3709,2022-12-23,savings
3710,3710,1996-01-04,current
3711,3711,2006-06-25,savings
3712,3712,2000-04-23,current
3713,3713,2001-05-20,savings
3714,3714,2002-12-26,current
3715,3715,2009-03-11,savings
3716,3716,2002-04-01,current
3717,3717,2018-10-19,savings
3718,3718,2000-02-18,savings
3719,3719,2012-10-19,current
3720,3720,2003-05-14,savings
3721,3721,2001-06-25,current
3722,3722,2013-05-15,savings
3723,3723,1998-10-17,savings
3724,3724,2004-03-11,current
3725,3725,2019-03-01,savings
3726,3726,2001-03-22,current
3727,3727,1997-10-18,savings
3728,3728,2015-02-03,current
3729,3729,2012-06-11,savings
3730,3730,2004-02-15,savings
3731,3731,2011-09-16,current
3732,3732,1999-08-25,savings
3733,3733,2018-12-11,savings
3734,3734,2013-10-25,current
3735,3735,2013-12-24,savings
3736,3736,2022-01-15,current
3737,3737,1996-01-20,savings
3738,3738,2002-01-28,savings
3739,3739,1996-03-04,current
3740,3740,2017-01-25,current
3741,3741,2021-03-05,savings
3742,3742,2008-06-06,current
3743,3743,1998-04-05,savings
3744,3744,2022-11-01,savings
3745,3745,1999-05-10,current
3746,3746,2016-12-23,current
3747,3747,2011-03-09,current
3748,3748,1996-08-27,current
3749,3749,2010-10-14,savings
3750,3750,2024-02-26,savings
3751,3751,2021-06-24,current
3752,3752,1995-10-10,savings
3753,3753,2020-10-12,current
3754,3754,2014-06-28,savings
3755,3755,2005-12-09,current
3756,3756,2024-10-20,savings
3757,3757,2021-02-05,savings
3758,3758,2023-07-14,current
3759,3759,2003-07-08,savings
3760,3760,1999-01-22,current
3761,3761,2012-03-17,current
3762,3762,2015-07-04,savings
3763,3763,2003-10-12,savings
3764,3764,2013-02-22,savings
3765,3765,2022-03-24,current
3766,3766,2001-03-21,savings
3767,3767,2012-12-15,savings
3768,3768,2009-01-26,current
3769,3769,2021-01-09,savings
3770,3770,2000-07-07,savings
3771,3771,2022-04-23,savings
3772,3772,2023-06-05,savings
3773,3773,1998-11-09,savings
3774,3774,2023-02-15,savings
3775,3775,2004-09-14,current
3776,3776,2000-03-12,savings
3777,3777,2019-11-21,savings
3778,3778,2024-03-14,savings
3779,3779,1996-10-27,current
3780,3780,2019-06-06,current
3781,3781,2021-11-24,savings
3782,3782,2019-03-14,current
3783,3783,2014-06-06,current
3784,3784,2014-10-05,current
3785,3785,2018-11-21,savings
3786,3786,2001-08-01,current
3787,3787,1996-02-13,savings
3788,3788,1998-06-27,current
3789,3789,2023-04-05,current
3790,3790,2006-04-22,current
3791,3791,2012-03-03,savings
3792,3792,1999-01-02,savings
3793,3793,2023-01-22,current
3794,3794,2015-01-02,current
3795,3795,2016-12-21,savings
3796,3796,1995-11-20,current
3797,3797,2020-11-10,savings
3798,3798,2023-01-19,savings
3799,3799,2018-03-06,current
3800,3800,1998-10-23,current
3801,3801,1997-04-06,savings
3802,3802,2008-01-19,current
3803,3803,2001-11-27,current
3804,3804,2017-06-09,current
3805,3805,2006-11-05,savings
3806,3806,2018-03-19,savings
3807,3807,1995-08-04,savings
3808,3808,2007-01-15,savings
3809,3809,2010-07-12,savings
3810,3810,2024-05-04,savings
3811,3811,2020-09-04,savings
3812,3812,2016-01-06,savings
3813,3813,2019-04-01,savings
3814,3814,2012-04-20,savings
3815,3815,2016-08-13,current
3816,3816,2000-08-09,savings
3817,3817,2006-07-28,savings
3818,3818,2024-12-13,current
3819,3819,2019-11-09,savings
3820,3820,2001-02-01,savings
3821,3821,2011-08-26,current
3822,3822,2016-07-28,savings
3823,3823,2000-12-06,current
3824,3824,2020-09-13,savings
3825,3825,2012-04-08,savings
3826,3826,1998-12-07,current
3827,3827,1999-11-17,savings
3828,3828,2014-03-01,current
3829,3829,2000-10-05,savings
3830,3830,1998-01-03,current
3831,3831,1997-04-25,current
3832,3832,2004-08-27,savings
3833,3833,2004-02-22,savings
3834,3834,2013-02-06,savings
3835,3835,2021-08-21,current
3836,3836,2016-05-21,current
3837,3837,2012-12-14,savings
3838,3838,2016-08-09,current
3839,3839,2020-06-12,current
3840,3840,1996-04-26,current
3841,3841,1997-12-25,current
3842,3842,2021-09-09,current
3843,3843,1998-09-14,savings
3844,3844,2007-09-25,savings
3845,3845,2017-01-02,current
3846,3846,2019-05-18,savings
3847,3847,2015-08-17,current
3848,3848,2002-04-04,current
3849,3849,2018-11-09,savings
3850,3850,2008-07-09,current
3851,3851,2010-12-09,savings
3852,3852,2003-08-12,savings
3853,3853,2012-03-22,savings
3854,3854,2000-04-02,savings
3855,3855,2020-03-17,current
3856,3856,2005-07-21,current
3857,3857,1996-11-25,current
3858,3858,2024-09-17,current
3859,3859,2009-11-15,current
3860,3860,2020-04-23,savings
3861,3861,2006-09-28,current
3862,3862,1998-04-11,savings
3863,3863,2008-05-22,current
3864,3864,2012-06-15,current
3865,3865,2021-08-03,savings
3866,3866,2024-01-20,current
3867,3867,2010-07-01,current
3868,3868,2018-10-06,savings
3869,3869,2002-01-21,savings
3870,3870,2006-11-23,current
3871,3871,2018-09-17,current
3872,3872,1997-04-06,savings
3873,3873,1996-01-01,current
3874,3874,2004-10-24,savings
3875,3875,2014-08-25,savings
3876,3876,2023-03-05,current
3877,3877,1998-01-21,savings
3878,3878,2022-01-17,current
3879,3879,2016-01-04,current
3880,3880,2009-02-10,savings
3881,3881,1999-10-15,current
3882,3882,1997-07-02,current
3883,3883,2006-08-25,current
3884,3884,2010-09-18,savings
3885,3885,2023-03-22,savings
3886,3886,1999-08-09,current
3887,3887,2020-06-20,current
3888,3888,2017-03-13,savings
3889,3889,2005-08-17,savings
3890,3890,2007-01-19,current
3891,3891,1997-09-11,current
3892,3892,2001-12-11,current
3893,3893,2023-12-17,savings
3894,3894,2021-12-05,savings
3895,3895,2015-05-07,savings
3896,3896,1996-07-04,current
3897,3897,2016-06-25,savings
3898,3898,1996-05-04,current
3899,3899,1999-11-14,savings
3900,3900,2009-01-05,savings
3901,3901,1998-08-08,current
3902,3902,2023-02-24,savings
3903,3903,1995-08-05,current
3904,3904,2020-06-14,savings
3905,3905,2019-11-06,savings
3906,3906,2012-09-23,savings
3907,3907,2018-11-09,current
3908,3908,2008-06-24,savings
3909,3909,2011-04-20,savings
3910,3910,2024-02-24,current
3911,3911,2001-04-28,savings
3912,3912,2002-08-09,savings
3913,3913,2010-03-17,current
3914,3914,2011-05-28,savings
3915,3915,1995-06-13,savings
3916,3916,2022-08-23,current
3917,3917,2014-03-21,savings
3918,3918,2016-01-01,savings
3919,3919,2021-02-25,current
3920,3920,2023-07-23,savings
3921,3921,1998-03-11,savings
3922,3922,2003-01-17,savings
3923,3923,2016-06-28,current
3924,3924,1999-12-23,current
3925,3925,1996-01-01,current
3926,3926,2022-01-11,current
3927,3927,2013-02-18,savings
3928,3928,2007-03-18,savings
3929,3929,2020-05-20,current
3930,3930,2017-11-16,current
3931,3931,1996-04-09,current
3932,3932,2002-03-22,savings
3933,3933,2023-01-24,savings
3934,3934,2016-02-06,savings
3935,3935,2019-07-19,savings
3936,3936,2016-01-24,current
3937,3937,2008-12-04,savings
3938,3938,2022-03-13,savings
3939,3939,2010-10-25,current
3940,3940,2002-02-11,current
3941,3941,2001-05-16,savings
3942,3942,2008-06-24,savings
3943,3943,1997-05-21,savings
3944,3944,2010-02-21,current
3945,3945,2020-10-18,current
3946,3946,2015-01-05,current
3947,3947,2010-03-04,current
3948,3948,2018-10-13,current
3949,3949,1999-06-22,savings
3950,3950,2022-03-28,savings
3951,3951,2010-11-26,savings
3952,3952,2023-01-03,savings
3953,3953,2010-01-27,savings
3954,3954,2001-10-01,savings
3955,3955,2003-07-19,savings
3956,3956,1997-05-13,current
3957,3957,2022-11-11,savings
3958,3958,1995-04-16,current
3959,3959,2019-11-19,savings
3960,3960,2015-02-17,savings
3961,3961,2007-07-17,current
3962,3962,2016-06-16,current
3963,3963,2023-09-18,savings
3964,3964,2000-03-18,savings
3965,3965,2013-08-19,savings
3966,3966,2018-05-22,savings
3967,3967,2004-04-07,savings
3968,3968,2001-09-08,current
3969,3969,2006-09-10,current
3970,3970,2023-10-27,current
3971,3971,2001-09-05,savings
3972,3972,1999-08-19,savings
3973,3973,2024-02-04,current
3974,3974,1997-12-22,current
3975,3975,2015-09-28,savings
3976,3976,2019-03-19,savings
3977,3977,2024-05-20,savings
3978,3978,2020-07-27,savings
3979,3979,2006-06-20,savings
3980,3980,1999-10-07,current
3981,3981,2009-10-01,current
3982,3982,2007-04-18,savings
3983,3983,2023-09-25,savings
3984,3984,2024-05-15,savings
3985,3985,2024-09-21,savings
3986,3986,2006-09-20,savings
3987,3987,2022-01-03,savings
3988,3988,2011-06-24,savings
3989,3989,2021-07-01,savings
3990,3990,2002-06-12,current
3991,3991,1996-06-07,savings
3992,3992,2010-10-06,current
3993,3993,2024-09-07,current
3994,3994,2016-01-20,savings
3995,3995,1997-06-26,savings
3996,3996,2009-05-10,current
3997,3997,2000-11-06,savings
3998,3998,2015-01-22,savings
3999,3999,2021-07-14,savings
4000,4000,2020-05-21,current
4001,4001,1997-07-14,savings
4002,4002,2023-09-13,current
4003,4003,2006-10-19,savings
4004,4004,2004-05-26,savings
4005,4005,2000-02-08,current
4006,4006,2014-11-04,current
4007,4007,2024-07-27,current
4008,4008,2010-09-06,savings
4009,4009,2002-07-04,savings
4010,4010,2021-06-16,current
4011,4011,2013-12-13,current
4012,4012,2015-07-08,savings
4013,4013,2014-11-17,savings
4014,4014,2012-07-08,savings
4015,4015,2016-05-18,savings
4016,4016,2008-01-02,savings
4017,4017,1997-08-08,current
4018,4018,2001-10-17,savings
4019,4019,2009-01-21,savings
4020,4020,2006-09-03,savings
4021,4021,2008-05-22,current
4022,4022,2023-03-23,current
4023,4023,2024-02-05,savings
4024,4024,2016-08-21,savings
4025,4025,2005-07-18,current
4026,4026,2018-02-07,savings
4027,4027,2017-07-02,current
4028,4028,2001-06-04,current
4029,4029,2006-08-15,current
4030,4030,2000-08-03,savings
4031,4031,2023-07-07,current
4032,4032,1999-09-09,savings
4033,4033,1996-08-28,current
4034,4034,1999-04-02,current
4035,4035,2018-06-07,current
4036,4036,2020-10-02,current
4037,4037,1997-08-02,current
4038,4038,1997-01-28,savings
4039,4039,2003-08-04,current
4040,4040,2001-06-18,current
4041,4041,2018-03-20,savings
4042,4042,2018-01-09,savings
4043,4043,2000-12-18,current
4044,4044,2008-11-10,savings
4045,4045,2008-06-13,current
4046,4046,2005-10-03,current
4047,4047,2007-10-19,current
4048,4048,2000-03-05,savings
4049,4049,2020-07-03,current
4050,4050,1996-08-27,savings
4051,4051,2024-09-18,current
4052,4052,2015-06-06,current
4053,4053,1997-02-25,savings
4054,4054,1999-11-08,current
4055,4055,1996-12-16,current
4056,4056,2001-06-08,savings
4057,4057,2021-05-08,savings
4058,4058,2024-12-06,current
4059,4059,2015-12-06,current
4060,4060,2010-04-28,savings
4061,4061,2015-05-13,current
4062,4062,2011-09-16,current
4063,4063,2013-03-25,savings
4064,4064,2007-03-27,savings
4065,4065,2006-05-23,current
4066,4066,2016-06-03,savings
4067,4067,2003-10-21,savings
4068,4068,1996-03-02,savings
4069,4069,1995-12-22,current
4070,4070,2001-01-13,current
4071,4071,2005-11-12,savings
4072,4072,1995-11-18,savings
4073,4073,1996-04-20,current
4074,4074,2022-09-03,current
4075,4075,2011-12-13,current
4076,4076,2006-04-07,current
4077,4077,2012-11-12,savings
4078,4078,2006-07-21,savings
4079,4079,1998-04-23,current
4080,4080,1996-09-05,current
4081,4081,2012-09-27,savings
4082,4082,2012-04-08,current
4083,4083,2020-11-06,current
4084,4084,2006-09-23,savings
4085,4085,1998-08-25,savings
4086,4086,2009-10-23,current
4087,4087,2023-12-27,current
4088,4088,2010-07-13,current
4089,4089,2014-05-10,savings
4090,4090,2003-10-09,current
4091,4091,2016-09-07,savings
4092,4092,2016-05-06,current
4093,4093,2022-09-21,current
4094,4094,2013-04-10,savings
4095,4095,2023-06-19,savings
4096,4096,1998-10-05,current
4097,4097,2012-06-08,savings
4098,4098,1997-12-10,current
4099,4099,2006-02-23,savings
4100,4100,2023-05-01,savings
4101,4101,1999-05-14,current
4102,4102,2014-03-24,savings
4103,4103,2020-05-26,current
4104,4104,1998-02-23,savings
4105,4105,1997-03-05,savings
4106,4106,1995-09-18,current
4107,4107,2014-07-05,current
4108,4108,2013-01-13,savings
4109,4109,2005-10-23,current
4110,4110,2019-12-18,current
4111,4111,1996-07-08,current
4112,4112,2001-03-23,current
4113,4113,1995-05-16,savings
4114,4114,1999-07-15,current
4115,4115,2014-10-01,savings
4116,4116,1999-03-28,current
4117,4117,2018-03-02,current
4118,4118,2013-10-23,current
4119,4119,2023-09-11,current
4120,4120,1999-04-26,savings
4121,4121,1998-07-11,current
4122,4122,2006-10-13,current
4123,4123,2006-08-25,savings
4124,4124,2003-01-13,current
4125,4125,2019-07-14,current
4126,4126,2022-07-27,current
4127,4127,2014-07-07,current
4128,4128,1997-08-03,savings
4129,4129,2020-06-11,savings
4130,4130,2011-06-01,savings
4131,4131,2023-01-16,savings
4132,4132,2016-09-24,current
4133,4133,1997-09-09,current
4134,4134,2004-04-22,savings
4135,4135,2023-06-10,current
4136,4136,2018-09-17,current
4137,4137,1997-10-05,savings
4138,4138,2016-08-21,savings
4139,4139,2013-10-12,savings
4140,4140,2012-11-15,current
4141,4141,2001-11-04,current
4142,4142,2007-07-26,current
4143,4143,2006-08-20,current
4144,4144,2005-07-12,current
4145,4145,2004-11-10,current
4146,4146,2014-05-22,savings
4147,4147,2013-10-08,savings
4148,4148,2015-04-11,savings
4149,4149,1998-11-06,savings
4150,4150,2006-06-13,current
4151,4151,2023-06-15,savings
4152,4152,2014-09-22,savings
4153,4153,2015-06-02,savings
4154,4154,2018-06-28,savings
4155,4155,2022-03-24,current
4156,4156,1996-04-19,savings
4157,4157,2020-12-14,current
4158,4158,2018-10-28,savings
4159,4159,2008-05-25,current
4160,4160,2022-09-25,savings
4161,4161,2002-10-21,current
4162,4162,2020-09-04,current
4163,4163,1999-03-23,current
4164,4164,2000-09-28,savings
4165,4165,2012-05-18,savings
4166,4166,1995-11-05,savings
4167,4167,1996-12-24,current
4168,4168,2007-10-10,current
4169,4169,2017-04-27,current
4170,4170,1997-01-01,savings
4171,4171,1997-01-18,savings
4172,4172,2006-09-02,current
4173,4173,2000-11-19,savings
4174,4174,2020-12-21,current
4175,4175,2017-10-14,savings
4176,4176,2023-08-09,current
4177,4177,2007-07-16,current
4178,4178,2015-12-17,current
4179,4179,1997-10-26,savings
4180,4180,2012-06-24,savings
4181,4181,2006-05-09,current
4182,4182,1999-01-22,savings
4183,4183,1998-11-06,savings
4184,4184,2013-07-09,current
4185,4185,2021-03-18,savings
4186,4186,2006-05-04,savings
4187,4187,1996-05-03,savings
4188,4188,2008-09-18,savings
4189,4189,1999-02-16,current
4190,4190,2023-09-03,savings
4191,4191,1996-01-28,savings
4192,4192,2011-11-19,savings
4193,4193,2019-06-01,current
4194,4194,2024-04-21,current
4195,4195,2001-12-22,current
4196,4196,2013-05-01,savings
4197,4197,1999-02-14,current
4198,4198,2018-09-28,savings
4199,4199,2018-12-14,current
4200,4200,2018-08-12,current
4201,4201,2016-08-22,savings
4202,4202,2011-11-22,current
4203,4203,2005-03-17,current
4204,4204,2002-12-03,current
4205,4205,2016-05-17,current
4206,4206,1997-03-21,current
4207,4207,2004-11-04,savings
4208,4208,2014-02-17,savings
4209,4209,2021-04-16,current
4210,4210,2016-12-07,savings
4211,4211,1997-12-24,savings
4212,4212,2018-06-11,current
4213,4213,1997-01-22,current
4214,4214,1997-11-07,savings
4215,4215,2012-07-15,current
4216,4216,1998-03-14,savings
4217,4217,2014-12-10,savings
4218,4218,2023-02-24,current
4219,4219,2017-07-27,current
4220,4220,2014-11-04,savings
4221,4221,2001-02-01,savings
4222,4222,2004-01-11,current
4223,4223,2003-01-24,current
4224,4224,1996-04-26,current
4225,4225,2003-10-10,current
4226,4226,2014-09-06,current
4227,4227,2006-01-10,current
4228,4228,2007-06-03,savings
4229,4229,1995-12-12,savings
4230,4230,2011-08-02,current
4231,4231,2015-02-28,savings
4232,4232,2005-01-16,savings
4233,4233,2010-04-15,savings
4234,4234,2007-09-17,savings
4235,4235,2014-12-13,savings
4236,4236,2019-06-21,savings
4237,4237,1995-02-09,savings
4238,4238,2006-01-15,savings
4239,4239,2021-07-08,current
4240,4240,1999-06-20,current
4241,4241,2018-10-01,current
4242,4242,2022-07-26,current
4243,4243,2009-01-05,savings
4244,4244,2001-10-15,current
4245,4245,2006-01-04,current
4246,4246,2015-08-16,savings
4247,4247,2012-12-22,current
4248,4248,2011-12-25,current
4249,4249,1999-10-23,savings
4250,4250,2016-11-12,current
4251,4251,2019-08-25,current
4252,4252,2000-04-27,savings
4253,4253,1998-03-09,savings
4254,4254,1998-04-13,current
4255,4255,2022-07-07,current
4256,4256,2019-05-17,current
4257,4257,2010-07-04,savings
4258,4258,2017-02-21,current
4259,4259,2018-12-13,current
4260,4260,2005-02-05,current
4261,4261,2003-06-26,current
4262,4262,2020-07-24,savings
4263,4263,1996-03-10,savings
4264,4264,2021-08-06,current
4265,4265,2020-05-22,current
4266,4266,1999-05-02,savings
4267,4267,2000-07-16,savings
4268,4268,2013-02-20,savings
4269,4269,2007-02-13,savings
4270,4270,2008-12-06,current
4271,4271,2006-11-06,savings
4272,4272,2021-06-07,savings
4273,4273,2013-10-05,current
4274,4274,1999-11-21,current
4275,4275,1997-02-23,current
4276,4276,2015-11-02,current
4277,4277,2023-03-27,current
4278,4278,2024-09-13,current
4279,4279,2014-08-02,current
4280,4280,2014-12-23,savings
4281,4281,2014-09-07,savings
4282,4282,1995-04-27,current
4283,4283,1999-06-22,savings
4284,4284,2000-12-14,savings
4285,4285,2004-02-24,current
4286,4286,2014-02-25,savings
4287,4287,2021-01-21,savings
4288,4288,2002-02-06,savings
4289,4289,2002-08-26,savings
4290,4290,2019-10-05,current
4291,4291,2023-11-12,savings
4292,4292,2001-05-22,savings
4293,4293,1995-10-09,current
4294,4294,2004-07-28,savings
4295,4295,1999-03-14,current
4296,4296,2002-07-16,savings
4297,4297,1999-05-04,savings
4298,4298,2001-08-11,current
4299,4299,2009-03-09,current
4300,4300,2009-08-13,current
4301,4301,2017-02-28,savings
4302,4302,2008-05-11,current
4303,4303,2015-06-09,current
4304,4304,2002-11-25,savings
4305,4305,2024-06-28,current
4306,4306,2009-06-24,savings
4307,4307,2021-11-14,savings
4308,4308,2020-10-05,current
4309,4309,1999-10-06,current
4310,4310,2021-04-01,savings
4311,4311,2023-02-14,current
4312,4312,2011-02-21,savings
4313,4313,2007-04-02,current
4314,4314,2016-11-16,current
4315,4315,2007-06-14,savings
4316,4316,2018-10-05,savings
4317,4317,2011-09-21,current
4318,4318,2009-04-15,savings
4319,4319,2009-11-02,current
4320,4320,2015-04-12,current
4321,4321,2004-06-06,savings
4322,4322,2021-10-28,savings
4323,4323,2016-11-05,savings
4324,4324,2012-12-13,current
4325,4325,2000-03-24,current
4326,4326,2018-07-02,savings
4327,4327,2017-11-13,savings
4328,4328,2015-05-10,current
4329,4329,2019-03-10,current
4330,4330,1998-03-20,savings
4331,4331,2004-07-22,savings
4332,4332,2021-10-19,current
4333,4333,2005-11-28,current
4334,4334,2022-11-21,savings
4335,4335,2010-01-16,current
4336,4336,2023-11-09,current
4337,4337,1996-02-27,current
4338,4338,1997-07-03,savings
4339,4339,2022-01-17,current
4340,4340,1999-08-12,savings
4341,4341,2007-04-15,current
4342,4342,2017-04-06,current
4343,4343,2021-03-23,savings
4344,4344,2006-04-20,savings
4345,4345,2001-01-01,current
4346,4346,2008-02-13,savings
4347,4347,2018-07-25,savings
4348,4348,2011-12-13,savings
4349,4349,2009-02-05,current
4350,4350,2013-12-09,savings
4351,4351,2017-07-09,current
4352,4352,2008-06-18,savings
4353,4353,1999-08-26,savings
4354,4354,2008-04-10,current
4355,4355,2004-09-22,current
4356,4356,1996-06-05,savings
4357,4357,2023-02-12,current
4358,4358,2017-03-02,current
4359,4359,2006-03-15,savings
4360,4360,2023-07-27,savings
4361,4361,2003-12-26,current
4362,4362,2007-05-24,savings
4363,4363,2003-02-05,current
4364,4364,2004-03-04,current
4365,4365,2006-06-24,current
4366,4366,2011-10-06,savings
4367,4367,2014-09-28,current
4368,4368,2024-02-12,savings
4369,4369,2023-03-19,current
4370,4370,2001-03-25,current
4371,4371,1999-01-04,current
4372,4372,2006-11-23,savings
4373,4373,2024-06-28,savings
4374,4374,1999-11-17,current
4375,4375,2012-10-04,current
4376,4376,2017-07-14,savings
4377,4377,1997-05-02,current
4378,4378,2016-01-28,savings
4379,4379,2019-06-04,current
4380,4380,2014-06-07,current
4381,4381,2009-07-12,savings
4382,4382,2019-12-17,savings
4383,4383,2012-11-17,savings
4384,4384,2014-07-06,current
4385,4385,2004-11-09,current
4386,4386,2007-10-10,savings
4387,4387,2017-08-14,current
4388,4388,2007-01-24,current
4389,4389,2019-07-05,current
4390,4390,2011-07-21,savings
4391,4391,2022-12-02,savings
4392,4392,2020-06-18,current
4393,4393,2024-11-05,current
4394,4394,2002-01-09,current
4395,4395,2021-04-03,savings
4396,4396,2007-01-05,savings
4397,4397,1997-08-27,savings
4398,4398,2019-03-04,savings
4399,4399,2010-11-17,savings
4400,4400,1999-10-07,current
4401,4401,2016-08-26,current
4402,4402,2021-01-02,savings
4403,4403,2019-02-26,savings
4404,4404,2021-02-11,savings
4405,4405,1997-08-21,savings
4406,4406,2016-07-21,current
4407,4407,2003-03-20,current
4408,4408,2017-12-05,current
4409,4409,2016-05-02,current
4410,4410,1997-02-02,savings
4411,4411,2013-03-24,savings
4412,4412,2015-08-08,savings
4413,4413,2009-10-28,current
4414,4414,2015-10-06,current
4415,4415,1995-05-06,current
4416,4416,1996-03-08,current
4417,4417,2021-01-23,current
4418,4418,2018-03-20,savings
4419,4419,2013-10-28,current
4420,4420,1996-06-18,current
4421,4421,2012-10-18,current
4422,4422,2000-05-07,savings
4423,4423,2005-08-20,current
4424,4424,2002-11-26,current
4425,4425,2012-10-23,savings
4426,4426,2017-10-03,savings
4427,4427,2010-06-08,savings
4428,4428,2006-12-20,current
4429,4429,2020-08-24,current
4430,4430,2022-04-10,current
4431,4431,2002-01-18,current
4432,4432,2021-09-20,savings
4433,4433,1996-06-12,savings
4434,4434,2017-04-25,savings
4435,4435,2016-10-24,savings
4436,4436,2013-10-17,current
4437,4437,2014-02-01,savings
4438,4438,1996-11-19,current
4439,4439,2022-02-10,current
4440,4440,2000-12-20,savings
4441,4441,1999-06-19,current
4442,4442,2018-05-15,current
4443,4443,2023-10-20,current
4444,4444,2006-05-17,savings
4445,4445,1996-05-06,current
4446,4446,2011-03-10,current
4447,4447,2021-04-05,current
4448,4448,2001-05-28,savings
4449,4449,1999-12-26,current
4450,4450,2024-07-13,current
4451,4451,2021-06-03,current
4452,4452,1999-05-13,savings
4453,4453,2000-07-02,savings
4454,4454,2021-10-20,savings
4455,4455,1997-07-19,current
4456,4456,1999-04-03,current
4457,4457,2019-10-28,current
4458,4458,2019-03-25,current
4459,4459,2000-03-10,current
4460,4460,2017-07-08,savings
4461,4461,2016-08-10,savings
4462,4462,1998-06-08,current
4463,4463,2009-01-09,savings
4464,4464,1995-03-28,savings
4465,4465,2010-04-28,current
4466,4466,2017-08-11,current
4467,4467,2012-07-16,savings
4468,4468,2009-11-20,savings
4469,4469,2002-08-24,current
4470,4470,2005-02-16,current
4471,4471,2006-04-20,current
4472,4472,2021-03-17,savings
4473,4473,2012-03-20,savings
4474,4474,2007-11-05,current
4475,4475,1999-04-22,current
4476,4476,2023-08-10,current
4477,4477,2020-10-22,current
4478,4478,2021-08-18,current
4479,4479,2000-05-05,savings
4480,4480,2016-02-18,savings
4481,4481,2004-10-28,current
4482,4482,2001-07-03,current
4483,4483,2015-12-11,current
4484,4484,1996-02-19,savings
4485,4485,2007-05-23,current
4486,4486,2023-06-18,savings
4487,4487,1998-03-26,savings
4488,4488,2024-12-11,current
4489,4489,2000-10-16,current
4490,4490,1996-08-14,current
4491,4491,2022-07-22,current
4492,4492,2023-07-28,current
4493,4493,2003-06-04,savings
4494,4494,2006-06-15,savings
4495,4495,2006-01-18,current
4496,4496,2011-09-05,current
4497,4497,2016-01-03,current
4498,4498,2018-01-09,current
4499,4499,2002-10-19,current
4500,4500,2005-08-06,savings
4501,4501,2008-08-17,savings
4502,4502,2008-12-06,savings
4503,4503,2019-06-08,savings
4504,4504,2018-09-05,current
4505,4505,2015-07-15,current
4506,4506,2019-01-17,current
4507,4507,2010-02-18,savings
4508,4508,2016-07-13,savings
4509,4509,2004-05-13,current
4510,4510,2001-01-18,savings
4511,4511,1996-01-09,current
4512,4512,1996-07-21,current
4513,4513,2001-07-20,current
4514,4514,1995-09-20,current
4515,4515,2007-01-02,savings
4516,4516,2015-03-22,current
4517,4517,2004-01-28,current
4518,4518,2001-05-12,current
4519,4519,1998-06-24,current
4520,4520,2024-08-20,current
4521,4521,1999-06-02,savings
4522,4522,2021-10-15,current
4523,4523,2014-07-16,current
4524,4524,2013-05-11,savings
4525,4525,1999-03-04,current
4526,4526,2015-06-27,current
4527,4527,2011-01-16,current
4528,4528,1997-11-05,current
4529,4529,2003-02-20,current
4530,4530,1999-01-09,current
4531,4531,2008-05-17,current
4532,4532,2000-09-01,savings
4533,4533,2001-06-20,current
4534,4534,2017-02-16,current
4535,4535,2018-07-08,current
4536,4536,2005-08-03,savings
4537,4537,2024-04-26,current
4538,4538,2022-01-04,current
4539,4539,2004-07-04,current
4540,4540,1996-05-06,savings
4541,4541,1999-06-04,current
4542,4542,2002-08-27,savings
4543,4543,2009-02-15,savings
4544,4544,2009-09-22,current
4545,4545,2006-04-11,current
4546,4546,2022-08-17,savings
4547,4547,1998-03-22,current
4548,4548,1997-10-26,savings
4549,4549,2019-09-17,current
4550,4550,2012-05-26,savings
4551,4551,2024-04-01,savings
4552,4552,2003-10-28,current
4553,4553,2010-12-09,savings
4554,4554,2015-01-04,current
4555,4555,2016-08-23,savings
4556,4556,2024-12-22,savings
4557,4557,2008-06-06,current
4558,4558,1996-04-23,savings
4559,4559,2018-01-04,savings
4560,4560,2021-09-18,current
4561,4561,2007-02-27,savings
4562,4562,2011-02-06,savings
4563,4563,1999-06-07,savings
4564,4564,2000-04-11,savings
4565,4565,2004-10-14,savings
4566,4566,2003-07-01,current
4567,4567,2002-07-08,current
4568,4568,1997-09-15,current
4569,4569,2022-04-17,savings
4570,4570,2003-05-16,current
4571,4571,2008-06-24,savings
4572,4572,2008-01-22,current
4573,4573,2007-01-06,current
4574,4574,2002-10-10,savings
4575,4575,2005-08-24,current
4576,4576,1997-01-13,savings
4577,4577,2010-06-01,savings
4578,4578,2003-04-12,savings
4579,4579,1999-03-07,savings
4580,4580,2015-01-23,current
4581,4581,2017-03-21,savings
4582,4582,2013-10-12,savings
4583,4583,2011-07-23,savings
4584,4584,2023-05-12,savings
4585,4585,2024-01-19,current
4586,4586,2018-06-17,savings
4587,4587,2016-04-05,current
4588,4588,2023-06-03,current
4589,4589,2009-05-22,savings
4590,4590,2024-04-28,current
4591,4591,2010-04-26,savings
4592,4592,2010-09-08,savings
4593,4593,2010-02-25,savings
4594,4594,2002-07-01,current
4595,4595,2000-05-06,savings
4596,4596,2011-10-27,current
4597,4597,2002-07-25,savings
4598,4598,1996-09-14,savings
4599,4599,2021-12-20,savings
4600,4600,2002-11-07,current
4601,4601,2020-05-28,savings
4602,4602,2009-04-10,current
4603,4603,2015-02-11,savings
4604,4604,2021-03-10,current
4605,4605,2008-07-05,savings
4606,4606,2006-02-14,savings
4607,4607,2018-09-10,current
4608,4608,2008-08-28,savings
4609,4609,2019-07-05,savings
4610,4610,2000-07-01,savings
4611,4611,2015-04-21,current
4612,4612,2010-01-05,current
4613,4613,2005-03-01,current
4614,4614,1997-03-06,current
4615,4615,2010-07-11,savings
4616,4616,2019-02-07,savings
4617,4617,2009-03-14,current
4618,4618,2024-04-14,savings
4619,4619,1997-01-13,current
4620,4620,1996-01-08,savings
4621,4621,2023-08-20,current
4622,4622,2011-07-27,current
4623,4623,2011-03-11,current
4624,4624,2022-07-16,savings
4625,4625,2016-04-03,current
4626,4626,2012-08-06,current
4627,4627,2008-08-07,savings
4628,4628,2006-02-13,savings
4629,4629,2004-03-08,savings
4630,4630,1996-12-28,current
4631,4631,2008-03-26,savings
4632,4632,2004-12-24,current
4633,4633,2024-07-26,savings
4634,4634,2006-11-01,current
4635,4635,2018-02-12,current
4636,4636,1998-09-16,current
4637,4637,2019-12-06,savings
4638,4638,2019-11-05,current
4639,4639,2017-03-28,current
4640,4640,1995-08-10,current
4641,4641,2011-02-05,savings
4642,4642,2015-12-01,savings
4643,4643,2022-11-03,savings
4644,4644,1996-02-22,current
4645,4645,2022-06-19,current
4646,4646,2011-04-06,savings
4647,4647,2011-06-09,current
4648,4648,2020-08-19,savings
4649,4649,2010-09-17,savings
4650,4650,2002-11-01,savings
4651,4651,1998-09-17,savings
4652,4652,2016-04-19,savings
4653,4653,2016-08-24,savings
4654,4654,1999-12-04,savings
4655,4655,2007-11-23,current
4656,4656,1997-10-21,current
4657,4657,2005-05-11,savings
4658,4658,1997-06-16,current
4659,4659,2015-07-21,savings
4660,4660,2015-08-28,current
4661,4661,2002-03-03,savings
4662,4662,2006-08-20,current
4663,4663,2024-07-25,savings
4664,4664,1999-02-10,current
4665,4665,2016-01-11,savings
4666,4666,1997-02-08,savings
4667,4667,2017-06-23,current
4668,4668,2000-03-27,savings
4669,4669,2000-08-16,savings
4670,4670,2022-04-08,savings
4671,4671,2012-08-05,current
4672,4672,2016-06-10,current
4673,4673,2011-11-09,current
4674,4674,2011-06-20,current
4675,4675,2010-01-19,current
4676,4676,2018-12-10,savings
4677,4677,2017-06-02,savings
4678,4678,1996-07-05,current
4679,4679,1998-08-15,current
4680,4680,2013-01-25,current
4681,4681,2002-02-21,savings
4682,4682,2005-02-26,savings
4683,4683,2016-10-22,current
4684,4684,2023-06-02,current
4685,4685,1996-02-03,current
4686,4686,2015-09-26,savings
4687,4687,2008-12-12,current
4688,4688,2005-10-10,current
4689,4689,2004-12-19,savings
4690,4690,2022-11-26,current
4691,4691,1995-12-01,current
4692,4692,1996-04-27,current
4693,4693,1997-11-22,savings
4694,4694,2005-03-06,savings
4695,4695,2006-07-07,savings
4696,4696,2000-06-12,savings
4697,4697,2021-08-26,current
4698,4698,2023-11-18,savings
4699,4699,2009-07-06,savings
4700,4700,2011-09-16,savings
4701,4701,1999-01-05,savings
4702,4702,2003-09-28,current
4703,4703,2003-04-14,savings
4704,4704,1997-12-26,savings
4705,4705,2007-05-09,savings
4706,4706,2004-08-28,savings
4707,4707,2004-06-15,savings
4708,4708,2008-05-10,current
4709,4709,2010-10-15,savings
4710,4710,2000-11-10,savings
4711,4711,2017-06-23,current
4712,4712,1996-10-06,savings
4713,4713,2023-12-22,current
4714,4714,2022-03-24,current
4715,4715,2013-05-01,current
4716,4716,2010-11-13,current
4717,4717,2003-03-27,current
4718,4718,2016-06-24,current
4719,4719,2003-10-26,savings
4720,4720,1995-10-06,current
4721,4721,1995-01-04,savings
4722,4722,2009-02-26,current
4723,4723,2003-10-18,savings
4724,4724,2015-02-07,current
4725,4725,2009-08-28,savings
4726,4726,2004-10-22,current
4727,4727,2007-02-08,savings
4728,4728,2006-12-11,savings
4729,4729,2020-01-23,savings
4730,4730,2004-07-11,current
4731,4731,2021-09-02,savings
4732,4732,2007-01-25,current
4733,4733,2012-08-07,savings
4734,4734,1997-02-07,current
4735,4735,1998-12-01,current
4736,4736,2000-11-17,savings
4737,4737,2009-03-12,savings
4738,4738,2003-03-04,current
4739,4739,2010-06-23,current
4740,4740,2011-08-19,current
4741,4741,2022-11-08,savings
4742,4742,2014-08-26,savings
4743,4743,2007-01-03,savings
4744,4744,2003-07-08,savings
4745,4745,2004-07-12,savings
4746,4746,2017-06-17,savings
4747,4747,2011-01-17,savings
4748,4748,2005-05-20,current
4749,4749,2005-01-01,current
4750,4750,2018-04-25,savings
4751,4751,1999-11-22,savings
4752,4752,2001-11-12,savings
4753,4753,2012-03-19,current
4754,4754,2008-04-14,current
4755,4755,2012-01-14,savings
4756,4756,2013-11-15,current
4757,4757,2014-01-18,savings
4758,4758,2002-10-11,current
4759,4759,2015-04-27,savings
4760,4760,2016-08-21,current
4761,4761,1997-10-22,savings
4762,4762,2000-07-11,current
4763,4763,2023-01-20,current
4764,4764,2015-03-02,savings
4765,4765,2013-10-28,savings
4766,4766,2012-12-10,savings
4767,4767,2001-11-11,current
4768,4768,2004-04-19,savings
4769,4769,2000-03-08,savings
4770,4770,2008-04-21,savings
4771,4771,2010-02-01,savings
4772,4772,2010-11-07,current
4773,4773,2013-01-16,savings
4774,4774,2006-11-27,savings
4775,4775,2024-07-12,current
4776,4776,2010-05-22,savings
4777,4777,2006-11-07,savings
4778,4778,2024-01-21,savings
4779,4779,2022-05-10,savings
4780,4780,1999-03-23,savings
4781,4781,2017-12-15,savings
4782,4782,2015-08-20,savings
4783,4783,2001-02-06,current
4784,4784,2005-10-19,current
4785,4785,2007-03-14,savings
4786,4786,2019-01-01,savings
4787,4787,1995-03-16,current
4788,4788,2023-05-19,savings
4789,4789,2019-07-28,current
4790,4790,2007-05-05,current
4791,4791,1999-01-21,savings
4792,4792,2010-09-13,current
4793,4793,2012-12-19,current
4794,4794,2015-04-06,savings
4795,4795,2000-04-10,savings
4796,4796,2008-04-14,savings
4797,4797,2014-06-05,savings
4798,4798,2006-11-24,savings
4799,4799,2004-12-02,savings
4800,4800,2011-06-01,savings
4801,4801,1995-09-25,savings
4802,4802,2022-10-05,savings
4803,4803,2019-11-06,savings
4804,4804,1998-10-09,savings
4805,4805,2014-05-04,current
4806,4806,1997-09-24,current
4807,4807,2013-07-16,current
4808,4808,1995-01-13,savings
4809,4809,2002-02-11,savings
4810,4810,2002-04-16,current
4811,4811,2003-06-16,current
4812,4812,2008-02-11,current
4813,4813,1999-07-06,current
4814,4814,2000-10-06,current
4815,4815,2010-06-27,current
4816,4816,2015-12-08,savings
4817,4817,2007-10-18,current
4818,4818,2017-08-11,current
4819,4819,2018-05-16,savings
4820,4820,2010-04-07,savings
4821,4821,2022-09-28,current
4822,4822,2011-04-01,savings
4823,4823,2011-01-26,current
4824,4824,1998-08-20,current
4825,4825,2003-11-23,savings
4826,4826,2003-05-02,savings
4827,4827,2015-11-16,savings
4828,4828,2008-10-19,current
4829,4829,2004-05-20,current
4830,4830,2004-12-02,savings
4831,4831,2002-08-24,current
4832,4832,2009-04-25,current
4833,4833,1996-06-20,savings
4834,4834,2017-03-04,savings
4835,4835,2010-01-03,current
4836,4836,2013-10-11,current
4837,4837,1995-01-08,savings
4838,4838,2011-07-11,savings
4839,4839,1995-06-14,savings
4840,4840,2018-10-07,savings
4841,4841,2004-01-14,savings
4842,4842,2002-12-08,current
4843,4843,2006-09-04,savings
4844,4844,2011-11-28,current
4845,4845,2009-09-02,current
4846,4846,1999-12-21,current
4847,4847,1996-09-18,current
4848,4848,2024-03-24,savings
4849,4849,2001-07-01,current
4850,4850,1999-03-03,current
4851,4851,2002-03-01,savings
4852,4852,2009-11-01,current
4853,4853,1997-12-08,savings
4854,4854,2017-07-19,savings
4855,4855,2022-07-14,savings
4856,4856,2024-08-09,current
4857,4857,2009-07-08,current
4858,4858,1995-11-08,current
4859,4859,2001-10-26,current
4860,4860,2007-04-07,current
4861,4861,2005-07-14,savings
4862,4862,2008-04-02,savings
4863,4863,1998-07-24,current
4864,4864,2024-06-22,current
4865,4865,2006-01-09,current
4866,4866,2016-02-13,current
4867,4867,1995-03-05,savings
4868,4868,2019-09-02,current
4869,4869,2000-03-08,current
4870,4870,2008-06-23,current
4871,4871,2024-07-16,current
4872,4872,2021-08-24,current
4873,4873,1999-02-26,savings
4874,4874,2013-11-12,savings
4875,4875,2017-06-15,savings
4876,4876,2015-12-12,current
4877,4877,2012-08-25,current
4878,4878,2014-12-16,savings
4879,4879,1997-05-18,savings
4880,4880,1995-10-08,current
4881,4881,1997-09-02,current
4882,4882,2005-04-06,savings
4883,4883,2011-03-07,savings
4884,4884,2021-11-05,savings
4885,4885,2024-11-21,savings
4886,4886,2001-10-07,current
4887,4887,2006-01-27,savings
4888,4888,2011-09-06,savings
4889,4889,2001-09-28,current
4890,4890,2010-04-27,savings
4891,4891,2010-12-02,current
4892,4892,2001-06-20,savings
4893,4893,1996-05-17,savings
4894,4894,2016-01-17,current
4895,4895,2023-02-20,savings
4896,4896,2019-03-21,current
4897,4897,2019-08-24,current
4898,4898,2024-03-03,savings
4899,4899,1996-12-03,current
4900,4900,1997-09-12,current
4901,4901,2014-05-17,current
4902,4902,1996-10-18,savings
4903,4903,1997-12-24,current
4904,4904,2010-09-19,savings
4905,4905,2002-05-15,current
4906,4906,2018-06-12,current
4907,4907,2008-10-11,current
4908,4908,2020-10-02,current
4909,4909,2001-09-27,current
4910,4910,2010-09-14,current
4911,4911,2003-07-18,savings
4912,4912,2017-06-14,savings
4913,4913,2018-11-14,savings
4914,4914,2020-12-20,current
4915,4915,2019-07-12,savings
4916,4916,2004-02-11,current
4917,4917,2022-07-22,savings
4918,4918,1999-07-17,current
4919,4919,2001-09-16,savings
4920,4920,2015-12-05,savings
4921,4921,2016-11-10,savings
4922,4922,2019-07-06,savings
4923,4923,2017-12-23,current
4924,4924,2010-03-03,current
4925,4925,2017-07-04,current
4926,4926,2009-02-20,savings
4927,4927,2006-06-10,current
4928,4928,2017-10-19,current
4929,4929,2016-09-20,savings
4930,4930,2001-06-21,savings
4931,4931,1997-12-07,savings
4932,4932,2012-03-05,savings
4933,4933,1998-09-09,current
4934,4934,2015-12-08,savings
4935,4935,2016-08-21,current
4936,4936,2012-12-03,savings
4937,4937,2002-11-17,savings
4938,4938,2015-11-23,savings
4939,4939,2011-11-16,savings
4940,4940,2012-12-26,current
4941,4941,2013-08-10,savings
4942,4942,1995-10-11,savings
4943,4943,2008-06-10,current
4944,4944,2004-01-03,savings
4945,4945,2008-10-20,current
4946,4946,2016-09-01,current
4947,4947,2002-10-15,current
4948,4948,2010-01-24,savings
4949,4949,2003-06-14,current
4950,4950,2024-10-24,savings
4951,4951,2010-07-14,current
4952,4952,2022-01-09,current
4953,4953,2004-12-07,savings
4954,4954,2006-01-27,current
4955,4955,2012-04-09,savings
4956,4956,2018-01-03,current
4957,4957,2011-07-13,savings
4958,4958,2005-11-11,savings
4959,4959,2018-11-14,current
4960,4960,2016-01-12,current
4961,4961,2014-06-01,savings
4962,4962,2006-03-23,current
4963,4963,2009-05-05,savings
4964,4964,2020-10-24,current
4965,4965,2024-04-01,savings
4966,4966,2004-06-22,savings
4967,4967,1999-12-27,current
4968,4968,1998-03-05,savings
4969,4969,2021-12-20,savings
4970,4970,2000-01-19,current
4971,4971,1995-01-08,current
4972,4972,2013-10-24,savings
4973,4973,2018-09-06,current
4974,4974,2019-05-09,savings
4975,4975,2009-08-20,savings
4976,4976,2008-06-25,current
4977,4977,2007-02-07,current
4978,4978,2022-12-25,current
4979,4979,1998-03-24,savings
4980,4980,2003-07-06,current
4981,4981,2021-03-05,savings
4982,4982,2012-05-11,current
4983,4983,2024-03-16,savings
4984,4984,2004-03-07,savings
4985,4985,2023-04-08,current
4986,4986,2018-03-20,savings
4987,4987,2023-09-17,savings
4988,4988,2004-06-17,savings
4989,4989,2011-05-12,current
4990,4990,2007-07-28,savings
4991,4991,2002-01-09,current
4992,4992,2001-02-10,savings
4993,4993,2017-09-03,savings
4994,4994,2022-04-15,current
4995,4995,2002-06-23,savings
4996,4996,1998-08-04,savings
4997,4997,1995-09-03,savings
4998,4998,2019-08-03,current
4999,4999,2016-06-19,current
5000,5000,1998-03-17,current
