customer_id,branch_id,firstname,lastname,City,creation_date
1,43,Joshua,Heck,Fort Worth,2017-06-14
1,43,Joshua,Heck,Fort Worth,2017-06-14
2,63,Mark,Fleischmann,Louisville,2016-10-28
2,63,Mark,Fleischmann,Louisville,2016-10-28
3,82,Joseph,Wilke,Philadelphia,2004-09-08
3,82,Joseph,Wilke,Philadelphia,2004-09-08
4,41,Kevin,Seifert,Oklahoma City,1995-10-27
4,41,Kevin,Seifert,Oklahoma City,1995-10-27
5,9,Linda,Mann,Phoenix,2012-06-14
5,9,Linda,Mann,Phoenix,2012-06-14
6,20,Charles,Ehrhardt,El Paso,2009-01-03
6,20,Charles,Ehrhardt,El Paso,2009-01-03
7,21,Joshua,Haupt,Dallas,2006-10-23
7,21,Joshua,Haupt,Dallas,2006-10-23
8,25,Christopher,Dreher,Memphis,2013-07-08
8,25,Christopher,Dreher,Memphis,2013-07-08
9,66,Daniel,Weiß,Indianapolis,2024-05-03
9,66,Daniel,Weiß,Indianapolis,2024-05-03
10,30,William,Wunderlich,Washington,1999-10-07
10,30,William,Wunderlich,Washington,1999-10-07
11,72,William,Huth,San Diego,2020-06-04
11,72,William,Huth,San Diego,2020-06-04
12,25,Nancy,Jaeger,Oklahoma City,2003-05-27
12,25,Nancy,Jaeger,Oklahoma City,2003-05-27
13,94,Margaret,Wild,Columbus,2018-02-03
13,94,Margaret,Wild,Columbus,2018-02-03
14,30,Michelle,Lohmann,Colorado Springs,1996-01-11
14,30,Michelle,Lohmann,Colorado Springs,1996-01-11
15,77,Nancy,Schramm,Atlanta,2004-04-05
15,77,Nancy,Schramm,Atlanta,2004-04-05
16,31,Michael,Mahler,Fresno,2018-04-14
16,31,Michael,Mahler,Fresno,2018-04-14
17,96,Lisa,Wolters,Austin,2018-05-08
17,96,Lisa,Wolters,Austin,2018-05-08
18,36,Mary,Stenzel,Omaha,2017-09-18
18,36,Mary,Stenzel,Omaha,2017-09-18
19,41,Nancy,Lehnert,Tucson,2010-11-13
19,41,Nancy,Lehnert,Tucson,2010-11-13
20,61,Amanda,Junge,Milwaukee,2024-10-08
20,61,Amanda,Junge,Milwaukee,2024-10-08
21,29,Ashley,Stenzel,Fresno,2019-05-17
21,29,Ashley,Stenzel,Fresno,2019-05-17
22,34,Donna,König,San Antonio,2008-09-25
22,34,Donna,König,San Antonio,2008-09-25
23,19,Mary,Hannemann,El Paso,2011-04-16
23,19,Mary,Hannemann,El Paso,2011-04-16
24,90,Charles,Gottwald,San Antonio,2008-07-03
24,90,Charles,Gottwald,San Antonio,2008-07-03
25,5,Steven,Kirchner,Boston,2021-10-25
25,5,Steven,Kirchner,Boston,2021-10-25
26,20,Barbara,Ostermann,Chicago,2023-06-25
26,20,Barbara,Ostermann,Chicago,2023-06-25
27,78,Lisa,Enders,Kansas City,2016-01-25
27,78,Lisa,Enders,Kansas City,2016-01-25
28,29,Amanda,Stock,Oklahoma City,2002-02-24
28,29,Amanda,Stock,Oklahoma City,2002-02-24
29,3,Matthew,Henze,Fresno,2023-06-11
29,3,Matthew,Henze,Fresno,2023-06-11
30,84,Ronald,Wenzel,Baltimore,1997-06-01
30,84,Ronald,Wenzel,Baltimore,1997-06-01
31,25,Anthony,Lorenz,San Francisco,2017-07-10
31,25,Anthony,Lorenz,San Francisco,2017-07-10
32,69,Carol,Kaminski,Jacksonville,2009-02-22
32,69,Carol,Kaminski,Jacksonville,2009-02-22
33,55,Betty,Clemens,Sacramento,2024-04-20
33,55,Betty,Clemens,Sacramento,2024-04-20
34,56,Jessica,Steffen,Oklahoma City,2010-05-28
34,56,Jessica,Steffen,Oklahoma City,2010-05-28
35,29,Joseph,Diekmann,Seattle,2023-03-09
35,29,Joseph,Diekmann,Seattle,2023-03-09
36,41,Timothy,Mahler,Portland,2004-04-26
36,41,Timothy,Mahler,Portland,2004-04-26
37,2,Amanda,Lukas,Mesa,2019-04-09
37,2,Amanda,Lukas,Mesa,2019-04-09
38,6,Michael,Braun,El Paso,2007-04-03
38,6,Michael,Braun,El Paso,2007-04-03
39,59,Paul,Maurer,Albuquerque,1996-12-14
39,59,Paul,Maurer,Albuquerque,1996-12-14
40,65,John,Kirchner,Jacksonville,2006-07-13
40,65,John,Kirchner,Jacksonville,2006-07-13
41,31,Charles,Arndt,Austin,2005-06-28
41,31,Charles,Arndt,Austin,2005-06-28
42,91,David,Stenzel,Kansas City,1995-02-20
42,91,David,Stenzel,Kansas City,1995-02-20
43,46,Joshua,Oppermann,Philadelphia,2013-05-06
43,46,Joshua,Oppermann,Philadelphia,2013-05-06
44,60,Karen,Jakobs,Fresno,2020-04-26
44,60,Karen,Jakobs,Fresno,2020-04-26
45,46,Patricia,Zeller,Mesa,2008-01-01
45,46,Patricia,Zeller,Mesa,2008-01-01
46,19,Matthew,Hauck,Atlanta,2013-05-08
46,19,Matthew,Hauck,Atlanta,2013-05-08
47,1,Susan,Freitag,San Francisco,2019-07-18
47,1,Susan,Freitag,San Francisco,2019-07-18
48,95,Stephanie,Hahn,Omaha,2020-01-23
48,95,Stephanie,Hahn,Omaha,2020-01-23
49,18,David,Hartung,Omaha,2013-09-24
49,18,David,Hartung,Omaha,2013-09-24
50,7,Sandra,Bär,Fort Worth,2005-06-22
50,7,Sandra,Bär,Fort Worth,2005-06-22
51,32,Mary,Franke,Nashville,2024-05-01
51,32,Mary,Franke,Nashville,2024-05-01
52,99,Sarah,Knapp,Omaha,2015-05-16
52,99,Sarah,Knapp,Omaha,2015-05-16
53,96,Betty,Held,Denver,2005-09-27
53,96,Betty,Held,Denver,2005-09-27
54,59,Timothy,Rösler,Chicago,2015-08-28
54,59,Timothy,Rösler,Chicago,2015-08-28
55,65,John,Niemann,Seattle,2020-07-02
55,65,John,Niemann,Seattle,2020-07-02
56,97,Amanda,Meister,Denver,2006-04-19
56,97,Amanda,Meister,Denver,2006-04-19
57,12,Linda,Dick,Philadelphia,2005-05-23
57,12,Linda,Dick,Philadelphia,2005-05-23
58,45,Timothy,Pahl,Indianapolis,1996-08-06
58,45,Timothy,Pahl,Indianapolis,1996-08-06
59,24,Andrew,Thoma,San Diego,2023-08-27
59,24,Andrew,Thoma,San Diego,2023-08-27
60,54,Susan,Geiger,Seattle,2002-03-10
60,54,Susan,Geiger,Seattle,2002-03-10
61,4,Thomas,Lauer,Colorado Springs,2018-10-08
61,4,Thomas,Lauer,Colorado Springs,2018-10-08
62,79,Margaret,Lehmann,Fort Worth,2011-07-03
62,79,Margaret,Lehmann,Fort Worth,2011-07-03
63,96,Stephanie,Pilz,Jacksonville,2021-11-11
63,96,Stephanie,Pilz,Jacksonville,2021-11-11
64,24,Michelle,Ehrhardt,San Antonio,2002-07-07
64,24,Michelle,Ehrhardt,San Antonio,2002-07-07
65,23,Patricia,Stark,New York,2014-05-06
65,23,Patricia,Stark,New York,2014-05-06
66,89,Mary,Schaper,Mesa,2007-02-02
66,89,Mary,Schaper,Mesa,2007-02-02
67,49,Jennifer,Schaper,Nashville,1998-08-18
67,49,Jennifer,Schaper,Nashville,1998-08-18
68,90,Carol,Wessel,Atlanta,2006-08-16
68,90,Carol,Wessel,Atlanta,2006-08-16
69,21,Patricia,Hahn,Las Vegas,1999-12-21
69,21,Patricia,Hahn,Las Vegas,1999-12-21
70,70,Mark,Thoma,Boston,1997-03-15
70,70,Mark,Thoma,Boston,1997-03-15
71,22,Karen,Emmerich,San Antonio,2018-04-27
71,22,Karen,Emmerich,San Antonio,2018-04-27
72,75,Sandra,Jacob,San Francisco,2005-01-22
72,75,Sandra,Jacob,San Francisco,2005-01-22
73,37,Amanda,Walz,Memphis,2023-02-25
73,37,Amanda,Walz,Memphis,2023-02-25
74,30,Kimberly,Schroeder,Baltimore,2012-07-09
74,30,Kimberly,Schroeder,Baltimore,2012-07-09
75,31,Elizabeth,Bischoff,San Antonio,2022-09-11
75,31,Elizabeth,Bischoff,San Antonio,2022-09-11
76,33,Margaret,Schwarz,Tucson,2006-08-22
76,33,Margaret,Schwarz,Tucson,2006-08-22
77,76,Susan,Heß,San Antonio,2021-10-18
77,76,Susan,Heß,San Antonio,2021-10-18
78,27,Donald,Kohl,Las Vegas,2000-09-14
78,27,Donald,Kohl,Las Vegas,2000-09-14
79,78,Deborah,Will,Austin,1996-04-03
79,78,Deborah,Will,Austin,1996-04-03
80,58,Joseph,Hensel,Dallas,1999-03-15
80,58,Joseph,Hensel,Dallas,1999-03-15
81,1,Linda,Matthes,Fort Worth,2002-07-24
81,1,Linda,Matthes,Fort Worth,2002-07-24
82,64,Susan,Schütze,Sacramento,2013-12-11
82,64,Susan,Schütze,Sacramento,2013-12-11
83,72,Daniel,Nagel,Houston,2024-08-01
83,72,Daniel,Nagel,Houston,2024-08-01
84,72,Michelle,Henning,Mesa,2000-09-12
84,72,Michelle,Henning,Mesa,2000-09-12
85,93,Charles,Krause,Louisville,2023-03-20
85,93,Charles,Krause,Louisville,2023-03-20
86,26,Jessica,Rupprecht,San Jose,2005-04-24
86,26,Jessica,Rupprecht,San Jose,2005-04-24
87,90,Brian,Enders,El Paso,2014-07-28
87,90,Brian,Enders,El Paso,2014-07-28
88,49,Karen,Reichelt,Denver,2009-05-25
88,49,Karen,Reichelt,Denver,2009-05-25
89,84,Timothy,Voss,Atlanta,2023-06-17
89,84,Timothy,Voss,Atlanta,2023-06-17
90,44,Nancy,Schwartz,Colorado Springs,2002-04-25
90,44,Nancy,Schwartz,Colorado Springs,2002-04-25
91,43,Sandra,Tillmann,Las Vegas,2012-02-01
91,43,Sandra,Tillmann,Las Vegas,2012-02-01
92,49,Matthew,Heilmann,Indianapolis,2006-06-04
92,49,Matthew,Heilmann,Indianapolis,2006-06-04
93,52,Brian,Kraft,Tucson,2015-01-23
93,52,Brian,Kraft,Tucson,2015-01-23
94,71,Kenneth,Riedl,Fort Worth,2009-12-01
94,71,Kenneth,Riedl,Fort Worth,2009-12-01
95,32,Mark,Steinert,Fresno,2002-10-17
95,32,Mark,Steinert,Fresno,2002-10-17
96,55,Joseph,Wiesner,San Antonio,1998-04-27
96,55,Joseph,Wiesner,San Antonio,1998-04-27
97,18,Brian,Moritz,Austin,2022-01-27
97,18,Brian,Moritz,Austin,2022-01-27
98,86,James,Weiler,Milwaukee,1996-10-17
98,86,James,Weiler,Milwaukee,1996-10-17
99,59,Matthew,Sauer,Memphis,2004-05-04
99,59,Matthew,Sauer,Memphis,2004-05-04
100,29,John,Martin,San Jose,2010-06-25
100,29,John,Martin,San Jose,2010-06-25
101,32,David,Jost,Milwaukee,2000-03-13
101,32,David,Jost,Milwaukee,2000-03-13
102,54,Nancy,Schmitz,Los Angeles,1999-02-04
102,54,Nancy,Schmitz,Los Angeles,1999-02-04
103,84,James,Schober,Colorado Springs,2020-01-09
103,84,James,Schober,Colorado Springs,2020-01-09
104,31,Amanda,Kaiser,Charlotte,1995-05-01
104,31,Amanda,Kaiser,Charlotte,1995-05-01
105,43,Linda,Bischoff,Austin,2018-07-14
105,43,Linda,Bischoff,Austin,2018-07-14
106,41,Nancy,Janssen,Fresno,2000-03-22
106,41,Nancy,Janssen,Fresno,2000-03-22
107,8,William,Scholl,Colorado Springs,1999-05-18
107,8,William,Scholl,Colorado Springs,1999-05-18
108,43,Thomas,Hornung,Houston,2012-10-09
108,43,Thomas,Hornung,Houston,2012-10-09
109,51,Linda,Ewert,Austin,2021-09-21
109,51,Linda,Ewert,Austin,2021-09-21
110,8,Andrew,Gross,Memphis,2008-03-06
110,8,Andrew,Gross,Memphis,2008-03-06
111,9,Andrew,Unger,Los Angeles,2018-12-21
111,9,Andrew,Unger,Los Angeles,2018-12-21
112,78,Steven,Hermes,Indianapolis,2024-05-28
112,78,Steven,Hermes,Indianapolis,2024-05-28
113,46,Robert,Rademacher,Colorado Springs,2005-03-02
113,46,Robert,Rademacher,Colorado Springs,2005-03-02
114,33,Carol,Eberhardt,San Jose,2017-01-01
114,33,Carol,Eberhardt,San Jose,2017-01-01
115,58,Joshua,Schilling,Atlanta,2023-05-16
115,58,Joshua,Schilling,Atlanta,2023-05-16
116,79,Kenneth,Kasper,San Francisco,2000-07-27
116,79,Kenneth,Kasper,San Francisco,2000-07-27
117,94,Betty,Buschmann,Nashville,2011-06-04
117,94,Betty,Buschmann,Nashville,2011-06-04
118,94,John,Neubert,Denver,1996-02-04
118,94,John,Neubert,Denver,1996-02-04
119,31,David,Wilms,San Antonio,2006-11-19
119,31,David,Wilms,San Antonio,2006-11-19
120,69,Linda,Steinke,Kansas City,2002-10-03
120,69,Linda,Steinke,Kansas City,2002-10-03
121,83,Barbara,Noack,San Diego,1999-07-04
121,83,Barbara,Noack,San Diego,1999-07-04
122,48,Kimberly,Kirchner,San Jose,2016-12-24
122,48,Kimberly,Kirchner,San Jose,2016-12-24
123,11,Steven,Peters,Atlanta,2009-11-19
123,11,Steven,Peters,Atlanta,2009-11-19
124,74,Deborah,Popp,Los Angeles,1996-02-01
124,74,Deborah,Popp,Los Angeles,1996-02-01
125,33,Daniel,Köhn,Austin,2020-12-27
125,33,Daniel,Köhn,Austin,2020-12-27
126,61,Nancy,Will,Las Vegas,2004-12-07
126,61,Nancy,Will,Las Vegas,2004-12-07
127,88,Paul,Wilke,Philadelphia,2015-07-27
127,88,Paul,Wilke,Philadelphia,2015-07-27
128,15,Andrew,Ehlert,Detroit,1999-08-12
128,15,Andrew,Ehlert,Detroit,1999-08-12
129,29,Amanda,Johannsen,San Antonio,2012-03-02
129,29,Amanda,Johannsen,San Antonio,2012-03-02
130,27,Michelle,Dörr,Colorado Springs,2019-10-20
130,27,Michelle,Dörr,Colorado Springs,2019-10-20
131,20,Lisa,Schramm,Denver,2001-11-04
131,20,Lisa,Schramm,Denver,2001-11-04
132,36,Anthony,Cremer,Philadelphia,2022-06-28
132,36,Anthony,Cremer,Philadelphia,2022-06-28
133,14,Andrew,Küster,Memphis,2010-10-17
133,14,Andrew,Küster,Memphis,2010-10-17
134,37,James,Mueller,Colorado Springs,2014-01-07
134,37,James,Mueller,Colorado Springs,2014-01-07
135,88,Andrew,Naumann,Los Angeles,1997-06-28
135,88,Andrew,Naumann,Los Angeles,1997-06-28
136,49,Paul,Wegener,Denver,2017-12-03
136,49,Paul,Wegener,Denver,2017-12-03
137,36,Timothy,Schröer,Houston,2006-07-23
137,36,Timothy,Schröer,Houston,2006-07-23
138,58,Susan,Herzog,Philadelphia,2022-03-18
138,58,Susan,Herzog,Philadelphia,2022-03-18
139,93,Michael,Henze,Atlanta,2014-09-20
139,93,Michael,Henze,Atlanta,2014-09-20
140,15,James,Gebauer,Louisville,2002-11-25
140,15,James,Gebauer,Louisville,2002-11-25
141,39,Robert,Jürgens,Baltimore,2001-10-14
141,39,Robert,Jürgens,Baltimore,2001-10-14
142,5,Sandra,Binder,San Antonio,2003-04-05
142,5,Sandra,Binder,San Antonio,2003-04-05
143,97,Susan,Baur,Dallas,2021-11-01
143,97,Susan,Baur,Dallas,2021-11-01
144,45,Joshua,Mühlbauer,Boston,1996-07-03
144,45,Joshua,Mühlbauer,Boston,1996-07-03
145,1,Anthony,Ehlers,Tucson,1998-11-24
145,1,Anthony,Ehlers,Tucson,1998-11-24
146,47,David,Petri,New York,2024-04-15
146,47,David,Petri,New York,2024-04-15
147,34,Joseph,Petersen,Philadelphia,2013-12-07
147,34,Joseph,Petersen,Philadelphia,2013-12-07
148,8,Joseph,Henze,Seattle,2021-09-12
148,8,Joseph,Henze,Seattle,2021-09-12
149,88,Sandra,Otten,Jacksonville,2000-09-03
149,88,Sandra,Otten,Jacksonville,2000-09-03
150,54,Carol,Ewert,Louisville,2008-04-16
150,54,Carol,Ewert,Louisville,2008-04-16
151,87,Richard,Weiß,Austin,2008-08-07
151,87,Richard,Weiß,Austin,2008-08-07
152,60,Emily,Janke,Tucson,1999-07-16
152,60,Emily,Janke,Tucson,1999-07-16
153,77,Joshua,Hager,New York,1998-03-17
153,77,Joshua,Hager,New York,1998-03-17
154,37,Ronald,Weigand,San Jose,1997-09-10
154,37,Ronald,Weigand,San Jose,1997-09-10
155,46,Emily,Rieger,Atlanta,2019-08-21
155,46,Emily,Rieger,Atlanta,2019-08-21
156,18,Patricia,Bartels,Oklahoma City,1995-09-09
156,18,Patricia,Bartels,Oklahoma City,1995-09-09
157,10,Ashley,Janssen,New York,2022-11-04
157,10,Ashley,Janssen,New York,2022-11-04
158,68,Paul,Wolter,Chicago,2000-03-16
158,68,Paul,Wolter,Chicago,2000-03-16
159,71,Daniel,Petermann,Seattle,2022-06-09
159,71,Daniel,Petermann,Seattle,2022-06-09
160,86,Joshua,Bolz,Columbus,2004-03-10
160,86,Joshua,Bolz,Columbus,2004-03-10
161,76,Brian,Stein,Milwaukee,2024-11-13
161,76,Brian,Stein,Milwaukee,2024-11-13
162,24,Joseph,Hopf,Portland,2013-01-16
162,24,Joseph,Hopf,Portland,2013-01-16
163,47,Kevin,Brendel,San Francisco,2014-08-01
163,47,Kevin,Brendel,San Francisco,2014-08-01
164,37,Mark,Rabe,Memphis,2020-08-17
164,37,Mark,Rabe,Memphis,2020-08-17
165,72,Margaret,Scholz,Mesa,2004-07-24
165,72,Margaret,Scholz,Mesa,2004-07-24
166,84,Richard,Pauli,Atlanta,2002-05-18
166,84,Richard,Pauli,Atlanta,2002-05-18
167,43,Emily,Leonhardt,Detroit,2007-11-24
167,43,Emily,Leonhardt,Detroit,2007-11-24
168,82,John,Thieme,San Francisco,2018-05-03
168,82,John,Thieme,San Francisco,2018-05-03
169,25,Lisa,Volz,Washington,2014-08-06
169,25,Lisa,Volz,Washington,2014-08-06
170,87,Betty,Finger,Boston,1996-06-10
170,87,Betty,Finger,Boston,1996-06-10
171,18,Mary,Brinkmann,Los Angeles,2000-06-21
171,18,Mary,Brinkmann,Los Angeles,2000-06-21
172,51,Carol,Schäfer,Washington,2004-03-04
172,51,Carol,Schäfer,Washington,2004-03-04
173,46,Brian,Groth,Phoenix,2013-01-15
173,46,Brian,Groth,Phoenix,2013-01-15
174,75,Jennifer,Kopp,Houston,2002-11-06
174,75,Jennifer,Kopp,Houston,2002-11-06
175,59,Betty,Feldmann,Mesa,2018-01-22
175,59,Betty,Feldmann,Mesa,2018-01-22
176,39,Betty,Dieckmann,Philadelphia,2018-02-02
176,39,Betty,Dieckmann,Philadelphia,2018-02-02
177,78,Amanda,Freese,Nashville,2019-07-12
177,78,Amanda,Freese,Nashville,2019-07-12
178,86,Amanda,Janßen,San Jose,2003-12-15
178,86,Amanda,Janßen,San Jose,2003-12-15
179,38,Sarah,Stöhr,Atlanta,2011-12-01
179,38,Sarah,Stöhr,Atlanta,2011-12-01
180,55,Ashley,Seeger,Boston,2006-08-02
180,55,Ashley,Seeger,Boston,2006-08-02
181,79,William,Herz,Detroit,1995-12-21
181,79,William,Herz,Detroit,1995-12-21
182,5,Betty,Ehlert,Colorado Springs,2010-01-13
182,5,Betty,Ehlert,Colorado Springs,2010-01-13
183,5,Matthew,Schwarzer,Oklahoma City,2001-12-19
183,5,Matthew,Schwarzer,Oklahoma City,2001-12-19
184,50,Joshua,Berger,Tucson,2018-01-25
184,50,Joshua,Berger,Tucson,2018-01-25
185,42,Steven,Ahrens,Columbus,2018-12-14
185,42,Steven,Ahrens,Columbus,2018-12-14
186,19,James,Koch,Mesa,2014-02-16
186,19,James,Koch,Mesa,2014-02-16
187,34,Anthony,Grund,San Francisco,2002-01-09
187,34,Anthony,Grund,San Francisco,2002-01-09
188,53,Richard,Heyer,Nashville,2004-05-26
188,53,Richard,Heyer,Nashville,2004-05-26
189,80,Kenneth,Bock,Indianapolis,2016-02-23
189,80,Kenneth,Bock,Indianapolis,2016-02-23
190,21,Michael,Petzold,Indianapolis,2021-11-26
190,21,Michael,Petzold,Indianapolis,2021-11-26
191,45,Joshua,Paulsen,Oklahoma City,2016-07-04
191,45,Joshua,Paulsen,Oklahoma City,2016-07-04
192,96,Jennifer,Wacker,Memphis,1995-12-11
192,96,Jennifer,Wacker,Memphis,1995-12-11
193,60,Linda,Baumgärtner,Louisville,2024-06-21
193,60,Linda,Baumgärtner,Louisville,2024-06-21
194,53,Anthony,Beier,San Diego,2022-02-02
194,53,Anthony,Beier,San Diego,2022-02-02
195,19,David,Petermann,Las Vegas,2000-05-07
195,19,David,Petermann,Las Vegas,2000-05-07
196,88,Paul,Eberhardt,Chicago,2001-05-16
196,88,Paul,Eberhardt,Chicago,2001-05-16
197,35,Steven,Heise,Boston,2008-12-04
197,35,Steven,Heise,Boston,2008-12-04
198,82,Carol,Simon,Denver,2012-06-20
198,82,Carol,Simon,Denver,2012-06-20
199,14,Amanda,Drews,Tucson,1997-11-02
199,14,Amanda,Drews,Tucson,1997-11-02
200,86,Nancy,Küppers,Los Angeles,2000-05-01
200,86,Nancy,Küppers,Los Angeles,2000-05-01
201,94,Joseph,Cremer,Charlotte,2023-01-22
201,94,Joseph,Cremer,Charlotte,2023-01-22
202,12,Emily,Hübner,Washington,2013-06-11
202,12,Emily,Hübner,Washington,2013-06-11
203,49,Emily,Meister,Jacksonville,2000-05-18
203,49,Emily,Meister,Jacksonville,2000-05-18
204,76,Nancy,Frick,Seattle,2000-05-01
204,76,Nancy,Frick,Seattle,2000-05-01
205,94,Kenneth,Kunert,Washington,2013-09-01
205,94,Kenneth,Kunert,Washington,2013-09-01
206,3,Ronald,Wagner,Portland,1999-06-17
206,3,Ronald,Wagner,Portland,1999-06-17
207,96,Ronald,Körner,San Jose,2015-08-02
207,96,Ronald,Körner,San Jose,2015-08-02
208,27,Barbara,Krohn,Tucson,2007-01-28
208,27,Barbara,Krohn,Tucson,2007-01-28
209,92,Joshua,Vogl,Phoenix,2018-02-15
209,92,Joshua,Vogl,Phoenix,2018-02-15
210,82,Mary,Schütt,Detroit,2000-07-20
210,82,Mary,Schütt,Detroit,2000-07-20
211,25,Michael,Marquardt,San Jose,2015-07-22
211,25,Michael,Marquardt,San Jose,2015-07-22
212,15,Ronald,Habermann,Portland,2020-11-19
212,15,Ronald,Habermann,Portland,2020-11-19
213,27,Paul,Eichhorn,Columbus,2021-09-02
213,27,Paul,Eichhorn,Columbus,2021-09-02
214,15,Ronald,Mertens,Las Vegas,2002-10-10
214,15,Ronald,Mertens,Las Vegas,2002-10-10
215,30,Thomas,Hollmann,Chicago,2021-08-26
215,30,Thomas,Hollmann,Chicago,2021-08-26
216,75,Ronald,Schulte,Baltimore,2000-03-16
216,75,Ronald,Schulte,Baltimore,2000-03-16
217,59,Mary,Kasper,Sacramento,2004-05-01
217,59,Mary,Kasper,Sacramento,2004-05-01
218,45,Mary,Lippert,Columbus,2021-02-02
218,45,Mary,Lippert,Columbus,2021-02-02
219,53,Betty,Schaper,Fort Worth,2005-08-03
219,53,Betty,Schaper,Fort Worth,2005-08-03
220,78,Daniel,Eberhardt,Louisville,2024-03-13
220,78,Daniel,Eberhardt,Louisville,2024-03-13
221,45,Paul,Hartwig,Memphis,2016-09-04
221,45,Paul,Hartwig,Memphis,2016-09-04
222,92,Emily,Schumann,San Francisco,2016-11-09
222,92,Emily,Schumann,San Francisco,2016-11-09
223,72,Steven,Hiller,Omaha,2004-05-11
223,72,Steven,Hiller,Omaha,2004-05-11
224,61,James,Buchholz,Nashville,2024-09-15
224,61,James,Buchholz,Nashville,2024-09-15
225,11,Christopher,Schwarze,El Paso,1999-09-12
225,11,Christopher,Schwarze,El Paso,1999-09-12
226,78,Mary,Dittmann,Oklahoma City,2002-03-27
226,78,Mary,Dittmann,Oklahoma City,2002-03-27
227,51,Amanda,Steffens,Austin,2019-02-22
227,51,Amanda,Steffens,Austin,2019-02-22
228,86,Sandra,Hecht,Fresno,2002-01-27
228,86,Sandra,Hecht,Fresno,2002-01-27
229,89,Emily,Bosse,Jacksonville,2014-07-04
229,89,Emily,Bosse,Jacksonville,2014-07-04
230,74,Jennifer,Mueller,Jacksonville,2003-08-25
230,74,Jennifer,Mueller,Jacksonville,2003-08-25
231,39,Emily,Baumgarten,Philadelphia,2018-03-15
231,39,Emily,Baumgarten,Philadelphia,2018-03-15
232,24,Patricia,Kummer,Mesa,2003-07-01
232,24,Patricia,Kummer,Mesa,2003-07-01
233,6,William,Seibert,Las Vegas,2022-12-28
233,6,William,Seibert,Las Vegas,2022-12-28
234,33,Thomas,Kretzschmar,Fort Worth,2005-01-22
234,33,Thomas,Kretzschmar,Fort Worth,2005-01-22
235,22,Donna,Klose,El Paso,2002-10-05
235,22,Donna,Klose,El Paso,2002-10-05
236,60,Nancy,Lorenzen,Portland,2016-09-04
236,60,Nancy,Lorenzen,Portland,2016-09-04
237,20,Robert,Henke,Atlanta,2019-04-09
237,20,Robert,Henke,Atlanta,2019-04-09
238,11,Kimberly,Funke,Philadelphia,2008-09-02
238,11,Kimberly,Funke,Philadelphia,2008-09-02
239,35,Jennifer,Hagemann,New York,2017-03-13
239,35,Jennifer,Hagemann,New York,2017-03-13
240,35,Lisa,Janzen,Philadelphia,1995-10-17
240,35,Lisa,Janzen,Philadelphia,1995-10-17
241,65,William,Scheel,Washington,2003-06-22
241,65,William,Scheel,Washington,2003-06-22
242,90,Deborah,Heinz,Las Vegas,2016-11-18
242,90,Deborah,Heinz,Las Vegas,2016-11-18
243,78,Jessica,Lauer,Boston,2008-10-15
243,78,Jessica,Lauer,Boston,2008-10-15
244,49,Steven,Körber,Charlotte,2002-10-03
244,49,Steven,Körber,Charlotte,2002-10-03
245,66,David,Kemper,Detroit,2000-05-05
245,66,David,Kemper,Detroit,2000-05-05
246,46,Jennifer,Hoffmann,San Diego,2004-10-03
246,46,Jennifer,Hoffmann,San Diego,2004-10-03
247,5,Jessica,Heitmann,Las Vegas,2009-09-09
247,5,Jessica,Heitmann,Las Vegas,2009-09-09
248,39,Mark,Bremer,Kansas City,2011-10-04
248,39,Mark,Bremer,Kansas City,2011-10-04
249,79,Michael,Kröger,Philadelphia,2015-07-22
249,79,Michael,Kröger,Philadelphia,2015-07-22
250,85,Sarah,Geisler,Sacramento,2024-08-04
250,85,Sarah,Geisler,Sacramento,2024-08-04
251,93,Margaret,Weiss,New York,2002-09-06
251,93,Margaret,Weiss,New York,2002-09-06
252,51,Christopher,Knapp,Mesa,2004-05-07
252,51,Christopher,Knapp,Mesa,2004-05-07
253,21,Sandra,Weise,Fort Worth,2015-02-24
253,21,Sandra,Weise,Fort Worth,2015-02-24
254,38,Michael,Scholz,Kansas City,2013-06-24
254,38,Michael,Scholz,Kansas City,2013-06-24
255,36,Christopher,Wulf,Austin,2021-02-11
255,36,Christopher,Wulf,Austin,2021-02-11
256,14,Sarah,Schulz,Fort Worth,2020-01-03
256,14,Sarah,Schulz,Fort Worth,2020-01-03
257,33,Emily,Vogl,Colorado Springs,1997-02-03
257,33,Emily,Vogl,Colorado Springs,1997-02-03
258,23,John,Hannemann,San Antonio,2020-02-24
258,23,John,Hannemann,San Antonio,2020-02-24
259,72,Kenneth,Beck,Austin,1996-06-25
259,72,Kenneth,Beck,Austin,1996-06-25
260,84,Steven,Geiger,Mesa,1995-04-25
260,84,Steven,Geiger,Mesa,1995-04-25
261,38,Michelle,Schaper,Milwaukee,1997-04-12
261,38,Michelle,Schaper,Milwaukee,1997-04-12
262,47,Joshua,Keßler,Tucson,2004-04-27
262,47,Joshua,Keßler,Tucson,2004-04-27
263,64,Karen,Büchner,San Jose,1996-12-07
263,64,Karen,Büchner,San Jose,1996-12-07
264,47,Michelle,Barth,Seattle,2010-01-07
264,47,Michelle,Barth,Seattle,2010-01-07
265,1,James,Hauck,Las Vegas,2008-04-16
265,1,James,Hauck,Las Vegas,2008-04-16
266,42,William,Holz,Dallas,2012-04-15
266,42,William,Holz,Dallas,2012-04-15
267,68,Betty,Schneider,Milwaukee,2015-02-17
267,68,Betty,Schneider,Milwaukee,2015-02-17
268,78,Matthew,Strauch,Jacksonville,2016-12-08
268,78,Matthew,Strauch,Jacksonville,2016-12-08
269,86,Stephanie,Schuster,Los Angeles,2020-04-07
269,86,Stephanie,Schuster,Los Angeles,2020-04-07
270,76,Daniel,Pfeifer,Kansas City,1995-05-23
270,76,Daniel,Pfeifer,Kansas City,1995-05-23
271,25,Donald,Augustin,Charlotte,2024-09-12
271,25,Donald,Augustin,Charlotte,2024-09-12
272,57,Ashley,Franzen,Chicago,2007-08-13
272,57,Ashley,Franzen,Chicago,2007-08-13
273,52,Carol,Bahr,Milwaukee,1995-12-11
273,52,Carol,Bahr,Milwaukee,1995-12-11
274,7,Andrew,Friese,Philadelphia,2019-11-03
274,7,Andrew,Friese,Philadelphia,2019-11-03
275,7,John,Sommerfeld,Chicago,2013-08-07
275,7,John,Sommerfeld,Chicago,2013-08-07
276,56,Jessica,Beck,Austin,2018-02-21
276,56,Jessica,Beck,Austin,2018-02-21
277,39,Sandra,Haack,Charlotte,2013-04-16
277,39,Sandra,Haack,Charlotte,2013-04-16
278,70,Deborah,Heimann,Louisville,2002-07-01
278,70,Deborah,Heimann,Louisville,2002-07-01
279,83,Ronald,Kroll,Jacksonville,1997-12-26
279,83,Ronald,Kroll,Jacksonville,1997-12-26
280,58,Mary,Witt,Kansas City,2024-12-28
280,58,Mary,Witt,Kansas City,2024-12-28
281,23,James,Thiemann,San Antonio,2024-08-12
281,23,James,Thiemann,San Antonio,2024-08-12
282,10,Deborah,Stumpf,Charlotte,2011-08-20
282,10,Deborah,Stumpf,Charlotte,2011-08-20
283,72,Barbara,Lenz,Seattle,2013-08-15
283,72,Barbara,Lenz,Seattle,2013-08-15
284,36,Robert,Fries,Seattle,2020-01-19
284,36,Robert,Fries,Seattle,2020-01-19
285,71,Paul,Spindler,Las Vegas,2017-02-27
285,71,Paul,Spindler,Las Vegas,2017-02-27
286,3,Emily,Heidenreich,Los Angeles,2022-11-12
286,3,Emily,Heidenreich,Los Angeles,2022-11-12
287,72,David,Keßler,Omaha,2018-01-09
287,72,David,Keßler,Omaha,2018-01-09
288,77,Kenneth,Herold,Oklahoma City,2024-12-28
288,77,Kenneth,Herold,Oklahoma City,2024-12-28
289,95,Andrew,Bartels,Fresno,2011-10-08
289,95,Andrew,Bartels,Fresno,2011-10-08
290,13,Christopher,Emmerich,Detroit,2023-09-24
290,13,Christopher,Emmerich,Detroit,2023-09-24
291,90,Deborah,Schmitt,San Antonio,1999-06-22
291,90,Deborah,Schmitt,San Antonio,1999-06-22
292,48,Jessica,Kühl,Kansas City,2003-05-02
292,48,Jessica,Kühl,Kansas City,2003-05-02
293,66,Michael,Bartels,Baltimore,2021-11-26
293,66,Michael,Bartels,Baltimore,2021-11-26
294,3,Sarah,Bartel,Phoenix,1997-10-27
294,3,Sarah,Bartel,Phoenix,1997-10-27
295,63,Nancy,Schirmer,Austin,2016-08-03
295,63,Nancy,Schirmer,Austin,2016-08-03
296,15,Steven,Kleine,New York,2020-06-28
296,15,Steven,Kleine,New York,2020-06-28
297,2,Nancy,John,Fresno,2020-03-23
297,2,Nancy,John,Fresno,2020-03-23
298,61,William,Grunwald,New York,2007-07-10
298,61,William,Grunwald,New York,2007-07-10
299,59,Ronald,Ebert,Denver,1999-01-12
299,59,Ronald,Ebert,Denver,1999-01-12
300,17,Linda,Wiese,Los Angeles,2007-12-03
300,17,Linda,Wiese,Los Angeles,2007-12-03
301,11,Margaret,Becker,Nashville,2024-03-11
301,11,Margaret,Becker,Nashville,2024-03-11
302,5,Donna,Bergmann,Oklahoma City,1996-04-19
302,5,Donna,Bergmann,Oklahoma City,1996-04-19
303,70,Michelle,Bernhard,El Paso,2012-02-18
303,70,Michelle,Bernhard,El Paso,2012-02-18
304,67,Sarah,Struck,Nashville,2019-05-20
304,67,Sarah,Struck,Nashville,2019-05-20
305,23,Andrew,Arnold,Las Vegas,2018-03-11
305,23,Andrew,Arnold,Las Vegas,2018-03-11
306,96,Deborah,Zimmermann,Houston,2004-06-02
306,96,Deborah,Zimmermann,Houston,2004-06-02
307,63,Matthew,Reinhardt,Fort Worth,2021-06-19
307,63,Matthew,Reinhardt,Fort Worth,2021-06-19
308,4,Andrew,Merten,Washington,2016-12-19
308,4,Andrew,Merten,Washington,2016-12-19
309,29,Matthew,Hübner,Oklahoma City,2017-08-23
309,29,Matthew,Hübner,Oklahoma City,2017-08-23
310,17,Mark,Grünewald,Seattle,2023-01-13
310,17,Mark,Grünewald,Seattle,2023-01-13
311,95,Karen,Lauterbach,New York,2009-05-10
311,95,Karen,Lauterbach,New York,2009-05-10
312,35,Melissa,Michael,Baltimore,2016-05-13
312,35,Melissa,Michael,Baltimore,2016-05-13
313,48,Karen,Urban,Tucson,2002-04-03
313,48,Karen,Urban,Tucson,2002-04-03
314,85,Mary,Bruns,Las Vegas,2007-09-09
314,85,Mary,Bruns,Las Vegas,2007-09-09
315,87,Andrew,Albert,Columbus,1998-08-10
315,87,Andrew,Albert,Columbus,1998-08-10
316,48,Jessica,Voigt,Mesa,2007-04-27
316,48,Jessica,Voigt,Mesa,2007-04-27
317,95,Kenneth,Ritter,Phoenix,2016-06-18
317,95,Kenneth,Ritter,Phoenix,2016-06-18
318,53,Margaret,Reinhardt,Austin,2021-04-02
318,53,Margaret,Reinhardt,Austin,2021-04-02
319,65,Steven,Peters,Las Vegas,2022-01-11
319,65,Steven,Peters,Las Vegas,2022-01-11
320,75,Patricia,Roth,Milwaukee,2018-08-08
320,75,Patricia,Roth,Milwaukee,2018-08-08
321,1,Steven,Adler,San Jose,2000-03-03
321,1,Steven,Adler,San Jose,2000-03-03
322,7,Susan,Dürr,Indianapolis,2003-04-16
322,7,Susan,Dürr,Indianapolis,2003-04-16
323,77,Charles,Linder,Las Vegas,2007-01-21
323,77,Charles,Linder,Las Vegas,2007-01-21
324,84,Deborah,Hartung,San Jose,1998-06-10
324,84,Deborah,Hartung,San Jose,1998-06-10
325,70,Sarah,Groth,Las Vegas,2024-03-03
325,70,Sarah,Groth,Las Vegas,2024-03-03
326,30,Linda,Kunze,Detroit,2013-07-11
326,30,Linda,Kunze,Detroit,2013-07-11
327,70,John,Gottschalk,Los Angeles,2009-02-02
327,70,John,Gottschalk,Los Angeles,2009-02-02
328,98,Michael,Nitsche,Indianapolis,2022-10-13
328,98,Michael,Nitsche,Indianapolis,2022-10-13
329,99,Thomas,Bock,Kansas City,2019-12-18
329,99,Thomas,Bock,Kansas City,2019-12-18
330,84,Steven,Kellermann,New York,2017-09-11
330,84,Steven,Kellermann,New York,2017-09-11
331,38,Deborah,Wiesner,Austin,2007-10-26
331,38,Deborah,Wiesner,Austin,2007-10-26
332,30,Barbara,Möller,Sacramento,2009-08-08
332,30,Barbara,Möller,Sacramento,2009-08-08
333,97,Lisa,Wilke,Memphis,2000-01-03
333,97,Lisa,Wilke,Memphis,2000-01-03
334,54,Lisa,Rost,Atlanta,2023-04-11
334,54,Lisa,Rost,Atlanta,2023-04-11
335,88,Melissa,Siegert,San Francisco,2014-01-06
335,88,Melissa,Siegert,San Francisco,2014-01-06
336,95,Ashley,Blum,Colorado Springs,2013-02-20
336,95,Ashley,Blum,Colorado Springs,2013-02-20
337,16,Donna,Langer,Louisville,2016-06-11
337,16,Donna,Langer,Louisville,2016-06-11
338,16,Donna,Hermann,Memphis,2022-04-21
338,16,Donna,Hermann,Memphis,2022-04-21
339,27,Brian,Beckmann,Chicago,2001-02-06
339,27,Brian,Beckmann,Chicago,2001-02-06
340,22,Linda,Reiser,Jacksonville,1996-10-11
340,22,Linda,Reiser,Jacksonville,1996-10-11
341,15,Anthony,Hildebrandt,Columbus,2005-07-12
341,15,Anthony,Hildebrandt,Columbus,2005-07-12
342,46,Anthony,Ewald,Fort Worth,2023-01-28
342,46,Anthony,Ewald,Fort Worth,2023-01-28
343,1,Kimberly,Moser,Baltimore,1998-11-02
343,1,Kimberly,Moser,Baltimore,1998-11-02
344,28,Charles,Ewert,Albuquerque,2012-10-07
344,28,Charles,Ewert,Albuquerque,2012-10-07
345,33,Ashley,Heimann,Albuquerque,1997-06-13
345,33,Ashley,Heimann,Albuquerque,1997-06-13
346,15,Steven,Gebauer,Albuquerque,2018-10-15
346,15,Steven,Gebauer,Albuquerque,2018-10-15
347,95,Betty,Holz,Detroit,2023-11-18
347,95,Betty,Holz,Detroit,2023-11-18
348,57,Timothy,Wörner,New York,2011-05-13
348,57,Timothy,Wörner,New York,2011-05-13
349,70,Steven,Gärtner,Los Angeles,2017-01-19
349,70,Steven,Gärtner,Los Angeles,2017-01-19
350,68,Robert,Hohmann,San Francisco,2019-05-27
350,68,Robert,Hohmann,San Francisco,2019-05-27
351,58,Deborah,Zimmer,Baltimore,2024-01-08
351,58,Deborah,Zimmer,Baltimore,2024-01-08
352,20,Christopher,Lindemann,Colorado Springs,2022-02-10
352,20,Christopher,Lindemann,Colorado Springs,2022-02-10
353,4,Patricia,Conrad,San Antonio,2010-02-24
353,4,Patricia,Conrad,San Antonio,2010-02-24
354,10,Andrew,Schröter,Portland,2008-12-26
354,10,Andrew,Schröter,Portland,2008-12-26
355,7,Ronald,Lange,Dallas,2008-12-09
355,7,Ronald,Lange,Dallas,2008-12-09
356,91,Thomas,Philipp,Washington,2002-12-07
356,91,Thomas,Philipp,Washington,2002-12-07
357,57,Amanda,Böhm,Fresno,2016-06-17
357,57,Amanda,Böhm,Fresno,2016-06-17
358,6,Betty,Hildebrandt,New York,2009-05-05
358,6,Betty,Hildebrandt,New York,2009-05-05
359,55,Ashley,Ebner,Dallas,2024-10-21
359,55,Ashley,Ebner,Dallas,2024-10-21
360,31,Mark,Rausch,Oklahoma City,2013-06-19
360,31,Mark,Rausch,Oklahoma City,2013-06-19
361,64,Melissa,Andres,Denver,2018-06-19
361,64,Melissa,Andres,Denver,2018-06-19
362,36,Jennifer,Grünewald,Mesa,2012-04-16
362,36,Jennifer,Grünewald,Mesa,2012-04-16
363,91,Andrew,Reimann,Omaha,2024-11-01
363,91,Andrew,Reimann,Omaha,2024-11-01
364,13,Kenneth,Fritsche,Houston,2006-04-06
364,13,Kenneth,Fritsche,Houston,2006-04-06
365,75,Paul,Schuler,Dallas,2014-06-09
365,75,Paul,Schuler,Dallas,2014-06-09
366,73,Nancy,Hildebrandt,Washington,2024-08-17
366,73,Nancy,Hildebrandt,Washington,2024-08-17
367,72,Mark,Huber,Seattle,2019-11-24
367,72,Mark,Huber,Seattle,2019-11-24
368,61,Ronald,Henn,Fort Worth,2014-11-06
368,61,Ronald,Henn,Fort Worth,2014-11-06
369,10,Melissa,Wichmann,Colorado Springs,2009-03-21
369,10,Melissa,Wichmann,Colorado Springs,2009-03-21
370,66,Donald,Beck,Dallas,2006-04-28
370,66,Donald,Beck,Dallas,2006-04-28
371,24,Andrew,Jürgens,Philadelphia,1997-12-18
371,24,Andrew,Jürgens,Philadelphia,1997-12-18
372,99,Steven,Steffen,Denver,2014-10-22
372,99,Steven,Steffen,Denver,2014-10-22
373,34,Charles,Wiesner,San Antonio,2010-03-25
373,34,Charles,Wiesner,San Antonio,2010-03-25
374,50,Emily,Block,Indianapolis,2017-10-12
374,50,Emily,Block,Indianapolis,2017-10-12
375,75,Daniel,Wolters,Phoenix,2002-07-19
375,75,Daniel,Wolters,Phoenix,2002-07-19
376,1,Steven,Berner,Indianapolis,2024-04-22
376,1,Steven,Berner,Indianapolis,2024-04-22
377,5,Michael,Wirtz,New York,2000-10-19
377,5,Michael,Wirtz,New York,2000-10-19
378,27,Karen,Mai,Atlanta,2023-05-14
378,27,Karen,Mai,Atlanta,2023-05-14
379,7,Matthew,Martin,Colorado Springs,2023-11-26
379,7,Matthew,Martin,Colorado Springs,2023-11-26
380,1,Carol,Döring,Denver,2010-11-08
380,1,Carol,Döring,Denver,2010-11-08
381,32,Donald,Oswald,Atlanta,2005-05-03
381,32,Donald,Oswald,Atlanta,2005-05-03
382,17,Michael,Neubauer,San Francisco,1998-06-21
382,17,Michael,Neubauer,San Francisco,1998-06-21
383,18,Michelle,Thiel,Detroit,2019-06-01
383,18,Michelle,Thiel,Detroit,2019-06-01
384,68,Melissa,Eckhardt,Washington,2023-03-02
384,68,Melissa,Eckhardt,Washington,2023-03-02
385,49,Nancy,Becker,San Diego,2001-12-13
385,49,Nancy,Becker,San Diego,2001-12-13
386,13,Stephanie,Bär,Tucson,2024-06-12
386,13,Stephanie,Bär,Tucson,2024-06-12
387,69,Emily,Hartmann,Los Angeles,2021-01-13
387,69,Emily,Hartmann,Los Angeles,2021-01-13
388,22,Timothy,Rogge,Baltimore,2002-09-09
388,22,Timothy,Rogge,Baltimore,2002-09-09
389,26,Lisa,Nagel,Oklahoma City,2003-12-02
389,26,Lisa,Nagel,Oklahoma City,2003-12-02
390,68,Daniel,Beyer,Seattle,2018-11-17
390,68,Daniel,Beyer,Seattle,2018-11-17
391,87,Mary,Horst,Jacksonville,2016-04-19
391,87,Mary,Horst,Jacksonville,2016-04-19
392,5,Anthony,Rau,Las Vegas,2011-04-01
392,5,Anthony,Rau,Las Vegas,2011-04-01
393,9,Carol,Sauter,Houston,2011-07-25
393,9,Carol,Sauter,Houston,2011-07-25
394,77,Mary,Beck,Atlanta,1995-05-14
394,77,Mary,Beck,Atlanta,1995-05-14
395,62,Sandra,Kugler,Houston,2005-09-14
395,62,Sandra,Kugler,Houston,2005-09-14
396,73,Thomas,Wiegand,San Jose,2005-10-08
396,73,Thomas,Wiegand,San Jose,2005-10-08
397,68,Michelle,Bremer,Boston,2005-02-25
397,68,Michelle,Bremer,Boston,2005-02-25
398,90,Steven,Heinze,San Jose,2022-07-07
398,90,Steven,Heinze,San Jose,2022-07-07
399,78,David,Nitschke,Seattle,2001-02-22
399,78,David,Nitschke,Seattle,2001-02-22
400,2,Kevin,Hummel,Las Vegas,2004-01-03
400,2,Kevin,Hummel,Las Vegas,2004-01-03
401,95,Deborah,Grimm,Los Angeles,2021-07-11
401,95,Deborah,Grimm,Los Angeles,2021-07-11
402,50,Joshua,Buck,Tucson,1997-08-11
402,50,Joshua,Buck,Tucson,1997-08-11
403,51,Mark,Küppers,Denver,1996-04-01
403,51,Mark,Küppers,Denver,1996-04-01
404,90,Carol,Beer,Dallas,1996-04-20
404,90,Carol,Beer,Dallas,1996-04-20
405,2,Sandra,Baumgart,Louisville,1995-12-10
405,2,Sandra,Baumgart,Louisville,1995-12-10
406,41,Andrew,Maas,Sacramento,2022-02-11
406,41,Andrew,Maas,Sacramento,2022-02-11
407,64,Stephanie,Volk,Colorado Springs,2014-06-04
407,64,Stephanie,Volk,Colorado Springs,2014-06-04
408,44,Matthew,Paulsen,Jacksonville,1998-09-26
408,44,Matthew,Paulsen,Jacksonville,1998-09-26
409,52,Nancy,Veit,New York,2000-02-11
409,52,Nancy,Veit,New York,2000-02-11
410,37,Richard,Baumann,Nashville,2002-05-04
410,37,Richard,Baumann,Nashville,2002-05-04
411,66,John,Schüler,Dallas,1998-06-15
411,66,John,Schüler,Dallas,1998-06-15
412,92,Margaret,Renz,Charlotte,2003-10-03
412,92,Margaret,Renz,Charlotte,2003-10-03
413,56,Brian,Grundmann,Sacramento,2019-12-14
413,56,Brian,Grundmann,Sacramento,2019-12-14
414,23,Sarah,Funk,Phoenix,2022-07-17
414,23,Sarah,Funk,Phoenix,2022-07-17
415,71,James,Schuh,Washington,1999-06-12
415,71,James,Schuh,Washington,1999-06-12
416,39,Linda,Häusler,El Paso,1995-12-22
416,39,Linda,Häusler,El Paso,1995-12-22
417,86,Melissa,Klemm,San Antonio,2016-01-25
417,86,Melissa,Klemm,San Antonio,2016-01-25
418,60,Jessica,Krauß,El Paso,2006-04-01
418,60,Jessica,Krauß,El Paso,2006-04-01
419,56,Susan,Pabst,Boston,2015-10-19
419,56,Susan,Pabst,Boston,2015-10-19
420,36,Barbara,Unger,Portland,2018-05-12
420,36,Barbara,Unger,Portland,2018-05-12
421,1,Daniel,Straub,Philadelphia,2023-10-25
421,1,Daniel,Straub,Philadelphia,2023-10-25
422,98,Joseph,Kern,Fresno,2001-01-13
422,98,Joseph,Kern,Fresno,2001-01-13
423,4,Betty,Trautmann,Dallas,2012-04-08
423,4,Betty,Trautmann,Dallas,2012-04-08
424,41,Kimberly,Uhlig,Tucson,1998-06-12
424,41,Kimberly,Uhlig,Tucson,1998-06-12
425,99,Mary,Zorn,Philadelphia,2002-05-06
425,99,Mary,Zorn,Philadelphia,2002-05-06
426,53,Emily,Reich,Atlanta,2022-06-15
426,53,Emily,Reich,Atlanta,2022-06-15
427,31,Daniel,Eichhorn,Milwaukee,2008-12-12
427,31,Daniel,Eichhorn,Milwaukee,2008-12-12
428,33,Lisa,Strobel,Fresno,2014-04-27
428,33,Lisa,Strobel,Fresno,2014-04-27
429,5,Matthew,Brehm,Memphis,1997-06-28
429,5,Matthew,Brehm,Memphis,1997-06-28
430,43,Lisa,Schwarze,Columbus,2005-11-15
430,43,Lisa,Schwarze,Columbus,2005-11-15
431,11,Lisa,Jordan,Mesa,1998-12-19
431,11,Lisa,Jordan,Mesa,1998-12-19
432,32,Ronald,Fritsche,Mesa,1996-04-25
432,32,Ronald,Fritsche,Mesa,1996-04-25
433,1,Carol,Schmitz,Charlotte,2010-01-05
433,1,Carol,Schmitz,Charlotte,2010-01-05
434,43,Jennifer,Geißler,San Diego,2003-05-06
434,43,Jennifer,Geißler,San Diego,2003-05-06
435,6,Joseph,Klemm,Detroit,2022-11-02
435,6,Joseph,Klemm,Detroit,2022-11-02
436,92,Kevin,Merz,Mesa,2014-03-12
436,92,Kevin,Merz,Mesa,2014-03-12
437,81,Paul,Höhne,Nashville,2020-08-23
437,81,Paul,Höhne,Nashville,2020-08-23
438,11,Steven,Hellwig,Louisville,2002-11-02
438,11,Steven,Hellwig,Louisville,2002-11-02
439,41,Linda,Eichhorn,Houston,2004-02-18
439,41,Linda,Eichhorn,Houston,2004-02-18
440,27,Amanda,Sommerfeld,Indianapolis,2003-07-28
440,27,Amanda,Sommerfeld,Indianapolis,2003-07-28
441,61,Amanda,Wagener,Washington,2006-12-14
441,61,Amanda,Wagener,Washington,2006-12-14
442,76,Robert,Hein,Fort Worth,2014-10-19
442,76,Robert,Hein,Fort Worth,2014-10-19
443,13,Joshua,Beer,Indianapolis,2017-03-28
443,13,Joshua,Beer,Indianapolis,2017-03-28
444,95,Patricia,Mayer,Omaha,2020-02-20
444,95,Patricia,Mayer,Omaha,2020-02-20
445,35,Jennifer,Schneider,Kansas City,2009-04-16
445,35,Jennifer,Schneider,Kansas City,2009-04-16
446,25,Brian,Wetzel,Atlanta,2005-09-03
446,25,Brian,Wetzel,Atlanta,2005-09-03
447,94,Emily,Schwarzer,Memphis,1998-06-07
447,94,Emily,Schwarzer,Memphis,1998-06-07
448,36,Ashley,Jordan,Seattle,2016-07-05
448,36,Ashley,Jordan,Seattle,2016-07-05
449,21,Timothy,Ostermann,Jacksonville,2013-09-28
449,21,Timothy,Ostermann,Jacksonville,2013-09-28
450,55,Andrew,Cramer,Colorado Springs,2018-07-22
450,55,Andrew,Cramer,Colorado Springs,2018-07-22
451,36,Michelle,Voss,Seattle,2021-06-07
451,36,Michelle,Voss,Seattle,2021-06-07
452,28,Jessica,Beier,New York,1998-04-24
452,28,Jessica,Beier,New York,1998-04-24
453,27,Richard,Riedel,Colorado Springs,2014-12-23
453,27,Richard,Riedel,Colorado Springs,2014-12-23
454,12,Stephanie,Ulbrich,Nashville,2005-02-24
454,12,Stephanie,Ulbrich,Nashville,2005-02-24
455,74,Carol,Werner,New York,2018-02-17
455,74,Carol,Werner,New York,2018-02-17
456,26,Ashley,Metzner,Charlotte,2015-05-02
456,26,Ashley,Metzner,Charlotte,2015-05-02
457,93,Christopher,Fechner,Houston,2017-11-11
457,93,Christopher,Fechner,Houston,2017-11-11
458,45,Thomas,Hess,Oklahoma City,2008-05-22
458,45,Thomas,Hess,Oklahoma City,2008-05-22
459,6,Christopher,Freese,Jacksonville,1997-10-13
459,6,Christopher,Freese,Jacksonville,1997-10-13
460,89,Betty,Hiller,El Paso,2001-02-14
460,89,Betty,Hiller,El Paso,2001-02-14
461,8,Sandra,Rehm,Fresno,2018-06-09
461,8,Sandra,Rehm,Fresno,2018-06-09
462,75,Paul,Hinrichs,Tucson,2006-11-16
462,75,Paul,Hinrichs,Tucson,2006-11-16
463,17,Sandra,Wessels,Fresno,1998-05-16
463,17,Sandra,Wessels,Fresno,1998-05-16
464,38,Daniel,Pfister,Colorado Springs,1995-06-16
464,38,Daniel,Pfister,Colorado Springs,1995-06-16
465,77,David,Steinke,Jacksonville,2014-10-13
465,77,David,Steinke,Jacksonville,2014-10-13
466,41,Barbara,Hennig,Oklahoma City,1998-04-19
466,41,Barbara,Hennig,Oklahoma City,1998-04-19
467,15,James,Scheffler,New York,1995-11-28
467,15,James,Scheffler,New York,1995-11-28
468,83,James,Busch,San Jose,2004-06-04
468,83,James,Busch,San Jose,2004-06-04
469,83,Timothy,Dreher,New York,2015-08-28
469,83,Timothy,Dreher,New York,2015-08-28
470,74,Kimberly,Menzel,Phoenix,2024-11-25
470,74,Kimberly,Menzel,Phoenix,2024-11-25
471,28,Emily,Scholz,Indianapolis,1996-04-23
471,28,Emily,Scholz,Indianapolis,1996-04-23
472,25,Deborah,Jäger,Charlotte,2001-02-21
472,25,Deborah,Jäger,Charlotte,2001-02-21
473,79,Matthew,Rausch,Louisville,2014-09-10
473,79,Matthew,Rausch,Louisville,2014-09-10
474,35,Michelle,Gehring,Milwaukee,2006-11-10
474,35,Michelle,Gehring,Milwaukee,2006-11-10
475,80,Brian,Häusler,El Paso,2014-05-25
475,80,Brian,Häusler,El Paso,2014-05-25
476,37,James,Lehnert,San Francisco,2020-04-17
476,37,James,Lehnert,San Francisco,2020-04-17
477,27,Jessica,Abel,Fresno,2017-05-13
477,27,Jessica,Abel,Fresno,2017-05-13
478,5,Joshua,Weinert,San Jose,2007-11-25
478,5,Joshua,Weinert,San Jose,2007-11-25
479,59,Robert,Thieme,Columbus,2019-06-04
479,59,Robert,Thieme,Columbus,2019-06-04
480,88,Lisa,Horstmann,Austin,2008-07-01
480,88,Lisa,Horstmann,Austin,2008-07-01
481,66,Mark,Schönfeld,Louisville,2018-03-10
481,66,Mark,Schönfeld,Louisville,2018-03-10
482,99,Michael,Münch,Albuquerque,2000-09-09
482,99,Michael,Münch,Albuquerque,2000-09-09
483,57,Barbara,Reimers,Sacramento,2020-10-04
483,57,Barbara,Reimers,Sacramento,2020-10-04
484,61,Sandra,Berg,Milwaukee,2020-12-23
484,61,Sandra,Berg,Milwaukee,2020-12-23
485,97,Jessica,Lohmann,San Francisco,2012-05-28
485,97,Jessica,Lohmann,San Francisco,2012-05-28
486,96,Paul,Lauterbach,Dallas,2023-11-02
486,96,Paul,Lauterbach,Dallas,2023-11-02
487,60,Lisa,Lutz,Jacksonville,2003-08-10
487,60,Lisa,Lutz,Jacksonville,2003-08-10
488,64,Mark,Bertram,San Diego,2001-08-19
488,64,Mark,Bertram,San Diego,2001-08-19
489,32,Susan,Heinemann,Nashville,2024-03-21
489,32,Susan,Heinemann,Nashville,2024-03-21
490,16,Betty,Schirmer,San Jose,2005-12-03
490,16,Betty,Schirmer,San Jose,2005-12-03
491,44,Robert,Schütt,Phoenix,2021-07-25
491,44,Robert,Schütt,Phoenix,2021-07-25
492,87,Timothy,Lohmann,Philadelphia,2017-05-15
492,87,Timothy,Lohmann,Philadelphia,2017-05-15
493,90,Ronald,Kolb,Baltimore,2004-01-26
493,90,Ronald,Kolb,Baltimore,2004-01-26
494,69,Ashley,Schmitz,Milwaukee,2013-02-02
494,69,Ashley,Schmitz,Milwaukee,2013-02-02
495,61,Melissa,Albers,San Francisco,2018-05-08
495,61,Melissa,Albers,San Francisco,2018-05-08
496,71,Robert,Zimmer,Austin,1995-03-17
496,71,Robert,Zimmer,Austin,1995-03-17
497,34,Barbara,Ostermann,Oklahoma City,2006-06-09
497,34,Barbara,Ostermann,Oklahoma City,2006-06-09
498,74,Jessica,Mangold,Dallas,2013-12-02
498,74,Jessica,Mangold,Dallas,2013-12-02
499,86,Sandra,Junker,Los Angeles,1999-08-06
499,86,Sandra,Junker,Los Angeles,1999-08-06
500,21,Sandra,Kopp,Atlanta,1995-03-12
500,21,Sandra,Kopp,Atlanta,1995-03-12
501,19,Deborah,Horstmann,New York,2010-02-23
501,19,Deborah,Horstmann,New York,2010-02-23
502,52,Charles,Thiele,Houston,2013-02-02
502,52,Charles,Thiele,Houston,2013-02-02
503,42,Joshua,Thiemann,Mesa,1995-06-16
503,42,Joshua,Thiemann,Mesa,1995-06-16
504,39,Margaret,Janßen,Boston,2013-10-22
504,39,Margaret,Janßen,Boston,2013-10-22
505,45,Steven,Gehring,Chicago,1996-09-01
505,45,Steven,Gehring,Chicago,1996-09-01
506,89,Ashley,Frick,Dallas,2012-09-15
506,89,Ashley,Frick,Dallas,2012-09-15
507,13,Paul,Scholz,Washington,2018-07-14
507,13,Paul,Scholz,Washington,2018-07-14
508,43,Daniel,Koch,El Paso,2023-01-25
508,43,Daniel,Koch,El Paso,2023-01-25
509,83,Elizabeth,Möller,Fort Worth,1996-10-12
509,83,Elizabeth,Möller,Fort Worth,1996-10-12
510,71,Robert,Neubauer,Jacksonville,2022-01-26
510,71,Robert,Neubauer,Jacksonville,2022-01-26
511,95,Margaret,Walz,Fresno,2010-11-06
511,95,Margaret,Walz,Fresno,2010-11-06
512,66,Kimberly,Kock,Jacksonville,2015-01-13
512,66,Kimberly,Kock,Jacksonville,2015-01-13
513,45,Donald,Doll,Baltimore,1997-05-15
513,45,Donald,Doll,Baltimore,1997-05-15
514,4,Elizabeth,Lorenz,Washington,1998-03-23
514,4,Elizabeth,Lorenz,Washington,1998-03-23
515,1,Christopher,Fuhrmann,Philadelphia,2010-05-22
515,1,Christopher,Fuhrmann,Philadelphia,2010-05-22
516,60,Emily,Thoma,Los Angeles,2002-09-03
516,60,Emily,Thoma,Los Angeles,2002-09-03
517,50,James,Schubert,Baltimore,2008-11-01
517,50,James,Schubert,Baltimore,2008-11-01
518,87,Robert,Kramer,Los Angeles,2015-08-04
518,87,Robert,Kramer,Los Angeles,2015-08-04
519,47,Brian,Bräuer,Albuquerque,1998-08-21
519,47,Brian,Bräuer,Albuquerque,1998-08-21
520,17,Patricia,Fritzsche,Indianapolis,2021-07-25
520,17,Patricia,Fritzsche,Indianapolis,2021-07-25
521,86,Jessica,Martens,Fort Worth,2012-07-23
521,86,Jessica,Martens,Fort Worth,2012-07-23
522,35,Nancy,Struck,New York,2023-10-16
522,35,Nancy,Struck,New York,2023-10-16
523,8,Jessica,Witt,San Diego,2011-09-26
523,8,Jessica,Witt,San Diego,2011-09-26
524,56,Mary,Knorr,San Jose,1998-09-17
524,56,Mary,Knorr,San Jose,1998-09-17
525,60,Ronald,Otten,Charlotte,2002-05-26
525,60,Ronald,Otten,Charlotte,2002-05-26
526,55,Betty,Sachs,San Diego,2006-06-25
526,55,Betty,Sachs,San Diego,2006-06-25
527,7,Emily,Reichert,Jacksonville,2007-02-04
527,7,Emily,Reichert,Jacksonville,2007-02-04
528,65,Anthony,Jacobi,Phoenix,2024-09-16
528,65,Anthony,Jacobi,Phoenix,2024-09-16
529,25,Sarah,Thoma,Denver,2017-02-01
529,25,Sarah,Thoma,Denver,2017-02-01
530,24,Nancy,Fröhlich,Kansas City,2022-06-06
530,24,Nancy,Fröhlich,Kansas City,2022-06-06
531,97,Barbara,Ahrens,Austin,2010-08-05
531,97,Barbara,Ahrens,Austin,2010-08-05
532,75,Stephanie,Geiger,Oklahoma City,2016-08-20
532,75,Stephanie,Geiger,Oklahoma City,2016-08-20
533,96,Andrew,Hermes,Oklahoma City,2008-11-10
533,96,Andrew,Hermes,Oklahoma City,2008-11-10
534,93,Steven,Adams,Nashville,1995-11-23
534,93,Steven,Adams,Nashville,1995-11-23
535,65,Steven,Förster,Seattle,2006-03-27
535,65,Steven,Förster,Seattle,2006-03-27
536,47,Kevin,Stadler,Jacksonville,2013-03-02
536,47,Kevin,Stadler,Jacksonville,2013-03-02
537,8,Paul,Jahn,Fresno,2021-01-21
537,8,Paul,Jahn,Fresno,2021-01-21
538,45,Barbara,Zeidler,Detroit,2005-06-24
538,45,Barbara,Zeidler,Detroit,2005-06-24
539,29,Michael,Bär,Baltimore,2012-01-05
539,29,Michael,Bär,Baltimore,2012-01-05
540,31,James,Klemm,Dallas,2021-08-17
540,31,James,Klemm,Dallas,2021-08-17
541,57,Steven,Herzog,Milwaukee,2012-03-05
541,57,Steven,Herzog,Milwaukee,2012-03-05
542,99,Michelle,Kübler,Houston,1996-06-23
542,99,Michelle,Kübler,Houston,1996-06-23
543,7,Elizabeth,Hans,Philadelphia,1998-02-12
543,7,Elizabeth,Hans,Philadelphia,1998-02-12
544,31,Kevin,Bruns,Columbus,2006-09-18
544,31,Kevin,Bruns,Columbus,2006-09-18
545,60,Amanda,Lohse,Houston,2014-01-27
545,60,Amanda,Lohse,Houston,2014-01-27
546,56,Mark,Hausmann,Detroit,2007-09-09
546,56,Mark,Hausmann,Detroit,2007-09-09
547,32,Richard,Thiel,Colorado Springs,2017-03-28
547,32,Richard,Thiel,Colorado Springs,2017-03-28
548,94,Barbara,Stoll,San Francisco,2017-03-13
548,94,Barbara,Stoll,San Francisco,2017-03-13
549,61,Donald,Engelhardt,Denver,2012-06-26
549,61,Donald,Engelhardt,Denver,2012-06-26
550,61,Melissa,Kühne,Philadelphia,2013-04-08
550,61,Melissa,Kühne,Philadelphia,2013-04-08
551,76,Mary,Heinze,Memphis,2012-04-25
551,76,Mary,Heinze,Memphis,2012-04-25
552,99,Stephanie,Sprenger,Austin,2005-08-13
552,99,Stephanie,Sprenger,Austin,2005-08-13
553,64,Andrew,Meister,Indianapolis,1996-08-13
553,64,Andrew,Meister,Indianapolis,1996-08-13
554,10,Daniel,Kluge,Baltimore,2024-02-17
554,10,Daniel,Kluge,Baltimore,2024-02-17
555,26,Thomas,Günther,Boston,2009-03-14
555,26,Thomas,Günther,Boston,2009-03-14
556,69,Sandra,Boldt,Omaha,2022-01-22
556,69,Sandra,Boldt,Omaha,2022-01-22
557,87,Linda,Pusch,Austin,2024-12-27
557,87,Linda,Pusch,Austin,2024-12-27
558,73,Mark,Urban,San Antonio,2016-05-27
558,73,Mark,Urban,San Antonio,2016-05-27
559,97,Sandra,Krohn,Detroit,2015-06-14
559,97,Sandra,Krohn,Detroit,2015-06-14
560,37,Elizabeth,Busse,Washington,2020-01-16
560,37,Elizabeth,Busse,Washington,2020-01-16
561,30,Sandra,Köhler,Boston,2006-01-07
561,30,Sandra,Köhler,Boston,2006-01-07
562,97,Kimberly,Schütz,Denver,2007-08-12
562,97,Kimberly,Schütz,Denver,2007-08-12
563,2,Kenneth,Weiser,Milwaukee,2019-04-18
563,2,Kenneth,Weiser,Milwaukee,2019-04-18
564,42,John,Hollmann,Detroit,2021-05-24
564,42,John,Hollmann,Detroit,2021-05-24
565,68,Patricia,Vollmer,Mesa,2011-06-11
565,68,Patricia,Vollmer,Mesa,2011-06-11
566,90,Stephanie,Rother,El Paso,2015-10-12
566,90,Stephanie,Rother,El Paso,2015-10-12
567,94,Brian,0,San Jose,2012-10-27
567,94,Brian,0,San Jose,2012-10-27
568,35,William,Reichelt,Boston,2001-05-06
568,35,William,Reichelt,Boston,2001-05-06
569,10,Mark,Petri,Los Angeles,1998-07-20
569,10,Mark,Petri,Los Angeles,1998-07-20
570,31,Margaret,Stock,Los Angeles,2001-07-13
570,31,Margaret,Stock,Los Angeles,2001-07-13
571,79,Matthew,Schweizer,Indianapolis,2016-03-24
571,79,Matthew,Schweizer,Indianapolis,2016-03-24
572,85,Charles,Heilmann,Dallas,2010-08-23
572,85,Charles,Heilmann,Dallas,2010-08-23
573,6,Margaret,Daniel,Louisville,2024-07-23
573,6,Margaret,Daniel,Louisville,2024-07-23
574,65,Elizabeth,Herrmann,San Jose,2018-12-02
574,65,Elizabeth,Herrmann,San Jose,2018-12-02
575,74,Paul,May,Sacramento,2005-01-28
575,74,Paul,May,Sacramento,2005-01-28
576,2,David,Kranz,San Jose,2024-02-23
576,2,David,Kranz,San Jose,2024-02-23
577,9,Nancy,Mielke,Milwaukee,2013-11-26
577,9,Nancy,Mielke,Milwaukee,2013-11-26
578,81,Andrew,Kübler,Nashville,2005-03-13
578,81,Andrew,Kübler,Nashville,2005-03-13
579,80,Ronald,Pfaff,Albuquerque,1996-10-15
579,80,Ronald,Pfaff,Albuquerque,1996-10-15
580,66,Andrew,Dreher,Fresno,2016-10-28
580,66,Andrew,Dreher,Fresno,2016-10-28
581,80,Deborah,Fröhlich,San Diego,2006-02-16
581,80,Deborah,Fröhlich,San Diego,2006-02-16
582,99,Margaret,Jaeger,Los Angeles,2004-12-05
582,99,Margaret,Jaeger,Los Angeles,2004-12-05
583,59,Karen,Holst,Kansas City,1998-02-24
583,59,Karen,Holst,Kansas City,1998-02-24
584,92,Ronald,Schwarzer,Albuquerque,1998-11-24
584,92,Ronald,Schwarzer,Albuquerque,1998-11-24
585,13,Joshua,Lang,Omaha,2017-01-04
585,13,Joshua,Lang,Omaha,2017-01-04
586,6,Emily,Christiansen,Louisville,2012-08-22
586,6,Emily,Christiansen,Louisville,2012-08-22
587,25,Nancy,Rabe,Atlanta,2003-08-09
587,25,Nancy,Rabe,Atlanta,2003-08-09
588,63,Daniel,Reimer,New York,2018-12-16
588,63,Daniel,Reimer,New York,2018-12-16
589,59,Emily,Lemke,Jacksonville,1995-11-25
589,59,Emily,Lemke,Jacksonville,1995-11-25
590,90,Paul,Heinen,Houston,2001-08-22
590,90,Paul,Heinen,Houston,2001-08-22
591,46,Barbara,Maas,Sacramento,2011-12-05
591,46,Barbara,Maas,Sacramento,2011-12-05
592,15,Ronald,Tiedemann,Jacksonville,1999-02-25
592,15,Ronald,Tiedemann,Jacksonville,1999-02-25
593,66,Richard,Wiedemann,Austin,1995-07-09
593,66,Richard,Wiedemann,Austin,1995-07-09
594,86,Daniel,Kohler,Columbus,2004-11-09
594,86,Daniel,Kohler,Columbus,2004-11-09
595,42,Matthew,Lang,Kansas City,2006-01-05
595,42,Matthew,Lang,Kansas City,2006-01-05
596,92,Andrew,Wendt,Fort Worth,2023-06-18
596,92,Andrew,Wendt,Fort Worth,2023-06-18
597,17,Kenneth,Petermann,San Francisco,2004-01-01
597,17,Kenneth,Petermann,San Francisco,2004-01-01
598,23,Ashley,Teichmann,Indianapolis,1995-11-04
598,23,Ashley,Teichmann,Indianapolis,1995-11-04
599,15,Thomas,Rapp,Sacramento,1996-04-03
599,15,Thomas,Rapp,Sacramento,1996-04-03
600,38,Ronald,Reis,Los Angeles,2010-01-15
600,38,Ronald,Reis,Los Angeles,2010-01-15
601,56,Sarah,Albers,Austin,2006-10-02
601,56,Sarah,Albers,Austin,2006-10-02
602,34,Deborah,Diekmann,Chicago,1999-03-08
602,34,Deborah,Diekmann,Chicago,1999-03-08
603,94,Matthew,Grunwald,Memphis,2021-09-01
603,94,Matthew,Grunwald,Memphis,2021-09-01
604,65,Lisa,Schubert,Seattle,1995-11-17
604,65,Lisa,Schubert,Seattle,1995-11-17
605,80,Richard,Ulrich,Oklahoma City,2021-12-21
605,80,Richard,Ulrich,Oklahoma City,2021-12-21
606,89,Christopher,Krämer,Columbus,1998-07-14
606,89,Christopher,Krämer,Columbus,1998-07-14
607,87,Ronald,Block,Fresno,2015-05-18
607,87,Ronald,Block,Fresno,2015-05-18
608,97,Margaret,Voss,Milwaukee,2016-03-02
608,97,Margaret,Voss,Milwaukee,2016-03-02
609,34,Barbara,Stumpf,Omaha,2020-07-17
609,34,Barbara,Stumpf,Omaha,2020-07-17
610,73,Kenneth,Hausmann,Seattle,2019-04-22
610,73,Kenneth,Hausmann,Seattle,2019-04-22
611,16,Christopher,Menzel,Baltimore,2010-07-05
611,16,Christopher,Menzel,Baltimore,2010-07-05
612,50,Barbara,Dietze,Boston,2019-04-20
612,50,Barbara,Dietze,Boston,2019-04-20
613,69,David,Nitsche,Denver,2019-01-18
613,69,David,Nitsche,Denver,2019-01-18
614,42,John,Ziegler,San Diego,2000-08-27
614,42,John,Ziegler,San Diego,2000-08-27
615,62,Betty,König,Louisville,2003-07-28
615,62,Betty,König,Louisville,2003-07-28
616,12,Susan,Bürger,San Diego,2011-06-03
616,12,Susan,Bürger,San Diego,2011-06-03
617,69,Donald,Krause,Milwaukee,2002-03-17
617,69,Donald,Krause,Milwaukee,2002-03-17
618,87,Christopher,Dreyer,Chicago,1996-02-17
618,87,Christopher,Dreyer,Chicago,1996-02-17
619,72,Timothy,Bräuer,Chicago,2011-05-05
619,72,Timothy,Bräuer,Chicago,2011-05-05
620,99,Jessica,Biermann,Washington,2020-02-10
620,99,Jessica,Biermann,Washington,2020-02-10
621,80,Robert,Mader,San Francisco,2008-10-04
621,80,Robert,Mader,San Francisco,2008-10-04
622,84,Andrew,König,Mesa,2013-04-27
622,84,Andrew,König,Mesa,2013-04-27
623,28,Barbara,Schumann,San Francisco,2007-01-23
623,28,Barbara,Schumann,San Francisco,2007-01-23
624,30,Matthew,Scholl,Columbus,2013-06-18
624,30,Matthew,Scholl,Columbus,2013-06-18
625,75,Charles,Maas,Dallas,1995-02-25
625,75,Charles,Maas,Dallas,1995-02-25
626,50,Margaret,Huber,Baltimore,2022-12-25
626,50,Margaret,Huber,Baltimore,2022-12-25
627,17,Daniel,Balzer,Nashville,2004-08-05
627,17,Daniel,Balzer,Nashville,2004-08-05
628,10,Jessica,Haack,Fort Worth,1996-04-22
628,10,Jessica,Haack,Fort Worth,1996-04-22
629,88,Joshua,Bosse,Atlanta,1999-12-10
629,88,Joshua,Bosse,Atlanta,1999-12-10
630,95,Brian,Siebert,Albuquerque,2021-02-23
630,95,Brian,Siebert,Albuquerque,2021-02-23
631,11,Carol,Schade,Austin,2017-03-27
631,11,Carol,Schade,Austin,2017-03-27
632,47,Joshua,Apel,Oklahoma City,2009-04-16
632,47,Joshua,Apel,Oklahoma City,2009-04-16
633,8,Susan,Noll,Sacramento,2017-05-26
633,8,Susan,Noll,Sacramento,2017-05-26
634,31,Donald,Kasper,Austin,2002-08-22
634,31,Donald,Kasper,Austin,2002-08-22
635,37,Robert,Simon,San Diego,2021-04-22
635,37,Robert,Simon,San Diego,2021-04-22
636,33,Andrew,Widmann,Houston,2023-09-09
636,33,Andrew,Widmann,Houston,2023-09-09
637,9,Daniel,Faber,Portland,1998-02-27
637,9,Daniel,Faber,Portland,1998-02-27
638,46,Mark,Dörr,Omaha,2020-11-26
638,46,Mark,Dörr,Omaha,2020-11-26
639,3,Kevin,Jacobi,Kansas City,2006-05-22
639,3,Kevin,Jacobi,Kansas City,2006-05-22
640,13,William,Böttger,Baltimore,2019-04-13
640,13,William,Böttger,Baltimore,2019-04-13
641,28,Karen,Breuer,Portland,2008-03-26
641,28,Karen,Breuer,Portland,2008-03-26
642,52,Timothy,Albert,Nashville,2010-08-06
642,52,Timothy,Albert,Nashville,2010-08-06
643,61,Barbara,Götze,Oklahoma City,2024-03-16
643,61,Barbara,Götze,Oklahoma City,2024-03-16
644,24,David,Eder,Houston,2016-02-21
644,24,David,Eder,Houston,2016-02-21
645,10,Elizabeth,Hennig,Austin,2001-10-07
645,10,Elizabeth,Hennig,Austin,2001-10-07
646,42,Amanda,Eilers,San Jose,1996-06-03
646,42,Amanda,Eilers,San Jose,1996-06-03
647,37,Thomas,Sachse,Dallas,2009-06-22
647,37,Thomas,Sachse,Dallas,2009-06-22
648,15,Donna,Heise,Houston,1995-07-25
648,15,Donna,Heise,Houston,1995-07-25
649,28,John,Seitz,Fort Worth,1998-05-20
649,28,John,Seitz,Fort Worth,1998-05-20
650,37,Melissa,Grimm,Dallas,2018-09-21
650,37,Melissa,Grimm,Dallas,2018-09-21
651,65,Richard,Kuhlmann,San Jose,2018-03-26
651,65,Richard,Kuhlmann,San Jose,2018-03-26
652,13,Michelle,Stange,Detroit,2017-01-27
652,13,Michelle,Stange,Detroit,2017-01-27
653,59,Carol,Gebhardt,Kansas City,2012-12-06
653,59,Carol,Gebhardt,Kansas City,2012-12-06
654,68,David,Freese,San Jose,2004-06-11
654,68,David,Freese,San Jose,2004-06-11
655,56,Stephanie,Paulsen,Colorado Springs,2010-07-02
655,56,Stephanie,Paulsen,Colorado Springs,2010-07-02
656,30,Anthony,Maaß,Louisville,2019-10-22
656,30,Anthony,Maaß,Louisville,2019-10-22
657,64,Mary,Sachs,Denver,2017-02-15
657,64,Mary,Sachs,Denver,2017-02-15
658,67,Robert,Böhme,Las Vegas,2024-12-18
658,67,Robert,Böhme,Las Vegas,2024-12-18
659,20,Mark,Riemer,Denver,2005-01-07
659,20,Mark,Riemer,Denver,2005-01-07
660,99,Paul,Wittmann,San Jose,2006-05-04
660,99,Paul,Wittmann,San Jose,2006-05-04
661,27,Donna,Hellwig,San Jose,2013-06-23
661,27,Donna,Hellwig,San Jose,2013-06-23
662,12,Christopher,Witt,Louisville,2000-10-15
662,12,Christopher,Witt,Louisville,2000-10-15
663,41,Linda,Löffler,Los Angeles,2018-07-27
663,41,Linda,Löffler,Los Angeles,2018-07-27
664,80,Deborah,Geisler,Jacksonville,2021-07-07
664,80,Deborah,Geisler,Jacksonville,2021-07-07
665,96,Brian,Heine,Washington,2023-07-07
665,96,Brian,Heine,Washington,2023-07-07
666,51,James,Appel,San Jose,2008-12-09
666,51,James,Appel,San Jose,2008-12-09
667,97,Lisa,Stamm,Dallas,2008-07-09
667,97,Lisa,Stamm,Dallas,2008-07-09
668,80,Thomas,Bastian,Tucson,2000-10-18
668,80,Thomas,Bastian,Tucson,2000-10-18
669,29,John,Reiß,Columbus,2015-10-19
669,29,John,Reiß,Columbus,2015-10-19
670,91,Matthew,Schwarz,Oklahoma City,1995-08-21
670,91,Matthew,Schwarz,Oklahoma City,1995-08-21
671,95,Brian,Haas,Charlotte,2017-11-16
671,95,Brian,Haas,Charlotte,2017-11-16
672,51,Patricia,Wagener,Albuquerque,2024-12-02
672,51,Patricia,Wagener,Albuquerque,2024-12-02
673,59,Margaret,Reinecke,Tucson,2024-10-16
673,59,Margaret,Reinecke,Tucson,2024-10-16
674,88,Jennifer,Falk,San Francisco,2007-12-10
674,88,Jennifer,Falk,San Francisco,2007-12-10
675,31,Donald,Eberhardt,Las Vegas,2017-05-24
675,31,Donald,Eberhardt,Las Vegas,2017-05-24
676,9,Christopher,Will,Baltimore,1999-08-16
676,9,Christopher,Will,Baltimore,1999-08-16
677,70,Amanda,Muth,San Jose,2017-03-10
677,70,Amanda,Muth,San Jose,2017-03-10
678,30,Joshua,Seibel,Indianapolis,2018-09-20
678,30,Joshua,Seibel,Indianapolis,2018-09-20
679,90,Anthony,Arnold,Los Angeles,2008-02-19
679,90,Anthony,Arnold,Los Angeles,2008-02-19
680,40,Elizabeth,Hardt,San Francisco,2012-01-07
680,40,Elizabeth,Hardt,San Francisco,2012-01-07
681,7,Sandra,Kolbe,Albuquerque,2012-04-28
681,7,Sandra,Kolbe,Albuquerque,2012-04-28
682,72,Christopher,Winter,San Diego,2005-09-25
682,72,Christopher,Winter,San Diego,2005-09-25
683,59,Joshua,Eder,Chicago,2005-08-14
683,59,Joshua,Eder,Chicago,2005-08-14
684,11,Michael,Jansen,Fort Worth,2018-02-12
684,11,Michael,Jansen,Fort Worth,2018-02-12
685,3,Brian,Adler,Oklahoma City,2015-02-20
685,3,Brian,Adler,Oklahoma City,2015-02-20
686,4,Richard,Bock,Indianapolis,2014-11-27
686,4,Richard,Bock,Indianapolis,2014-11-27
687,97,Stephanie,Oswald,Columbus,2000-01-06
687,97,Stephanie,Oswald,Columbus,2000-01-06
688,20,Betty,Klatt,Indianapolis,2008-01-06
688,20,Betty,Klatt,Indianapolis,2008-01-06
689,5,Sarah,Wendt,Tucson,2016-09-15
689,5,Sarah,Wendt,Tucson,2016-09-15
690,34,Betty,Böhme,Baltimore,2011-07-16
690,34,Betty,Böhme,Baltimore,2011-07-16
691,14,Linda,Hans,Fort Worth,2018-10-22
691,14,Linda,Hans,Fort Worth,2018-10-22
692,13,Kenneth,Radtke,Charlotte,2022-12-17
692,13,Kenneth,Radtke,Charlotte,2022-12-17
693,61,Joshua,Ruppert,Seattle,2015-11-18
693,61,Joshua,Ruppert,Seattle,2015-11-18
694,49,James,Heinrichs,Louisville,2002-02-05
694,49,James,Heinrichs,Louisville,2002-02-05
695,45,Michael,Meißner,El Paso,2002-09-05
695,45,Michael,Meißner,El Paso,2002-09-05
696,53,Richard,Finger,Columbus,1997-01-11
696,53,Richard,Finger,Columbus,1997-01-11
697,24,Betty,Link,Baltimore,2023-07-16
697,24,Betty,Link,Baltimore,2023-07-16
698,94,Ronald,Fleischer,Tucson,2024-01-06
698,94,Ronald,Fleischer,Tucson,2024-01-06
699,63,Matthew,Pfeifer,Charlotte,2013-01-02
699,63,Matthew,Pfeifer,Charlotte,2013-01-02
700,75,Steven,Baur,San Antonio,1999-04-19
700,75,Steven,Baur,San Antonio,1999-04-19
701,9,Donna,David,Charlotte,2018-02-16
701,9,Donna,David,Charlotte,2018-02-16
702,63,Jennifer,Theis,Kansas City,2024-04-27
702,63,Jennifer,Theis,Kansas City,2024-04-27
703,56,Amanda,Merkel,Austin,2004-02-02
703,56,Amanda,Merkel,Austin,2004-02-02
704,77,Brian,Janke,Memphis,2013-08-21
704,77,Brian,Janke,Memphis,2013-08-21
705,77,Emily,Heim,Milwaukee,2003-12-14
705,77,Emily,Heim,Milwaukee,2003-12-14
706,96,Brian,Bischoff,Boston,2007-10-18
706,96,Brian,Bischoff,Boston,2007-10-18
707,71,Timothy,Otto,Las Vegas,1995-05-25
707,71,Timothy,Otto,Las Vegas,1995-05-25
708,75,Charles,Schenk,Denver,2023-11-05
708,75,Charles,Schenk,Denver,2023-11-05
709,42,Jessica,Stange,Los Angeles,1999-01-12
709,42,Jessica,Stange,Los Angeles,1999-01-12
710,1,Charles,Schultze,Washington,2011-12-27
710,1,Charles,Schultze,Washington,2011-12-27
711,64,William,Vogel,Oklahoma City,2016-05-26
711,64,William,Vogel,Oklahoma City,2016-05-26
712,92,Paul,Dietz,Tucson,2015-07-09
712,92,Paul,Dietz,Tucson,2015-07-09
713,72,Margaret,Homann,San Diego,2008-01-05
713,72,Margaret,Homann,San Diego,2008-01-05
714,15,Andrew,Böttger,Boston,2024-11-12
714,15,Andrew,Böttger,Boston,2024-11-12
715,69,Christopher,Mayr,Dallas,2002-06-24
715,69,Christopher,Mayr,Dallas,2002-06-24
716,22,Sarah,Hampel,Fresno,2020-07-08
716,22,Sarah,Hampel,Fresno,2020-07-08
717,20,Karen,Claus,El Paso,2018-03-03
717,20,Karen,Claus,El Paso,2018-03-03
718,68,Timothy,Döring,Phoenix,2010-07-22
718,68,Timothy,Döring,Phoenix,2010-07-22
719,45,Kenneth,Vogel,Boston,2016-07-20
719,45,Kenneth,Vogel,Boston,2016-07-20
720,89,Ronald,Schott,San Diego,2015-08-22
720,89,Ronald,Schott,San Diego,2015-08-22
721,80,Susan,Köster,Indianapolis,1995-12-10
721,80,Susan,Köster,Indianapolis,1995-12-10
722,40,Joseph,Langer,Charlotte,1997-09-03
722,40,Joseph,Langer,Charlotte,1997-09-03
723,46,Donald,Petermann,New York,2018-07-06
723,46,Donald,Petermann,New York,2018-07-06
724,91,James,Häusler,Washington,2005-02-09
724,91,James,Häusler,Washington,2005-02-09
725,63,Michael,Wessels,Chicago,2021-09-25
725,63,Michael,Wessels,Chicago,2021-09-25
726,93,Jessica,Marx,Kansas City,1996-01-06
726,93,Jessica,Marx,Kansas City,1996-01-06
727,12,Daniel,Mende,Columbus,2002-07-25
727,12,Daniel,Mende,Columbus,2002-07-25
728,52,William,Späth,Mesa,2016-11-23
728,52,William,Späth,Mesa,2016-11-23
729,7,Barbara,Winkler,Seattle,2001-12-14
729,7,Barbara,Winkler,Seattle,2001-12-14
730,88,Elizabeth,Miller,Seattle,2002-06-26
730,88,Elizabeth,Miller,Seattle,2002-06-26
731,55,Emily,Rothe,Chicago,1999-10-19
731,55,Emily,Rothe,Chicago,1999-10-19
732,5,Jessica,Scherer,Jacksonville,2021-07-21
732,5,Jessica,Scherer,Jacksonville,2021-07-21
733,47,Linda,Drews,Colorado Springs,2000-06-23
733,47,Linda,Drews,Colorado Springs,2000-06-23
734,97,Donna,Döring,New York,1996-01-19
734,97,Donna,Döring,New York,1996-01-19
735,38,Barbara,Graf,Portland,2020-03-14
735,38,Barbara,Graf,Portland,2020-03-14
736,43,Nancy,Beck,Portland,2000-05-13
736,43,Nancy,Beck,Portland,2000-05-13
737,70,Betty,Schott,Austin,1996-05-18
737,70,Betty,Schott,Austin,1996-05-18
738,8,Linda,Thoma,Phoenix,2005-04-01
738,8,Linda,Thoma,Phoenix,2005-04-01
739,86,Betty,Leonhardt,San Antonio,2000-09-26
739,86,Betty,Leonhardt,San Antonio,2000-09-26
740,50,Margaret,Hofmann,Denver,2020-09-13
740,50,Margaret,Hofmann,Denver,2020-09-13
741,78,Sandra,Reich,Memphis,2020-07-22
741,78,Sandra,Reich,Memphis,2020-07-22
742,9,Linda,Kühnel,Charlotte,2010-10-13
742,9,Linda,Kühnel,Charlotte,2010-10-13
743,13,Stephanie,Binder,Sacramento,2009-10-07
743,13,Stephanie,Binder,Sacramento,2009-10-07
744,50,Betty,Scheel,Atlanta,2006-06-26
744,50,Betty,Scheel,Atlanta,2006-06-26
745,96,Betty,Veit,Fort Worth,2013-11-23
745,96,Betty,Veit,Fort Worth,2013-11-23
746,78,Paul,Stiller,Baltimore,2022-09-12
746,78,Paul,Stiller,Baltimore,2022-09-12
747,35,Kenneth,Dorn,Oklahoma City,2000-05-27
747,35,Kenneth,Dorn,Oklahoma City,2000-05-27
748,25,Margaret,Hofmann,Atlanta,1999-04-20
748,25,Margaret,Hofmann,Atlanta,1999-04-20
749,61,Anthony,Mühlbauer,Chicago,2014-07-07
749,61,Anthony,Mühlbauer,Chicago,2014-07-07
750,31,Thomas,Schreiber,Dallas,2011-03-16
750,31,Thomas,Schreiber,Dallas,2011-03-16
751,49,David,Hermann,Colorado Springs,2004-10-19
751,49,David,Hermann,Colorado Springs,2004-10-19
752,43,Steven,Wilke,Detroit,2023-11-09
752,43,Steven,Wilke,Detroit,2023-11-09
753,45,Sarah,Eichhorn,Los Angeles,2015-06-05
753,45,Sarah,Eichhorn,Los Angeles,2015-06-05
754,84,Richard,Schmidtke,El Paso,2004-10-28
754,84,Richard,Schmidtke,El Paso,2004-10-28
755,7,Betty,Meurer,El Paso,2004-08-19
755,7,Betty,Meurer,El Paso,2004-08-19
756,74,Deborah,Riedel,Nashville,2011-04-26
756,74,Deborah,Riedel,Nashville,2011-04-26
757,6,Mark,Küpper,Indianapolis,2002-06-12
757,6,Mark,Küpper,Indianapolis,2002-06-12
758,89,Richard,Dörr,Dallas,1995-07-04
758,89,Richard,Dörr,Dallas,1995-07-04
759,50,Melissa,Kahl,San Jose,2018-06-06
759,50,Melissa,Kahl,San Jose,2018-06-06
760,70,Andrew,Marx,Louisville,2004-08-13
760,70,Andrew,Marx,Louisville,2004-08-13
761,45,Jennifer,Ebert,Portland,2024-06-06
761,45,Jennifer,Ebert,Portland,2024-06-06
762,54,Karen,Lemke,San Francisco,2023-02-10
762,54,Karen,Lemke,San Francisco,2023-02-10
763,17,Robert,Witt,Kansas City,2004-12-24
763,17,Robert,Witt,Kansas City,2004-12-24
764,86,Timothy,Ebert,Mesa,2005-11-12
764,86,Timothy,Ebert,Mesa,2005-11-12
765,87,Matthew,Junker,New York,2008-05-06
765,87,Matthew,Junker,New York,2008-05-06
766,29,Mary,Cramer,Seattle,2001-02-13
766,29,Mary,Cramer,Seattle,2001-02-13
767,64,Elizabeth,Voigt,Dallas,2019-04-12
767,64,Elizabeth,Voigt,Dallas,2019-04-12
768,71,Ashley,Hein,San Jose,2003-11-07
768,71,Ashley,Hein,San Jose,2003-11-07
769,99,Stephanie,Reichelt,Omaha,1998-06-01
769,99,Stephanie,Reichelt,Omaha,1998-06-01
770,20,Brian,Otte,Charlotte,2008-12-07
770,20,Brian,Otte,Charlotte,2008-12-07
771,26,Robert,Will,Houston,2015-08-16
771,26,Robert,Will,Houston,2015-08-16
772,93,Steven,Ludwig,Tucson,2019-09-25
772,93,Steven,Ludwig,Tucson,2019-09-25
773,29,James,Metz,Las Vegas,2018-01-03
773,29,James,Metz,Las Vegas,2018-01-03
774,7,Karen,Schiller,Mesa,2018-06-08
774,7,Karen,Schiller,Mesa,2018-06-08
775,34,Emily,Kirschner,Jacksonville,2022-06-20
775,34,Emily,Kirschner,Jacksonville,2022-06-20
776,5,Timothy,Reitz,Mesa,2019-05-18
776,5,Timothy,Reitz,Mesa,2019-05-18
777,77,Ronald,Wunderlich,Oklahoma City,2021-02-14
777,77,Ronald,Wunderlich,Oklahoma City,2021-02-14
778,6,William,Kahl,Austin,2024-04-23
778,6,William,Kahl,Austin,2024-04-23
779,96,Charles,Barth,Fort Worth,2002-05-03
779,96,Charles,Barth,Fort Worth,2002-05-03
780,33,Sandra,Schiller,Seattle,2019-01-26
780,33,Sandra,Schiller,Seattle,2019-01-26
781,43,Matthew,Schwarze,Baltimore,1996-11-28
781,43,Matthew,Schwarze,Baltimore,1996-11-28
782,59,Lisa,Schuster,Atlanta,2018-01-13
782,59,Lisa,Schuster,Atlanta,2018-01-13
783,33,Anthony,Jordan,Oklahoma City,1995-03-21
783,33,Anthony,Jordan,Oklahoma City,1995-03-21
784,83,Ronald,Weinert,Boston,2012-08-10
784,83,Ronald,Weinert,Boston,2012-08-10
785,61,Richard,Römer,Fort Worth,2001-01-07
785,61,Richard,Römer,Fort Worth,2001-01-07
786,18,Steven,Kummer,Nashville,2007-02-28
786,18,Steven,Kummer,Nashville,2007-02-28
787,14,Kimberly,Bohn,Boston,2001-06-20
787,14,Kimberly,Bohn,Boston,2001-06-20
788,21,Kenneth,Rudolf,Austin,2010-07-06
788,21,Kenneth,Rudolf,Austin,2010-07-06
789,39,Andrew,Fuchs,Dallas,1995-04-27
789,39,Andrew,Fuchs,Dallas,1995-04-27
790,34,James,May,Boston,2008-04-09
790,34,James,May,Boston,2008-04-09
791,31,Charles,Welsch,Sacramento,2007-06-27
791,31,Charles,Welsch,Sacramento,2007-06-27
792,81,Deborah,Neugebauer,Albuquerque,2021-12-16
792,81,Deborah,Neugebauer,Albuquerque,2021-12-16
793,7,Jennifer,Mayer,Columbus,2008-09-11
793,7,Jennifer,Mayer,Columbus,2008-09-11
794,85,Betty,Wagener,New York,2013-03-01
794,85,Betty,Wagener,New York,2013-03-01
795,71,Thomas,Friese,San Francisco,2002-08-19
795,71,Thomas,Friese,San Francisco,2002-08-19
796,1,Robert,Haag,Boston,2003-10-22
796,1,Robert,Haag,Boston,2003-10-22
797,86,Donald,Brüggemann,San Diego,2021-11-06
797,86,Donald,Brüggemann,San Diego,2021-11-06
798,22,Robert,Dittmann,Phoenix,2023-09-05
798,22,Robert,Dittmann,Phoenix,2023-09-05
799,87,Donna,Tiedemann,Phoenix,2012-09-14
799,87,Donna,Tiedemann,Phoenix,2012-09-14
800,92,Michael,Fries,Sacramento,2022-03-19
800,92,Michael,Fries,Sacramento,2022-03-19
801,63,Daniel,Baumgärtner,Denver,2022-06-14
801,63,Daniel,Baumgärtner,Denver,2022-06-14
802,62,Paul,Wilkens,El Paso,2015-01-13
802,62,Paul,Wilkens,El Paso,2015-01-13
803,46,Paul,Götz,Dallas,2019-07-15
803,46,Paul,Götz,Dallas,2019-07-15
804,57,Elizabeth,Petry,Baltimore,2011-11-28
804,57,Elizabeth,Petry,Baltimore,2011-11-28
805,94,Elizabeth,Kahl,Indianapolis,2021-11-22
805,94,Elizabeth,Kahl,Indianapolis,2021-11-22
806,45,Christopher,Heuer,Tucson,1999-02-27
806,45,Christopher,Heuer,Tucson,1999-02-27
807,74,Thomas,Steffen,Los Angeles,2008-04-23
807,74,Thomas,Steffen,Los Angeles,2008-04-23
808,76,Charles,Schultze,Columbus,1997-11-19
808,76,Charles,Schultze,Columbus,1997-11-19
809,80,Susan,Ziegler,New York,2009-06-21
809,80,Susan,Ziegler,New York,2009-06-21
810,85,David,Bartels,Detroit,2004-10-22
810,85,David,Bartels,Detroit,2004-10-22
811,13,Melissa,Reinke,Boston,2000-05-17
811,13,Melissa,Reinke,Boston,2000-05-17
812,68,James,Hofer,Indianapolis,1997-08-20
812,68,James,Hofer,Indianapolis,1997-08-20
813,37,Brian,Peter,Charlotte,2005-10-23
813,37,Brian,Peter,Charlotte,2005-10-23
814,94,Richard,Rupp,Detroit,2010-08-11
814,94,Richard,Rupp,Detroit,2010-08-11
815,90,Patricia,Ehrhardt,Indianapolis,2019-04-13
815,90,Patricia,Ehrhardt,Indianapolis,2019-04-13
816,14,James,Beck,Columbus,1999-11-09
816,14,James,Beck,Columbus,1999-11-09
817,37,Ronald,Wulf,Memphis,1997-03-14
817,37,Ronald,Wulf,Memphis,1997-03-14
818,89,Michelle,Beyer,Las Vegas,1995-06-11
818,89,Michelle,Beyer,Las Vegas,1995-06-11
819,91,Emily,Winter,Charlotte,2000-04-23
819,91,Emily,Winter,Charlotte,2000-04-23
820,14,Kimberly,Blum,Denver,1997-07-06
820,14,Kimberly,Blum,Denver,1997-07-06
821,66,Betty,Evers,San Diego,2005-04-22
821,66,Betty,Evers,San Diego,2005-04-22
822,66,Donald,Lemke,Fresno,2017-06-15
822,66,Donald,Lemke,Fresno,2017-06-15
823,33,Linda,Seeger,Los Angeles,2007-03-24
823,33,Linda,Seeger,Los Angeles,2007-03-24
824,2,Joshua,Schweiger,Portland,2010-01-13
824,2,Joshua,Schweiger,Portland,2010-01-13
825,98,Sandra,Petzold,Jacksonville,1997-09-17
825,98,Sandra,Petzold,Jacksonville,1997-09-17
826,53,Kimberly,Timm,Sacramento,2013-07-12
826,53,Kimberly,Timm,Sacramento,2013-07-12
827,89,Michael,Rauch,El Paso,2006-07-22
827,89,Michael,Rauch,El Paso,2006-07-22
828,55,Stephanie,Johannsen,San Diego,1999-05-09
828,55,Stephanie,Johannsen,San Diego,1999-05-09
829,45,Barbara,Horstmann,Louisville,2020-02-14
829,45,Barbara,Horstmann,Louisville,2020-02-14
830,37,James,Kirschner,El Paso,2010-07-21
830,37,James,Kirschner,El Paso,2010-07-21
831,27,Amanda,Marx,Houston,2014-07-24
831,27,Amanda,Marx,Houston,2014-07-24
832,90,Robert,Heuer,Columbus,1997-09-17
832,90,Robert,Heuer,Columbus,1997-09-17
833,52,Ashley,Gottschalk,Memphis,2006-09-11
833,52,Ashley,Gottschalk,Memphis,2006-09-11
834,86,Ashley,Heil,New York,2003-12-26
834,86,Ashley,Heil,New York,2003-12-26
835,47,Thomas,Wulff,Houston,2009-07-19
835,47,Thomas,Wulff,Houston,2009-07-19
836,58,Deborah,Holst,Albuquerque,2000-04-24
836,58,Deborah,Holst,Albuquerque,2000-04-24
837,7,Timothy,Weidner,Tucson,2012-09-08
837,7,Timothy,Weidner,Tucson,2012-09-08
838,13,Daniel,Böhm,Detroit,1996-06-19
838,13,Daniel,Böhm,Detroit,1996-06-19
839,48,Joseph,Hiller,San Francisco,2003-06-16
839,48,Joseph,Hiller,San Francisco,2003-06-16
840,28,Paul,Lorenz,Colorado Springs,1999-04-14
840,28,Paul,Lorenz,Colorado Springs,1999-04-14
841,45,Charles,Wirth,El Paso,2015-03-06
841,45,Charles,Wirth,El Paso,2015-03-06
842,56,Susan,Doll,Albuquerque,2017-04-11
842,56,Susan,Doll,Albuquerque,2017-04-11
843,92,Mary,Arnold,Charlotte,2016-06-10
843,92,Mary,Arnold,Charlotte,2016-06-10
844,88,William,Böttger,San Jose,2011-08-25
844,88,William,Böttger,San Jose,2011-08-25
845,35,Joshua,Renner,Los Angeles,2009-11-13
845,35,Joshua,Renner,Los Angeles,2009-11-13
846,55,Donna,Rahn,Denver,2014-12-07
846,55,Donna,Rahn,Denver,2014-12-07
847,97,Kimberly,Keck,Las Vegas,2021-11-05
847,97,Kimberly,Keck,Las Vegas,2021-11-05
848,37,Donna,Hillebrand,Las Vegas,2009-06-22
848,37,Donna,Hillebrand,Las Vegas,2009-06-22
849,9,Stephanie,Schwab,Austin,2003-11-13
849,9,Stephanie,Schwab,Austin,2003-11-13
850,3,Kimberly,Bauer,Washington,2007-09-20
850,3,Kimberly,Bauer,Washington,2007-09-20
851,2,Karen,Sturm,Charlotte,2022-01-21
851,2,Karen,Sturm,Charlotte,2022-01-21
852,58,Ashley,Pohl,Jacksonville,2021-09-16
852,58,Ashley,Pohl,Jacksonville,2021-09-16
853,22,Joseph,Gebhardt,Portland,2015-10-05
853,22,Joseph,Gebhardt,Portland,2015-10-05
854,85,Anthony,Lemke,Dallas,2010-05-17
854,85,Anthony,Lemke,Dallas,2010-05-17
855,24,Kimberly,Geißler,Louisville,2000-03-18
855,24,Kimberly,Geißler,Louisville,2000-03-18
856,78,Donna,Götze,New York,2019-11-19
856,78,Donna,Götze,New York,2019-11-19
857,54,Steven,Will,San Francisco,2011-07-14
857,54,Steven,Will,San Francisco,2011-07-14
858,97,Nancy,Pauli,Milwaukee,1995-01-25
858,97,Nancy,Pauli,Milwaukee,1995-01-25
859,17,Joseph,Enders,Jacksonville,1997-04-19
859,17,Joseph,Enders,Jacksonville,1997-04-19
860,58,Ashley,Berner,Atlanta,2009-05-20
860,58,Ashley,Berner,Atlanta,2009-05-20
861,58,Carol,Lindemann,Memphis,2006-08-23
861,58,Carol,Lindemann,Memphis,2006-08-23
862,21,Thomas,Klinger,Seattle,2021-03-25
862,21,Thomas,Klinger,Seattle,2021-03-25
863,77,Robert,Mertens,Kansas City,1998-08-25
863,77,Robert,Mertens,Kansas City,1998-08-25
864,63,Mark,Eberhardt,Colorado Springs,1996-11-04
864,63,Mark,Eberhardt,Colorado Springs,1996-11-04
865,63,Patricia,Große,Philadelphia,2010-05-02
865,63,Patricia,Große,Philadelphia,2010-05-02
866,44,Elizabeth,Weis,Omaha,1995-11-24
866,44,Elizabeth,Weis,Omaha,1995-11-24
867,40,Thomas,Roth,Fort Worth,2014-11-23
867,40,Thomas,Roth,Fort Worth,2014-11-23
868,75,Elizabeth,Jacobi,Columbus,1998-07-28
868,75,Elizabeth,Jacobi,Columbus,1998-07-28
869,66,Thomas,Stumpf,Jacksonville,2017-11-12
869,66,Thomas,Stumpf,Jacksonville,2017-11-12
870,92,Sarah,Janzen,Oklahoma City,2018-10-02
870,92,Sarah,Janzen,Oklahoma City,2018-10-02
871,67,Nancy,Wittmann,Charlotte,2004-05-23
871,67,Nancy,Wittmann,Charlotte,2004-05-23
872,79,Robert,Strauß,Milwaukee,1999-08-13
872,79,Robert,Strauß,Milwaukee,1999-08-13
873,46,Kimberly,Zeller,San Antonio,2018-02-17
873,46,Kimberly,Zeller,San Antonio,2018-02-17
874,24,Jennifer,Kunert,Jacksonville,2006-04-08
874,24,Jennifer,Kunert,Jacksonville,2006-04-08
875,72,Mary,Scheller,Jacksonville,2021-05-05
875,72,Mary,Scheller,Jacksonville,2021-05-05
876,70,Richard,Orth,Colorado Springs,2000-10-22
876,70,Richard,Orth,Colorado Springs,2000-10-22
877,96,Kevin,Schultz,Louisville,2015-04-01
877,96,Kevin,Schultz,Louisville,2015-04-01
878,51,Kevin,Böhm,Baltimore,1999-12-25
878,51,Kevin,Böhm,Baltimore,1999-12-25
879,99,Deborah,Ludwig,Atlanta,2010-10-10
879,99,Deborah,Ludwig,Atlanta,2010-10-10
880,77,William,Pfeiffer,Chicago,2009-10-16
880,77,William,Pfeiffer,Chicago,2009-10-16
881,92,Timothy,Rauch,Charlotte,2004-05-23
881,92,Timothy,Rauch,Charlotte,2004-05-23
882,4,Daniel,Finke,Nashville,2018-11-27
882,4,Daniel,Finke,Nashville,2018-11-27
883,31,Jessica,Kaufmann,Atlanta,2010-02-10
883,31,Jessica,Kaufmann,Atlanta,2010-02-10
884,65,Donald,Rode,Fort Worth,2021-09-07
884,65,Donald,Rode,Fort Worth,2021-09-07
885,30,William,Kretschmer,Houston,2013-07-21
885,30,William,Kretschmer,Houston,2013-07-21
886,72,Jessica,Jordan,Dallas,2018-04-18
886,72,Jessica,Jordan,Dallas,2018-04-18
887,40,Linda,Mielke,Colorado Springs,2011-11-15
887,40,Linda,Mielke,Colorado Springs,2011-11-15
888,14,Patricia,Horst,Louisville,2022-09-20
888,14,Patricia,Horst,Louisville,2022-09-20
889,44,Michelle,Kellner,El Paso,2020-10-15
889,44,Michelle,Kellner,El Paso,2020-10-15
890,92,Patricia,Weise,Omaha,2006-05-27
890,92,Patricia,Weise,Omaha,2006-05-27
891,34,Matthew,Freund,Washington,2022-04-15
891,34,Matthew,Freund,Washington,2022-04-15
892,39,Michael,Kurth,Las Vegas,2011-07-02
892,39,Michael,Kurth,Las Vegas,2011-07-02
893,4,Emily,Jahn,Detroit,2008-02-01
893,4,Emily,Jahn,Detroit,2008-02-01
894,88,Michael,Herzog,Baltimore,2006-12-19
894,88,Michael,Herzog,Baltimore,2006-12-19
895,27,Anthony,Muth,Tucson,2021-10-24
895,27,Anthony,Muth,Tucson,2021-10-24
896,42,Mark,Wolter,Indianapolis,2020-04-12
896,42,Mark,Wolter,Indianapolis,2020-04-12
897,11,Emily,Weiss,Washington,1995-09-03
897,11,Emily,Weiss,Washington,1995-09-03
898,87,Stephanie,Hager,Seattle,2000-11-20
898,87,Stephanie,Hager,Seattle,2000-11-20
899,32,Christopher,Eilers,San Antonio,2023-01-08
899,32,Christopher,Eilers,San Antonio,2023-01-08
900,50,Charles,Hornung,Detroit,2001-08-15
900,50,Charles,Hornung,Detroit,2001-08-15
901,53,Robert,Born,San Diego,2020-07-05
901,53,Robert,Born,San Diego,2020-07-05
902,4,Karen,Heilmann,Philadelphia,1998-07-11
902,4,Karen,Heilmann,Philadelphia,1998-07-11
903,19,Betty,Kilian,Baltimore,2015-06-24
903,19,Betty,Kilian,Baltimore,2015-06-24
904,71,Carol,Eckardt,Colorado Springs,2015-10-21
904,71,Carol,Eckardt,Colorado Springs,2015-10-21
905,33,Lisa,Mueller,El Paso,1999-02-24
905,33,Lisa,Mueller,El Paso,1999-02-24
906,78,Charles,Veit,Albuquerque,2019-10-12
906,78,Charles,Veit,Albuquerque,2019-10-12
907,77,Jennifer,Pohl,Washington,2017-04-23
907,77,Jennifer,Pohl,Washington,2017-04-23
908,70,James,Urban,Dallas,2016-11-10
908,70,James,Urban,Dallas,2016-11-10
909,83,Robert,Schott,Milwaukee,2000-12-20
909,83,Robert,Schott,Milwaukee,2000-12-20
910,55,Kenneth,Popp,San Antonio,2011-06-24
910,55,Kenneth,Popp,San Antonio,2011-06-24
911,9,Barbara,Arnold,Dallas,2016-12-01
911,9,Barbara,Arnold,Dallas,2016-12-01
912,62,Sandra,Geyer,San Jose,2006-03-13
912,62,Sandra,Geyer,San Jose,2006-03-13
913,99,Melissa,Krause,Chicago,2023-03-27
913,99,Melissa,Krause,Chicago,2023-03-27
914,62,Kimberly,Neubert,Sacramento,2019-07-16
914,62,Kimberly,Neubert,Sacramento,2019-07-16
915,48,Ronald,Dreier,Tucson,2022-04-19
915,48,Ronald,Dreier,Tucson,2022-04-19
916,90,Susan,Thiemann,Nashville,2008-09-04
916,90,Susan,Thiemann,Nashville,2008-09-04
917,68,Sandra,Thomsen,Milwaukee,2021-10-27
917,68,Sandra,Thomsen,Milwaukee,2021-10-27
918,48,Brian,Vetter,Fresno,1995-10-01
918,48,Brian,Vetter,Fresno,1995-10-01
919,92,Anthony,Pape,Albuquerque,2017-05-25
919,92,Anthony,Pape,Albuquerque,2017-05-25
920,27,David,Kretzschmar,Sacramento,1997-04-07
920,27,David,Kretzschmar,Sacramento,1997-04-07
921,55,Sandra,Heck,Charlotte,2022-04-19
921,55,Sandra,Heck,Charlotte,2022-04-19
922,44,Timothy,Lindemann,Albuquerque,1996-05-10
922,44,Timothy,Lindemann,Albuquerque,1996-05-10
923,71,Lisa,Hans,Philadelphia,2005-09-27
923,71,Lisa,Hans,Philadelphia,2005-09-27
924,52,Timothy,Kaminski,Nashville,2005-01-10
924,52,Timothy,Kaminski,Nashville,2005-01-10
925,57,Ashley,Engels,Tucson,1996-03-21
925,57,Ashley,Engels,Tucson,1996-03-21
926,9,Kevin,Haag,Albuquerque,2015-06-03
926,9,Kevin,Haag,Albuquerque,2015-06-03
927,98,Deborah,Rau,Denver,2018-08-05
927,98,Deborah,Rau,Denver,2018-08-05
928,8,Thomas,Heinemann,Tucson,2011-01-16
928,8,Thomas,Heinemann,Tucson,2011-01-16
929,56,Sandra,Steffen,Louisville,1996-12-16
929,56,Sandra,Steffen,Louisville,1996-12-16
930,10,Margaret,Seemann,Milwaukee,2004-05-03
930,10,Margaret,Seemann,Milwaukee,2004-05-03
931,65,James,Gerber,Nashville,2011-04-02
931,65,James,Gerber,Nashville,2011-04-02
932,72,Linda,Kohl,Fresno,2003-06-27
932,72,Linda,Kohl,Fresno,2003-06-27
933,45,Ronald,Rademacher,Charlotte,2001-12-14
933,45,Ronald,Rademacher,Charlotte,2001-12-14
934,39,Andrew,Moser,Columbus,1995-04-16
934,39,Andrew,Moser,Columbus,1995-04-16
935,46,Joseph,Weiler,Denver,1995-04-23
935,46,Joseph,Weiler,Denver,1995-04-23
936,17,Timothy,Baur,Charlotte,2000-02-26
936,17,Timothy,Baur,Charlotte,2000-02-26
937,82,Lisa,Kellermann,Philadelphia,2011-02-05
937,82,Lisa,Kellermann,Philadelphia,2011-02-05
938,98,Susan,Strobel,Dallas,2017-02-21
938,98,Susan,Strobel,Dallas,2017-02-21
939,99,Sandra,Drechsler,Atlanta,1995-10-27
939,99,Sandra,Drechsler,Atlanta,1995-10-27
940,67,Betty,Wüst,Oklahoma City,2008-08-18
940,67,Betty,Wüst,Oklahoma City,2008-08-18
941,76,Daniel,Adam,Fresno,1998-04-28
941,76,Daniel,Adam,Fresno,1998-04-28
942,62,Susan,Kühnel,Kansas City,2015-12-05
942,62,Susan,Kühnel,Kansas City,2015-12-05
943,68,Nancy,Lorenz,Detroit,2002-06-12
943,68,Nancy,Lorenz,Detroit,2002-06-12
944,36,Mary,Hoffmann,Seattle,2016-11-28
944,36,Mary,Hoffmann,Seattle,2016-11-28
945,9,Brian,Claus,Louisville,2013-04-07
945,9,Brian,Claus,Louisville,2013-04-07
946,35,Sandra,Michels,Dallas,2009-04-03
946,35,Sandra,Michels,Dallas,2009-04-03
947,67,Susan,Opitz,Albuquerque,2016-10-09
947,67,Susan,Opitz,Albuquerque,2016-10-09
948,89,John,Siebert,Philadelphia,2005-02-28
948,89,John,Siebert,Philadelphia,2005-02-28
949,52,Michael,Pohlmann,Columbus,2001-08-05
949,52,Michael,Pohlmann,Columbus,2001-08-05
950,90,Timothy,Volz,Louisville,2002-11-27
950,90,Timothy,Volz,Louisville,2002-11-27
951,91,Daniel,Behrendt,Las Vegas,2009-04-20
951,91,Daniel,Behrendt,Las Vegas,2009-04-20
952,28,Melissa,Hofmann,San Jose,2020-01-12
952,28,Melissa,Hofmann,San Jose,2020-01-12
953,58,Kevin,Kruse,Fort Worth,2007-09-28
953,58,Kevin,Kruse,Fort Worth,2007-09-28
954,83,Timothy,Bauer,Denver,2024-02-10
954,83,Timothy,Bauer,Denver,2024-02-10
955,24,Brian,Borchert,Nashville,2014-02-12
955,24,Brian,Borchert,Nashville,2014-02-12
956,59,Karen,Sander,Portland,2015-08-03
956,59,Karen,Sander,Portland,2015-08-03
957,37,Donna,Hering,Denver,2015-02-03
957,37,Donna,Hering,Denver,2015-02-03
958,38,Andrew,Kempf,Las Vegas,2003-06-01
958,38,Andrew,Kempf,Las Vegas,2003-06-01
959,25,Joseph,Ebert,Detroit,2021-05-04
959,25,Joseph,Ebert,Detroit,2021-05-04
960,98,Matthew,Siegel,Louisville,2010-03-14
960,98,Matthew,Siegel,Louisville,2010-03-14
961,15,Paul,Will,Seattle,2013-11-04
961,15,Paul,Will,Seattle,2013-11-04
962,16,Betty,Stamm,Mesa,2001-04-28
962,16,Betty,Stamm,Mesa,2001-04-28
963,55,Elizabeth,Eisele,Memphis,2003-09-23
963,55,Elizabeth,Eisele,Memphis,2003-09-23
964,4,Joshua,Bachmann,San Francisco,2023-01-09
964,4,Joshua,Bachmann,San Francisco,2023-01-09
965,26,Thomas,Kühn,Houston,2006-05-24
965,26,Thomas,Kühn,Houston,2006-05-24
966,39,Joshua,Wolter,Memphis,2006-05-21
966,39,Joshua,Wolter,Memphis,2006-05-21
967,57,Lisa,Schreiber,Houston,2007-06-04
967,57,Lisa,Schreiber,Houston,2007-06-04
968,47,Sandra,Will,Jacksonville,2009-07-15
968,47,Sandra,Will,Jacksonville,2009-07-15
969,90,Amanda,Lauterbach,Boston,1998-01-21
969,90,Amanda,Lauterbach,Boston,1998-01-21
970,48,Matthew,Paulsen,Milwaukee,1995-09-06
970,48,Matthew,Paulsen,Milwaukee,1995-09-06
971,92,Thomas,Kroll,Chicago,2011-01-24
971,92,Thomas,Kroll,Chicago,2011-01-24
972,49,Richard,Lindemann,Los Angeles,2009-08-08
972,49,Richard,Lindemann,Los Angeles,2009-08-08
973,37,Sarah,Nguyen,Boston,2023-09-18
973,37,Sarah,Nguyen,Boston,2023-09-18
974,38,Matthew,Goebel,Philadelphia,1995-01-19
974,38,Matthew,Goebel,Philadelphia,1995-01-19
975,62,Patricia,Heinz,Detroit,2020-01-23
975,62,Patricia,Heinz,Detroit,2020-01-23
976,61,Elizabeth,Dittmann,San Diego,2011-09-06
976,61,Elizabeth,Dittmann,San Diego,2011-09-06
977,74,Michael,Stumpf,Sacramento,2009-03-18
977,74,Michael,Stumpf,Sacramento,2009-03-18
978,97,Kenneth,Schönfeld,Portland,2017-02-27
978,97,Kenneth,Schönfeld,Portland,2017-02-27
979,8,Brian,Homann,Boston,2015-07-15
979,8,Brian,Homann,Boston,2015-07-15
980,38,Karen,Scheffler,Seattle,2015-07-06
980,38,Karen,Scheffler,Seattle,2015-07-06
981,36,Timothy,Rudolph,New York,1997-06-20
981,36,Timothy,Rudolph,New York,1997-06-20
982,85,Margaret,Burger,Colorado Springs,2020-01-17
982,85,Margaret,Burger,Colorado Springs,2020-01-17
983,56,Timothy,Hinz,Chicago,2000-04-07
983,56,Timothy,Hinz,Chicago,2000-04-07
984,45,Lisa,Sieber,Houston,2021-11-18
984,45,Lisa,Sieber,Houston,2021-11-18
985,50,Kimberly,Erdmann,Atlanta,2012-12-07
985,50,Kimberly,Erdmann,Atlanta,2012-12-07
986,20,Timothy,Kunze,Charlotte,2020-09-21
986,20,Timothy,Kunze,Charlotte,2020-09-21
987,63,Linda,Kühnel,San Diego,2017-06-06
987,63,Linda,Kühnel,San Diego,2017-06-06
988,55,Michelle,Leonhardt,Kansas City,2016-09-19
988,55,Michelle,Leonhardt,Kansas City,2016-09-19
989,34,Ronald,Schröter,Denver,1996-11-23
989,34,Ronald,Schröter,Denver,1996-11-23
990,92,Amanda,Hans,Detroit,2019-12-21
990,92,Amanda,Hans,Detroit,2019-12-21
991,32,Christopher,Horst,Colorado Springs,2019-12-06
991,32,Christopher,Horst,Colorado Springs,2019-12-06
992,76,Carol,Linke,Jacksonville,1995-03-01
992,76,Carol,Linke,Jacksonville,1995-03-01
993,73,Kenneth,Steffens,Kansas City,2021-10-11
993,73,Kenneth,Steffens,Kansas City,2021-10-11
994,43,Paul,Pieper,Columbus,2019-06-28
994,43,Paul,Pieper,Columbus,2019-06-28
995,79,Jennifer,Horn,Denver,2013-05-23
995,79,Jennifer,Horn,Denver,2013-05-23
996,13,Sandra,Brenner,Baltimore,1997-07-17
996,13,Sandra,Brenner,Baltimore,1997-07-17
997,2,Kimberly,Walter,Phoenix,2021-12-14
997,2,Kimberly,Walter,Phoenix,2021-12-14
998,61,Brian,Wolter,Milwaukee,2023-04-18
998,61,Brian,Wolter,Milwaukee,2023-04-18
999,84,Jennifer,Heise,San Antonio,2014-10-28
999,84,Jennifer,Heise,San Antonio,2014-10-28
1000,14,Paul,Petry,Denver,2001-05-15
1000,14,Paul,Petry,Denver,2001-05-15
1001,42,Steven,Rapp,Milwaukee,2015-07-12
1001,42,Steven,Rapp,Milwaukee,2015-07-12
1002,15,Lisa,Heidenreich,Colorado Springs,2020-02-03
1002,15,Lisa,Heidenreich,Colorado Springs,2020-02-03
1003,93,Charles,Merz,Las Vegas,2006-11-10
1003,93,Charles,Merz,Las Vegas,2006-11-10
1004,85,Jennifer,Born,Fresno,2003-11-04
1004,85,Jennifer,Born,Fresno,2003-11-04
1005,10,Jennifer,Pütz,El Paso,2018-11-13
1005,10,Jennifer,Pütz,El Paso,2018-11-13
1006,56,Deborah,Huber,Omaha,2015-05-22
1006,56,Deborah,Huber,Omaha,2015-05-22
1007,53,Patricia,Schütte,Philadelphia,2002-11-24
1007,53,Patricia,Schütte,Philadelphia,2002-11-24
1008,58,Ashley,Sommerfeld,Kansas City,2013-11-23
1008,58,Ashley,Sommerfeld,Kansas City,2013-11-23
1009,85,William,Schott,Mesa,2009-10-08
1009,85,William,Schott,Mesa,2009-10-08
1010,99,Ashley,Lerch,Portland,2021-09-15
1010,99,Ashley,Lerch,Portland,2021-09-15
1011,81,Donald,Gabriel,Austin,2016-03-17
1011,81,Donald,Gabriel,Austin,2016-03-17
1012,62,Nancy,Helbig,Phoenix,2012-05-17
1012,62,Nancy,Helbig,Phoenix,2012-05-17
1013,57,David,Heinrichs,San Francisco,1995-02-23
1013,57,David,Heinrichs,San Francisco,1995-02-23
1014,63,Michael,Sturm,San Antonio,2011-07-16
1014,63,Michael,Sturm,San Antonio,2011-07-16
1015,4,Donald,Heitmann,Portland,2004-07-22
1015,4,Donald,Heitmann,Portland,2004-07-22
1016,78,Michelle,Dietze,Charlotte,2023-02-01
1016,78,Michelle,Dietze,Charlotte,2023-02-01
1017,96,Paul,Wahl,San Jose,2002-08-14
1017,96,Paul,Wahl,San Jose,2002-08-14
1018,82,Margaret,Nguyen,Austin,2023-05-11
1018,82,Margaret,Nguyen,Austin,2023-05-11
1019,34,Nancy,Metz,Detroit,2022-04-23
1019,34,Nancy,Metz,Detroit,2022-04-23
1020,32,Donald,Schober,Washington,2003-11-14
1020,32,Donald,Schober,Washington,2003-11-14
1021,78,Jennifer,Neumann,Louisville,2009-09-20
1021,78,Jennifer,Neumann,Louisville,2009-09-20
1022,34,Mary,Wenzel,Las Vegas,1996-06-23
1022,34,Mary,Wenzel,Las Vegas,1996-06-23
1023,70,Sarah,Unger,Memphis,2014-11-02
1023,70,Sarah,Unger,Memphis,2014-11-02
1024,40,Betty,Heyer,Dallas,2012-03-09
1024,40,Betty,Heyer,Dallas,2012-03-09
1025,35,William,Kaiser,Houston,2017-07-17
1025,35,William,Kaiser,Houston,2017-07-17
1026,15,Patricia,Stange,Seattle,2005-03-08
1026,15,Patricia,Stange,Seattle,2005-03-08
1027,51,Joseph,Dörr,Indianapolis,1995-09-16
1027,51,Joseph,Dörr,Indianapolis,1995-09-16
1028,20,Jennifer,Thomsen,Tucson,2015-05-09
1028,20,Jennifer,Thomsen,Tucson,2015-05-09
1029,92,Ronald,Seemann,Memphis,2013-04-02
1029,92,Ronald,Seemann,Memphis,2013-04-02
1030,37,Ashley,Siegel,Colorado Springs,2010-02-09
1030,37,Ashley,Siegel,Colorado Springs,2010-02-09
1031,38,Donna,Schulze,Jacksonville,2011-12-20
1031,38,Donna,Schulze,Jacksonville,2011-12-20
1032,21,Mary,Michel,Dallas,2000-11-07
1032,21,Mary,Michel,Dallas,2000-11-07
1033,88,Joseph,Eberle,Milwaukee,2023-09-01
1033,88,Joseph,Eberle,Milwaukee,2023-09-01
1034,10,William,Küster,Louisville,2017-08-14
1034,10,William,Küster,Louisville,2017-08-14
1035,54,Linda,Heyer,Chicago,2003-12-13
1035,54,Linda,Heyer,Chicago,2003-12-13
1036,9,Sandra,Bolz,Columbus,2009-06-09
1036,9,Sandra,Bolz,Columbus,2009-06-09
1037,86,Brian,Westphal,Boston,2014-12-01
1037,86,Brian,Westphal,Boston,2014-12-01
1038,42,Amanda,Mahler,Charlotte,2000-10-24
1038,42,Amanda,Mahler,Charlotte,2000-10-24
1039,16,Robert,Reif,Los Angeles,2016-11-05
1039,16,Robert,Reif,Los Angeles,2016-11-05
1040,24,Jennifer,Pahl,Las Vegas,2017-05-23
1040,24,Jennifer,Pahl,Las Vegas,2017-05-23
1041,4,Sandra,Vollmer,Columbus,2024-02-04
1041,4,Sandra,Vollmer,Columbus,2024-02-04
1042,44,Patricia,Michel,San Antonio,2020-05-03
1042,44,Patricia,Michel,San Antonio,2020-05-03
1043,23,Christopher,Hauser,Mesa,2021-11-15
1043,23,Christopher,Hauser,Mesa,2021-11-15
1044,42,Sarah,Hanke,Las Vegas,2003-07-26
1044,42,Sarah,Hanke,Las Vegas,2003-07-26
1045,86,Steven,Wegener,Portland,2006-01-09
1045,86,Steven,Wegener,Portland,2006-01-09
1046,66,Sarah,Greiner,Atlanta,2001-03-26
1046,66,Sarah,Greiner,Atlanta,2001-03-26
1047,92,Ronald,Dürr,Kansas City,1995-05-09
1047,92,Ronald,Dürr,Kansas City,1995-05-09
1048,19,Barbara,Hein,Baltimore,2013-11-27
1048,19,Barbara,Hein,Baltimore,2013-11-27
1049,20,Timothy,Engels,Portland,1997-05-01
1049,20,Timothy,Engels,Portland,1997-05-01
1050,28,James,Kahl,Colorado Springs,2017-07-22
1050,28,James,Kahl,Colorado Springs,2017-07-22
1051,24,Sandra,Schaller,Charlotte,2003-10-18
1051,24,Sandra,Schaller,Charlotte,2003-10-18
1052,91,Susan,Siegel,Detroit,2011-10-03
1052,91,Susan,Siegel,Detroit,2011-10-03
1053,2,Donna,Sperling,New York,2003-09-10
1053,2,Donna,Sperling,New York,2003-09-10
1054,7,Paul,Schilling,Houston,2006-12-20
1054,7,Paul,Schilling,Houston,2006-12-20
1055,1,William,Reichel,Memphis,1997-10-01
1055,1,William,Reichel,Memphis,1997-10-01
1056,11,Margaret,Rose,New York,2016-09-06
1056,11,Margaret,Rose,New York,2016-09-06
1057,51,Richard,Albert,Washington,2006-02-21
1057,51,Richard,Albert,Washington,2006-02-21
1058,60,Kevin,Trautmann,Austin,2018-06-21
1058,60,Kevin,Trautmann,Austin,2018-06-21
1059,31,Michael,Fritsche,Jacksonville,2024-05-15
1059,31,Michael,Fritsche,Jacksonville,2024-05-15
1060,30,Steven,Helm,San Francisco,1997-07-04
1060,30,Steven,Helm,San Francisco,1997-07-04
1061,77,Jennifer,Wiegand,Mesa,2006-03-20
1061,77,Jennifer,Wiegand,Mesa,2006-03-20
1062,24,Stephanie,Ortmann,Detroit,1999-08-25
1062,24,Stephanie,Ortmann,Detroit,1999-08-25
1063,18,Elizabeth,Lemke,Nashville,1999-07-15
1063,18,Elizabeth,Lemke,Nashville,1999-07-15
1064,58,Robert,Löffler,San Jose,1999-12-23
1064,58,Robert,Löffler,San Jose,1999-12-23
1065,77,Daniel,Kirsch,Dallas,2022-02-20
1065,77,Daniel,Kirsch,Dallas,2022-02-20
1066,17,Elizabeth,Trautmann,Austin,2009-09-17
1066,17,Elizabeth,Trautmann,Austin,2009-09-17
1067,46,Amanda,Geier,Austin,2017-01-06
1067,46,Amanda,Geier,Austin,2017-01-06
1068,94,Mary,Eisele,Philadelphia,1997-06-05
1068,94,Mary,Eisele,Philadelphia,1997-06-05
1069,19,Richard,Busch,New York,2007-03-15
1069,19,Richard,Busch,New York,2007-03-15
1070,12,Michelle,Seiler,Philadelphia,2004-11-01
1070,12,Michelle,Seiler,Philadelphia,2004-11-01
1071,90,Mary,Sattler,San Jose,2001-11-28
1071,90,Mary,Sattler,San Jose,2001-11-28
1072,82,Sarah,Bucher,Washington,2017-04-04
1072,82,Sarah,Bucher,Washington,2017-04-04
1073,12,James,Urban,Milwaukee,2005-09-06
1073,12,James,Urban,Milwaukee,2005-09-06
1074,50,Paul,Adam,Washington,2014-11-26
1074,50,Paul,Adam,Washington,2014-11-26
1075,66,David,Conrad,Atlanta,1995-09-28
1075,66,David,Conrad,Atlanta,1995-09-28
1076,20,Thomas,Behrens,Portland,1999-07-26
1076,20,Thomas,Behrens,Portland,1999-07-26
1077,6,David,Bosse,Columbus,2001-07-23
1077,6,David,Bosse,Columbus,2001-07-23
1078,1,William,Seeger,Phoenix,2012-08-12
1078,1,William,Seeger,Phoenix,2012-08-12
1079,90,Joseph,Gerhardt,Mesa,2018-09-21
1079,90,Joseph,Gerhardt,Mesa,2018-09-21
1080,7,Nancy,Höhne,Albuquerque,1996-07-22
1080,7,Nancy,Höhne,Albuquerque,1996-07-22
1081,96,Donna,Schmitt,Fresno,2009-02-12
1081,96,Donna,Schmitt,Fresno,2009-02-12
1082,55,Andrew,Herz,San Antonio,2004-11-21
1082,55,Andrew,Herz,San Antonio,2004-11-21
1083,97,Ashley,Schüler,Jacksonville,2023-10-10
1083,97,Ashley,Schüler,Jacksonville,2023-10-10
1084,74,Donald,Reimer,San Francisco,2023-07-25
1084,74,Donald,Reimer,San Francisco,2023-07-25
1085,15,Ronald,Link,Baltimore,2017-01-23
1085,15,Ronald,Link,Baltimore,2017-01-23
1086,95,Robert,Opitz,Nashville,2015-07-26
1086,95,Robert,Opitz,Nashville,2015-07-26
1087,24,Amanda,John,San Jose,2003-09-07
1087,24,Amanda,John,San Jose,2003-09-07
1088,29,Stephanie,Drews,New York,2006-12-15
1088,29,Stephanie,Drews,New York,2006-12-15
1089,82,Susan,Bremer,New York,2003-06-08
1089,82,Susan,Bremer,New York,2003-06-08
1090,71,William,Dietrich,Tucson,2023-08-26
1090,71,William,Dietrich,Tucson,2023-08-26
1091,34,David,Mangold,Kansas City,2021-08-07
1091,34,David,Mangold,Kansas City,2021-08-07
1092,78,Kimberly,Niemeyer,Boston,2013-07-15
1092,78,Kimberly,Niemeyer,Boston,2013-07-15
1093,84,Barbara,Prinz,Detroit,2008-05-04
1093,84,Barbara,Prinz,Detroit,2008-05-04
1094,93,Andrew,Steffen,San Jose,2019-11-11
1094,93,Andrew,Steffen,San Jose,2019-11-11
1095,37,Andrew,Schröter,Louisville,2000-07-18
1095,37,Andrew,Schröter,Louisville,2000-07-18
1096,42,James,Witt,Tucson,2002-02-14
1096,42,James,Witt,Tucson,2002-02-14
1097,64,Michelle,Adams,Atlanta,2015-09-01
1097,64,Michelle,Adams,Atlanta,2015-09-01
1098,95,Lisa,Bormann,Baltimore,2005-11-14
1098,95,Lisa,Bormann,Baltimore,2005-11-14
1099,19,Mark,Schirmer,San Diego,2011-04-11
1099,19,Mark,Schirmer,San Diego,2011-04-11
1100,23,Linda,Köster,New York,2019-03-02
1100,23,Linda,Köster,New York,2019-03-02
1101,71,William,Walz,Fort Worth,1995-09-27
1101,71,William,Walz,Fort Worth,1995-09-27
1102,6,Kenneth,Lotz,Phoenix,2003-02-23
1102,6,Kenneth,Lotz,Phoenix,2003-02-23
1103,99,Paul,Stephan,Las Vegas,2001-12-10
1103,99,Paul,Stephan,Las Vegas,2001-12-10
1104,93,Susan,Popp,Philadelphia,2001-05-12
1104,93,Susan,Popp,Philadelphia,2001-05-12
1105,55,Ashley,Ebner,Boston,2022-05-21
1105,55,Ashley,Ebner,Boston,2022-05-21
1106,77,Andrew,Hopp,New York,2000-02-15
1106,77,Andrew,Hopp,New York,2000-02-15
1107,39,Charles,Spindler,Boston,1998-06-08
1107,39,Charles,Spindler,Boston,1998-06-08
1108,25,Paul,Eckhardt,New York,2018-12-13
1108,25,Paul,Eckhardt,New York,2018-12-13
1109,98,Robert,Faber,Albuquerque,2007-07-27
1109,98,Robert,Faber,Albuquerque,2007-07-27
1110,83,Christopher,Vogel,Chicago,1998-12-26
1110,83,Christopher,Vogel,Chicago,1998-12-26
1111,4,Susan,Stern,Denver,2008-11-03
1111,4,Susan,Stern,Denver,2008-11-03
1112,88,Sandra,Paulus,Memphis,1997-11-20
1112,88,Sandra,Paulus,Memphis,1997-11-20
1113,33,Patricia,Henning,Los Angeles,2020-12-15
1113,33,Patricia,Henning,Los Angeles,2020-12-15
1114,66,Matthew,Richter,Dallas,2004-08-18
1114,66,Matthew,Richter,Dallas,2004-08-18
1115,2,Brian,Brückner,San Francisco,2021-07-20
1115,2,Brian,Brückner,San Francisco,2021-07-20
1116,14,Carol,Greiner,Mesa,2018-06-11
1116,14,Carol,Greiner,Mesa,2018-06-11
1117,50,Matthew,Hafner,San Francisco,2003-09-10
1117,50,Matthew,Hafner,San Francisco,2003-09-10
1118,11,Karen,Ahrens,Fort Worth,2015-08-14
1118,11,Karen,Ahrens,Fort Worth,2015-08-14
1119,34,Michelle,Kretzschmar,Oklahoma City,1998-06-16
1119,34,Michelle,Kretzschmar,Oklahoma City,1998-06-16
1120,38,Linda,Heim,Chicago,2003-12-24
1120,38,Linda,Heim,Chicago,2003-12-24
1121,92,Joshua,Möller,Houston,2009-01-09
1121,92,Joshua,Möller,Houston,2009-01-09
1122,39,Michelle,Grau,San Francisco,2015-05-25
1122,39,Michelle,Grau,San Francisco,2015-05-25
1123,22,Susan,Weigand,Atlanta,1999-09-09
1123,22,Susan,Weigand,Atlanta,1999-09-09
1124,42,Emily,Knobloch,Charlotte,2003-11-07
1124,42,Emily,Knobloch,Charlotte,2003-11-07
1125,97,Donna,Lauterbach,Tucson,2004-04-14
1125,97,Donna,Lauterbach,Tucson,2004-04-14
1126,95,Steven,Klose,Indianapolis,2015-01-23
1126,95,Steven,Klose,Indianapolis,2015-01-23
1127,57,Daniel,Hausmann,Austin,2008-02-28
1127,57,Daniel,Hausmann,Austin,2008-02-28
1128,78,Joseph,Grote,Oklahoma City,2000-09-25
1128,78,Joseph,Grote,Oklahoma City,2000-09-25
1129,38,Steven,Dittmann,Kansas City,2015-04-10
1129,38,Steven,Dittmann,Kansas City,2015-04-10
1130,9,Matthew,Hille,Las Vegas,2010-05-14
1130,9,Matthew,Hille,Las Vegas,2010-05-14
1131,88,Thomas,Brüning,Indianapolis,2001-05-21
1131,88,Thomas,Brüning,Indianapolis,2001-05-21
1132,29,Steven,Heise,Baltimore,1997-05-04
1132,29,Steven,Heise,Baltimore,1997-05-04
1133,69,Timothy,Krieger,Fresno,1995-12-12
1133,69,Timothy,Krieger,Fresno,1995-12-12
1134,42,Mary,Petry,New York,1995-01-24
1134,42,Mary,Petry,New York,1995-01-24
1135,60,Susan,Knapp,Las Vegas,1996-02-18
1135,60,Susan,Knapp,Las Vegas,1996-02-18
1136,39,Michelle,Fiedler,Las Vegas,2008-06-16
1136,39,Michelle,Fiedler,Las Vegas,2008-06-16
1137,91,Michelle,Loos,Dallas,2013-08-10
1137,91,Michelle,Loos,Dallas,2013-08-10
1138,72,Joshua,Mayer,Washington,2019-02-06
1138,72,Joshua,Mayer,Washington,2019-02-06
1139,93,Jennifer,Kunkel,Fort Worth,2010-12-12
1139,93,Jennifer,Kunkel,Fort Worth,2010-12-12
1140,60,Jennifer,Hofer,San Francisco,2023-11-14
1140,60,Jennifer,Hofer,San Francisco,2023-11-14
1141,53,Michael,Muth,Boston,1995-04-05
1141,53,Michael,Muth,Boston,1995-04-05
1142,76,John,Liedtke,Louisville,2021-02-18
1142,76,John,Liedtke,Louisville,2021-02-18
1143,8,Linda,Freitag,Charlotte,2015-04-05
1143,8,Linda,Freitag,Charlotte,2015-04-05
1144,21,Carol,Lutz,Baltimore,2011-04-20
1144,21,Carol,Lutz,Baltimore,2011-04-20
1145,56,Joseph,Bühler,Portland,2004-04-07
1145,56,Joseph,Bühler,Portland,2004-04-07
1146,48,Timothy,Roos,Washington,2013-08-06
1146,48,Timothy,Roos,Washington,2013-08-06
1147,47,Mark,Huth,Jacksonville,2008-08-24
1147,47,Mark,Huth,Jacksonville,2008-08-24
1148,9,Steven,Augustin,Milwaukee,2015-11-09
1148,9,Steven,Augustin,Milwaukee,2015-11-09
1149,78,Ashley,Jäger,Portland,2019-01-18
1149,78,Ashley,Jäger,Portland,2019-01-18
1150,1,Joshua,Günther,Fort Worth,2013-10-06
1150,1,Joshua,Günther,Fort Worth,2013-10-06
1151,55,Anthony,Struck,Milwaukee,2014-12-16
1151,55,Anthony,Struck,Milwaukee,2014-12-16
1152,31,Margaret,Heidrich,Albuquerque,2013-09-01
1152,31,Margaret,Heidrich,Albuquerque,2013-09-01
1153,80,Mark,Zöller,Albuquerque,2001-07-09
1153,80,Mark,Zöller,Albuquerque,2001-07-09
1154,91,Donna,Schenk,Sacramento,1998-04-28
1154,91,Donna,Schenk,Sacramento,1998-04-28
1155,11,Steven,Böhmer,Nashville,2013-06-06
1155,11,Steven,Böhmer,Nashville,2013-06-06
1156,66,Paul,Seibel,Jacksonville,2004-12-07
1156,66,Paul,Seibel,Jacksonville,2004-12-07
1157,60,Anthony,Cordes,Indianapolis,2002-11-11
1157,60,Anthony,Cordes,Indianapolis,2002-11-11
1158,31,Steven,Petzold,San Antonio,1995-01-02
1158,31,Steven,Petzold,San Antonio,1995-01-02
1159,50,Patricia,Hansen,Houston,2004-06-14
1159,50,Patricia,Hansen,Houston,2004-06-14
1160,60,Lisa,Frenzel,Portland,1998-02-23
1160,60,Lisa,Frenzel,Portland,1998-02-23
1161,88,Mary,Benz,Boston,1999-09-22
1161,88,Mary,Benz,Boston,1999-09-22
1162,62,Elizabeth,Krämer,Milwaukee,2005-09-12
1162,62,Elizabeth,Krämer,Milwaukee,2005-09-12
1163,39,Robert,Radtke,Austin,2015-11-22
1163,39,Robert,Radtke,Austin,2015-11-22
1164,3,Elizabeth,Vogel,Oklahoma City,2011-05-28
1164,3,Elizabeth,Vogel,Oklahoma City,2011-05-28
1165,58,Steven,Sommerfeld,Mesa,2000-05-06
1165,58,Steven,Sommerfeld,Mesa,2000-05-06
1166,68,Donna,Wittmann,San Francisco,2014-12-26
1166,68,Donna,Wittmann,San Francisco,2014-12-26
1167,30,Richard,Hauck,Austin,2000-03-08
1167,30,Richard,Hauck,Austin,2000-03-08
1168,67,Donald,Ortmann,Baltimore,1996-06-03
1168,67,Donald,Ortmann,Baltimore,1996-06-03
1169,68,Timothy,Baumgarten,Sacramento,2006-07-26
1169,68,Timothy,Baumgarten,Sacramento,2006-07-26
1170,58,Margaret,Oswald,Kansas City,2011-02-02
1170,58,Margaret,Oswald,Kansas City,2011-02-02
1171,77,Brian,Werner,Washington,1996-12-05
1171,77,Brian,Werner,Washington,1996-12-05
1172,53,Nancy,Kohler,Portland,2006-10-11
1172,53,Nancy,Kohler,Portland,2006-10-11
1173,14,Joseph,Ortmann,Atlanta,2012-11-18
1173,14,Joseph,Ortmann,Atlanta,2012-11-18
1174,10,Mark,Oppermann,Sacramento,2012-11-21
1174,10,Mark,Oppermann,Sacramento,2012-11-21
1175,78,Linda,Hagen,Houston,2006-08-10
1175,78,Linda,Hagen,Houston,2006-08-10
1176,81,Robert,Bernhard,Indianapolis,1996-09-21
1176,81,Robert,Bernhard,Indianapolis,1996-09-21
1177,22,Mark,Held,Indianapolis,2024-07-05
1177,22,Mark,Held,Indianapolis,2024-07-05
1178,63,Timothy,Breuer,Nashville,2009-10-04
1178,63,Timothy,Breuer,Nashville,2009-10-04
1179,61,Patricia,Stamm,Detroit,2016-04-14
1179,61,Patricia,Stamm,Detroit,2016-04-14
1180,46,Barbara,Funke,Mesa,1995-12-08
1180,46,Barbara,Funke,Mesa,1995-12-08
1181,37,Brian,Ortmann,Denver,2022-05-28
1181,37,Brian,Ortmann,Denver,2022-05-28
1182,21,Mary,Brendel,San Francisco,2015-03-01
1182,21,Mary,Brendel,San Francisco,2015-03-01
1183,89,Anthony,Walz,Detroit,2022-02-27
1183,89,Anthony,Walz,Detroit,2022-02-27
1184,3,Donald,Reimers,Washington,2021-11-27
1184,3,Donald,Reimers,Washington,2021-11-27
1185,19,Margaret,Vogl,Louisville,2016-12-13
1185,19,Margaret,Vogl,Louisville,2016-12-13
1186,32,Margaret,Seifert,New York,1996-02-21
1186,32,Margaret,Seifert,New York,1996-02-21
1187,79,Sandra,Weller,Mesa,2016-01-14
1187,79,Sandra,Weller,Mesa,2016-01-14
1188,24,Kevin,Horstmann,Atlanta,2005-03-26
1188,24,Kevin,Horstmann,Atlanta,2005-03-26
1189,73,Anthony,Erdmann,Los Angeles,2018-06-21
1189,73,Anthony,Erdmann,Los Angeles,2018-06-21
1190,74,Robert,Schön,San Francisco,2000-06-22
1190,74,Robert,Schön,San Francisco,2000-06-22
1191,48,Sarah,Giese,Omaha,2000-02-21
1191,48,Sarah,Giese,Omaha,2000-02-21
1192,96,William,Eberhardt,Kansas City,2003-12-08
1192,96,William,Eberhardt,Kansas City,2003-12-08
1193,58,Elizabeth,Seidl,Nashville,2007-08-24
1193,58,Elizabeth,Seidl,Nashville,2007-08-24
1194,40,Michelle,Teichmann,Dallas,2008-03-13
1194,40,Michelle,Teichmann,Dallas,2008-03-13
1195,7,Donna,Weiß,San Jose,2005-05-27
1195,7,Donna,Weiß,San Jose,2005-05-27
1196,46,Jennifer,Engel,Austin,2023-06-08
1196,46,Jennifer,Engel,Austin,2023-06-08
1197,91,Linda,Dörr,Indianapolis,2013-02-16
1197,91,Linda,Dörr,Indianapolis,2013-02-16
1198,15,Daniel,Jacobs,Indianapolis,1997-05-20
1198,15,Daniel,Jacobs,Indianapolis,1997-05-20
1199,85,Timothy,Emmerich,Los Angeles,2019-10-14
1199,85,Timothy,Emmerich,Los Angeles,2019-10-14
1200,74,Sandra,Burger,San Diego,2024-12-02
1200,74,Sandra,Burger,San Diego,2024-12-02
1201,87,Melissa,Meißner,San Jose,2022-01-06
1201,87,Melissa,Meißner,San Jose,2022-01-06
1202,5,Kevin,Ebel,San Francisco,2017-12-24
1202,5,Kevin,Ebel,San Francisco,2017-12-24
1203,59,Barbara,Baum,Colorado Springs,2001-02-20
1203,59,Barbara,Baum,Colorado Springs,2001-02-20
1204,70,Sandra,Harms,Las Vegas,1998-02-09
1204,70,Sandra,Harms,Las Vegas,1998-02-09
1205,22,Richard,Kolb,Chicago,2003-03-06
1205,22,Richard,Kolb,Chicago,2003-03-06
1206,28,Michelle,Kessler,Baltimore,2012-07-02
1206,28,Michelle,Kessler,Baltimore,2012-07-02
1207,54,Karen,Jacob,San Jose,2005-02-16
1207,54,Karen,Jacob,San Jose,2005-02-16
1208,19,Matthew,Niemeyer,Denver,1996-01-19
1208,19,Matthew,Niemeyer,Denver,1996-01-19
1209,14,Steven,Schäfer,San Antonio,1996-10-20
1209,14,Steven,Schäfer,San Antonio,1996-10-20
1210,48,Timothy,Rößler,Dallas,1999-01-16
1210,48,Timothy,Rößler,Dallas,1999-01-16
1211,7,Michelle,Unger,Denver,2018-10-28
1211,7,Michelle,Unger,Denver,2018-10-28
1212,79,Kevin,Hoff,Omaha,2006-06-07
1212,79,Kevin,Hoff,Omaha,2006-06-07
1213,32,Barbara,Tillmann,Washington,2015-01-26
1213,32,Barbara,Tillmann,Washington,2015-01-26
1214,22,Amanda,Büttner,Seattle,2004-09-25
1214,22,Amanda,Büttner,Seattle,2004-09-25
1215,46,Margaret,Palm,El Paso,2017-03-07
1215,46,Margaret,Palm,El Paso,2017-03-07
1216,85,Deborah,Otto,Los Angeles,2007-01-12
1216,85,Deborah,Otto,Los Angeles,2007-01-12
1217,83,Patricia,Wimmer,Austin,2007-10-01
1217,83,Patricia,Wimmer,Austin,2007-10-01
1218,13,Robert,Rahn,Milwaukee,2006-03-19
1218,13,Robert,Rahn,Milwaukee,2006-03-19
1219,22,Paul,Thiemann,Tucson,1998-05-16
1219,22,Paul,Thiemann,Tucson,1998-05-16
1220,10,Linda,Zander,Columbus,2022-08-12
1220,10,Linda,Zander,Columbus,2022-08-12
1221,44,Carol,Sommer,Indianapolis,2009-01-19
1221,44,Carol,Sommer,Indianapolis,2009-01-19
1222,24,Ronald,Endres,Austin,2006-03-14
1222,24,Ronald,Endres,Austin,2006-03-14
1223,59,Betty,Ehrhardt,Tucson,2011-06-02
1223,59,Betty,Ehrhardt,Tucson,2011-06-02
1224,62,Donald,Brandes,San Antonio,2017-10-04
1224,62,Donald,Brandes,San Antonio,2017-10-04
1225,72,David,Eichhorn,Milwaukee,2007-03-21
1225,72,David,Eichhorn,Milwaukee,2007-03-21
1226,72,Mark,Janzen,Columbus,2000-03-18
1226,72,Mark,Janzen,Columbus,2000-03-18
1227,55,Susan,Clausen,Louisville,2000-08-27
1227,55,Susan,Clausen,Louisville,2000-08-27
1228,49,Michelle,Sachs,Indianapolis,2022-02-11
1228,49,Michelle,Sachs,Indianapolis,2022-02-11
1229,50,Kenneth,Krohn,Denver,2001-03-24
1229,50,Kenneth,Krohn,Denver,2001-03-24
1230,19,Lisa,Dreher,San Francisco,1997-10-16
1230,19,Lisa,Dreher,San Francisco,1997-10-16
1231,82,William,Nitsche,Detroit,2007-05-11
1231,82,William,Nitsche,Detroit,2007-05-11
1232,58,Daniel,Peters,Philadelphia,1999-05-25
1232,58,Daniel,Peters,Philadelphia,1999-05-25
1233,97,James,Renner,Dallas,2023-11-18
1233,97,James,Renner,Dallas,2023-11-18
1234,48,Melissa,Neubert,San Francisco,2002-04-15
1234,48,Melissa,Neubert,San Francisco,2002-04-15
1235,93,Paul,Sauter,Milwaukee,2014-02-01
1235,93,Paul,Sauter,Milwaukee,2014-02-01
1236,96,Charles,Armbruster,Fort Worth,2024-03-03
1236,96,Charles,Armbruster,Fort Worth,2024-03-03
1237,72,Sandra,Haupt,El Paso,2001-03-15
1237,72,Sandra,Haupt,El Paso,2001-03-15
1238,96,Melissa,Schlegel,Phoenix,2014-09-21
1238,96,Melissa,Schlegel,Phoenix,2014-09-21
1239,12,Margaret,Held,Mesa,2021-12-15
1239,12,Margaret,Held,Mesa,2021-12-15
1240,86,Daniel,Niemann,Mesa,2003-12-22
1240,86,Daniel,Niemann,Mesa,2003-12-22
1241,20,James,Moser,Chicago,1997-03-17
1241,20,James,Moser,Chicago,1997-03-17
1242,45,Michelle,Menzel,Las Vegas,2013-01-22
1242,45,Michelle,Menzel,Las Vegas,2013-01-22
1243,26,Joseph,Hauck,San Francisco,2005-07-13
1243,26,Joseph,Hauck,San Francisco,2005-07-13
1244,81,Charles,Clausen,Colorado Springs,2004-09-21
1244,81,Charles,Clausen,Colorado Springs,2004-09-21
1245,98,Timothy,Reimers,Detroit,2015-11-18
1245,98,Timothy,Reimers,Detroit,2015-11-18
1246,31,David,Metzger,Houston,2018-03-26
1246,31,David,Metzger,Houston,2018-03-26
1247,82,David,Möller,Fort Worth,2011-09-14
1247,82,David,Möller,Fort Worth,2011-09-14
1248,59,Elizabeth,Specht,New York,2005-11-28
1248,59,Elizabeth,Specht,New York,2005-11-28
1249,3,Sandra,Körber,Nashville,2017-02-24
1249,3,Sandra,Körber,Nashville,2017-02-24
1250,18,Kenneth,Rausch,Denver,1996-04-15
1250,18,Kenneth,Rausch,Denver,1996-04-15
1251,84,Andrew,Lang,Nashville,2018-04-23
1251,84,Andrew,Lang,Nashville,2018-04-23
1252,21,Matthew,Noll,Seattle,2024-10-15
1252,21,Matthew,Noll,Seattle,2024-10-15
1253,57,Sandra,Kersten,Chicago,2008-11-01
1253,57,Sandra,Kersten,Chicago,2008-11-01
1254,99,William,Lorenzen,Albuquerque,1995-10-20
1254,99,William,Lorenzen,Albuquerque,1995-10-20
1255,42,Donna,Zimmermann,Jacksonville,2016-07-02
1255,42,Donna,Zimmermann,Jacksonville,2016-07-02
1256,62,Mary,Born,Omaha,2000-10-10
1256,62,Mary,Born,Omaha,2000-10-10
1257,30,John,Schade,Charlotte,2010-10-03
1257,30,John,Schade,Charlotte,2010-10-03
1258,61,Karen,Kroll,Phoenix,2000-05-26
1258,61,Karen,Kroll,Phoenix,2000-05-26
1259,36,Anthony,Haas,Houston,2008-03-10
1259,36,Anthony,Haas,Houston,2008-03-10
1260,55,Kimberly,Rauch,Louisville,2021-09-18
1260,55,Kimberly,Rauch,Louisville,2021-09-18
1261,4,Anthony,Hafner,Houston,2003-05-28
1261,4,Anthony,Hafner,Houston,2003-05-28
1262,15,Thomas,König,Charlotte,2018-05-06
1262,15,Thomas,König,Charlotte,2018-05-06
1263,71,Kevin,Nitschke,San Francisco,2021-05-01
1263,71,Kevin,Nitschke,San Francisco,2021-05-01
1264,96,Amanda,Zeidler,Chicago,2010-09-27
1264,96,Amanda,Zeidler,Chicago,2010-09-27
1265,97,Nancy,Armbruster,Jacksonville,2018-09-01
1265,97,Nancy,Armbruster,Jacksonville,2018-09-01
1266,57,Matthew,Orth,El Paso,2023-09-03
1266,57,Matthew,Orth,El Paso,2023-09-03
1267,63,John,Lindner,Seattle,2020-09-06
1267,63,John,Lindner,Seattle,2020-09-06
1268,77,Jennifer,Fröhlich,New York,1995-12-01
1268,77,Jennifer,Fröhlich,New York,1995-12-01
1269,64,Nancy,Kuhn,Sacramento,2020-10-20
1269,64,Nancy,Kuhn,Sacramento,2020-10-20
1270,17,Steven,Hartung,Milwaukee,1995-07-06
1270,17,Steven,Hartung,Milwaukee,1995-07-06
1271,53,Ronald,Horn,New York,2004-01-12
1271,53,Ronald,Horn,New York,2004-01-12
1272,40,Mark,Krieg,Chicago,2000-10-19
1272,40,Mark,Krieg,Chicago,2000-10-19
1273,70,Kevin,Kling,Chicago,2021-09-08
1273,70,Kevin,Kling,Chicago,2021-09-08
1274,50,Lisa,Wagner,Atlanta,2016-05-09
1274,50,Lisa,Wagner,Atlanta,2016-05-09
1275,68,Sandra,Strauch,Denver,2020-05-27
1275,68,Sandra,Strauch,Denver,2020-05-27
1276,15,Betty,Bayer,Memphis,2008-10-15
1276,15,Betty,Bayer,Memphis,2008-10-15
1277,72,Stephanie,Rößler,Boston,2000-05-14
1277,72,Stephanie,Rößler,Boston,2000-05-14
1278,34,Charles,Heidrich,Tucson,2003-05-17
1278,34,Charles,Heidrich,Tucson,2003-05-17
1279,30,Ronald,Jacob,Mesa,2012-06-03
1279,30,Ronald,Jacob,Mesa,2012-06-03
1280,87,John,Clausen,Memphis,2007-11-03
1280,87,John,Clausen,Memphis,2007-11-03
1281,73,Thomas,Dietze,Detroit,2020-08-12
1281,73,Thomas,Dietze,Detroit,2020-08-12
1282,24,Sarah,Schäfer,Houston,1995-04-01
1282,24,Sarah,Schäfer,Houston,1995-04-01
1283,8,Kenneth,Keck,Columbus,2019-07-03
1283,8,Kenneth,Keck,Columbus,2019-07-03
1284,57,Ronald,Groß,Portland,2007-01-19
1284,57,Ronald,Groß,Portland,2007-01-19
1285,70,Sarah,Dreyer,Tucson,1996-05-04
1285,70,Sarah,Dreyer,Tucson,1996-05-04
1286,25,Lisa,Oppermann,Washington,1999-12-05
1286,25,Lisa,Oppermann,Washington,1999-12-05
1287,77,Betty,Baum,Chicago,2010-12-23
1287,77,Betty,Baum,Chicago,2010-12-23
1288,34,Michelle,Gehrmann,El Paso,1999-12-28
1288,34,Michelle,Gehrmann,El Paso,1999-12-28
1289,25,Ronald,Klemm,Nashville,2002-09-03
1289,25,Ronald,Klemm,Nashville,2002-09-03
1290,18,John,Pahl,El Paso,2011-01-22
1290,18,John,Pahl,El Paso,2011-01-22
1291,73,James,Klug,Houston,2005-06-17
1291,73,James,Klug,Houston,2005-06-17
1292,97,Emily,Schleicher,Nashville,2005-03-28
1292,97,Emily,Schleicher,Nashville,2005-03-28
1293,70,Richard,Albert,Atlanta,2004-10-12
1293,70,Richard,Albert,Atlanta,2004-10-12
1294,14,Ashley,Theis,Milwaukee,2022-07-07
1294,14,Ashley,Theis,Milwaukee,2022-07-07
1295,6,Daniel,Hecker,Nashville,2021-10-13
1295,6,Daniel,Hecker,Nashville,2021-10-13
1296,82,Christopher,Kübler,Detroit,2001-05-11
1296,82,Christopher,Kübler,Detroit,2001-05-11
1297,90,Emily,Neumann,Sacramento,1997-04-09
1297,90,Emily,Neumann,Sacramento,1997-04-09
1298,36,Ashley,Schütze,Kansas City,1999-01-10
1298,36,Ashley,Schütze,Kansas City,1999-01-10
1299,36,Mark,Wendt,Las Vegas,2020-11-10
1299,36,Mark,Wendt,Las Vegas,2020-11-10
1300,75,Ronald,Petersen,Austin,2015-06-15
1300,75,Ronald,Petersen,Austin,2015-06-15
1301,18,Brian,Berger,Memphis,2008-05-13
1301,18,Brian,Berger,Memphis,2008-05-13
1302,15,Mark,Schön,Chicago,2004-08-12
1302,15,Mark,Schön,Chicago,2004-08-12
1303,94,Ashley,Wessels,New York,1999-09-08
1303,94,Ashley,Wessels,New York,1999-09-08
1304,89,Jessica,Eckert,Denver,2022-03-12
1304,89,Jessica,Eckert,Denver,2022-03-12
1305,16,Michelle,Ullmann,Washington,2011-11-25
1305,16,Michelle,Ullmann,Washington,2011-11-25
1306,76,Christopher,Riedl,Columbus,2010-12-07
1306,76,Christopher,Riedl,Columbus,2010-12-07
1307,14,Karen,Maier,Columbus,2012-09-26
1307,14,Karen,Maier,Columbus,2012-09-26
1308,47,James,Clausen,Indianapolis,2012-06-24
1308,47,James,Clausen,Indianapolis,2012-06-24
1309,54,Susan,Ziegler,Tucson,2009-12-10
1309,54,Susan,Ziegler,Tucson,2009-12-10
1310,58,Timothy,Wessels,San Jose,2023-03-27
1310,58,Timothy,Wessels,San Jose,2023-03-27
1311,77,Stephanie,Grundmann,Kansas City,2014-11-13
1311,77,Stephanie,Grundmann,Kansas City,2014-11-13
1312,30,Mary,Stern,Fort Worth,1998-06-26
1312,30,Mary,Stern,Fort Worth,1998-06-26
1313,46,Betty,Benz,Kansas City,1997-12-24
1313,46,Betty,Benz,Kansas City,1997-12-24
1314,16,Ronald,Bayer,Colorado Springs,2005-11-23
1314,16,Ronald,Bayer,Colorado Springs,2005-11-23
1315,1,Stephanie,Groth,Tucson,2008-09-10
1315,1,Stephanie,Groth,Tucson,2008-09-10
1316,41,Ashley,Hagen,Tucson,2020-10-26
1316,41,Ashley,Hagen,Tucson,2020-10-26
1317,93,Donna,Exner,Memphis,2012-07-10
1317,93,Donna,Exner,Memphis,2012-07-10
1318,27,Patricia,Neumann,Phoenix,2022-03-16
1318,27,Patricia,Neumann,Phoenix,2022-03-16
1319,77,James,Kolb,Philadelphia,2017-04-02
1319,77,James,Kolb,Philadelphia,2017-04-02
1320,62,Linda,Behrens,Milwaukee,2007-05-01
1320,62,Linda,Behrens,Milwaukee,2007-05-01
1321,81,Mark,Linke,Indianapolis,2013-05-10
1321,81,Mark,Linke,Indianapolis,2013-05-10
1322,28,Joshua,Radtke,Milwaukee,2009-07-27
1322,28,Joshua,Radtke,Milwaukee,2009-07-27
1323,20,Michael,Wächter,Boston,2016-07-17
1323,20,Michael,Wächter,Boston,2016-07-17
1324,55,Emily,Kramer,Tucson,2002-07-19
1324,55,Emily,Kramer,Tucson,2002-07-19
1325,51,Elizabeth,Schweizer,San Jose,2010-05-10
1325,51,Elizabeth,Schweizer,San Jose,2010-05-10
1326,69,Elizabeth,Rapp,Jacksonville,2009-03-04
1326,69,Elizabeth,Rapp,Jacksonville,2009-03-04
1327,88,Christopher,Heinrich,Las Vegas,1996-02-13
1327,88,Christopher,Heinrich,Las Vegas,1996-02-13
1328,73,Melissa,Hecker,Jacksonville,2010-07-03
1328,73,Melissa,Hecker,Jacksonville,2010-07-03
1329,97,Kimberly,Appel,Milwaukee,2005-07-17
1329,97,Kimberly,Appel,Milwaukee,2005-07-17
1330,34,Steven,Eichhorn,San Jose,2016-06-03
1330,34,Steven,Eichhorn,San Jose,2016-06-03
1331,27,Daniel,Bruns,Chicago,2015-05-03
1331,27,Daniel,Bruns,Chicago,2015-05-03
1332,97,Betty,Reinhardt,Fresno,1999-03-12
1332,97,Betty,Reinhardt,Fresno,1999-03-12
1333,38,Emily,Straub,Louisville,1997-12-06
1333,38,Emily,Straub,Louisville,1997-12-06
1334,29,Stephanie,Krug,Denver,2010-01-03
1334,29,Stephanie,Krug,Denver,2010-01-03
1335,35,John,Jaeger,El Paso,2017-07-10
1335,35,John,Jaeger,El Paso,2017-07-10
1336,20,Mark,Zorn,Albuquerque,2015-03-05
1336,20,Mark,Zorn,Albuquerque,2015-03-05
1337,19,Linda,Eilers,San Jose,2012-08-08
1337,19,Linda,Eilers,San Jose,2012-08-08
1338,5,James,Kühnel,Tucson,2013-11-20
1338,5,James,Kühnel,Tucson,2013-11-20
1339,25,Michael,Pietsch,Fresno,1999-04-12
1339,25,Michael,Pietsch,Fresno,1999-04-12
1340,93,Nancy,Wächter,Tucson,2019-07-27
1340,93,Nancy,Wächter,Tucson,2019-07-27
1341,26,Daniel,Heuser,Phoenix,2009-01-08
1341,26,Daniel,Heuser,Phoenix,2009-01-08
1342,51,Linda,Rapp,Chicago,2015-07-25
1342,51,Linda,Rapp,Chicago,2015-07-25
1343,66,Timothy,Schindler,San Antonio,2008-03-14
1343,66,Timothy,Schindler,San Antonio,2008-03-14
1344,61,Paul,Uhlig,Las Vegas,2015-10-15
1344,61,Paul,Uhlig,Las Vegas,2015-10-15
1345,15,Michael,Tietz,Washington,2024-05-23
1345,15,Michael,Tietz,Washington,2024-05-23
1346,45,Steven,Schreiber,El Paso,2015-08-10
1346,45,Steven,Schreiber,El Paso,2015-08-10
1347,6,Betty,Renner,Baltimore,2011-03-04
1347,6,Betty,Renner,Baltimore,2011-03-04
1348,58,Timothy,Brinkmann,Seattle,2020-09-15
1348,58,Timothy,Brinkmann,Seattle,2020-09-15
1349,1,Linda,Fichtner,Albuquerque,2023-04-24
1349,1,Linda,Fichtner,Albuquerque,2023-04-24
1350,73,Kimberly,Stern,San Antonio,2004-12-15
1350,73,Kimberly,Stern,San Antonio,2004-12-15
1351,43,Andrew,Merten,Tucson,2011-05-14
1351,43,Andrew,Merten,Tucson,2011-05-14
1352,16,Emily,Krohn,Phoenix,2014-10-07
1352,16,Emily,Krohn,Phoenix,2014-10-07
1353,14,Nancy,Schuler,Louisville,2010-01-14
1353,14,Nancy,Schuler,Louisville,2010-01-14
1354,74,Susan,Mangold,San Diego,2023-09-15
1354,74,Susan,Mangold,San Diego,2023-09-15
1355,19,Emily,Brüggemann,Charlotte,2021-09-02
1355,19,Emily,Brüggemann,Charlotte,2021-09-02
1356,51,Melissa,Grunwald,Houston,2012-12-03
1356,51,Melissa,Grunwald,Houston,2012-12-03
1357,8,Kevin,May,Fresno,2000-11-28
1357,8,Kevin,May,Fresno,2000-11-28
1358,48,Jessica,Freitag,Phoenix,2022-05-06
1358,48,Jessica,Freitag,Phoenix,2022-05-06
1359,12,Patricia,Berg,Tucson,2015-09-03
1359,12,Patricia,Berg,Tucson,2015-09-03
1360,70,Paul,Brinkmann,Phoenix,2006-04-11
1360,70,Paul,Brinkmann,Phoenix,2006-04-11
1361,35,Charles,Wessel,Kansas City,1996-02-09
1361,35,Charles,Wessel,Kansas City,1996-02-09
1362,70,Susan,Dreher,Fresno,2021-01-01
1362,70,Susan,Dreher,Fresno,2021-01-01
1363,6,Donald,Hinze,Detroit,2011-03-16
1363,6,Donald,Hinze,Detroit,2011-03-16
1364,99,Deborah,Wagner,New York,2002-01-03
1364,99,Deborah,Wagner,New York,2002-01-03
1365,11,Karen,Heyer,Houston,1999-04-25
1365,11,Karen,Heyer,Houston,1999-04-25
1366,38,John,Paulsen,Colorado Springs,2022-12-07
1366,38,John,Paulsen,Colorado Springs,2022-12-07
1367,91,Elizabeth,Eggert,Detroit,2003-08-20
1367,91,Elizabeth,Eggert,Detroit,2003-08-20
1368,26,John,Rother,Tucson,2014-04-15
1368,26,John,Rother,Tucson,2014-04-15
1369,28,Steven,Rothe,Tucson,2010-08-18
1369,28,Steven,Rothe,Tucson,2010-08-18
1370,72,Daniel,Wagener,San Diego,2021-02-21
1370,72,Daniel,Wagener,San Diego,2021-02-21
1371,89,Charles,Weis,Oklahoma City,2011-03-23
1371,89,Charles,Weis,Oklahoma City,2011-03-23
1372,83,Christopher,Falk,Indianapolis,2008-11-02
1372,83,Christopher,Falk,Indianapolis,2008-11-02
1373,80,Deborah,Hopp,Nashville,2003-07-08
1373,80,Deborah,Hopp,Nashville,2003-07-08
1374,50,Christopher,Schulze,Detroit,2012-12-09
1374,50,Christopher,Schulze,Detroit,2012-12-09
1375,58,Margaret,Feldmann,El Paso,2003-01-06
1375,58,Margaret,Feldmann,El Paso,2003-01-06
1376,26,Mark,Böhmer,Seattle,1998-10-22
1376,26,Mark,Böhmer,Seattle,1998-10-22
1377,44,Karen,Borchert,Milwaukee,2006-12-08
1377,44,Karen,Borchert,Milwaukee,2006-12-08
1378,15,Mary,Esser,Fort Worth,2000-09-07
1378,15,Mary,Esser,Fort Worth,2000-09-07
1379,76,James,Rademacher,New York,2003-09-26
1379,76,James,Rademacher,New York,2003-09-26
1380,24,Timothy,Andres,Dallas,2022-07-24
1380,24,Timothy,Andres,Dallas,2022-07-24
1381,77,Robert,Greiner,Chicago,2018-04-21
1381,77,Robert,Greiner,Chicago,2018-04-21
1382,59,Sarah,Nagel,Detroit,2019-04-17
1382,59,Sarah,Nagel,Detroit,2019-04-17
1383,57,William,Wagener,Dallas,2008-01-03
1383,57,William,Wagener,Dallas,2008-01-03
1384,17,Carol,Kretschmer,Indianapolis,1996-05-03
1384,17,Carol,Kretschmer,Indianapolis,1996-05-03
1385,77,Mary,Heinrich,Las Vegas,2017-11-09
1385,77,Mary,Heinrich,Las Vegas,2017-11-09
1386,81,Michael,Trapp,Columbus,2012-11-15
1386,81,Michael,Trapp,Columbus,2012-11-15
1387,1,Daniel,Haupt,Chicago,2023-07-16
1387,1,Daniel,Haupt,Chicago,2023-07-16
1388,11,Barbara,Dittrich,Fresno,2011-06-16
1388,11,Barbara,Dittrich,Fresno,2011-06-16
1389,20,Sarah,Grün,Tucson,2021-08-03
1389,20,Sarah,Grün,Tucson,2021-08-03
1390,31,Robert,Klinger,Las Vegas,2017-04-10
1390,31,Robert,Klinger,Las Vegas,2017-04-10
1391,99,Paul,Merten,Dallas,2013-07-07
1391,99,Paul,Merten,Dallas,2013-07-07
1392,39,Donna,Schweizer,San Jose,1999-03-11
1392,39,Donna,Schweizer,San Jose,1999-03-11
1393,63,Ashley,Eberle,Los Angeles,2020-11-02
1393,63,Ashley,Eberle,Los Angeles,2020-11-02
1394,6,David,Krug,San Antonio,2022-08-16
1394,6,David,Krug,San Antonio,2022-08-16
1395,99,Kimberly,Kretschmer,Nashville,2018-07-08
1395,99,Kimberly,Kretschmer,Nashville,2018-07-08
1396,28,Amanda,Schroeder,Denver,2000-10-06
1396,28,Amanda,Schroeder,Denver,2000-10-06
1397,51,Andrew,Kling,Boston,2005-06-11
1397,51,Andrew,Kling,Boston,2005-06-11
1398,53,Lisa,Peters,Washington,2017-11-12
1398,53,Lisa,Peters,Washington,2017-11-12
1399,44,Amanda,Wächter,Austin,2000-11-07
1399,44,Amanda,Wächter,Austin,2000-11-07
1400,65,Nancy,Grimm,Tucson,2004-09-11
1400,65,Nancy,Grimm,Tucson,2004-09-11
1401,80,Thomas,Riedel,Albuquerque,2022-12-11
1401,80,Thomas,Riedel,Albuquerque,2022-12-11
1402,12,Elizabeth,Buschmann,Nashville,1996-11-16
1402,12,Elizabeth,Buschmann,Nashville,1996-11-16
1403,28,Ashley,Schütze,Colorado Springs,1995-06-11
1403,28,Ashley,Schütze,Colorado Springs,1995-06-11
1404,79,Melissa,Breuer,Oklahoma City,2013-03-28
1404,79,Melissa,Breuer,Oklahoma City,2013-03-28
1405,72,Daniel,Ehrhardt,San Diego,2020-02-14
1405,72,Daniel,Ehrhardt,San Diego,2020-02-14
1406,68,Emily,Matthes,Atlanta,2007-07-28
1406,68,Emily,Matthes,Atlanta,2007-07-28
1407,95,Thomas,Lenz,Dallas,2017-03-10
1407,95,Thomas,Lenz,Dallas,2017-03-10
1408,30,Stephanie,Jost,Boston,2003-04-06
1408,30,Stephanie,Jost,Boston,2003-04-06
1409,35,Thomas,Ullmann,Boston,2018-07-14
1409,35,Thomas,Ullmann,Boston,2018-07-14
1410,6,Susan,Reiß,Tucson,2018-03-10
1410,6,Susan,Reiß,Tucson,2018-03-10
1411,85,David,Rühl,Los Angeles,2021-07-06
1411,85,David,Rühl,Los Angeles,2021-07-06
1412,30,Michelle,Liedtke,Denver,2013-07-04
1412,30,Michelle,Liedtke,Denver,2013-07-04
1413,80,Mary,Pahl,Oklahoma City,2011-06-28
1413,80,Mary,Pahl,Oklahoma City,2011-06-28
1414,63,Brian,Weigand,Memphis,2015-05-11
1414,63,Brian,Weigand,Memphis,2015-05-11
1415,8,Matthew,Schwarze,Philadelphia,2000-01-06
1415,8,Matthew,Schwarze,Philadelphia,2000-01-06
1416,91,Joshua,Lenz,San Francisco,2010-01-07
1416,91,Joshua,Lenz,San Francisco,2010-01-07
1417,33,David,Hildebrand,Boston,2018-11-01
1417,33,David,Hildebrand,Boston,2018-11-01
1418,43,Lisa,Stamm,Kansas City,2023-06-08
1418,43,Lisa,Stamm,Kansas City,2023-06-08
1419,76,Kevin,Stenzel,Houston,2000-03-23
1419,76,Kevin,Stenzel,Houston,2000-03-23
1420,43,Melissa,Eberhardt,Baltimore,2019-12-07
1420,43,Melissa,Eberhardt,Baltimore,2019-12-07
1421,45,Patricia,Rode,Oklahoma City,2011-07-06
1421,45,Patricia,Rode,Oklahoma City,2011-07-06
1422,87,Sandra,Lemke,Chicago,1999-01-12
1422,87,Sandra,Lemke,Chicago,1999-01-12
1423,54,Mark,Steiner,El Paso,2008-04-02
1423,54,Mark,Steiner,El Paso,2008-04-02
1424,65,Brian,Clausen,Seattle,2018-01-10
1424,65,Brian,Clausen,Seattle,2018-01-10
1425,7,Kimberly,Gerhardt,Detroit,2018-03-23
1425,7,Kimberly,Gerhardt,Detroit,2018-03-23
1426,36,Daniel,Kolb,Mesa,2007-02-02
1426,36,Daniel,Kolb,Mesa,2007-02-02
1427,25,Paul,Sieber,San Diego,2004-12-21
1427,25,Paul,Sieber,San Diego,2004-12-21
1428,85,William,Braun,San Francisco,2002-05-23
1428,85,William,Braun,San Francisco,2002-05-23
1429,37,Jennifer,Pütz,Milwaukee,2016-04-17
1429,37,Jennifer,Pütz,Milwaukee,2016-04-17
1430,12,Karen,Schaper,Atlanta,2003-07-21
1430,12,Karen,Schaper,Atlanta,2003-07-21
1431,32,Charles,Korn,Tucson,1996-02-16
1431,32,Charles,Korn,Tucson,1996-02-16
1432,49,Carol,Hans,Portland,2006-11-16
1432,49,Carol,Hans,Portland,2006-11-16
1433,38,Margaret,Clausen,Houston,2000-12-25
1433,38,Margaret,Clausen,Houston,2000-12-25
1434,56,Kenneth,Lang,Washington,2013-04-16
1434,56,Kenneth,Lang,Washington,2013-04-16
1435,80,Donna,Konrad,Detroit,2009-12-03
1435,80,Donna,Konrad,Detroit,2009-12-03
1436,65,Kimberly,Kasper,Albuquerque,2012-05-21
1436,65,Kimberly,Kasper,Albuquerque,2012-05-21
1437,26,Thomas,Ziegler,Las Vegas,2021-06-24
1437,26,Thomas,Ziegler,Las Vegas,2021-06-24
1438,57,Paul,Neubauer,Sacramento,2007-09-22
1438,57,Paul,Neubauer,Sacramento,2007-09-22
1439,14,Matthew,Bender,Atlanta,2003-01-20
1439,14,Matthew,Bender,Atlanta,2003-01-20
1440,56,Donna,Kühn,Albuquerque,2008-07-20
1440,56,Donna,Kühn,Albuquerque,2008-07-20
1441,70,Barbara,Nitschke,San Antonio,2002-03-23
1441,70,Barbara,Nitschke,San Antonio,2002-03-23
1442,41,Daniel,Rausch,Tucson,2002-03-15
1442,41,Daniel,Rausch,Tucson,2002-03-15
1443,51,Carol,Balzer,Milwaukee,2017-10-20
1443,51,Carol,Balzer,Milwaukee,2017-10-20
1444,84,Lisa,Heller,Fort Worth,2014-08-14
1444,84,Lisa,Heller,Fort Worth,2014-08-14
1445,67,Charles,Claus,Austin,2007-05-27
1445,67,Charles,Claus,Austin,2007-05-27
1446,12,Anthony,Heinz,Las Vegas,2015-05-25
1446,12,Anthony,Heinz,Las Vegas,2015-05-25
1447,97,Donald,Pfaff,San Diego,1997-08-18
1447,97,Donald,Pfaff,San Diego,1997-08-18
1448,49,Jennifer,Gerdes,Albuquerque,1999-11-28
1448,49,Jennifer,Gerdes,Albuquerque,1999-11-28
1449,1,Anthony,Rupprecht,Kansas City,2004-05-15
1449,1,Anthony,Rupprecht,Kansas City,2004-05-15
1450,19,Michelle,Henke,Washington,2010-10-11
1450,19,Michelle,Henke,Washington,2010-10-11
1451,66,Kimberly,Balzer,Fresno,1999-04-19
1451,66,Kimberly,Balzer,Fresno,1999-04-19
1452,58,Barbara,Hoyer,Denver,2024-08-16
1452,58,Barbara,Hoyer,Denver,2024-08-16
1453,87,Brian,Steinbach,Oklahoma City,2004-11-18
1453,87,Brian,Steinbach,Oklahoma City,2004-11-18
1454,72,John,Völker,Columbus,2005-02-01
1454,72,John,Völker,Columbus,2005-02-01
1455,98,Elizabeth,Bernhard,Tucson,2012-04-28
1455,98,Elizabeth,Bernhard,Tucson,2012-04-28
1456,4,Brian,Wiedemann,Jacksonville,2024-02-16
1456,4,Brian,Wiedemann,Jacksonville,2024-02-16
1457,8,Thomas,Hertel,Indianapolis,1997-11-07
1457,8,Thomas,Hertel,Indianapolis,1997-11-07
1458,27,Sandra,Scheer,Houston,2019-12-03
1458,27,Sandra,Scheer,Houston,2019-12-03
1459,26,Charles,Bär,Portland,2023-02-26
1459,26,Charles,Bär,Portland,2023-02-26
1460,97,Betty,Eichhorn,Louisville,2017-12-05
1460,97,Betty,Eichhorn,Louisville,2017-12-05
1461,43,Melissa,Hermes,Indianapolis,2018-11-12
1461,43,Melissa,Hermes,Indianapolis,2018-11-12
1462,40,Mary,Drechsler,Tucson,2012-02-17
1462,40,Mary,Drechsler,Tucson,2012-02-17
1463,50,Kevin,Scheffler,Denver,2000-08-24
1463,50,Kevin,Scheffler,Denver,2000-08-24
1464,67,James,Schott,Nashville,1997-07-25
1464,67,James,Schott,Nashville,1997-07-25
1465,73,Margaret,Bischoff,Washington,1997-03-06
1465,73,Margaret,Bischoff,Washington,1997-03-06
1466,74,Sandra,Nagel,Dallas,2014-06-01
1466,74,Sandra,Nagel,Dallas,2014-06-01
1467,29,Mark,Gebauer,Dallas,2002-06-20
1467,29,Mark,Gebauer,Dallas,2002-06-20
1468,85,Charles,Eckert,Dallas,2012-03-13
1468,85,Charles,Eckert,Dallas,2012-03-13
1469,42,William,Paul,Portland,2014-11-16
1469,42,William,Paul,Portland,2014-11-16
1470,18,Michelle,Anders,San Francisco,1995-08-07
1470,18,Michelle,Anders,San Francisco,1995-08-07
1471,81,William,Voss,San Diego,2013-04-24
1471,81,William,Voss,San Diego,2013-04-24
1472,21,Margaret,Stock,Indianapolis,2024-06-19
1472,21,Margaret,Stock,Indianapolis,2024-06-19
1473,67,Ronald,Vogler,Seattle,2008-02-27
1473,67,Ronald,Vogler,Seattle,2008-02-27
1474,62,Joshua,Wetzel,Tucson,2004-04-16
1474,62,Joshua,Wetzel,Tucson,2004-04-16
1475,27,Michelle,Burkhardt,New York,2008-07-28
1475,27,Michelle,Burkhardt,New York,2008-07-28
1476,96,Andrew,Seidel,Fort Worth,1998-11-19
1476,96,Andrew,Seidel,Fort Worth,1998-11-19
1477,93,Kimberly,Bosch,Philadelphia,1998-04-17
1477,93,Kimberly,Bosch,Philadelphia,1998-04-17
1478,47,Timothy,Kahl,Phoenix,2017-06-26
1478,47,Timothy,Kahl,Phoenix,2017-06-26
1479,93,Nancy,Wendel,Indianapolis,2023-01-23
1479,93,Nancy,Wendel,Indianapolis,2023-01-23
1480,26,Lisa,Brand,Seattle,2024-09-08
1480,26,Lisa,Brand,Seattle,2024-09-08
1481,9,Robert,Ehrhardt,Seattle,1998-05-09
1481,9,Robert,Ehrhardt,Seattle,1998-05-09
1482,91,Steven,Wittig,New York,2019-04-08
1482,91,Steven,Wittig,New York,2019-04-08
1483,12,Margaret,Dreyer,Denver,2023-01-16
1483,12,Margaret,Dreyer,Denver,2023-01-16
1484,16,Timothy,Schiffer,San Diego,2005-03-22
1484,16,Timothy,Schiffer,San Diego,2005-03-22
1485,47,Sarah,Büchner,Chicago,2000-06-08
1485,47,Sarah,Büchner,Chicago,2000-06-08
1486,56,Christopher,Walter,Boston,2024-02-27
1486,56,Christopher,Walter,Boston,2024-02-27
1487,66,Andrew,Friedl,Phoenix,1999-02-23
1487,66,Andrew,Friedl,Phoenix,1999-02-23
1488,51,Kevin,Klemm,Omaha,2015-06-14
1488,51,Kevin,Klemm,Omaha,2015-06-14
1489,27,Thomas,Lerch,Denver,2012-10-04
1489,27,Thomas,Lerch,Denver,2012-10-04
1490,73,Brian,Korn,Seattle,2005-12-22
1490,73,Brian,Korn,Seattle,2005-12-22
1491,66,Kevin,Burkhardt,Milwaukee,2012-12-06
1491,66,Kevin,Burkhardt,Milwaukee,2012-12-06
1492,62,Kimberly,Haas,Tucson,2020-12-25
1492,62,Kimberly,Haas,Tucson,2020-12-25
1493,71,David,Korn,Seattle,2015-04-28
1493,71,David,Korn,Seattle,2015-04-28
1494,8,Sandra,Hildebrandt,Colorado Springs,2012-10-09
1494,8,Sandra,Hildebrandt,Colorado Springs,2012-10-09
1495,38,Mary,Rösler,Indianapolis,1996-12-02
1495,38,Mary,Rösler,Indianapolis,1996-12-02
1496,6,David,Petry,Indianapolis,2006-09-11
1496,6,David,Petry,Indianapolis,2006-09-11
1497,59,David,Hesse,Kansas City,2000-10-17
1497,59,David,Hesse,Kansas City,2000-10-17
1498,19,Michelle,Baumeister,San Antonio,2011-11-21
1498,19,Michelle,Baumeister,San Antonio,2011-11-21
1499,79,Thomas,Holst,Columbus,2017-05-28
1499,79,Thomas,Holst,Columbus,2017-05-28
1500,56,James,Jahn,Boston,2014-02-23
1500,56,James,Jahn,Boston,2014-02-23
1501,28,Matthew,Bruns,Albuquerque,2024-02-01
1501,28,Matthew,Bruns,Albuquerque,2024-02-01
1502,94,Kevin,Mangold,Kansas City,2024-09-03
1502,94,Kevin,Mangold,Kansas City,2024-09-03
1503,91,Michelle,Hecker,Washington,1999-10-11
1503,91,Michelle,Hecker,Washington,1999-10-11
1504,10,Carol,Grote,Indianapolis,1996-01-05
1504,10,Carol,Grote,Indianapolis,1996-01-05
1505,45,Matthew,Pfeiffer,Memphis,2024-01-01
1505,45,Matthew,Pfeiffer,Memphis,2024-01-01
1506,95,Joshua,Brandl,Indianapolis,2016-05-28
1506,95,Joshua,Brandl,Indianapolis,2016-05-28
1507,65,Andrew,Fleischmann,Fort Worth,2008-12-05
1507,65,Andrew,Fleischmann,Fort Worth,2008-12-05
1508,50,Michael,Kirschner,San Francisco,2024-01-09
1508,50,Michael,Kirschner,San Francisco,2024-01-09
1509,32,Stephanie,Hamm,Atlanta,2018-06-12
1509,32,Stephanie,Hamm,Atlanta,2018-06-12
1510,61,Paul,Wirtz,Portland,2018-11-18
1510,61,Paul,Wirtz,Portland,2018-11-18
1511,16,Amanda,Schmid,Boston,2013-09-17
1511,16,Amanda,Schmid,Boston,2013-09-17
1512,6,Amanda,Janzen,San Jose,2005-09-19
1512,6,Amanda,Janzen,San Jose,2005-09-19
1513,66,Ashley,Stange,San Diego,2021-03-15
1513,66,Ashley,Stange,San Diego,2021-03-15
1514,62,Donna,Braun,Phoenix,1996-07-05
1514,62,Donna,Braun,Phoenix,1996-07-05
1515,66,Kimberly,Westermann,Fort Worth,2015-08-14
1515,66,Kimberly,Westermann,Fort Worth,2015-08-14
1516,67,Barbara,Klein,Chicago,2014-04-26
1516,67,Barbara,Klein,Chicago,2014-04-26
1517,19,Christopher,Krämer,Sacramento,2016-02-03
1517,19,Christopher,Krämer,Sacramento,2016-02-03
1518,4,Paul,Spindler,Tucson,2006-12-03
1518,4,Paul,Spindler,Tucson,2006-12-03
1519,43,Amanda,Pieper,Washington,2017-02-18
1519,43,Amanda,Pieper,Washington,2017-02-18
1520,18,Ronald,Schulte,Dallas,2001-07-07
1520,18,Ronald,Schulte,Dallas,2001-07-07
1521,82,Thomas,Kummer,Seattle,2017-07-17
1521,82,Thomas,Kummer,Seattle,2017-07-17
1522,46,Elizabeth,Janssen,Memphis,1995-07-17
1522,46,Elizabeth,Janssen,Memphis,1995-07-17
1523,46,Ronald,Leonhardt,Colorado Springs,1998-09-21
1523,46,Ronald,Leonhardt,Colorado Springs,1998-09-21
1524,85,Timothy,Schmitt,Portland,2016-08-04
1524,85,Timothy,Schmitt,Portland,2016-08-04
1525,21,Barbara,Neumann,Mesa,1995-02-09
1525,21,Barbara,Neumann,Mesa,1995-02-09
1526,30,Jessica,Gläser,San Francisco,2005-05-05
1526,30,Jessica,Gläser,San Francisco,2005-05-05
1527,64,Nancy,Reinke,Fresno,2002-09-04
1527,64,Nancy,Reinke,Fresno,2002-09-04
1528,41,Christopher,Groß,Chicago,1997-12-28
1528,41,Christopher,Groß,Chicago,1997-12-28
1529,17,Linda,Friese,Phoenix,1996-07-25
1529,17,Linda,Friese,Phoenix,1996-07-25
1530,5,Donald,König,Columbus,2019-10-23
1530,5,Donald,König,Columbus,2019-10-23
1531,5,Charles,Eckardt,Chicago,2017-01-20
1531,5,Charles,Eckardt,Chicago,2017-01-20
1532,73,Thomas,Jäger,El Paso,2000-11-16
1532,73,Thomas,Jäger,El Paso,2000-11-16
1533,75,Daniel,Wächter,Colorado Springs,1997-12-10
1533,75,Daniel,Wächter,Colorado Springs,1997-12-10
1534,48,Paul,Schleicher,Baltimore,2009-07-09
1534,48,Paul,Schleicher,Baltimore,2009-07-09
1535,78,Jessica,Ullmann,El Paso,2000-08-10
1535,78,Jessica,Ullmann,El Paso,2000-08-10
1536,38,Jennifer,Jürgens,Portland,2000-07-17
1536,38,Jennifer,Jürgens,Portland,2000-07-17
1537,6,Linda,Bär,Jacksonville,2020-03-26
1537,6,Linda,Bär,Jacksonville,2020-03-26
1538,58,Matthew,Albert,Boston,2018-12-10
1538,58,Matthew,Albert,Boston,2018-12-10
1539,14,Karen,Timm,San Jose,2010-05-04
1539,14,Karen,Timm,San Jose,2010-05-04
1540,72,Matthew,Sailer,Indianapolis,2013-11-27
1540,72,Matthew,Sailer,Indianapolis,2013-11-27
1541,94,Barbara,Sattler,Fresno,1998-12-24
1541,94,Barbara,Sattler,Fresno,1998-12-24
1542,59,Joseph,Dieckmann,Atlanta,1999-09-26
1542,59,Joseph,Dieckmann,Atlanta,1999-09-26
1543,65,Sandra,Heidemann,Washington,2001-11-17
1543,65,Sandra,Heidemann,Washington,2001-11-17
1544,89,Kenneth,Wächter,San Francisco,1998-08-13
1544,89,Kenneth,Wächter,San Francisco,1998-08-13
1545,13,Brian,Fritz,El Paso,2018-04-03
1545,13,Brian,Fritz,El Paso,2018-04-03
1546,27,Sandra,Bohn,Mesa,2001-06-02
1546,27,Sandra,Bohn,Mesa,2001-06-02
1547,25,Timothy,Brockmann,Dallas,2020-10-09
1547,25,Timothy,Brockmann,Dallas,2020-10-09
1548,56,Emily,Mueller,Los Angeles,1995-07-28
1548,56,Emily,Mueller,Los Angeles,1995-07-28
1549,68,Elizabeth,Frenzel,Albuquerque,2021-07-19
1549,68,Elizabeth,Frenzel,Albuquerque,2021-07-19
1550,59,Jessica,Gebauer,Washington,2000-05-06
1550,59,Jessica,Gebauer,Washington,2000-05-06
1551,95,John,Wunderlich,San Jose,2013-06-28
1551,95,John,Wunderlich,San Jose,2013-06-28
1552,49,Thomas,Schmidtke,San Diego,2003-07-19
1552,49,Thomas,Schmidtke,San Diego,2003-07-19
1553,18,Daniel,Schiffer,New York,1996-08-26
1553,18,Daniel,Schiffer,New York,1996-08-26
1554,81,Sandra,Kohl,San Francisco,2016-06-23
1554,81,Sandra,Kohl,San Francisco,2016-06-23
1555,75,Charles,Thiemann,Fort Worth,2011-10-04
1555,75,Charles,Thiemann,Fort Worth,2011-10-04
1556,76,Lisa,Seifert,Houston,2004-02-02
1556,76,Lisa,Seifert,Houston,2004-02-02
1557,3,John,Metzner,San Jose,2022-02-16
1557,3,John,Metzner,San Jose,2022-02-16
1558,79,Susan,Henkel,Milwaukee,2016-07-03
1558,79,Susan,Henkel,Milwaukee,2016-07-03
1559,57,Joseph,Brüning,San Antonio,2005-01-19
1559,57,Joseph,Brüning,San Antonio,2005-01-19
1560,6,John,Blank,El Paso,2016-08-14
1560,6,John,Blank,El Paso,2016-08-14
1561,69,David,Kröger,Las Vegas,2004-10-15
1561,69,David,Kröger,Las Vegas,2004-10-15
1562,31,Deborah,Engels,Phoenix,1995-08-26
1562,31,Deborah,Engels,Phoenix,1995-08-26
1563,8,Linda,Werner,Phoenix,2023-02-08
1563,8,Linda,Werner,Phoenix,2023-02-08
1564,10,Stephanie,Reis,San Francisco,2000-12-18
1564,10,Stephanie,Reis,San Francisco,2000-12-18
1565,3,Daniel,Clemens,Baltimore,2004-11-07
1565,3,Daniel,Clemens,Baltimore,2004-11-07
1566,12,Mark,Dietze,Dallas,2008-04-22
1566,12,Mark,Dietze,Dallas,2008-04-22
1567,92,Karen,Riedl,Philadelphia,2013-04-19
1567,92,Karen,Riedl,Philadelphia,2013-04-19
1568,76,Donald,Pietsch,Boston,2003-05-11
1568,76,Donald,Pietsch,Boston,2003-05-11
1569,94,Ashley,Zander,Denver,2000-05-12
1569,94,Ashley,Zander,Denver,2000-05-12
1570,19,Joshua,Radtke,Indianapolis,2017-12-24
1570,19,Joshua,Radtke,Indianapolis,2017-12-24
1571,21,Andrew,Heil,Nashville,1996-08-13
1571,21,Andrew,Heil,Nashville,1996-08-13
1572,81,Karen,Reinecke,Los Angeles,2019-07-02
1572,81,Karen,Reinecke,Los Angeles,2019-07-02
1573,14,Carol,Heilmann,Jacksonville,2019-10-04
1573,14,Carol,Heilmann,Jacksonville,2019-10-04
1574,75,Joshua,Naumann,Indianapolis,2016-12-24
1574,75,Joshua,Naumann,Indianapolis,2016-12-24
1575,29,Thomas,Doll,Atlanta,2021-09-09
1575,29,Thomas,Doll,Atlanta,2021-09-09
1576,7,Susan,Albrecht,Charlotte,2003-10-23
1576,7,Susan,Albrecht,Charlotte,2003-10-23
1577,49,Donald,Fritz,San Jose,2012-02-25
1577,49,Donald,Fritz,San Jose,2012-02-25
1578,65,Nancy,Brandl,San Jose,2011-04-25
1578,65,Nancy,Brandl,San Jose,2011-04-25
1579,7,Andrew,Stahl,Albuquerque,2013-01-11
1579,7,Andrew,Stahl,Albuquerque,2013-01-11
1580,14,Amanda,Bosse,San Diego,2004-05-11
1580,14,Amanda,Bosse,San Diego,2004-05-11
1581,16,Brian,Reis,Seattle,2008-06-02
1581,16,Brian,Reis,Seattle,2008-06-02
1582,99,Kimberly,Stoll,Mesa,2017-10-27
1582,99,Kimberly,Stoll,Mesa,2017-10-27
1583,16,Michael,Ebel,Detroit,1995-09-12
1583,16,Michael,Ebel,Detroit,1995-09-12
1584,85,Paul,Franz,Jacksonville,2014-05-12
1584,85,Paul,Franz,Jacksonville,2014-05-12
1585,13,Kevin,Nagel,Milwaukee,2011-10-15
1585,13,Kevin,Nagel,Milwaukee,2011-10-15
1586,82,Michelle,Reiß,Tucson,2000-03-22
1586,82,Michelle,Reiß,Tucson,2000-03-22
1587,29,Sandra,Heim,Memphis,2022-06-23
1587,29,Sandra,Heim,Memphis,2022-06-23
1588,85,Daniel,Scheller,Phoenix,2013-11-05
1588,85,Daniel,Scheller,Phoenix,2013-11-05
1589,73,Amanda,Springer,San Jose,2015-01-16
1589,73,Amanda,Springer,San Jose,2015-01-16
1590,95,Joshua,Lorenzen,New York,1996-01-18
1590,95,Joshua,Lorenzen,New York,1996-01-18
1591,61,Joseph,Wahl,El Paso,1996-12-20
1591,61,Joseph,Wahl,El Paso,1996-12-20
1592,37,Ronald,Dick,Omaha,1995-09-09
1592,37,Ronald,Dick,Omaha,1995-09-09
1593,17,Patricia,David,Chicago,2001-08-18
1593,17,Patricia,David,Chicago,2001-08-18
1594,31,Mark,Wild,Chicago,2017-02-14
1594,31,Mark,Wild,Chicago,2017-02-14
1595,59,Lisa,Hill,San Antonio,2016-12-13
1595,59,Lisa,Hill,San Antonio,2016-12-13
1596,88,Matthew,Nowak,Mesa,1998-04-02
1596,88,Matthew,Nowak,Mesa,1998-04-02
1597,47,Richard,Schroeder,Sacramento,2010-02-18
1597,47,Richard,Schroeder,Sacramento,2010-02-18
1598,6,Karen,Reiter,Charlotte,2009-01-08
1598,6,Karen,Reiter,Charlotte,2009-01-08
1599,32,Steven,Rühl,Omaha,2008-09-24
1599,32,Steven,Rühl,Omaha,2008-09-24
1600,31,Jessica,Henke,Chicago,2013-09-06
1600,31,Jessica,Henke,Chicago,2013-09-06
1601,18,Brian,Bergmann,Memphis,1999-08-15
1601,18,Brian,Bergmann,Memphis,1999-08-15
1602,9,Carol,Hille,Baltimore,2019-04-12
1602,9,Carol,Hille,Baltimore,2019-04-12
1603,3,Amanda,Weiser,Colorado Springs,2020-06-19
1603,3,Amanda,Weiser,Colorado Springs,2020-06-19
1604,71,Mary,Kastner,Seattle,1999-09-15
1604,71,Mary,Kastner,Seattle,1999-09-15
1605,26,Andrew,Gebhardt,Austin,2012-10-17
1605,26,Andrew,Gebhardt,Austin,2012-10-17
1606,13,Carol,Appel,Kansas City,2009-12-18
1606,13,Carol,Appel,Kansas City,2009-12-18
1607,34,Kimberly,Hopf,Omaha,2008-05-10
1607,34,Kimberly,Hopf,Omaha,2008-05-10
1608,43,Ashley,Rausch,New York,2012-01-12
1608,43,Ashley,Rausch,New York,2012-01-12
1609,93,Richard,Ziegler,Memphis,2011-06-13
1609,93,Richard,Ziegler,Memphis,2011-06-13
1610,33,Richard,Wahl,Jacksonville,2019-08-09
1610,33,Richard,Wahl,Jacksonville,2019-08-09
1611,69,Karen,Hermes,Louisville,2001-01-06
1611,69,Karen,Hermes,Louisville,2001-01-06
1612,36,Emily,Pütz,Milwaukee,2009-03-21
1612,36,Emily,Pütz,Milwaukee,2009-03-21
1613,79,Emily,Jordan,Denver,2012-06-02
1613,79,Emily,Jordan,Denver,2012-06-02
1614,74,Andrew,Clemens,Chicago,2004-09-15
1614,74,Andrew,Clemens,Chicago,2004-09-15
1615,68,Joshua,Grunwald,Mesa,2005-09-20
1615,68,Joshua,Grunwald,Mesa,2005-09-20
1616,47,Melissa,Kraft,Charlotte,2023-07-26
1616,47,Melissa,Kraft,Charlotte,2023-07-26
1617,61,Mark,Augustin,Tucson,2024-03-06
1617,61,Mark,Augustin,Tucson,2024-03-06
1618,45,Ronald,Holz,Detroit,2015-11-16
1618,45,Ronald,Holz,Detroit,2015-11-16
1619,96,Mark,Cramer,Indianapolis,2008-12-16
1619,96,Mark,Cramer,Indianapolis,2008-12-16
1620,88,Amanda,Horst,Mesa,2024-02-18
1620,88,Amanda,Horst,Mesa,2024-02-18
1621,84,Jessica,Schroeder,Tucson,2024-06-26
1621,84,Jessica,Schroeder,Tucson,2024-06-26
1622,48,Amanda,Schramm,Oklahoma City,2010-08-13
1622,48,Amanda,Schramm,Oklahoma City,2010-08-13
1623,41,Timothy,Meier,San Jose,1998-08-24
1623,41,Timothy,Meier,San Jose,1998-08-24
1624,38,Elizabeth,Brenner,Tucson,1997-06-18
1624,38,Elizabeth,Brenner,Tucson,1997-06-18
1625,68,Ashley,Baum,Phoenix,2006-04-04
1625,68,Ashley,Baum,Phoenix,2006-04-04
1626,75,Matthew,Blank,Atlanta,2012-01-08
1626,75,Matthew,Blank,Atlanta,2012-01-08
1627,11,Joshua,Rode,Columbus,1996-02-28
1627,11,Joshua,Rode,Columbus,1996-02-28
1628,16,Sarah,Sperling,Portland,2023-07-07
1628,16,Sarah,Sperling,Portland,2023-07-07
1629,65,Robert,Reuter,El Paso,2023-10-18
1629,65,Robert,Reuter,El Paso,2023-10-18
1630,97,James,Borchert,Columbus,2012-10-17
1630,97,James,Borchert,Columbus,2012-10-17
1631,71,Ashley,Göbel,Omaha,2002-09-26
1631,71,Ashley,Göbel,Omaha,2002-09-26
1632,67,Ronald,Schütt,Houston,2004-02-21
1632,67,Ronald,Schütt,Houston,2004-02-21
1633,71,Michael,Reiß,Colorado Springs,2002-04-28
1633,71,Michael,Reiß,Colorado Springs,2002-04-28
1634,1,Brian,Heuer,Denver,2008-08-06
1634,1,Brian,Heuer,Denver,2008-08-06
1635,97,Susan,Baumgartner,Houston,2022-08-05
1635,97,Susan,Baumgartner,Houston,2022-08-05
1636,71,Ashley,Pieper,Baltimore,2001-09-18
1636,71,Ashley,Pieper,Baltimore,2001-09-18
1637,4,Stephanie,Merk,Denver,2022-11-20
1637,4,Stephanie,Merk,Denver,2022-11-20
1638,82,Patricia,Jürgens,Milwaukee,2001-12-15
1638,82,Patricia,Jürgens,Milwaukee,2001-12-15
1639,37,Karen,Otten,Milwaukee,2005-09-02
1639,37,Karen,Otten,Milwaukee,2005-09-02
1640,14,Paul,Ritter,Dallas,2011-12-28
1640,14,Paul,Ritter,Dallas,2011-12-28
1641,79,Matthew,Schweitzer,San Jose,1998-12-22
1641,79,Matthew,Schweitzer,San Jose,1998-12-22
1642,25,Deborah,Adams,Columbus,2004-11-28
1642,25,Deborah,Adams,Columbus,2004-11-28
1643,82,James,Burmeister,Jacksonville,2017-09-21
1643,82,James,Burmeister,Jacksonville,2017-09-21
1644,4,Melissa,Bormann,Milwaukee,2015-11-02
1644,4,Melissa,Bormann,Milwaukee,2015-11-02
1645,66,Joseph,Stange,Atlanta,2014-05-28
1645,66,Joseph,Stange,Atlanta,2014-05-28
1646,43,David,Hannemann,El Paso,1998-09-04
1646,43,David,Hannemann,El Paso,1998-09-04
1647,26,Joseph,Köhn,Portland,2006-03-13
1647,26,Joseph,Köhn,Portland,2006-03-13
1648,84,Ronald,Reinhard,Philadelphia,2010-07-18
1648,84,Ronald,Reinhard,Philadelphia,2010-07-18
1649,15,Nancy,Ehlert,Detroit,2011-12-26
1649,15,Nancy,Ehlert,Detroit,2011-12-26
1650,6,Patricia,Baum,Los Angeles,2024-01-12
1650,6,Patricia,Baum,Los Angeles,2024-01-12
1651,37,Barbara,Pütz,San Jose,2006-08-11
1651,37,Barbara,Pütz,San Jose,2006-08-11
1652,43,Paul,Pabst,Denver,2006-09-24
1652,43,Paul,Pabst,Denver,2006-09-24
1653,42,Paul,Bräuer,New York,2019-10-21
1653,42,Paul,Bräuer,New York,2019-10-21
1654,13,Kevin,Freese,Omaha,2021-05-18
1654,13,Kevin,Freese,Omaha,2021-05-18
1655,16,Jennifer,Morgenstern,Albuquerque,2004-03-21
1655,16,Jennifer,Morgenstern,Albuquerque,2004-03-21
1656,42,Joshua,Sievers,Washington,2021-07-07
1656,42,Joshua,Sievers,Washington,2021-07-07
1657,38,Melissa,Michaelis,Memphis,2015-12-21
1657,38,Melissa,Michaelis,Memphis,2015-12-21
1658,66,Nancy,Johannsen,Los Angeles,2021-06-27
1658,66,Nancy,Johannsen,Los Angeles,2021-06-27
1659,65,William,Diekmann,Omaha,1995-08-04
1659,65,William,Diekmann,Omaha,1995-08-04
1660,5,Richard,Horn,Kansas City,2016-09-17
1660,5,Richard,Horn,Kansas City,2016-09-17
1661,30,Kimberly,Schlegel,Austin,2005-01-17
1661,30,Kimberly,Schlegel,Austin,2005-01-17
1662,95,Matthew,Evers,San Francisco,2017-07-16
1662,95,Matthew,Evers,San Francisco,2017-07-16
1663,43,John,Armbruster,San Diego,2007-06-03
1663,43,John,Armbruster,San Diego,2007-06-03
1664,32,Patricia,Steinbach,Washington,2001-02-15
1664,32,Patricia,Steinbach,Washington,2001-02-15
1665,67,Linda,Teichmann,Houston,1996-08-21
1665,67,Linda,Teichmann,Houston,1996-08-21
1666,67,Sarah,Küpper,Austin,2004-01-19
1666,67,Sarah,Küpper,Austin,2004-01-19
1667,42,Mark,Gebauer,San Diego,2020-06-15
1667,42,Mark,Gebauer,San Diego,2020-06-15
1668,5,Brian,Bosse,Dallas,2009-12-27
1668,5,Brian,Bosse,Dallas,2009-12-27
1669,99,Melissa,Vogt,Detroit,2005-06-28
1669,99,Melissa,Vogt,Detroit,2005-06-28
1670,86,Elizabeth,Buchner,Los Angeles,2002-01-21
1670,86,Elizabeth,Buchner,Los Angeles,2002-01-21
1671,96,Kevin,Pütz,Indianapolis,1999-03-27
1671,96,Kevin,Pütz,Indianapolis,1999-03-27
1672,59,Kimberly,Kolb,Milwaukee,1996-01-22
1672,59,Kimberly,Kolb,Milwaukee,1996-01-22
1673,23,Sandra,Wulff,Philadelphia,2013-10-17
1673,23,Sandra,Wulff,Philadelphia,2013-10-17
1674,8,Kenneth,Harms,Nashville,2012-07-06
1674,8,Kenneth,Harms,Nashville,2012-07-06
1675,68,Ronald,Korte,Detroit,2018-01-08
1675,68,Ronald,Korte,Detroit,2018-01-08
1676,70,Michael,Baumgart,Denver,2020-01-18
1676,70,Michael,Baumgart,Denver,2020-01-18
1677,91,Jennifer,Welsch,Louisville,1999-10-07
1677,91,Jennifer,Welsch,Louisville,1999-10-07
1678,19,Robert,Trapp,San Diego,2015-04-26
1678,19,Robert,Trapp,San Diego,2015-04-26
1679,44,Robert,Hamm,Columbus,2016-02-24
1679,44,Robert,Hamm,Columbus,2016-02-24
1680,93,Timothy,Grünewald,Las Vegas,2019-11-26
1680,93,Timothy,Grünewald,Las Vegas,2019-11-26
1681,38,Daniel,Lüdtke,Atlanta,2018-04-15
1681,38,Daniel,Lüdtke,Atlanta,2018-04-15
1682,44,Ronald,Ebel,Detroit,2009-11-13
1682,44,Ronald,Ebel,Detroit,2009-11-13
1683,6,David,Heinemann,Milwaukee,2024-03-20
1683,6,David,Heinemann,Milwaukee,2024-03-20
1684,3,Andrew,Blum,Albuquerque,2024-01-22
1684,3,Andrew,Blum,Albuquerque,2024-01-22
1685,96,Sarah,Harder,Los Angeles,2023-10-04
1685,96,Sarah,Harder,Los Angeles,2023-10-04
1686,80,Ronald,Brück,Boston,2023-09-16
1686,80,Ronald,Brück,Boston,2023-09-16
1687,33,Carol,Brauer,Los Angeles,2001-09-03
1687,33,Carol,Brauer,Los Angeles,2001-09-03
1688,66,Andrew,Engelhardt,New York,2008-03-21
1688,66,Andrew,Engelhardt,New York,2008-03-21
1689,58,Stephanie,Schultz,Mesa,2019-06-12
1689,58,Stephanie,Schultz,Mesa,2019-06-12
1690,26,Karen,Schick,Fort Worth,2012-08-26
1690,26,Karen,Schick,Fort Worth,2012-08-26
1691,99,Thomas,Hanisch,Dallas,2017-02-25
1691,99,Thomas,Hanisch,Dallas,2017-02-25
1692,28,Nancy,Kling,Mesa,2019-01-23
1692,28,Nancy,Kling,Mesa,2019-01-23
1693,43,Michael,Borchert,Louisville,2006-11-15
1693,43,Michael,Borchert,Louisville,2006-11-15
1694,75,Emily,Falk,Kansas City,1995-10-22
1694,75,Emily,Falk,Kansas City,1995-10-22
1695,88,Andrew,Henrich,Tucson,1995-06-24
1695,88,Andrew,Henrich,Tucson,1995-06-24
1696,16,Donna,Evers,Washington,2013-07-28
1696,16,Donna,Evers,Washington,2013-07-28
1697,89,Richard,Schröder,Boston,1995-08-12
1697,89,Richard,Schröder,Boston,1995-08-12
1698,23,Timothy,Esser,Seattle,1999-03-04
1698,23,Timothy,Esser,Seattle,1999-03-04
1699,59,Matthew,Esser,Philadelphia,2011-10-11
1699,59,Matthew,Esser,Philadelphia,2011-10-11
1700,35,David,Bräuer,Seattle,2002-02-17
1700,35,David,Bräuer,Seattle,2002-02-17
1701,89,Patricia,Wirtz,Indianapolis,2003-01-09
1701,89,Patricia,Wirtz,Indianapolis,2003-01-09
1702,41,Susan,Zöller,Charlotte,2005-06-12
1702,41,Susan,Zöller,Charlotte,2005-06-12
1703,97,Paul,Pietsch,San Diego,2012-11-14
1703,97,Paul,Pietsch,San Diego,2012-11-14
1704,22,Kimberly,Hildebrandt,San Jose,2021-03-20
1704,22,Kimberly,Hildebrandt,San Jose,2021-03-20
1705,74,William,Kern,San Antonio,2014-01-01
1705,74,William,Kern,San Antonio,2014-01-01
1706,1,Kenneth,Eberhardt,San Francisco,1996-02-14
1706,1,Kenneth,Eberhardt,San Francisco,1996-02-14
1707,46,Michael,Gross,Albuquerque,2019-04-25
1707,46,Michael,Gross,Albuquerque,2019-04-25
1708,22,Betty,Kasper,Washington,2004-10-04
1708,22,Betty,Kasper,Washington,2004-10-04
1709,32,Mark,Neuhaus,San Jose,2024-10-05
1709,32,Mark,Neuhaus,San Jose,2024-10-05
1710,87,David,Klein,El Paso,2002-06-25
1710,87,David,Klein,El Paso,2002-06-25
1711,30,Michael,Schumann,Memphis,2009-08-08
1711,30,Michael,Schumann,Memphis,2009-08-08
1712,87,Matthew,Groth,Washington,2013-12-09
1712,87,Matthew,Groth,Washington,2013-12-09
1713,43,Kimberly,Baum,New York,2011-01-19
1713,43,Kimberly,Baum,New York,2011-01-19
1714,12,Barbara,Brand,Memphis,2000-06-16
1714,12,Barbara,Brand,Memphis,2000-06-16
1715,83,Carol,Lehnert,Phoenix,1997-11-25
1715,83,Carol,Lehnert,Phoenix,1997-11-25
1716,71,David,Baur,Sacramento,2013-02-18
1716,71,David,Baur,Sacramento,2013-02-18
1717,27,Joseph,Ahlers,Jacksonville,2000-02-17
1717,27,Joseph,Ahlers,Jacksonville,2000-02-17
1718,26,Michelle,Sachs,Denver,2008-02-10
1718,26,Michelle,Sachs,Denver,2008-02-10
1719,18,Matthew,Siegert,Atlanta,2019-05-08
1719,18,Matthew,Siegert,Atlanta,2019-05-08
1720,92,Robert,Langer,San Antonio,2007-07-11
1720,92,Robert,Langer,San Antonio,2007-07-11
1721,75,William,Schultze,Sacramento,2002-05-25
1721,75,William,Schultze,Sacramento,2002-05-25
1722,66,Kimberly,Metz,San Jose,2021-06-22
1722,66,Kimberly,Metz,San Jose,2021-06-22
1723,81,Nancy,Lohmann,Jacksonville,2023-03-13
1723,81,Nancy,Lohmann,Jacksonville,2023-03-13
1724,61,Joseph,Wehner,Los Angeles,2008-02-09
1724,61,Joseph,Wehner,Los Angeles,2008-02-09
1725,46,Donna,Kaufmann,Philadelphia,2008-12-16
1725,46,Donna,Kaufmann,Philadelphia,2008-12-16
1726,29,Linda,Heinz,San Diego,2018-05-04
1726,29,Linda,Heinz,San Diego,2018-05-04
1727,32,Robert,Wilhelm,Mesa,2012-07-18
1727,32,Robert,Wilhelm,Mesa,2012-07-18
1728,15,Deborah,Fricke,Boston,2015-03-16
1728,15,Deborah,Fricke,Boston,2015-03-16
1729,60,Sandra,Schwabe,Omaha,1998-11-17
1729,60,Sandra,Schwabe,Omaha,1998-11-17
1730,82,Karen,Hermes,San Antonio,2006-10-02
1730,82,Karen,Hermes,San Antonio,2006-10-02
1731,28,Jennifer,Gross,El Paso,2015-05-14
1731,28,Jennifer,Gross,El Paso,2015-05-14
1732,27,Paul,Mahler,Denver,2003-01-11
1732,27,Paul,Mahler,Denver,2003-01-11
1733,41,Deborah,Döring,Washington,2021-12-12
1733,41,Deborah,Döring,Washington,2021-12-12
1734,47,Richard,Ehlert,San Jose,2009-02-03
1734,47,Richard,Ehlert,San Jose,2009-02-03
1735,33,Betty,Albers,Nashville,2012-10-28
1735,33,Betty,Albers,Nashville,2012-10-28
1736,44,Robert,Bartel,New York,2022-09-15
1736,44,Robert,Bartel,New York,2022-09-15
1737,50,Richard,Bosch,Denver,2006-09-06
1737,50,Richard,Bosch,Denver,2006-09-06
1738,10,Thomas,Horn,Tucson,2012-09-15
1738,10,Thomas,Horn,Tucson,2012-09-15
1739,24,Stephanie,Westermann,Houston,2013-12-04
1739,24,Stephanie,Westermann,Houston,2013-12-04
1740,34,Michelle,Philipp,Chicago,2024-08-23
1740,34,Michelle,Philipp,Chicago,2024-08-23
1741,91,Brian,Ruppert,Portland,2009-03-22
1741,91,Brian,Ruppert,Portland,2009-03-22
1742,20,Emily,Engels,Sacramento,2005-01-01
1742,20,Emily,Engels,Sacramento,2005-01-01
1743,25,Mark,Baier,Louisville,2005-11-19
1743,25,Mark,Baier,Louisville,2005-11-19
1744,55,Michael,Gebhardt,Philadelphia,2005-04-08
1744,55,Michael,Gebhardt,Philadelphia,2005-04-08
1745,90,Michelle,Weise,Philadelphia,2019-03-13
1745,90,Michelle,Weise,Philadelphia,2019-03-13
1746,43,Kimberly,Stern,El Paso,2002-09-06
1746,43,Kimberly,Stern,El Paso,2002-09-06
1747,53,Michelle,Doll,Tucson,2019-01-04
1747,53,Michelle,Doll,Tucson,2019-01-04
1748,85,Anthony,Kranz,Indianapolis,1999-03-04
1748,85,Anthony,Kranz,Indianapolis,1999-03-04
1749,50,Richard,Brauer,Las Vegas,2022-04-05
1749,50,Richard,Brauer,Las Vegas,2022-04-05
1750,55,Brian,Voss,Phoenix,1996-05-23
1750,55,Brian,Voss,Phoenix,1996-05-23
1751,13,Steven,Hillebrand,San Jose,2003-02-04
1751,13,Steven,Hillebrand,San Jose,2003-02-04
1752,49,Jennifer,Schöne,Fort Worth,2008-07-24
1752,49,Jennifer,Schöne,Fort Worth,2008-07-24
1753,97,Nancy,Busse,Phoenix,2002-07-18
1753,97,Nancy,Busse,Phoenix,2002-07-18
1754,10,Christopher,Brauer,Atlanta,2008-01-19
1754,10,Christopher,Brauer,Atlanta,2008-01-19
1755,92,Jessica,Riedel,Milwaukee,2013-10-23
1755,92,Jessica,Riedel,Milwaukee,2013-10-23
1756,97,Michelle,Wacker,Louisville,2018-07-13
1756,97,Michelle,Wacker,Louisville,2018-07-13
1757,11,Betty,Riedl,Louisville,1998-09-25
1757,11,Betty,Riedl,Louisville,1998-09-25
1758,78,Steven,Scheller,Baltimore,2008-05-05
1758,78,Steven,Scheller,Baltimore,2008-05-05
1759,84,Deborah,Dick,Seattle,2006-04-17
1759,84,Deborah,Dick,Seattle,2006-04-17
1760,20,Kenneth,Ulbrich,Portland,2023-05-10
1760,20,Kenneth,Ulbrich,Portland,2023-05-10
1761,72,Richard,Hinz,Sacramento,2024-09-18
1761,72,Richard,Hinz,Sacramento,2024-09-18
1762,79,Kevin,Bosse,Detroit,1996-07-25
1762,79,Kevin,Bosse,Detroit,1996-07-25
1763,97,Brian,Petzold,Colorado Springs,2001-10-07
1763,97,Brian,Petzold,Colorado Springs,2001-10-07
1764,83,Matthew,Hohmann,Seattle,1995-07-02
1764,83,Matthew,Hohmann,Seattle,1995-07-02
1765,48,Carol,Hoppe,Tucson,2014-02-14
1765,48,Carol,Hoppe,Tucson,2014-02-14
1766,76,Margaret,Höfer,Boston,1997-04-08
1766,76,Margaret,Höfer,Boston,1997-04-08
1767,17,Anthony,Kroll,Milwaukee,2022-01-08
1767,17,Anthony,Kroll,Milwaukee,2022-01-08
1768,33,Donna,Kübler,Atlanta,2023-11-06
1768,33,Donna,Kübler,Atlanta,2023-11-06
1769,20,John,Große,Los Angeles,2016-06-16
1769,20,John,Große,Los Angeles,2016-06-16
1770,46,Robert,Wiesner,Tucson,2024-04-18
1770,46,Robert,Wiesner,Tucson,2024-04-18
1771,31,Kevin,Schaller,Colorado Springs,2024-03-02
1771,31,Kevin,Schaller,Colorado Springs,2024-03-02
1772,51,Brian,Emmerich,Albuquerque,1996-12-04
1772,51,Brian,Emmerich,Albuquerque,1996-12-04
1773,83,Donald,Keck,Seattle,2022-10-23
1773,83,Donald,Keck,Seattle,2022-10-23
1774,19,Daniel,Ritter,San Francisco,2008-04-26
1774,19,Daniel,Ritter,San Francisco,2008-04-26
1775,62,Carol,Brockmann,Fresno,2023-08-10
1775,62,Carol,Brockmann,Fresno,2023-08-10
1776,44,Elizabeth,Schnell,Colorado Springs,2021-12-27
1776,44,Elizabeth,Schnell,Colorado Springs,2021-12-27
1777,77,Emily,Buschmann,San Antonio,2023-12-08
1777,77,Emily,Buschmann,San Antonio,2023-12-08
1778,38,Kevin,Dietrich,Sacramento,2002-06-17
1778,38,Kevin,Dietrich,Sacramento,2002-06-17
1779,49,Ashley,Stephan,Baltimore,2022-04-25
1779,49,Ashley,Stephan,Baltimore,2022-04-25
1780,65,Joshua,Weiß,Fort Worth,2017-10-01
1780,65,Joshua,Weiß,Fort Worth,2017-10-01
1781,11,Donald,Singer,Sacramento,1997-02-09
1781,11,Donald,Singer,Sacramento,1997-02-09
1782,27,Karen,Brauer,Austin,2019-09-07
1782,27,Karen,Brauer,Austin,2019-09-07
1783,58,Margaret,Schönfeld,Houston,2002-11-07
1783,58,Margaret,Schönfeld,Houston,2002-11-07
1784,64,Mary,Jahn,Boston,2006-04-21
1784,64,Mary,Jahn,Boston,2006-04-21
1785,65,Susan,Eggert,Albuquerque,2010-08-06
1785,65,Susan,Eggert,Albuquerque,2010-08-06
1786,15,Richard,Zimmermann,Oklahoma City,2011-09-05
1786,15,Richard,Zimmermann,Oklahoma City,2011-09-05
1787,82,Mark,Hampel,Milwaukee,2004-09-23
1787,82,Mark,Hampel,Milwaukee,2004-09-23
1788,89,Barbara,Baumgart,Houston,2007-05-26
1788,89,Barbara,Baumgart,Houston,2007-05-26
1789,1,Joshua,Friedrich,Kansas City,2018-12-12
1789,1,Joshua,Friedrich,Kansas City,2018-12-12
1790,19,Mary,Schenk,New York,1997-02-11
1790,19,Mary,Schenk,New York,1997-02-11
1791,56,Emily,Claus,Chicago,2018-11-03
1791,56,Emily,Claus,Chicago,2018-11-03
1792,64,Richard,Feldmann,Atlanta,2011-04-11
1792,64,Richard,Feldmann,Atlanta,2011-04-11
1793,34,Melissa,Krauß,Washington,2019-05-05
1793,34,Melissa,Krauß,Washington,2019-05-05
1794,64,Anthony,Gehrke,San Francisco,2022-07-22
1794,64,Anthony,Gehrke,San Francisco,2022-07-22
1795,10,Ronald,Pfeiffer,Columbus,2016-02-08
1795,10,Ronald,Pfeiffer,Columbus,2016-02-08
1796,76,Kenneth,Rudolph,Sacramento,2015-05-17
1796,76,Kenneth,Rudolph,Sacramento,2015-05-17
1797,60,Thomas,Schweizer,San Jose,2010-12-03
1797,60,Thomas,Schweizer,San Jose,2010-12-03
1798,39,Michelle,Böhm,Sacramento,2008-09-28
1798,39,Michelle,Böhm,Sacramento,2008-09-28
1799,66,Donald,Kühne,Los Angeles,2009-09-22
1799,66,Donald,Kühne,Los Angeles,2009-09-22
1800,32,Kimberly,Popp,San Jose,1995-08-26
1800,32,Kimberly,Popp,San Jose,1995-08-26
1801,51,Nancy,Berthold,Indianapolis,2004-05-27
1801,51,Nancy,Berthold,Indianapolis,2004-05-27
1802,26,Brian,Maurer,Seattle,1997-05-09
1802,26,Brian,Maurer,Seattle,1997-05-09
1803,57,Andrew,Fritzsche,San Antonio,2024-06-22
1803,57,Andrew,Fritzsche,San Antonio,2024-06-22
1804,84,Deborah,Burmeister,Mesa,2007-06-01
1804,84,Deborah,Burmeister,Mesa,2007-06-01
1805,60,Jennifer,Hauck,Baltimore,2006-02-17
1805,60,Jennifer,Hauck,Baltimore,2006-02-17
1806,55,Christopher,Weiland,San Antonio,2003-06-10
1806,55,Christopher,Weiland,San Antonio,2003-06-10
1807,6,Ashley,Vetter,Charlotte,1997-05-10
1807,6,Ashley,Vetter,Charlotte,1997-05-10
1808,7,John,Fiebig,Omaha,2022-04-24
1808,7,John,Fiebig,Omaha,2022-04-24
1809,66,Elizabeth,Doll,Denver,2024-03-22
1809,66,Elizabeth,Doll,Denver,2024-03-22
1810,81,Kenneth,Weiser,Atlanta,2001-09-07
1810,81,Kenneth,Weiser,Atlanta,2001-09-07
1811,26,Emily,Klaus,Los Angeles,2016-09-16
1811,26,Emily,Klaus,Los Angeles,2016-09-16
1812,95,Kimberly,Lauer,San Jose,2017-06-22
1812,95,Kimberly,Lauer,San Jose,2017-06-22
1813,98,Betty,Haase,Omaha,1998-10-14
1813,98,Betty,Haase,Omaha,1998-10-14
1814,82,Joseph,Jakobs,Milwaukee,2018-02-12
1814,82,Joseph,Jakobs,Milwaukee,2018-02-12
1815,78,Ashley,Fink,Indianapolis,2015-06-21
1815,78,Ashley,Fink,Indianapolis,2015-06-21
1816,5,Paul,Eberle,Philadelphia,2013-07-11
1816,5,Paul,Eberle,Philadelphia,2013-07-11
1817,87,Mark,Fiebig,Louisville,2015-09-20
1817,87,Mark,Fiebig,Louisville,2015-09-20
1818,1,Lisa,Weiser,Albuquerque,2016-05-15
1818,1,Lisa,Weiser,Albuquerque,2016-05-15
1819,84,Patricia,Hauser,Jacksonville,2003-03-06
1819,84,Patricia,Hauser,Jacksonville,2003-03-06
1820,2,Sarah,Heinen,Seattle,2010-07-02
1820,2,Sarah,Heinen,Seattle,2010-07-02
1821,65,Emily,Fechner,Houston,2011-05-12
1821,65,Emily,Fechner,Houston,2011-05-12
1822,10,Margaret,Reimann,Dallas,2000-12-03
1822,10,Margaret,Reimann,Dallas,2000-12-03
1823,50,Stephanie,Römer,San Antonio,2010-09-06
1823,50,Stephanie,Römer,San Antonio,2010-09-06
1824,51,Patricia,Bohn,San Diego,2010-10-27
1824,51,Patricia,Bohn,San Diego,2010-10-27
1825,69,Anthony,Elsner,San Antonio,1995-03-11
1825,69,Anthony,Elsner,San Antonio,1995-03-11
1826,41,Thomas,Kuhlmann,Omaha,1995-04-23
1826,41,Thomas,Kuhlmann,Omaha,1995-04-23
1827,58,Barbara,Lange,Chicago,2009-11-20
1827,58,Barbara,Lange,Chicago,2009-11-20
1828,77,Lisa,Schulte,San Francisco,2010-10-10
1828,77,Lisa,Schulte,San Francisco,2010-10-10
1829,68,Thomas,Förster,Los Angeles,2014-06-26
1829,68,Thomas,Förster,Los Angeles,2014-06-26
1830,24,Elizabeth,Bauer,Charlotte,2024-10-21
1830,24,Elizabeth,Bauer,Charlotte,2024-10-21
1831,91,James,Armbruster,Memphis,2012-11-20
1831,91,James,Armbruster,Memphis,2012-11-20
1832,56,Lisa,Pilz,Washington,2004-01-22
1832,56,Lisa,Pilz,Washington,2004-01-22
1833,36,Sandra,Brendel,Houston,2012-01-17
1833,36,Sandra,Brendel,Houston,2012-01-17
1834,2,Karen,Herbst,Philadelphia,2015-09-15
1834,2,Karen,Herbst,Philadelphia,2015-09-15
1835,96,Stephanie,Wahl,Kansas City,2004-11-19
1835,96,Stephanie,Wahl,Kansas City,2004-11-19
1836,56,Susan,Ries,Detroit,2001-02-06
1836,56,Susan,Ries,Detroit,2001-02-06
1837,81,Timothy,Dittmann,Austin,1998-04-01
1837,81,Timothy,Dittmann,Austin,1998-04-01
1838,12,Mark,Voigt,Detroit,2013-07-24
1838,12,Mark,Voigt,Detroit,2013-07-24
1839,12,Barbara,Reimann,San Francisco,2008-11-08
1839,12,Barbara,Reimann,San Francisco,2008-11-08
1840,85,Margaret,Kreuzer,Las Vegas,2008-04-26
1840,85,Margaret,Kreuzer,Las Vegas,2008-04-26
1841,72,Andrew,Reichelt,Louisville,2020-09-05
1841,72,Andrew,Reichelt,Louisville,2020-09-05
1842,22,Barbara,Niemann,Sacramento,2017-04-17
1842,22,Barbara,Niemann,Sacramento,2017-04-17
1843,74,John,Kellermann,Milwaukee,2016-01-09
1843,74,John,Kellermann,Milwaukee,2016-01-09
1844,84,Mark,Pape,San Jose,2004-08-17
1844,84,Mark,Pape,San Jose,2004-08-17
1845,62,William,Hamann,Sacramento,2017-05-25
1845,62,William,Hamann,Sacramento,2017-05-25
1846,64,Steven,Stenzel,Indianapolis,2023-01-02
1846,64,Steven,Stenzel,Indianapolis,2023-01-02
1847,28,Jennifer,Lenz,Charlotte,1998-08-22
1847,28,Jennifer,Lenz,Charlotte,1998-08-22
1848,89,Timothy,Hirsch,Seattle,2020-07-21
1848,89,Timothy,Hirsch,Seattle,2020-07-21
1849,28,Joseph,Grabowski,Atlanta,2023-01-18
1849,28,Joseph,Grabowski,Atlanta,2023-01-18
1850,4,Emily,Starke,Portland,2003-03-07
1850,4,Emily,Starke,Portland,2003-03-07
1851,45,William,Sievers,Sacramento,1997-05-17
1851,45,William,Sievers,Sacramento,1997-05-17
1852,90,Daniel,Förster,Sacramento,2008-07-25
1852,90,Daniel,Förster,Sacramento,2008-07-25
1853,13,Sandra,Bittner,Louisville,2003-09-02
1853,13,Sandra,Bittner,Louisville,2003-09-02
1854,83,Kimberly,Resch,Colorado Springs,1995-01-15
1854,83,Kimberly,Resch,Colorado Springs,1995-01-15
1855,98,Melissa,Ludwig,Kansas City,2000-06-17
1855,98,Melissa,Ludwig,Kansas City,2000-06-17
1856,80,Kimberly,Busch,Dallas,2014-11-28
1856,80,Kimberly,Busch,Dallas,2014-11-28
1857,4,Mark,Ochs,Fort Worth,2001-01-11
1857,4,Mark,Ochs,Fort Worth,2001-01-11
1858,61,Patricia,Zink,Charlotte,2001-06-27
1858,61,Patricia,Zink,Charlotte,2001-06-27
1859,84,Thomas,Sieber,Nashville,2023-10-03
1859,84,Thomas,Sieber,Nashville,2023-10-03
1860,26,Andrew,Hauck,Sacramento,2008-11-12
1860,26,Andrew,Hauck,Sacramento,2008-11-12
1861,94,Richard,Wegener,Tucson,2010-11-02
1861,94,Richard,Wegener,Tucson,2010-11-02
1862,6,Kenneth,Bernhardt,Denver,2011-09-27
1862,6,Kenneth,Bernhardt,Denver,2011-09-27
1863,77,Joshua,Wacker,El Paso,2023-09-13
1863,77,Joshua,Wacker,El Paso,2023-09-13
1864,56,Joseph,Löhr,San Jose,2021-11-01
1864,56,Joseph,Löhr,San Jose,2021-11-01
1865,81,Mark,Conrad,New York,2023-05-12
1865,81,Mark,Conrad,New York,2023-05-12
1866,27,Mark,Roth,Memphis,1998-06-07
1866,27,Mark,Roth,Memphis,1998-06-07
1867,35,William,Dietrich,Las Vegas,1996-06-16
1867,35,William,Dietrich,Las Vegas,1996-06-16
1868,97,Emily,Popp,Indianapolis,2013-02-14
1868,97,Emily,Popp,Indianapolis,2013-02-14
1869,82,Mary,Baum,Boston,1996-03-13
1869,82,Mary,Baum,Boston,1996-03-13
1870,58,Timothy,Bräuer,El Paso,1997-11-06
1870,58,Timothy,Bräuer,El Paso,1997-11-06
1871,84,Susan,Blume,Louisville,2011-10-06
1871,84,Susan,Blume,Louisville,2011-10-06
1872,63,Sarah,Braun,Indianapolis,2020-06-14
1872,63,Sarah,Braun,Indianapolis,2020-06-14
1873,33,Lisa,Breuer,Kansas City,2019-08-24
1873,33,Lisa,Breuer,Kansas City,2019-08-24
1874,95,William,Hartmann,Austin,2001-02-19
1874,95,William,Hartmann,Austin,2001-02-19
1875,83,Anthony,Hinz,Chicago,2001-04-06
1875,83,Anthony,Hinz,Chicago,2001-04-06
1876,97,Michael,Arndt,Charlotte,2007-02-20
1876,97,Michael,Arndt,Charlotte,2007-02-20
1877,81,Thomas,Schönfeld,New York,2020-05-16
1877,81,Thomas,Schönfeld,New York,2020-05-16
1878,33,Amanda,Klug,San Antonio,2003-10-13
1878,33,Amanda,Klug,San Antonio,2003-10-13
1879,69,Betty,Walther,New York,2021-11-19
1879,69,Betty,Walther,New York,2021-11-19
1880,40,Mark,Claus,Albuquerque,2012-02-19
1880,40,Mark,Claus,Albuquerque,2012-02-19
1881,47,Charles,Hampel,Dallas,2007-09-20
1881,47,Charles,Hampel,Dallas,2007-09-20
1882,45,Timothy,Heidemann,Memphis,1999-06-12
1882,45,Timothy,Heidemann,Memphis,1999-06-12
1883,27,Jessica,Stadler,Detroit,1995-09-19
1883,27,Jessica,Stadler,Detroit,1995-09-19
1884,7,Paul,Lotz,El Paso,2017-07-28
1884,7,Paul,Lotz,El Paso,2017-07-28
1885,58,Sarah,Kranz,Memphis,2001-09-18
1885,58,Sarah,Kranz,Memphis,2001-09-18
1886,14,Jennifer,Westphal,Kansas City,2012-03-15
1886,14,Jennifer,Westphal,Kansas City,2012-03-15
1887,4,Christopher,Wieczorek,Tucson,2018-08-01
1887,4,Christopher,Wieczorek,Tucson,2018-08-01
1888,82,Robert,Grünewald,San Antonio,2018-09-06
1888,82,Robert,Grünewald,San Antonio,2018-09-06
1889,34,Michael,Pütz,Fort Worth,2016-04-27
1889,34,Michael,Pütz,Fort Worth,2016-04-27
1890,80,James,Heinen,Milwaukee,1996-01-03
1890,80,James,Heinen,Milwaukee,1996-01-03
1891,91,Donna,Jakobs,Albuquerque,2009-05-15
1891,91,Donna,Jakobs,Albuquerque,2009-05-15
1892,38,Joseph,Freund,Oklahoma City,2014-01-21
1892,38,Joseph,Freund,Oklahoma City,2014-01-21
1893,20,Kimberly,Hermes,San Francisco,2024-09-14
1893,20,Kimberly,Hermes,San Francisco,2024-09-14
1894,46,Andrew,Schlüter,Mesa,2014-09-14
1894,46,Andrew,Schlüter,Mesa,2014-09-14
1895,19,Ronald,Völker,Chicago,1996-04-18
1895,19,Ronald,Völker,Chicago,1996-04-18
1896,1,Matthew,Linke,New York,2019-01-02
1896,1,Matthew,Linke,New York,2019-01-02
1897,23,Nancy,Seidel,Portland,2022-08-13
1897,23,Nancy,Seidel,Portland,2022-08-13
1898,62,Barbara,Behrens,Omaha,2008-07-05
1898,62,Barbara,Behrens,Omaha,2008-07-05
1899,73,Karen,Vogl,Tucson,2007-02-09
1899,73,Karen,Vogl,Tucson,2007-02-09
1900,28,Joseph,Riedl,Oklahoma City,2006-10-03
1900,28,Joseph,Riedl,Oklahoma City,2006-10-03
1901,84,Amanda,Wimmer,Columbus,2021-02-06
1901,84,Amanda,Wimmer,Columbus,2021-02-06
1902,80,Jessica,Bayer,Mesa,2009-05-15
1902,80,Jessica,Bayer,Mesa,2009-05-15
1903,77,Anthony,Jost,Phoenix,1995-04-22
1903,77,Anthony,Jost,Phoenix,1995-04-22
1904,33,Linda,Thies,El Paso,2000-06-22
1904,33,Linda,Thies,El Paso,2000-06-22
1905,3,Melissa,Straub,Charlotte,2000-08-27
1905,3,Melissa,Straub,Charlotte,2000-08-27
1906,79,Matthew,Hölscher,Philadelphia,2019-06-24
1906,79,Matthew,Hölscher,Philadelphia,2019-06-24
1907,16,Thomas,Schröder,Tucson,2024-08-09
1907,16,Thomas,Schröder,Tucson,2024-08-09
1908,30,Mark,Scheffler,Denver,2021-11-08
1908,30,Mark,Scheffler,Denver,2021-11-08
1909,25,Linda,Völker,San Jose,2008-12-05
1909,25,Linda,Völker,San Jose,2008-12-05
1910,78,Joseph,Dietz,Memphis,2007-01-07
1910,78,Joseph,Dietz,Memphis,2007-01-07
1911,1,Anthony,Altmann,Philadelphia,2003-10-03
1911,1,Anthony,Altmann,Philadelphia,2003-10-03
1912,33,Melissa,Muth,Charlotte,1997-04-20
1912,33,Melissa,Muth,Charlotte,1997-04-20
1913,37,Stephanie,Stoll,Indianapolis,2013-08-22
1913,37,Stephanie,Stoll,Indianapolis,2013-08-22
1914,29,John,Heidrich,Las Vegas,2016-05-09
1914,29,John,Heidrich,Las Vegas,2016-05-09
1915,37,Michael,Brinkmann,El Paso,2006-12-26
1915,37,Michael,Brinkmann,El Paso,2006-12-26
1916,61,Mark,Schaaf,Jacksonville,2015-08-09
1916,61,Mark,Schaaf,Jacksonville,2015-08-09
1917,8,Amanda,Arnold,San Francisco,2014-03-03
1917,8,Amanda,Arnold,San Francisco,2014-03-03
1918,1,Nancy,Rabe,Baltimore,2000-03-26
1918,1,Nancy,Rabe,Baltimore,2000-03-26
1919,63,Michael,Schenk,Jacksonville,2005-11-09
1919,63,Michael,Schenk,Jacksonville,2005-11-09
1920,88,Sarah,Schütze,Denver,2022-07-15
1920,88,Sarah,Schütze,Denver,2022-07-15
1921,65,Melissa,Bernhard,Memphis,1999-12-02
1921,65,Melissa,Bernhard,Memphis,1999-12-02
1922,46,Joseph,Bär,Los Angeles,2004-05-26
1922,46,Joseph,Bär,Los Angeles,2004-05-26
1923,43,Matthew,Knoll,Mesa,2020-04-09
1923,43,Matthew,Knoll,Mesa,2020-04-09
1924,10,Ashley,Herrmann,Denver,2020-08-21
1924,10,Ashley,Herrmann,Denver,2020-08-21
1925,82,Susan,Kohl,San Antonio,1999-09-11
1925,82,Susan,Kohl,San Antonio,1999-09-11
1926,85,John,Philipp,Detroit,2011-09-03
1926,85,John,Philipp,Detroit,2011-09-03
1927,10,Thomas,Sommer,Charlotte,2007-08-09
1927,10,Thomas,Sommer,Charlotte,2007-08-09
1928,62,Amanda,Kuhn,Kansas City,2015-11-09
1928,62,Amanda,Kuhn,Kansas City,2015-11-09
1929,86,Sarah,Kunz,Chicago,2001-05-06
1929,86,Sarah,Kunz,Chicago,2001-05-06
1930,51,Margaret,Lohmann,Kansas City,2000-10-15
1930,51,Margaret,Lohmann,Kansas City,2000-10-15
1931,45,David,Schaper,Indianapolis,1999-04-14
1931,45,David,Schaper,Indianapolis,1999-04-14
1932,73,Donna,Lauterbach,Los Angeles,2011-07-20
1932,73,Donna,Lauterbach,Los Angeles,2011-07-20
1933,73,Deborah,Seifert,Milwaukee,2014-06-01
1933,73,Deborah,Seifert,Milwaukee,2014-06-01
1934,45,Lisa,Schreiner,Louisville,2018-02-13
1934,45,Lisa,Schreiner,Louisville,2018-02-13
1935,85,Mary,Rahn,San Antonio,2022-05-26
1935,85,Mary,Rahn,San Antonio,2022-05-26
1936,58,Nancy,Scharf,Baltimore,1999-10-07
1936,58,Nancy,Scharf,Baltimore,1999-10-07
1937,95,Linda,Funk,San Antonio,2001-04-03
1937,95,Linda,Funk,San Antonio,2001-04-03
1938,66,William,Conrad,Mesa,2024-09-17
1938,66,William,Conrad,Mesa,2024-09-17
1939,24,Richard,Merz,Memphis,2005-09-18
1939,24,Richard,Merz,Memphis,2005-09-18
1940,97,Thomas,Götze,Las Vegas,2012-07-05
1940,97,Thomas,Götze,Las Vegas,2012-07-05
1941,75,Linda,Dreher,Colorado Springs,2018-01-15
1941,75,Linda,Dreher,Colorado Springs,2018-01-15
1942,65,Charles,Büttner,Houston,1995-10-27
1942,65,Charles,Büttner,Houston,1995-10-27
1943,55,Karen,Kreuzer,Memphis,2020-02-16
1943,55,Karen,Kreuzer,Memphis,2020-02-16
1944,51,Ashley,Fritzsche,Phoenix,2023-01-06
1944,51,Ashley,Fritzsche,Phoenix,2023-01-06
1945,72,Karen,Eilers,Memphis,1995-11-01
1945,72,Karen,Eilers,Memphis,1995-11-01
1946,73,Melissa,Dorn,Baltimore,2007-05-09
1946,73,Melissa,Dorn,Baltimore,2007-05-09
1947,21,Timothy,Voigt,Memphis,1999-02-22
1947,21,Timothy,Voigt,Memphis,1999-02-22
1948,47,Donald,Reich,Detroit,2012-09-20
1948,47,Donald,Reich,Detroit,2012-09-20
1949,22,Donna,Hein,Denver,2018-06-13
1949,22,Donna,Hein,Denver,2018-06-13
1950,29,Emily,Rabe,Detroit,2005-07-20
1950,29,Emily,Rabe,Detroit,2005-07-20
1951,40,William,Rademacher,Atlanta,2021-08-20
1951,40,William,Rademacher,Atlanta,2021-08-20
1952,3,Brian,Bolz,Portland,1999-06-12
1952,3,Brian,Bolz,Portland,1999-06-12
1953,49,Matthew,Fuhrmann,Baltimore,2020-01-01
1953,49,Matthew,Fuhrmann,Baltimore,2020-01-01
1954,25,Steven,Häusler,Baltimore,2020-04-06
1954,25,Steven,Häusler,Baltimore,2020-04-06
1955,82,Donna,Barth,Chicago,2013-11-22
1955,82,Donna,Barth,Chicago,2013-11-22
1956,11,Kenneth,Schenk,San Antonio,2012-11-22
1956,11,Kenneth,Schenk,San Antonio,2012-11-22
1957,94,Linda,Schirmer,Dallas,2004-12-17
1957,94,Linda,Schirmer,Dallas,2004-12-17
1958,89,William,Behrendt,San Jose,2008-10-27
1958,89,William,Behrendt,San Jose,2008-10-27
1959,75,Lisa,Frenzel,Charlotte,2000-10-18
1959,75,Lisa,Frenzel,Charlotte,2000-10-18
1960,98,Nancy,Weber,Phoenix,2010-03-15
1960,98,Nancy,Weber,Phoenix,2010-03-15
1961,88,Kenneth,Rauch,Memphis,2016-12-24
1961,88,Kenneth,Rauch,Memphis,2016-12-24
1962,48,Thomas,Meister,Sacramento,1999-12-18
1962,48,Thomas,Meister,Sacramento,1999-12-18
1963,32,Barbara,Christ,Portland,2000-09-02
1963,32,Barbara,Christ,Portland,2000-09-02
1964,3,Melissa,Zander,Portland,2005-06-12
1964,3,Melissa,Zander,Portland,2005-06-12
1965,45,Emily,Maier,San Diego,2005-11-27
1965,45,Emily,Maier,San Diego,2005-11-27
1966,89,Joseph,Buchholz,Albuquerque,2003-02-28
1966,89,Joseph,Buchholz,Albuquerque,2003-02-28
1967,20,Jessica,Mertens,Oklahoma City,2008-09-21
1967,20,Jessica,Mertens,Oklahoma City,2008-09-21
1968,20,Lisa,Vetter,Jacksonville,2004-09-22
1968,20,Lisa,Vetter,Jacksonville,2004-09-22
1969,51,Betty,Kowalski,San Jose,2014-07-16
1969,51,Betty,Kowalski,San Jose,2014-07-16
1970,81,Sarah,Weigand,Memphis,2012-04-08
1970,81,Sarah,Weigand,Memphis,2012-04-08
1971,20,Steven,Dick,Sacramento,2012-07-27
1971,20,Steven,Dick,Sacramento,2012-07-27
1972,82,Elizabeth,Yilmaz,San Diego,2012-01-16
1972,82,Elizabeth,Yilmaz,San Diego,2012-01-16
1973,14,Michelle,Reiser,Memphis,2024-05-11
1973,14,Michelle,Reiser,Memphis,2024-05-11
1974,98,Emily,Runge,Milwaukee,1997-02-21
1974,98,Emily,Runge,Milwaukee,1997-02-21
1975,80,Stephanie,Westermann,Baltimore,2001-04-26
1975,80,Stephanie,Westermann,Baltimore,2001-04-26
1976,32,Steven,Kleine,Washington,2011-09-02
1976,32,Steven,Kleine,Washington,2011-09-02
1977,72,Mary,Konrad,Nashville,2014-10-14
1977,72,Mary,Konrad,Nashville,2014-10-14
1978,42,Steven,Sommer,Fort Worth,2022-09-18
1978,42,Steven,Sommer,Fort Worth,2022-09-18
1979,80,Steven,Weise,Austin,1996-08-08
1979,80,Steven,Weise,Austin,1996-08-08
1980,39,Kenneth,Brandl,Los Angeles,2013-08-27
1980,39,Kenneth,Brandl,Los Angeles,2013-08-27
1981,38,Richard,Wild,Los Angeles,1997-11-13
1981,38,Richard,Wild,Los Angeles,1997-11-13
1982,64,Ashley,Steinbach,Fresno,2000-10-06
1982,64,Ashley,Steinbach,Fresno,2000-10-06
1983,4,Steven,Strobel,Chicago,1995-07-27
1983,4,Steven,Strobel,Chicago,1995-07-27
1984,99,Richard,Hirsch,Indianapolis,2009-02-10
1984,99,Richard,Hirsch,Indianapolis,2009-02-10
1985,92,Sandra,Reinhard,Houston,2010-04-27
1985,92,Sandra,Reinhard,Houston,2010-04-27
1986,63,Lisa,Meurer,El Paso,2014-09-04
1986,63,Lisa,Meurer,El Paso,2014-09-04
1987,61,Joshua,Schröder,Oklahoma City,2023-06-18
1987,61,Joshua,Schröder,Oklahoma City,2023-06-18
1988,78,Mary,Stock,Boston,2024-07-04
1988,78,Mary,Stock,Boston,2024-07-04
1989,5,Donna,Bräuer,Baltimore,2005-10-24
1989,5,Donna,Bräuer,Baltimore,2005-10-24
1990,66,Joshua,Hornung,Seattle,2013-05-21
1990,66,Joshua,Hornung,Seattle,2013-05-21
1991,45,Sandra,Kellner,Austin,1998-03-11
1991,45,Sandra,Kellner,Austin,1998-03-11
1992,50,Melissa,Seibel,Memphis,2001-01-28
1992,50,Melissa,Seibel,Memphis,2001-01-28
1993,88,Stephanie,Nitschke,San Francisco,1995-09-28
1993,88,Stephanie,Nitschke,San Francisco,1995-09-28
1994,3,Joseph,Schöne,Detroit,1999-03-03
1994,3,Joseph,Schöne,Detroit,1999-03-03
1995,23,Kimberly,Binder,El Paso,2017-05-13
1995,23,Kimberly,Binder,El Paso,2017-05-13
1996,11,Carol,Kellermann,Oklahoma City,1998-05-22
1996,11,Carol,Kellermann,Oklahoma City,1998-05-22
1997,38,Amanda,Rabe,Los Angeles,2010-08-10
1997,38,Amanda,Rabe,Los Angeles,2010-08-10
1998,56,Ronald,Helbig,Las Vegas,2020-11-14
1998,56,Ronald,Helbig,Las Vegas,2020-11-14
1999,35,Michelle,Behr,Milwaukee,2018-09-06
1999,35,Michelle,Behr,Milwaukee,2018-09-06
2000,65,William,Sprenger,Portland,2014-10-13
2000,65,William,Sprenger,Portland,2014-10-13
2001,6,Michael,Kempf,Los Angeles,2013-07-17
2001,6,Michael,Kempf,Los Angeles,2013-07-17
2002,70,Jennifer,Renz,Columbus,2017-08-09
2002,70,Jennifer,Renz,Columbus,2017-08-09
2003,40,David,Benz,Houston,2007-07-19
2003,40,David,Benz,Houston,2007-07-19
2004,90,Jennifer,Orth,San Jose,2000-04-02
2004,90,Jennifer,Orth,San Jose,2000-04-02
2005,35,David,Pilz,Mesa,1997-11-07
2005,35,David,Pilz,Mesa,1997-11-07
2006,13,Joshua,Bartsch,Sacramento,2007-04-25
2006,13,Joshua,Bartsch,Sacramento,2007-04-25
2007,25,Donald,Kessler,San Diego,2015-05-12
2007,25,Donald,Kessler,San Diego,2015-05-12
2008,86,Emily,Berndt,Los Angeles,2015-12-11
2008,86,Emily,Berndt,Los Angeles,2015-12-11
2009,81,Kenneth,Götz,Philadelphia,2022-11-10
2009,81,Kenneth,Götz,Philadelphia,2022-11-10
2010,78,Stephanie,Neubert,Milwaukee,2014-07-06
2010,78,Stephanie,Neubert,Milwaukee,2014-07-06
2011,67,Barbara,Schiller,Jacksonville,1996-01-01
2011,67,Barbara,Schiller,Jacksonville,1996-01-01
2012,68,Linda,Braun,Nashville,2000-09-10
2012,68,Linda,Braun,Nashville,2000-09-10
2013,99,Linda,Link,Jacksonville,2004-05-01
2013,99,Linda,Link,Jacksonville,2004-05-01
2014,47,Stephanie,Werner,El Paso,2021-08-24
2014,47,Stephanie,Werner,El Paso,2021-08-24
2015,55,Betty,Ahlers,Chicago,2015-07-27
2015,55,Betty,Ahlers,Chicago,2015-07-27
2016,92,Sarah,Kahl,Albuquerque,1995-10-22
2016,92,Sarah,Kahl,Albuquerque,1995-10-22
2017,43,Timothy,Neubauer,Oklahoma City,1999-05-14
2017,43,Timothy,Neubauer,Oklahoma City,1999-05-14
2018,2,John,Hermes,Jacksonville,2005-05-09
2018,2,John,Hermes,Jacksonville,2005-05-09
2019,45,William,Sander,Memphis,2013-05-27
2019,45,William,Sander,Memphis,2013-05-27
2020,48,Sarah,Hiller,Fresno,2008-06-13
2020,48,Sarah,Hiller,Fresno,2008-06-13
2021,62,Jessica,Schumann,Atlanta,2020-05-08
2021,62,Jessica,Schumann,Atlanta,2020-05-08
2022,38,Patricia,Blank,Oklahoma City,1997-11-16
2022,38,Patricia,Blank,Oklahoma City,1997-11-16
2023,47,Jennifer,Pfeifer,San Diego,2015-06-09
2023,47,Jennifer,Pfeifer,San Diego,2015-06-09
2024,4,Lisa,Petersen,San Antonio,2000-09-04
2024,4,Lisa,Petersen,San Antonio,2000-09-04
2025,60,Sandra,Volkmann,Philadelphia,2007-05-13
2025,60,Sandra,Volkmann,Philadelphia,2007-05-13
2026,49,Michael,Christiansen,Austin,2023-12-19
2026,49,Michael,Christiansen,Austin,2023-12-19
2027,76,Kenneth,Schaller,Seattle,2002-10-17
2027,76,Kenneth,Schaller,Seattle,2002-10-17
2028,34,Carol,Jonas,Memphis,1995-01-23
2028,34,Carol,Jonas,Memphis,1995-01-23
2029,44,Susan,Reinecke,Boston,2020-06-02
2029,44,Susan,Reinecke,Boston,2020-06-02
2030,94,William,Anders,Nashville,2008-08-02
2030,94,William,Anders,Nashville,2008-08-02
2031,85,Karen,Becker,Chicago,1997-12-12
2031,85,Karen,Becker,Chicago,1997-12-12
2032,56,Barbara,Paul,Seattle,2004-01-01
2032,56,Barbara,Paul,Seattle,2004-01-01
2033,92,Daniel,Seibert,Las Vegas,2020-12-13
2033,92,Daniel,Seibert,Las Vegas,2020-12-13
2034,42,Barbara,Falk,Kansas City,2008-06-07
2034,42,Barbara,Falk,Kansas City,2008-06-07
2035,50,Richard,Schön,Jacksonville,2020-04-28
2035,50,Richard,Schön,Jacksonville,2020-04-28
2036,69,Matthew,Voigt,Portland,2013-12-14
2036,69,Matthew,Voigt,Portland,2013-12-14
2037,33,Brian,Schönfeld,Fort Worth,2002-04-15
2037,33,Brian,Schönfeld,Fort Worth,2002-04-15
2038,98,Christopher,Fechner,San Antonio,2010-05-04
2038,98,Christopher,Fechner,San Antonio,2010-05-04
2039,96,Melissa,Ortmann,San Francisco,2023-11-25
2039,96,Melissa,Ortmann,San Francisco,2023-11-25
2040,91,Margaret,Dürr,New York,1996-03-18
2040,91,Margaret,Dürr,New York,1996-03-18
2041,67,Brian,Sommerfeld,Detroit,2006-04-08
2041,67,Brian,Sommerfeld,Detroit,2006-04-08
2042,42,Linda,Merz,Charlotte,2007-06-07
2042,42,Linda,Merz,Charlotte,2007-06-07
2043,44,Mark,Just,Tucson,2017-07-11
2043,44,Mark,Just,Tucson,2017-07-11
2044,68,Emily,Krohn,Atlanta,2015-12-20
2044,68,Emily,Krohn,Atlanta,2015-12-20
2045,57,Amanda,Hansen,Milwaukee,2008-05-14
2045,57,Amanda,Hansen,Milwaukee,2008-05-14
2046,36,Karen,Janke,Sacramento,1999-02-11
2046,36,Karen,Janke,Sacramento,1999-02-11
2047,41,Jennifer,Adam,New York,1999-01-20
2047,41,Jennifer,Adam,New York,1999-01-20
2048,56,Karen,Seibert,San Diego,2017-11-13
2048,56,Karen,Seibert,San Diego,2017-11-13
2049,3,Christopher,Wörner,Fort Worth,2006-12-18
2049,3,Christopher,Wörner,Fort Worth,2006-12-18
2050,56,Lisa,Gehring,Denver,2016-07-04
2050,56,Lisa,Gehring,Denver,2016-07-04
2051,56,Paul,Boldt,Boston,2000-03-25
2051,56,Paul,Boldt,Boston,2000-03-25
2052,65,Emily,Burkhardt,Albuquerque,2014-01-20
2052,65,Emily,Burkhardt,Albuquerque,2014-01-20
2053,39,Kenneth,Heck,Fort Worth,2019-07-04
2053,39,Kenneth,Heck,Fort Worth,2019-07-04
2054,40,Michael,Stadler,San Jose,1998-09-08
2054,40,Michael,Stadler,San Jose,1998-09-08
2055,39,Betty,Metzner,Louisville,2023-07-13
2055,39,Betty,Metzner,Louisville,2023-07-13
2056,27,Elizabeth,Neubert,New York,2024-09-26
2056,27,Elizabeth,Neubert,New York,2024-09-26
2057,67,Andrew,Brück,Philadelphia,2002-12-07
2057,67,Andrew,Brück,Philadelphia,2002-12-07
2058,94,Mark,Brehm,San Diego,2017-01-21
2058,94,Mark,Brehm,San Diego,2017-01-21
2059,65,Joseph,Gebauer,Houston,2000-10-22
2059,65,Joseph,Gebauer,Houston,2000-10-22
2060,74,Steven,Lampe,Phoenix,2019-11-25
2060,74,Steven,Lampe,Phoenix,2019-11-25
2061,3,John,Karl,Boston,2021-01-27
2061,3,John,Karl,Boston,2021-01-27
2062,3,Barbara,Bucher,Washington,2014-09-07
2062,3,Barbara,Bucher,Washington,2014-09-07
2063,37,Ronald,Hansen,Louisville,2013-02-05
2063,37,Ronald,Hansen,Louisville,2013-02-05
2064,98,Ashley,Petzold,Colorado Springs,2006-11-11
2064,98,Ashley,Petzold,Colorado Springs,2006-11-11
2065,20,Charles,Ruppert,El Paso,1998-07-05
2065,20,Charles,Ruppert,El Paso,1998-07-05
2066,11,Donald,Heidrich,Houston,2002-12-05
2066,11,Donald,Heidrich,Houston,2002-12-05
2067,83,Nancy,Baum,Houston,2003-06-21
2067,83,Nancy,Baum,Houston,2003-06-21
2068,91,Sarah,Theis,Nashville,2000-12-11
2068,91,Sarah,Theis,Nashville,2000-12-11
2069,24,Paul,Janßen,Atlanta,2013-05-23
2069,24,Paul,Janßen,Atlanta,2013-05-23
2070,70,Patricia,Volk,Los Angeles,2008-02-17
2070,70,Patricia,Volk,Los Angeles,2008-02-17
2071,65,Betty,Brunner,San Antonio,2012-09-26
2071,65,Betty,Brunner,San Antonio,2012-09-26
2072,83,Amanda,Tiedemann,Indianapolis,2022-06-24
2072,83,Amanda,Tiedemann,Indianapolis,2022-06-24
2073,74,Sarah,Reinhold,San Francisco,2013-07-14
2073,74,Sarah,Reinhold,San Francisco,2013-07-14
2074,32,Nancy,Kastner,Oklahoma City,2017-02-12
2074,32,Nancy,Kastner,Oklahoma City,2017-02-12
2075,62,Stephanie,Boos,El Paso,1999-07-18
2075,62,Stephanie,Boos,El Paso,1999-07-18
2076,55,Ronald,Schober,Fresno,2001-08-18
2076,55,Ronald,Schober,Fresno,2001-08-18
2077,36,Emily,Behnke,Austin,2018-11-03
2077,36,Emily,Behnke,Austin,2018-11-03
2078,66,Kenneth,Schwabe,Fresno,2018-12-07
2078,66,Kenneth,Schwabe,Fresno,2018-12-07
2079,37,Margaret,Pauli,Tucson,2013-07-09
2079,37,Margaret,Pauli,Tucson,2013-07-09
2080,14,Kimberly,Michael,Detroit,2021-02-21
2080,14,Kimberly,Michael,Detroit,2021-02-21
2081,46,Margaret,Holz,Los Angeles,2018-02-02
2081,46,Margaret,Holz,Los Angeles,2018-02-02
2082,77,Mary,Wessels,El Paso,2003-02-09
2082,77,Mary,Wessels,El Paso,2003-02-09
2083,56,Joseph,Friedrichs,Washington,2007-06-21
2083,56,Joseph,Friedrichs,Washington,2007-06-21
2084,50,Kimberly,Loos,Fresno,2003-10-23
2084,50,Kimberly,Loos,Fresno,2003-10-23
2085,61,Margaret,Karl,Charlotte,1999-10-03
2085,61,Margaret,Karl,Charlotte,1999-10-03
2086,17,Jennifer,Steffens,Jacksonville,1999-01-19
2086,17,Jennifer,Steffens,Jacksonville,1999-01-19
2087,27,Joshua,Orth,Charlotte,2014-06-09
2087,27,Joshua,Orth,Charlotte,2014-06-09
2088,54,Carol,Huber,Memphis,2005-10-24
2088,54,Carol,Huber,Memphis,2005-10-24
2089,29,Barbara,Blume,El Paso,2018-12-04
2089,29,Barbara,Blume,El Paso,2018-12-04
2090,13,Michael,Beckmann,San Francisco,2017-04-22
2090,13,Michael,Beckmann,San Francisco,2017-04-22
2091,49,Brian,Eggert,Dallas,2022-11-22
2091,49,Brian,Eggert,Dallas,2022-11-22
2092,25,Karen,Eder,Mesa,2003-09-15
2092,25,Karen,Eder,Mesa,2003-09-15
2093,88,Michelle,Linke,Dallas,2001-10-17
2093,88,Michelle,Linke,Dallas,2001-10-17
2094,23,Charles,Wolff,Indianapolis,2011-09-03
2094,23,Charles,Wolff,Indianapolis,2011-09-03
2095,26,Joseph,Hartung,Mesa,2014-10-09
2095,26,Joseph,Hartung,Mesa,2014-10-09
2096,48,Steven,Faber,Tucson,1995-03-20
2096,48,Steven,Faber,Tucson,1995-03-20
2097,36,Andrew,Reichert,Milwaukee,1997-02-01
2097,36,Andrew,Reichert,Milwaukee,1997-02-01
2098,6,Sandra,Oswald,Philadelphia,1997-08-18
2098,6,Sandra,Oswald,Philadelphia,1997-08-18
2099,80,Linda,Kremer,Jacksonville,2008-05-12
2099,80,Linda,Kremer,Jacksonville,2008-05-12
2100,74,Margaret,Körner,Indianapolis,2015-03-21
2100,74,Margaret,Körner,Indianapolis,2015-03-21
2101,39,Deborah,Stiller,Houston,2015-10-03
2101,39,Deborah,Stiller,Houston,2015-10-03
2102,57,Ashley,Steiner,Washington,1999-12-03
2102,57,Ashley,Steiner,Washington,1999-12-03
2103,91,Daniel,Hartmann,San Jose,2022-09-10
2103,91,Daniel,Hartmann,San Jose,2022-09-10
2104,66,Carol,Bader,Indianapolis,2001-03-27
2104,66,Carol,Bader,Indianapolis,2001-03-27
2105,10,Amanda,Wüst,Memphis,2004-08-14
2105,10,Amanda,Wüst,Memphis,2004-08-14
2106,72,Susan,Arndt,Philadelphia,2008-06-17
2106,72,Susan,Arndt,Philadelphia,2008-06-17
2107,9,Susan,Strobel,Detroit,1996-05-19
2107,9,Susan,Strobel,Detroit,1996-05-19
2108,77,Mary,Hildebrand,Austin,2020-08-12
2108,77,Mary,Hildebrand,Austin,2020-08-12
2109,72,Paul,Christ,Las Vegas,2017-05-21
2109,72,Paul,Christ,Las Vegas,2017-05-21
2110,27,Robert,Schuler,Memphis,2013-01-08
2110,27,Robert,Schuler,Memphis,2013-01-08
2111,46,Donna,Hartl,Chicago,2023-02-17
2111,46,Donna,Hartl,Chicago,2023-02-17
2112,63,Brian,Weise,Jacksonville,2007-02-19
2112,63,Brian,Weise,Jacksonville,2007-02-19
2113,42,Kenneth,Veit,New York,2009-10-18
2113,42,Kenneth,Veit,New York,2009-10-18
2114,85,Timothy,Ernst,Detroit,2003-12-12
2114,85,Timothy,Ernst,Detroit,2003-12-12
2115,41,Susan,Lang,Fort Worth,1999-05-16
2115,41,Susan,Lang,Fort Worth,1999-05-16
2116,34,Joshua,Burmeister,Columbus,2006-05-11
2116,34,Joshua,Burmeister,Columbus,2006-05-11
2117,93,Matthew,Thelen,Boston,2010-03-27
2117,93,Matthew,Thelen,Boston,2010-03-27
2118,30,Sarah,Friedrichs,San Diego,1999-04-04
2118,30,Sarah,Friedrichs,San Diego,1999-04-04
2119,44,Mary,Exner,Houston,2014-07-26
2119,44,Mary,Exner,Houston,2014-07-26
2120,80,Joshua,Hohmann,Louisville,1998-07-09
2120,80,Joshua,Hohmann,Louisville,1998-07-09
2121,1,Jennifer,Wimmer,San Antonio,2015-12-07
2121,1,Jennifer,Wimmer,San Antonio,2015-12-07
2122,45,Thomas,Stolz,Jacksonville,2024-10-15
2122,45,Thomas,Stolz,Jacksonville,2024-10-15
2123,47,Matthew,Haag,Mesa,2002-07-18
2123,47,Matthew,Haag,Mesa,2002-07-18
2124,93,Betty,Muth,Los Angeles,2019-10-03
2124,93,Betty,Muth,Los Angeles,2019-10-03
2125,30,Mary,Ludwig,Detroit,2022-10-26
2125,30,Mary,Ludwig,Detroit,2022-10-26
2126,22,Andrew,Jordan,Columbus,2009-07-25
2126,22,Andrew,Jordan,Columbus,2009-07-25
2127,15,Paul,Jakobs,Indianapolis,1998-03-21
2127,15,Paul,Jakobs,Indianapolis,1998-03-21
2128,84,Robert,Dörr,San Francisco,2014-11-16
2128,84,Robert,Dörr,San Francisco,2014-11-16
2129,38,James,Behr,Washington,2013-09-11
2129,38,James,Behr,Washington,2013-09-11
2130,23,Michelle,Berner,Houston,2023-06-20
2130,23,Michelle,Berner,Houston,2023-06-20
2131,31,Barbara,Hoffmann,Denver,2003-06-04
2131,31,Barbara,Hoffmann,Denver,2003-06-04
2132,57,Margaret,Lorenzen,Los Angeles,2024-07-09
2132,57,Margaret,Lorenzen,Los Angeles,2024-07-09
2133,81,Brian,Sonntag,Colorado Springs,2014-12-01
2133,81,Brian,Sonntag,Colorado Springs,2014-12-01
2134,35,Daniel,Göbel,Dallas,2012-03-07
2134,35,Daniel,Göbel,Dallas,2012-03-07
2135,66,Timothy,Hecker,Denver,2006-07-07
2135,66,Timothy,Hecker,Denver,2006-07-07
2136,53,Donald,Schlüter,Indianapolis,1995-08-15
2136,53,Donald,Schlüter,Indianapolis,1995-08-15
2137,31,William,Mahler,Boston,1995-11-02
2137,31,William,Mahler,Boston,1995-11-02
2138,26,Elizabeth,Weiß,Seattle,2008-11-09
2138,26,Elizabeth,Weiß,Seattle,2008-11-09
2139,31,Michael,Heim,El Paso,2017-01-03
2139,31,Michael,Heim,El Paso,2017-01-03
2140,72,Susan,Bremer,Nashville,2004-10-24
2140,72,Susan,Bremer,Nashville,2004-10-24
2141,80,Jessica,Wolf,Austin,1999-09-22
2141,80,Jessica,Wolf,Austin,1999-09-22
2142,12,Elizabeth,Trautmann,Colorado Springs,2002-03-09
2142,12,Elizabeth,Trautmann,Colorado Springs,2002-03-09
2143,53,Mark,Altmann,Houston,2021-05-23
2143,53,Mark,Altmann,Houston,2021-05-23
2144,56,Elizabeth,Hahn,Boston,2009-07-04
2144,56,Elizabeth,Hahn,Boston,2009-07-04
2145,83,Barbara,Metzger,Albuquerque,2020-03-18
2145,83,Barbara,Metzger,Albuquerque,2020-03-18
2146,62,Ashley,Kunz,Baltimore,2007-06-20
2146,62,Ashley,Kunz,Baltimore,2007-06-20
2147,44,Kenneth,Baumgarten,Detroit,1995-05-25
2147,44,Kenneth,Baumgarten,Detroit,1995-05-25
2148,58,James,Ullrich,Mesa,2004-12-08
2148,58,James,Ullrich,Mesa,2004-12-08
2149,77,Robert,Rudolph,Fresno,2016-04-07
2149,77,Robert,Rudolph,Fresno,2016-04-07
2150,65,Sarah,Kaminski,Dallas,2008-05-23
2150,65,Sarah,Kaminski,Dallas,2008-05-23
2151,13,Linda,Dietz,Fort Worth,2003-02-23
2151,13,Linda,Dietz,Fort Worth,2003-02-23
2152,61,Kevin,Kramer,Los Angeles,2024-10-26
2152,61,Kevin,Kramer,Los Angeles,2024-10-26
2153,68,Barbara,Singer,Kansas City,2001-06-28
2153,68,Barbara,Singer,Kansas City,2001-06-28
2154,51,James,Bruhn,Phoenix,2011-11-20
2154,51,James,Bruhn,Phoenix,2011-11-20
2155,62,Sarah,Vetter,Phoenix,1995-08-12
2155,62,Sarah,Vetter,Phoenix,1995-08-12
2156,48,Betty,Grunwald,Washington,1995-10-21
2156,48,Betty,Grunwald,Washington,1995-10-21
2157,95,Kevin,Rupp,Phoenix,2014-11-24
2157,95,Kevin,Rupp,Phoenix,2014-11-24
2158,63,Paul,Brandl,Houston,2011-11-27
2158,63,Paul,Brandl,Houston,2011-11-27
2159,72,Timothy,Stamm,Dallas,2005-12-16
2159,72,Timothy,Stamm,Dallas,2005-12-16
2160,91,Paul,Burghardt,Memphis,2015-08-26
2160,91,Paul,Burghardt,Memphis,2015-08-26
2161,72,Barbara,Fürst,Washington,2020-07-24
2161,72,Barbara,Fürst,Washington,2020-07-24
2162,51,Paul,Bahr,Portland,2014-06-23
2162,51,Paul,Bahr,Portland,2014-06-23
2163,24,Ronald,Schüller,Jacksonville,1999-09-07
2163,24,Ronald,Schüller,Jacksonville,1999-09-07
2164,86,Ronald,Dittrich,Indianapolis,2022-11-16
2164,86,Ronald,Dittrich,Indianapolis,2022-11-16
2165,40,Amanda,Heinz,Jacksonville,2002-02-06
2165,40,Amanda,Heinz,Jacksonville,2002-02-06
2166,29,Betty,Tiedemann,Philadelphia,2011-11-12
2166,29,Betty,Tiedemann,Philadelphia,2011-11-12
2167,73,Timothy,Timm,Phoenix,1999-12-06
2167,73,Timothy,Timm,Phoenix,1999-12-06
2168,17,Joseph,Knauer,Philadelphia,2000-06-09
2168,17,Joseph,Knauer,Philadelphia,2000-06-09
2169,1,Jennifer,Neubauer,Boston,1998-07-25
2169,1,Jennifer,Neubauer,Boston,1998-07-25
2170,96,Amanda,Hopf,Houston,2014-06-28
2170,96,Amanda,Hopf,Houston,2014-06-28
2171,84,Sarah,Lenz,Omaha,2002-06-12
2171,84,Sarah,Lenz,Omaha,2002-06-12
2172,1,Stephanie,Brandl,Albuquerque,2021-01-20
2172,1,Stephanie,Brandl,Albuquerque,2021-01-20
2173,25,Susan,Benz,Sacramento,2003-08-01
2173,25,Susan,Benz,Sacramento,2003-08-01
2174,41,Mary,Raabe,Jacksonville,2001-11-25
2174,41,Mary,Raabe,Jacksonville,2001-11-25
2175,91,David,Böttcher,Fresno,1999-03-24
2175,91,David,Böttcher,Fresno,1999-03-24
2176,23,Paul,Buck,Mesa,2021-11-22
2176,23,Paul,Buck,Mesa,2021-11-22
2177,18,Sarah,Huth,Philadelphia,1996-08-27
2177,18,Sarah,Huth,Philadelphia,1996-08-27
2178,95,Sandra,Wiedemann,Indianapolis,2010-10-10
2178,95,Sandra,Wiedemann,Indianapolis,2010-10-10
2179,28,Mark,Moll,Denver,1996-06-26
2179,28,Mark,Moll,Denver,1996-06-26
2180,85,James,Ritter,Fresno,2006-08-10
2180,85,James,Ritter,Fresno,2006-08-10
2181,12,Andrew,Hennig,Boston,2002-11-19
2181,12,Andrew,Hennig,Boston,2002-11-19
2182,88,Jennifer,Tillmann,Milwaukee,2003-09-15
2182,88,Jennifer,Tillmann,Milwaukee,2003-09-15
2183,49,Paul,Haug,San Francisco,2017-11-25
2183,49,Paul,Haug,San Francisco,2017-11-25
2184,97,Robert,Scheffler,Baltimore,2023-06-22
2184,97,Robert,Scheffler,Baltimore,2023-06-22
2185,81,Steven,Klein,Colorado Springs,2017-04-02
2185,81,Steven,Klein,Colorado Springs,2017-04-02
2186,97,Ronald,Bahr,Milwaukee,2018-04-22
2186,97,Ronald,Bahr,Milwaukee,2018-04-22
2187,16,Susan,Heck,Denver,2003-04-07
2187,16,Susan,Heck,Denver,2003-04-07
2188,27,Barbara,Weis,Sacramento,1999-12-22
2188,27,Barbara,Weis,Sacramento,1999-12-22
2189,53,Carol,Kühn,Memphis,2018-06-03
2189,53,Carol,Kühn,Memphis,2018-06-03
2190,92,Sarah,Riemer,New York,2003-09-10
2190,92,Sarah,Riemer,New York,2003-09-10
2191,36,Stephanie,Beyer,Houston,2022-01-09
2191,36,Stephanie,Beyer,Houston,2022-01-09
2192,7,Nancy,Groth,Louisville,2017-12-11
2192,7,Nancy,Groth,Louisville,2017-12-11
2193,34,Kevin,Haller,Seattle,2012-06-14
2193,34,Kevin,Haller,Seattle,2012-06-14
2194,65,Kimberly,Weinert,Detroit,2004-10-01
2194,65,Kimberly,Weinert,Detroit,2004-10-01
2195,4,Matthew,Falk,Omaha,2015-08-22
2195,4,Matthew,Falk,Omaha,2015-08-22
2196,26,Stephanie,Grunwald,Denver,2009-11-12
2196,26,Stephanie,Grunwald,Denver,2009-11-12
2197,20,Mark,Döring,Philadelphia,1999-10-14
2197,20,Mark,Döring,Philadelphia,1999-10-14
2198,51,Joshua,Vogler,New York,2002-03-08
2198,51,Joshua,Vogler,New York,2002-03-08
2199,77,Donald,Eisele,San Diego,2022-12-09
2199,77,Donald,Eisele,San Diego,2022-12-09
2200,99,Timothy,Fiebig,Tucson,2020-07-05
2200,99,Timothy,Fiebig,Tucson,2020-07-05
2201,10,Kevin,Schleicher,Nashville,2008-07-09
2201,10,Kevin,Schleicher,Nashville,2008-07-09
2202,8,Stephanie,Weise,Las Vegas,1998-12-04
2202,8,Stephanie,Weise,Las Vegas,1998-12-04
2203,18,Daniel,Engel,Boston,2010-09-21
2203,18,Daniel,Engel,Boston,2010-09-21
2204,17,Amanda,Eberhardt,Denver,2017-03-17
2204,17,Amanda,Eberhardt,Denver,2017-03-17
2205,69,Donna,Thomas,Memphis,1995-08-20
2205,69,Donna,Thomas,Memphis,1995-08-20
2206,30,Sarah,Urban,Jacksonville,2008-01-25
2206,30,Sarah,Urban,Jacksonville,2008-01-25
2207,95,Daniel,Wulf,Fort Worth,2019-06-27
2207,95,Daniel,Wulf,Fort Worth,2019-06-27
2208,39,Brian,Heimann,Tucson,1999-09-19
2208,39,Brian,Heimann,Tucson,1999-09-19
2209,61,Jessica,Mangold,San Antonio,2007-01-23
2209,61,Jessica,Mangold,San Antonio,2007-01-23
2210,24,Stephanie,Fritsch,San Francisco,1995-03-13
2210,24,Stephanie,Fritsch,San Francisco,1995-03-13
2211,81,Carol,Lenz,Jacksonville,2022-05-14
2211,81,Carol,Lenz,Jacksonville,2022-05-14
2212,98,Linda,Brück,Milwaukee,2010-03-01
2212,98,Linda,Brück,Milwaukee,2010-03-01
2213,35,Stephanie,Kuhn,Philadelphia,2022-08-09
2213,35,Stephanie,Kuhn,Philadelphia,2022-08-09
2214,79,Charles,Gruber,San Francisco,2022-09-24
2214,79,Charles,Gruber,San Francisco,2022-09-24
2215,61,James,Widmann,Atlanta,2003-10-21
2215,61,James,Widmann,Atlanta,2003-10-21
2216,75,Linda,Lohse,Seattle,2024-04-21
2216,75,Linda,Lohse,Seattle,2024-04-21
2217,98,Mark,Sattler,Detroit,2020-05-23
2217,98,Mark,Sattler,Detroit,2020-05-23
2218,72,Emily,Frenzel,Indianapolis,1995-10-03
2218,72,Emily,Frenzel,Indianapolis,1995-10-03
2219,15,Donna,Grundmann,San Diego,2012-08-15
2219,15,Donna,Grundmann,San Diego,2012-08-15
2220,36,Robert,Heinemann,Las Vegas,2001-06-15
2220,36,Robert,Heinemann,Las Vegas,2001-06-15
2221,55,Timothy,Ortmann,San Jose,2014-09-19
2221,55,Timothy,Ortmann,San Jose,2014-09-19
2222,37,Lisa,Endres,Memphis,2023-11-01
2222,37,Lisa,Endres,Memphis,2023-11-01
2223,87,Timothy,Riemer,Albuquerque,2024-12-16
2223,87,Timothy,Riemer,Albuquerque,2024-12-16
2224,62,Kimberly,Harms,Las Vegas,2009-08-07
2224,62,Kimberly,Harms,Las Vegas,2009-08-07
2225,64,James,Bürger,Indianapolis,1997-11-19
2225,64,James,Bürger,Indianapolis,1997-11-19
2226,39,Sandra,Nguyen,Austin,1995-02-14
2226,39,Sandra,Nguyen,Austin,1995-02-14
2227,90,Kevin,Claus,Albuquerque,2002-02-22
2227,90,Kevin,Claus,Albuquerque,2002-02-22
2228,98,Elizabeth,Eilers,Philadelphia,2018-11-19
2228,98,Elizabeth,Eilers,Philadelphia,2018-11-19
2229,75,Ashley,Kraus,Sacramento,2015-03-24
2229,75,Ashley,Kraus,Sacramento,2015-03-24
2230,12,Stephanie,Büttner,Tucson,2021-03-17
2230,12,Stephanie,Büttner,Tucson,2021-03-17
2231,72,Karen,Heine,Seattle,2016-09-08
2231,72,Karen,Heine,Seattle,2016-09-08
2232,8,Thomas,Kasper,Atlanta,2006-12-10
2232,8,Thomas,Kasper,Atlanta,2006-12-10
2233,41,Sandra,Klein,San Jose,2021-06-14
2233,41,Sandra,Klein,San Jose,2021-06-14
2234,69,Linda,Vogel,Jacksonville,2024-02-08
2234,69,Linda,Vogel,Jacksonville,2024-02-08
2235,74,Timothy,Gläser,Atlanta,2008-02-23
2235,74,Timothy,Gläser,Atlanta,2008-02-23
2236,3,Michelle,Voss,Detroit,1996-01-13
2236,3,Michelle,Voss,Detroit,1996-01-13
2237,43,Ronald,Horn,San Francisco,1995-05-10
2237,43,Ronald,Horn,San Francisco,1995-05-10
2238,37,Barbara,Reimers,New York,2007-06-05
2238,37,Barbara,Reimers,New York,2007-06-05
2239,86,Anthony,Schütze,Boston,1997-01-03
2239,86,Anthony,Schütze,Boston,1997-01-03
2240,57,Linda,Stange,Fresno,2003-10-09
2240,57,Linda,Stange,Fresno,2003-10-09
2241,25,Matthew,Haug,Colorado Springs,2005-06-02
2241,25,Matthew,Haug,Colorado Springs,2005-06-02
2242,4,Melissa,Ludwig,Jacksonville,1995-09-10
2242,4,Melissa,Ludwig,Jacksonville,1995-09-10
2243,58,Patricia,Seemann,Oklahoma City,2024-05-18
2243,58,Patricia,Seemann,Oklahoma City,2024-05-18
2244,37,Steven,Heilmann,San Antonio,2014-03-08
2244,37,Steven,Heilmann,San Antonio,2014-03-08
2245,8,James,Wegner,Indianapolis,1997-02-15
2245,8,James,Wegner,Indianapolis,1997-02-15
2246,94,Christopher,Kock,Atlanta,2005-12-18
2246,94,Christopher,Kock,Atlanta,2005-12-18
2247,9,Donald,Ulbrich,Memphis,2019-05-12
2247,9,Donald,Ulbrich,Memphis,2019-05-12
2248,79,Jessica,Kühn,Fort Worth,2020-07-07
2248,79,Jessica,Kühn,Fort Worth,2020-07-07
2249,1,Susan,Löffler,San Francisco,2003-06-13
2249,1,Susan,Löffler,San Francisco,2003-06-13
2250,13,Deborah,Burkhardt,Oklahoma City,2008-01-28
2250,13,Deborah,Burkhardt,Oklahoma City,2008-01-28
2251,68,Robert,Wendt,Detroit,2003-07-11
2251,68,Robert,Wendt,Detroit,2003-07-11
2252,16,Kenneth,Schütt,Denver,2015-12-02
2252,16,Kenneth,Schütt,Denver,2015-12-02
2253,44,Sandra,Pieper,Fort Worth,2022-07-12
2253,44,Sandra,Pieper,Fort Worth,2022-07-12
2254,65,Betty,Kübler,Nashville,2023-05-03
2254,65,Betty,Kübler,Nashville,2023-05-03
2255,14,Mary,Mende,Fresno,2019-03-16
2255,14,Mary,Mende,Fresno,2019-03-16
2256,91,Stephanie,Wieczorek,San Antonio,2004-09-10
2256,91,Stephanie,Wieczorek,San Antonio,2004-09-10
2257,26,Jennifer,Reimann,Sacramento,1998-07-03
2257,26,Jennifer,Reimann,Sacramento,1998-07-03
2258,32,David,Noack,Charlotte,2024-10-11
2258,32,David,Noack,Charlotte,2024-10-11
2259,2,Steven,Sailer,New York,1996-04-20
2259,2,Steven,Sailer,New York,1996-04-20
2260,16,Kenneth,Wolff,Detroit,1998-08-06
2260,16,Kenneth,Wolff,Detroit,1998-08-06
2261,92,Matthew,Fritz,Sacramento,2009-04-05
2261,92,Matthew,Fritz,Sacramento,2009-04-05
2262,49,Deborah,Thies,Boston,2010-07-03
2262,49,Deborah,Thies,Boston,2010-07-03
2263,90,Richard,Merz,Charlotte,2004-06-20
2263,90,Richard,Merz,Charlotte,2004-06-20
2264,75,David,Cramer,Washington,2002-09-27
2264,75,David,Cramer,Washington,2002-09-27
2265,23,Richard,Bürger,Philadelphia,2022-04-10
2265,23,Richard,Bürger,Philadelphia,2022-04-10
2266,94,Donald,Küster,Charlotte,2013-05-09
2266,94,Donald,Küster,Charlotte,2013-05-09
2267,60,Kenneth,Henning,Las Vegas,2010-03-16
2267,60,Kenneth,Henning,Las Vegas,2010-03-16
2268,95,William,Vogl,Nashville,1999-05-17
2268,95,William,Vogl,Nashville,1999-05-17
2269,66,Patricia,Haug,San Antonio,2019-12-05
2269,66,Patricia,Haug,San Antonio,2019-12-05
2270,20,Kimberly,Ahrens,Memphis,2004-05-03
2270,20,Kimberly,Ahrens,Memphis,2004-05-03
2271,93,Donna,Claus,Albuquerque,2019-07-18
2271,93,Donna,Claus,Albuquerque,2019-07-18
2272,74,Melissa,Brandl,Albuquerque,2014-01-02
2272,74,Melissa,Brandl,Albuquerque,2014-01-02
2273,18,Patricia,Ewald,Phoenix,1997-04-14
2273,18,Patricia,Ewald,Phoenix,1997-04-14
2274,59,Donna,Dieckmann,Houston,2003-07-08
2274,59,Donna,Dieckmann,Houston,2003-07-08
2275,31,Christopher,Berg,Washington,2022-04-27
2275,31,Christopher,Berg,Washington,2022-04-27
2276,4,Jennifer,Funke,Seattle,2007-03-23
2276,4,Jennifer,Funke,Seattle,2007-03-23
2277,27,Kimberly,Linder,Sacramento,2004-07-13
2277,27,Kimberly,Linder,Sacramento,2004-07-13
2278,18,Karen,Giese,San Francisco,1997-05-15
2278,18,Karen,Giese,San Francisco,1997-05-15
2279,63,Richard,Schaller,Las Vegas,2017-12-08
2279,63,Richard,Schaller,Las Vegas,2017-12-08
2280,95,Kenneth,Pietsch,Los Angeles,2014-09-22
2280,95,Kenneth,Pietsch,Los Angeles,2014-09-22
2281,71,Daniel,Hoffmann,San Jose,2004-06-13
2281,71,Daniel,Hoffmann,San Jose,2004-06-13
2282,19,Christopher,Dorn,Charlotte,2008-04-03
2282,19,Christopher,Dorn,Charlotte,2008-04-03
2283,39,Brian,Knauer,Phoenix,2005-09-11
2283,39,Brian,Knauer,Phoenix,2005-09-11
2284,66,William,Heuser,Chicago,2012-09-14
2284,66,William,Heuser,Chicago,2012-09-14
2285,78,James,Metzner,Atlanta,2004-03-22
2285,78,James,Metzner,Atlanta,2004-03-22
2286,46,Nancy,Paulsen,Atlanta,1998-01-06
2286,46,Nancy,Paulsen,Atlanta,1998-01-06
2287,92,John,Lindemann,Atlanta,2008-07-20
2287,92,John,Lindemann,Atlanta,2008-07-20
2288,38,Matthew,Sprenger,Chicago,2007-01-11
2288,38,Matthew,Sprenger,Chicago,2007-01-11
2289,67,Charles,Meyer,Sacramento,2009-05-28
2289,67,Charles,Meyer,Sacramento,2009-05-28
2290,29,Joseph,Homann,El Paso,2019-08-05
2290,29,Joseph,Homann,El Paso,2019-08-05
2291,91,James,Hagemann,Louisville,2001-10-04
2291,91,James,Hagemann,Louisville,2001-10-04
2292,57,Barbara,Pilz,Baltimore,2010-12-10
2292,57,Barbara,Pilz,Baltimore,2010-12-10
2293,48,John,Schüller,Seattle,2003-10-18
2293,48,John,Schüller,Seattle,2003-10-18
2294,52,Joseph,Altmann,Mesa,2017-10-27
2294,52,Joseph,Altmann,Mesa,2017-10-27
2295,48,Charles,Kühn,Tucson,2020-09-21
2295,48,Charles,Kühn,Tucson,2020-09-21
2296,61,Christopher,Mohr,Detroit,2023-09-07
2296,61,Christopher,Mohr,Detroit,2023-09-07
2297,67,Mark,Ruppert,Omaha,1996-10-09
2297,67,Mark,Ruppert,Omaha,1996-10-09
2298,48,Matthew,Budde,San Francisco,1999-11-12
2298,48,Matthew,Budde,San Francisco,1999-11-12
2299,94,Steven,Rapp,Omaha,2023-10-09
2299,94,Steven,Rapp,Omaha,2023-10-09
2300,82,Ronald,Gerdes,San Antonio,1996-11-18
2300,82,Ronald,Gerdes,San Antonio,1996-11-18
2301,8,Emily,Buchner,San Diego,1997-04-06
2301,8,Emily,Buchner,San Diego,1997-04-06
2302,74,Ronald,Mueller,Milwaukee,2015-02-12
2302,74,Ronald,Mueller,Milwaukee,2015-02-12
2303,86,Andrew,Born,Fort Worth,2008-07-16
2303,86,Andrew,Born,Fort Worth,2008-07-16
2304,88,Amanda,Weigel,Milwaukee,2017-05-06
2304,88,Amanda,Weigel,Milwaukee,2017-05-06
2305,67,Donna,Kunze,Denver,2016-03-03
2305,67,Donna,Kunze,Denver,2016-03-03
2306,14,Sandra,Neubauer,Jacksonville,2002-07-03
2306,14,Sandra,Neubauer,Jacksonville,2002-07-03
2307,47,William,Reitz,Colorado Springs,2015-12-01
2307,47,William,Reitz,Colorado Springs,2015-12-01
2308,24,Andrew,Dürr,Fort Worth,2015-02-16
2308,24,Andrew,Dürr,Fort Worth,2015-02-16
2309,91,Linda,Lorenzen,Oklahoma City,2004-05-28
2309,91,Linda,Lorenzen,Oklahoma City,2004-05-28
2310,62,Melissa,Burmeister,Atlanta,2015-08-09
2310,62,Melissa,Burmeister,Atlanta,2015-08-09
2311,58,Susan,Tillmann,San Antonio,2006-05-16
2311,58,Susan,Tillmann,San Antonio,2006-05-16
2312,34,Elizabeth,Hiller,Columbus,2002-02-17
2312,34,Elizabeth,Hiller,Columbus,2002-02-17
2313,31,Mary,Kellner,Austin,2017-08-15
2313,31,Mary,Kellner,Austin,2017-08-15
2314,48,Melissa,Scheer,San Antonio,2001-01-28
2314,48,Melissa,Scheer,San Antonio,2001-01-28
2315,91,David,Christiansen,Memphis,2000-02-03
2315,91,David,Christiansen,Memphis,2000-02-03
2316,45,Michael,Büchner,Jacksonville,1996-09-18
2316,45,Michael,Büchner,Jacksonville,1996-09-18
2317,29,Charles,Seeger,Memphis,2009-07-24
2317,29,Charles,Seeger,Memphis,2009-07-24
2318,29,Sandra,Paul,Dallas,2016-05-22
2318,29,Sandra,Paul,Dallas,2016-05-22
2319,63,Linda,Hornung,Mesa,2019-10-01
2319,63,Linda,Hornung,Mesa,2019-10-01
2320,48,Deborah,Geißler,Jacksonville,2001-11-03
2320,48,Deborah,Geißler,Jacksonville,2001-11-03
2321,12,Mary,Rapp,Denver,2009-12-06
2321,12,Mary,Rapp,Denver,2009-12-06
2322,78,Jennifer,Scholl,Milwaukee,2020-02-19
2322,78,Jennifer,Scholl,Milwaukee,2020-02-19
2323,27,Betty,Glaser,San Francisco,2011-06-25
2323,27,Betty,Glaser,San Francisco,2011-06-25
2324,47,Mark,Schneider,Dallas,2020-08-18
2324,47,Mark,Schneider,Dallas,2020-08-18
2325,66,Sandra,Fechner,Tucson,2017-03-08
2325,66,Sandra,Fechner,Tucson,2017-03-08
2326,37,Matthew,Sperling,Fresno,2005-12-24
2326,37,Matthew,Sperling,Fresno,2005-12-24
2327,45,Barbara,Kohler,Las Vegas,2005-08-14
2327,45,Barbara,Kohler,Las Vegas,2005-08-14
2328,57,Robert,Eisele,Dallas,2014-11-02
2328,57,Robert,Eisele,Dallas,2014-11-02
2329,18,Kimberly,Voigt,San Antonio,2010-10-14
2329,18,Kimberly,Voigt,San Antonio,2010-10-14
2330,13,Deborah,Erdmann,Indianapolis,1997-02-18
2330,13,Deborah,Erdmann,Indianapolis,1997-02-18
2331,73,Paul,Sprenger,Denver,2018-11-14
2331,73,Paul,Sprenger,Denver,2018-11-14
2332,29,Joseph,Lauterbach,Colorado Springs,2000-07-16
2332,29,Joseph,Lauterbach,Colorado Springs,2000-07-16
2333,56,Amanda,Kolbe,Philadelphia,2006-01-07
2333,56,Amanda,Kolbe,Philadelphia,2006-01-07
2334,74,Margaret,Mueller,Austin,2004-04-08
2334,74,Margaret,Mueller,Austin,2004-04-08
2335,20,Joseph,Stange,Fort Worth,2019-07-25
2335,20,Joseph,Stange,Fort Worth,2019-07-25
2336,29,Kevin,Frisch,San Jose,1998-07-24
2336,29,Kevin,Frisch,San Jose,1998-07-24
2337,6,Deborah,Ehlert,Fort Worth,2005-05-03
2337,6,Deborah,Ehlert,Fort Worth,2005-05-03
2338,26,Daniel,Ackermann,Nashville,2014-03-13
2338,26,Daniel,Ackermann,Nashville,2014-03-13
2339,61,Jennifer,Hoff,Jacksonville,2001-06-20
2339,61,Jennifer,Hoff,Jacksonville,2001-06-20
2340,86,Melissa,Scherer,Oklahoma City,2013-02-23
2340,86,Melissa,Scherer,Oklahoma City,2013-02-23
2341,43,Stephanie,Kratz,Mesa,2022-03-28
2341,43,Stephanie,Kratz,Mesa,2022-03-28
2342,47,Amanda,Petermann,Louisville,2000-08-04
2342,47,Amanda,Petermann,Louisville,2000-08-04
2343,26,Kevin,Liedtke,Las Vegas,2007-04-20
2343,26,Kevin,Liedtke,Las Vegas,2007-04-20
2344,81,Brian,Hofmann,Phoenix,2022-03-05
2344,81,Brian,Hofmann,Phoenix,2022-03-05
2345,1,Charles,Höfer,Atlanta,2012-12-02
2345,1,Charles,Höfer,Atlanta,2012-12-02
2346,95,Daniel,Horstmann,Fort Worth,2018-09-14
2346,95,Daniel,Horstmann,Fort Worth,2018-09-14
2347,73,Kevin,Kirschner,Sacramento,2024-06-12
2347,73,Kevin,Kirschner,Sacramento,2024-06-12
2348,26,Jessica,Mayer,Omaha,2022-04-10
2348,26,Jessica,Mayer,Omaha,2022-04-10
2349,64,Timothy,Drews,Los Angeles,2018-11-14
2349,64,Timothy,Drews,Los Angeles,2018-11-14
2350,62,Joseph,Weinert,Colorado Springs,1998-04-20
2350,62,Joseph,Weinert,Colorado Springs,1998-04-20
2351,6,Matthew,Eisele,Dallas,2005-03-19
2351,6,Matthew,Eisele,Dallas,2005-03-19
2352,62,Margaret,Henn,Washington,2004-07-13
2352,62,Margaret,Henn,Washington,2004-07-13
2353,66,William,Pape,Phoenix,2007-10-14
2353,66,William,Pape,Phoenix,2007-10-14
2354,42,Joseph,Ott,Fort Worth,2001-07-28
2354,42,Joseph,Ott,Fort Worth,2001-07-28
2355,27,Patricia,Beyer,New York,2014-08-14
2355,27,Patricia,Beyer,New York,2014-08-14
2356,65,Charles,Pabst,Washington,2006-10-14
2356,65,Charles,Pabst,Washington,2006-10-14
2357,30,Richard,Baumann,Kansas City,2004-10-05
2357,30,Richard,Baumann,Kansas City,2004-10-05
2358,82,Lisa,Matthes,Denver,1999-05-17
2358,82,Lisa,Matthes,Denver,1999-05-17
2359,98,Christopher,Freese,Indianapolis,2000-11-11
2359,98,Christopher,Freese,Indianapolis,2000-11-11
2360,85,Kimberly,Rath,Milwaukee,2000-08-20
2360,85,Kimberly,Rath,Milwaukee,2000-08-20
2361,65,Susan,Seemann,Chicago,2000-12-28
2361,65,Susan,Seemann,Chicago,2000-12-28
2362,47,Patricia,Voß,El Paso,2003-01-21
2362,47,Patricia,Voß,El Paso,2003-01-21
2363,32,Deborah,Schmidt,Seattle,2013-02-09
2363,32,Deborah,Schmidt,Seattle,2013-02-09
2364,34,Melissa,Großmann,Detroit,2011-03-21
2364,34,Melissa,Großmann,Detroit,2011-03-21
2365,47,Anthony,Pohlmann,San Jose,1997-09-03
2365,47,Anthony,Pohlmann,San Jose,1997-09-03
2366,14,Mark,Mangold,Seattle,2019-06-19
2366,14,Mark,Mangold,Seattle,2019-06-19
2367,5,Timothy,Funke,Chicago,2010-06-14
2367,5,Timothy,Funke,Chicago,2010-06-14
2368,36,Betty,Wimmer,El Paso,2001-01-17
2368,36,Betty,Wimmer,El Paso,2001-01-17
2369,96,Andrew,Körber,Chicago,2001-05-21
2369,96,Andrew,Körber,Chicago,2001-05-21
2370,9,Linda,Haag,Boston,2010-10-09
2370,9,Linda,Haag,Boston,2010-10-09
2371,35,Jessica,Pieper,Portland,2004-08-26
2371,35,Jessica,Pieper,Portland,2004-08-26
2372,25,Carol,Wahl,Portland,2022-09-23
2372,25,Carol,Wahl,Portland,2022-09-23
2373,75,Margaret,Buck,Colorado Springs,2011-04-09
2373,75,Margaret,Buck,Colorado Springs,2011-04-09
2374,46,Ashley,Friedl,Boston,2000-07-28
2374,46,Ashley,Friedl,Boston,2000-07-28
2375,13,Karen,Rose,Las Vegas,2024-01-12
2375,13,Karen,Rose,Las Vegas,2024-01-12
2376,61,Mary,Bormann,San Diego,1998-06-21
2376,61,Mary,Bormann,San Diego,1998-06-21
2377,30,Ronald,Neubert,Dallas,2019-03-03
2377,30,Ronald,Neubert,Dallas,2019-03-03
2378,98,Richard,Teichmann,Atlanta,2001-10-28
2378,98,Richard,Teichmann,Atlanta,2001-10-28
2379,32,Patricia,Riemer,Baltimore,2012-05-05
2379,32,Patricia,Riemer,Baltimore,2012-05-05
2380,30,Sandra,Gabriel,Denver,2010-01-11
2380,30,Sandra,Gabriel,Denver,2010-01-11
2381,82,Matthew,Jäger,Indianapolis,2006-03-28
2381,82,Matthew,Jäger,Indianapolis,2006-03-28
2382,56,Ashley,Kaiser,Las Vegas,2023-07-28
2382,56,Ashley,Kaiser,Las Vegas,2023-07-28
2383,67,William,Schenk,Nashville,2024-02-13
2383,67,William,Schenk,Nashville,2024-02-13
2384,71,John,Specht,Mesa,2016-09-06
2384,71,John,Specht,Mesa,2016-09-06
2385,55,Donald,Wirth,Omaha,2009-06-15
2385,55,Donald,Wirth,Omaha,2009-06-15
2386,98,Amanda,Neumann,Colorado Springs,2006-10-11
2386,98,Amanda,Neumann,Colorado Springs,2006-10-11
2387,8,Elizabeth,Koch,Philadelphia,1999-01-12
2387,8,Elizabeth,Koch,Philadelphia,1999-01-12
2388,43,Joshua,Schüller,Phoenix,2005-10-28
2388,43,Joshua,Schüller,Phoenix,2005-10-28
2389,48,Richard,Heilmann,Columbus,2019-04-15
2389,48,Richard,Heilmann,Columbus,2019-04-15
2390,58,Donald,Dorn,Houston,2000-03-08
2390,58,Donald,Dorn,Houston,2000-03-08
2391,32,John,Brückner,San Diego,2020-01-28
2391,32,John,Brückner,San Diego,2020-01-28
2392,78,Ronald,Jacobi,Las Vegas,2017-04-09
2392,78,Ronald,Jacobi,Las Vegas,2017-04-09
2393,69,Carol,Augustin,Austin,2003-11-09
2393,69,Carol,Augustin,Austin,2003-11-09
2394,7,Carol,Tietz,San Francisco,2022-04-26
2394,7,Carol,Tietz,San Francisco,2022-04-26
2395,74,Margaret,Kaufmann,Nashville,2008-11-24
2395,74,Margaret,Kaufmann,Nashville,2008-11-24
2396,20,Sarah,Götze,Detroit,2012-09-05
2396,20,Sarah,Götze,Detroit,2012-09-05
2397,62,Patricia,Straub,Portland,1995-10-16
2397,62,Patricia,Straub,Portland,1995-10-16
2398,21,John,Martin,Indianapolis,2017-07-11
2398,21,John,Martin,Indianapolis,2017-07-11
2399,92,James,Hansen,Detroit,2013-11-23
2399,92,James,Hansen,Detroit,2013-11-23
2400,29,Amanda,Hager,Tucson,2022-03-02
2400,29,Amanda,Hager,Tucson,2022-03-02
2401,70,Brian,Eckhardt,Milwaukee,2011-11-10
2401,70,Brian,Eckhardt,Milwaukee,2011-11-10
2402,38,Carol,Weis,Philadelphia,2024-05-23
2402,38,Carol,Weis,Philadelphia,2024-05-23
2403,42,Timothy,Brück,San Diego,2012-03-03
2403,42,Timothy,Brück,San Diego,2012-03-03
2404,3,Richard,Kellermann,San Antonio,2013-10-19
2404,3,Richard,Kellermann,San Antonio,2013-10-19
2405,37,Lisa,Schreiner,Fresno,2022-03-28
2405,37,Lisa,Schreiner,Fresno,2022-03-28
2406,17,Charles,Heyer,Columbus,2003-07-20
2406,17,Charles,Heyer,Columbus,2003-07-20
2407,33,Lisa,Stange,Indianapolis,2011-04-27
2407,33,Lisa,Stange,Indianapolis,2011-04-27
2408,10,Betty,Kock,Dallas,2006-02-26
2408,10,Betty,Kock,Dallas,2006-02-26
2409,37,David,Hauck,Jacksonville,2019-10-25
2409,37,David,Hauck,Jacksonville,2019-10-25
2410,33,Sandra,Berndt,San Francisco,2017-10-05
2410,33,Sandra,Berndt,San Francisco,2017-10-05
2411,28,David,Claus,Fort Worth,2004-11-14
2411,28,David,Claus,Fort Worth,2004-11-14
2412,87,Joseph,Grund,Philadelphia,1998-01-26
2412,87,Joseph,Grund,Philadelphia,1998-01-26
2413,42,Elizabeth,Büttner,Denver,2004-05-04
2413,42,Elizabeth,Büttner,Denver,2004-05-04
2414,58,Nancy,Lange,Memphis,2009-03-13
2414,58,Nancy,Lange,Memphis,2009-03-13
2415,48,Carol,Eggert,Philadelphia,2009-04-20
2415,48,Carol,Eggert,Philadelphia,2009-04-20
2416,51,Linda,Timm,Boston,2019-01-26
2416,51,Linda,Timm,Boston,2019-01-26
2417,10,Nancy,Barth,Las Vegas,2005-11-25
2417,10,Nancy,Barth,Las Vegas,2005-11-25
2418,8,Jessica,Kopp,Boston,2001-11-14
2418,8,Jessica,Kopp,Boston,2001-11-14
2419,16,Ronald,Schütz,Indianapolis,2006-05-25
2419,16,Ronald,Schütz,Indianapolis,2006-05-25
2420,96,Sandra,Riedl,Indianapolis,1998-12-28
2420,96,Sandra,Riedl,Indianapolis,1998-12-28
2421,62,Anthony,Hoch,Philadelphia,2007-01-17
2421,62,Anthony,Hoch,Philadelphia,2007-01-17
2422,49,Paul,Kock,Atlanta,2018-04-28
2422,49,Paul,Kock,Atlanta,2018-04-28
2423,89,Patricia,Horst,Nashville,2013-06-10
2423,89,Patricia,Horst,Nashville,2013-06-10
2424,15,Stephanie,Kretzschmar,Houston,2003-05-13
2424,15,Stephanie,Kretzschmar,Houston,2003-05-13
2425,16,Nancy,Gehrmann,Fresno,2001-03-11
2425,16,Nancy,Gehrmann,Fresno,2001-03-11
2426,81,Christopher,Klose,Louisville,1998-06-20
2426,81,Christopher,Klose,Louisville,1998-06-20
2427,27,Margaret,Altmann,Kansas City,2019-06-12
2427,27,Margaret,Altmann,Kansas City,2019-06-12
2428,47,Joshua,Albert,Louisville,2014-03-25
2428,47,Joshua,Albert,Louisville,2014-03-25
2429,26,Elizabeth,Wirtz,San Francisco,2007-01-07
2429,26,Elizabeth,Wirtz,San Francisco,2007-01-07
2430,72,Matthew,Kummer,Columbus,2018-11-27
2430,72,Matthew,Kummer,Columbus,2018-11-27
2431,41,Karen,Wild,San Antonio,2023-08-26
2431,41,Karen,Wild,San Antonio,2023-08-26
2432,11,Christopher,Schürmann,Washington,2015-04-10
2432,11,Christopher,Schürmann,Washington,2015-04-10
2433,91,Margaret,Petzold,New York,1997-06-01
2433,91,Margaret,Petzold,New York,1997-06-01
2434,9,Elizabeth,Bode,Memphis,2013-03-23
2434,9,Elizabeth,Bode,Memphis,2013-03-23
2435,54,Steven,Nguyen,Milwaukee,2000-02-01
2435,54,Steven,Nguyen,Milwaukee,2000-02-01
2436,11,Stephanie,Baumgart,Baltimore,2023-11-07
2436,11,Stephanie,Baumgart,Baltimore,2023-11-07
2437,7,Robert,Schuler,Charlotte,2002-02-22
2437,7,Robert,Schuler,Charlotte,2002-02-22
2438,28,Timothy,Steinbach,Seattle,2012-08-24
2438,28,Timothy,Steinbach,Seattle,2012-08-24
2439,94,Ronald,Mangold,Sacramento,2003-02-17
2439,94,Ronald,Mangold,Sacramento,2003-02-17
2440,62,Andrew,Wolff,Baltimore,2007-02-15
2440,62,Andrew,Wolff,Baltimore,2007-02-15
2441,55,Amanda,Mühlbauer,Fresno,2019-06-10
2441,55,Amanda,Mühlbauer,Fresno,2019-06-10
2442,36,Kimberly,Siegert,Austin,1999-10-05
2442,36,Kimberly,Siegert,Austin,1999-10-05
2443,73,Steven,Scherer,Portland,2011-07-14
2443,73,Steven,Scherer,Portland,2011-07-14
2444,99,Charles,Kruse,Las Vegas,2021-08-18
2444,99,Charles,Kruse,Las Vegas,2021-08-18
2445,63,Thomas,Ullmann,Sacramento,1997-03-26
2445,63,Thomas,Ullmann,Sacramento,1997-03-26
2446,51,Lisa,Raab,Colorado Springs,2002-11-17
2446,51,Lisa,Raab,Colorado Springs,2002-11-17
2447,77,Deborah,Hecht,San Diego,2006-10-05
2447,77,Deborah,Hecht,San Diego,2006-10-05
2448,48,Paul,Schiffer,Seattle,2007-01-17
2448,48,Paul,Schiffer,Seattle,2007-01-17
2449,68,Joseph,Hornung,San Jose,1997-05-26
2449,68,Joseph,Hornung,San Jose,1997-05-26
2450,10,Andrew,Bayer,Las Vegas,1999-12-07
2450,10,Andrew,Bayer,Las Vegas,1999-12-07
2451,26,Betty,Krieger,El Paso,2011-09-28
2451,26,Betty,Krieger,El Paso,2011-09-28
2452,67,John,Lenz,Fort Worth,2014-10-17
2452,67,John,Lenz,Fort Worth,2014-10-17
2453,53,Emily,Braun,Baltimore,2018-06-20
2453,53,Emily,Braun,Baltimore,2018-06-20
2454,43,William,Oppermann,Milwaukee,1999-03-06
2454,43,William,Oppermann,Milwaukee,1999-03-06
2455,17,Elizabeth,Rößler,Louisville,2014-06-11
2455,17,Elizabeth,Rößler,Louisville,2014-06-11
2456,27,David,Bernhardt,Washington,2004-01-16
2456,27,David,Bernhardt,Washington,2004-01-16
2457,22,Susan,Wolters,Louisville,2020-03-24
2457,22,Susan,Wolters,Louisville,2020-03-24
2458,36,Richard,Krieg,San Jose,2012-07-08
2458,36,Richard,Krieg,San Jose,2012-07-08
2459,72,Matthew,Schütt,Boston,1996-03-12
2459,72,Matthew,Schütt,Boston,1996-03-12
2460,33,Mary,Hoffmann,San Antonio,2001-07-26
2460,33,Mary,Hoffmann,San Antonio,2001-07-26
2461,90,Andrew,Eisele,Philadelphia,1996-08-21
2461,90,Andrew,Eisele,Philadelphia,1996-08-21
2462,95,John,Jacob,Las Vegas,2009-03-12
2462,95,John,Jacob,Las Vegas,2009-03-12
2463,53,Charles,Klose,Denver,2006-09-22
2463,53,Charles,Klose,Denver,2006-09-22
2464,11,Karen,Rauch,Denver,2009-12-20
2464,11,Karen,Rauch,Denver,2009-12-20
2465,93,Michael,Strauß,Mesa,2019-01-05
2465,93,Michael,Strauß,Mesa,2019-01-05
2466,29,Carol,Sander,Dallas,2010-02-18
2466,29,Carol,Sander,Dallas,2010-02-18
2467,38,Joshua,Preuß,Mesa,2014-12-21
2467,38,Joshua,Preuß,Mesa,2014-12-21
2468,58,Kenneth,Hannemann,Kansas City,2002-07-01
2468,58,Kenneth,Hannemann,Kansas City,2002-07-01
2469,15,Ronald,Götz,Omaha,2002-06-11
2469,15,Ronald,Götz,Omaha,2002-06-11
2470,54,William,Hardt,Memphis,1995-12-03
2470,54,William,Hardt,Memphis,1995-12-03
2471,62,Joshua,Glaser,Las Vegas,2017-06-12
2471,62,Joshua,Glaser,Las Vegas,2017-06-12
2472,57,Nancy,Kraft,Phoenix,2020-03-22
2472,57,Nancy,Kraft,Phoenix,2020-03-22
2473,79,Melissa,Grimm,Detroit,2005-05-05
2473,79,Melissa,Grimm,Detroit,2005-05-05
2474,71,Christopher,Matthes,Columbus,2001-12-17
2474,71,Christopher,Matthes,Columbus,2001-12-17
2475,58,Patricia,Heimann,Colorado Springs,2001-04-23
2475,58,Patricia,Heimann,Colorado Springs,2001-04-23
2476,49,Sandra,Kasper,Memphis,2015-12-12
2476,49,Sandra,Kasper,Memphis,2015-12-12
2477,53,Donna,Kluge,Philadelphia,2020-07-22
2477,53,Donna,Kluge,Philadelphia,2020-07-22
2478,29,Carol,Eggers,San Antonio,2018-10-09
2478,29,Carol,Eggers,San Antonio,2018-10-09
2479,33,Emily,Marquardt,Atlanta,2001-12-18
2479,33,Emily,Marquardt,Atlanta,2001-12-18
2480,46,Joshua,Bär,Seattle,2008-10-13
2480,46,Joshua,Bär,Seattle,2008-10-13
2481,54,Brian,Steffen,El Paso,2020-08-23
2481,54,Brian,Steffen,El Paso,2020-08-23
2482,80,Melissa,Lehmann,Kansas City,2020-02-01
2482,80,Melissa,Lehmann,Kansas City,2020-02-01
2483,98,Margaret,Engels,New York,2007-08-25
2483,98,Margaret,Engels,New York,2007-08-25
2484,85,Michelle,Bucher,Houston,2002-12-20
2484,85,Michelle,Bucher,Houston,2002-12-20
2485,7,Paul,Schuler,Sacramento,1996-12-22
2485,7,Paul,Schuler,Sacramento,1996-12-22
2486,29,Steven,Schüller,El Paso,2012-04-11
2486,29,Steven,Schüller,El Paso,2012-04-11
2487,9,Margaret,Voigt,Portland,2012-10-24
2487,9,Margaret,Voigt,Portland,2012-10-24
2488,49,Michael,Frisch,Detroit,1997-08-21
2488,49,Michael,Frisch,Detroit,1997-08-21
2489,71,David,Volz,San Diego,2006-10-28
2489,71,David,Volz,San Diego,2006-10-28
2490,78,Linda,Weigel,Indianapolis,2017-10-03
2490,78,Linda,Weigel,Indianapolis,2017-10-03
2491,94,Steven,Lutz,Chicago,2016-03-18
2491,94,Steven,Lutz,Chicago,2016-03-18
2492,88,Jennifer,Wegener,Albuquerque,1999-11-20
2492,88,Jennifer,Wegener,Albuquerque,1999-11-20
2493,51,Kenneth,Nagel,Phoenix,2009-07-07
2493,51,Kenneth,Nagel,Phoenix,2009-07-07
2494,98,Joshua,Hermanns,Oklahoma City,2013-12-25
2494,98,Joshua,Hermanns,Oklahoma City,2013-12-25
2495,8,Patricia,Pfeffer,Columbus,2018-11-06
2495,8,Patricia,Pfeffer,Columbus,2018-11-06
2496,55,Richard,Franke,Albuquerque,2015-05-23
2496,55,Richard,Franke,Albuquerque,2015-05-23
2497,65,Ronald,Tillmann,Detroit,2005-09-06
2497,65,Ronald,Tillmann,Detroit,2005-09-06
2498,98,Mary,Wenzel,Philadelphia,2015-09-08
2498,98,Mary,Wenzel,Philadelphia,2015-09-08
2499,84,Robert,Kleine,Mesa,2005-05-10
2499,84,Robert,Kleine,Mesa,2005-05-10
2500,95,Amanda,Wilde,Omaha,2009-01-24
2500,95,Amanda,Wilde,Omaha,2009-01-24
2501,79,Anthony,Thomas,Phoenix,2019-01-26
2501,79,Anthony,Thomas,Phoenix,2019-01-26
2502,15,Emily,Walter,San Jose,2007-11-07
2502,15,Emily,Walter,San Jose,2007-11-07
2503,51,Charles,Brandl,Albuquerque,2020-04-05
2503,51,Charles,Brandl,Albuquerque,2020-04-05
2504,34,Linda,Gerber,Indianapolis,2015-06-07
2504,34,Linda,Gerber,Indianapolis,2015-06-07
2505,69,Donna,Geyer,New York,2021-11-10
2505,69,Donna,Geyer,New York,2021-11-10
2506,86,Linda,Dreher,San Jose,2001-08-16
2506,86,Linda,Dreher,San Jose,2001-08-16
2507,12,Stephanie,Roos,Austin,2010-03-07
2507,12,Stephanie,Roos,Austin,2010-03-07
2508,45,Michael,Ulbrich,San Diego,2007-10-13
2508,45,Michael,Ulbrich,San Diego,2007-10-13
2509,31,Amanda,Miller,Boston,2002-05-24
2509,31,Amanda,Miller,Boston,2002-05-24
2510,54,Michael,Niemeyer,Omaha,1999-11-10
2510,54,Michael,Niemeyer,Omaha,1999-11-10
2511,93,Lisa,Brauer,Albuquerque,2009-07-03
2511,93,Lisa,Brauer,Albuquerque,2009-07-03
2512,22,Jennifer,Reinhold,Las Vegas,2004-03-18
2512,22,Jennifer,Reinhold,Las Vegas,2004-03-18
2513,72,Mary,Kaufmann,Louisville,1995-01-06
2513,72,Mary,Kaufmann,Louisville,1995-01-06
2514,64,Daniel,Bartsch,Columbus,2009-01-08
2514,64,Daniel,Bartsch,Columbus,2009-01-08
2515,60,Amanda,Reimann,Chicago,2015-02-16
2515,60,Amanda,Reimann,Chicago,2015-02-16
2516,28,Mary,Steiner,Mesa,2016-12-27
2516,28,Mary,Steiner,Mesa,2016-12-27
2517,21,Donna,Hellwig,Portland,2022-02-21
2517,21,Donna,Hellwig,Portland,2022-02-21
2518,75,Thomas,Eder,Oklahoma City,2000-05-11
2518,75,Thomas,Eder,Oklahoma City,2000-05-11
2519,75,Andrew,Körber,Charlotte,2007-05-22
2519,75,Andrew,Körber,Charlotte,2007-05-22
2520,87,Kimberly,Ewald,Portland,1997-08-27
2520,87,Kimberly,Ewald,Portland,1997-08-27
2521,77,Daniel,Henrich,Louisville,2012-05-28
2521,77,Daniel,Henrich,Louisville,2012-05-28
2522,43,Ashley,Peter,Boston,2019-11-04
2522,43,Ashley,Peter,Boston,2019-11-04
2523,27,Linda,Rademacher,Tucson,2021-04-11
2523,27,Linda,Rademacher,Tucson,2021-04-11
2524,23,Lisa,Knorr,Columbus,2022-09-02
2524,23,Lisa,Knorr,Columbus,2022-09-02
2525,97,Amanda,Mohr,San Diego,2001-08-27
2525,97,Amanda,Mohr,San Diego,2001-08-27
2526,90,Margaret,Gerlach,Columbus,2010-09-12
2526,90,Margaret,Gerlach,Columbus,2010-09-12
2527,36,Robert,Fritsch,New York,2008-08-17
2527,36,Robert,Fritsch,New York,2008-08-17
2528,97,Richard,Frank,Indianapolis,2013-07-07
2528,97,Richard,Frank,Indianapolis,2013-07-07
2529,38,Mark,Mielke,Seattle,2017-10-19
2529,38,Mark,Mielke,Seattle,2017-10-19
2530,16,Donald,Heider,San Antonio,2017-08-13
2530,16,Donald,Heider,San Antonio,2017-08-13
2531,74,Timothy,Wunderlich,Charlotte,2020-07-20
2531,74,Timothy,Wunderlich,Charlotte,2020-07-20
2532,43,Jessica,Kirschner,Las Vegas,2013-05-09
2532,43,Jessica,Kirschner,Las Vegas,2013-05-09
2533,41,Carol,Bader,San Jose,2004-10-18
2533,41,Carol,Bader,San Jose,2004-10-18
2534,44,Ashley,Jakob,Dallas,2001-03-25
2534,44,Ashley,Jakob,Dallas,2001-03-25
2535,52,Jessica,Eggers,Charlotte,1996-12-28
2535,52,Jessica,Eggers,Charlotte,1996-12-28
2536,17,Barbara,Thoma,Sacramento,2007-01-15
2536,17,Barbara,Thoma,Sacramento,2007-01-15
2537,52,Thomas,Menzel,Las Vegas,2011-04-23
2537,52,Thomas,Menzel,Las Vegas,2011-04-23
2538,43,Jessica,Adler,Tucson,2019-09-11
2538,43,Jessica,Adler,Tucson,2019-09-11
2539,23,Barbara,Sievers,Indianapolis,2012-01-17
2539,23,Barbara,Sievers,Indianapolis,2012-01-17
2540,1,Linda,Barthel,San Diego,2004-04-01
2540,1,Linda,Barthel,San Diego,2004-04-01
2541,93,Sarah,Elsner,Memphis,1999-03-20
2541,93,Sarah,Elsner,Memphis,1999-03-20
2542,25,Michael,Bertram,El Paso,2016-08-28
2542,25,Michael,Bertram,El Paso,2016-08-28
2543,6,Jessica,Lang,Milwaukee,2021-03-02
2543,6,Jessica,Lang,Milwaukee,2021-03-02
2544,74,Ashley,Heckmann,Omaha,2006-09-02
2544,74,Ashley,Heckmann,Omaha,2006-09-02
2545,54,Brian,Huth,Columbus,2006-02-24
2545,54,Brian,Huth,Columbus,2006-02-24
2546,78,Daniel,Henze,Baltimore,2014-06-28
2546,78,Daniel,Henze,Baltimore,2014-06-28
2547,23,Betty,Kirchhoff,Colorado Springs,2010-03-14
2547,23,Betty,Kirchhoff,Colorado Springs,2010-03-14
2548,19,Michelle,Mayr,Portland,2000-11-04
2548,19,Michelle,Mayr,Portland,2000-11-04
2549,56,Robert,Schreiner,Indianapolis,1997-05-24
2549,56,Robert,Schreiner,Indianapolis,1997-05-24
2550,53,Sarah,Großmann,Philadelphia,2009-07-28
2550,53,Sarah,Großmann,Philadelphia,2009-07-28
2551,31,Michelle,Appel,Tucson,2016-10-06
2551,31,Michelle,Appel,Tucson,2016-10-06
2552,38,Amanda,Schlüter,Seattle,2022-04-08
2552,38,Amanda,Schlüter,Seattle,2022-04-08
2553,19,James,Lorenz,Indianapolis,2007-06-15
2553,19,James,Lorenz,Indianapolis,2007-06-15
2554,1,Ashley,Baur,Fort Worth,1996-02-26
2554,1,Ashley,Baur,Fort Worth,1996-02-26
2555,77,Charles,Gerdes,Oklahoma City,1998-06-08
2555,77,Charles,Gerdes,Oklahoma City,1998-06-08
2556,50,Sarah,Opitz,Omaha,2014-05-14
2556,50,Sarah,Opitz,Omaha,2014-05-14
2557,98,Jennifer,Petry,Memphis,1999-07-02
2557,98,Jennifer,Petry,Memphis,1999-07-02
2558,58,Lisa,König,Baltimore,1997-02-24
2558,58,Lisa,König,Baltimore,1997-02-24
2559,81,Karen,Ludwig,Detroit,2002-08-25
2559,81,Karen,Ludwig,Detroit,2002-08-25
2560,32,Linda,Kling,Washington,2019-02-17
2560,32,Linda,Kling,Washington,2019-02-17
2561,49,Joshua,Grundmann,Tucson,2021-10-14
2561,49,Joshua,Grundmann,Tucson,2021-10-14
2562,98,Emily,Wittmann,Colorado Springs,2008-02-18
2562,98,Emily,Wittmann,Colorado Springs,2008-02-18
2563,97,Steven,Heinen,Memphis,2007-07-09
2563,97,Steven,Heinen,Memphis,2007-07-09
2564,92,Jessica,Kock,Washington,2007-02-10
2564,92,Jessica,Kock,Washington,2007-02-10
2565,44,Barbara,Geißler,San Jose,1999-04-18
2565,44,Barbara,Geißler,San Jose,1999-04-18
2566,29,Donna,Engelmann,Dallas,1998-03-26
2566,29,Donna,Engelmann,Dallas,1998-03-26
2567,88,Kimberly,Walther,Las Vegas,2017-08-15
2567,88,Kimberly,Walther,Las Vegas,2017-08-15
2568,48,Susan,Henrich,Charlotte,2012-08-26
2568,48,Susan,Henrich,Charlotte,2012-08-26
2569,80,Margaret,Pohlmann,Mesa,2003-04-19
2569,80,Margaret,Pohlmann,Mesa,2003-04-19
2570,77,Steven,Schumacher,San Jose,2008-05-27
2570,77,Steven,Schumacher,San Jose,2008-05-27
2571,26,Daniel,Fröhlich,Portland,2016-02-22
2571,26,Daniel,Fröhlich,Portland,2016-02-22
2572,7,Stephanie,Vollmer,Atlanta,2009-01-06
2572,7,Stephanie,Vollmer,Atlanta,2009-01-06
2573,44,Brian,Gross,San Antonio,2024-06-12
2573,44,Brian,Gross,San Antonio,2024-06-12
2574,14,Mary,Finke,San Diego,2012-02-06
2574,14,Mary,Finke,San Diego,2012-02-06
2575,52,Kenneth,Kühn,Atlanta,2001-06-21
2575,52,Kenneth,Kühn,Atlanta,2001-06-21
2576,32,Charles,Rösler,Columbus,2002-06-13
2576,32,Charles,Rösler,Columbus,2002-06-13
2577,75,Mary,Mangold,Fort Worth,2009-06-11
2577,75,Mary,Mangold,Fort Worth,2009-06-11
2578,32,Anthony,Block,Mesa,2017-12-09
2578,32,Anthony,Block,Mesa,2017-12-09
2579,75,David,Kübler,Omaha,1998-03-15
2579,75,David,Kübler,Omaha,1998-03-15
2580,84,James,Hoppe,San Francisco,2015-12-15
2580,84,James,Hoppe,San Francisco,2015-12-15
2581,57,William,Reichert,Omaha,1997-11-21
2581,57,William,Reichert,Omaha,1997-11-21
2582,52,Michael,Braun,Memphis,2019-01-03
2582,52,Michael,Braun,Memphis,2019-01-03
2583,34,Daniel,Grunwald,Portland,2004-03-02
2583,34,Daniel,Grunwald,Portland,2004-03-02
2584,61,Sandra,Petry,New York,2009-03-16
2584,61,Sandra,Petry,New York,2009-03-16
2585,62,Patricia,Unger,Fresno,2001-10-07
2585,62,Patricia,Unger,Fresno,2001-10-07
2586,86,Karen,Urban,Houston,2024-11-12
2586,86,Karen,Urban,Houston,2024-11-12
2587,87,Jennifer,Eisele,Las Vegas,1997-01-24
2587,87,Jennifer,Eisele,Las Vegas,1997-01-24
2588,93,Andrew,Heidrich,Nashville,2023-08-12
2588,93,Andrew,Heidrich,Nashville,2023-08-12
2589,76,Lisa,Huber,Tucson,2007-06-15
2589,76,Lisa,Huber,Tucson,2007-06-15
2590,31,Kevin,Scherer,San Antonio,2015-04-27
2590,31,Kevin,Scherer,San Antonio,2015-04-27
2591,29,Joseph,Wagner,New York,2005-12-25
2591,29,Joseph,Wagner,New York,2005-12-25
2592,31,Lisa,Frenzel,Chicago,2014-05-08
2592,31,Lisa,Frenzel,Chicago,2014-05-08
2593,12,Paul,Janßen,Charlotte,2009-04-06
2593,12,Paul,Janßen,Charlotte,2009-04-06
2594,35,Carol,Stark,Milwaukee,2022-07-25
2594,35,Carol,Stark,Milwaukee,2022-07-25
2595,57,Barbara,Otto,Indianapolis,2005-09-01
2595,57,Barbara,Otto,Indianapolis,2005-09-01
2596,41,Timothy,Anders,Jacksonville,2019-01-23
2596,41,Timothy,Anders,Jacksonville,2019-01-23
2597,27,Ronald,Kirchner,Memphis,2012-11-06
2597,27,Ronald,Kirchner,Memphis,2012-11-06
2598,15,Carol,Michael,Philadelphia,2015-08-12
2598,15,Carol,Michael,Philadelphia,2015-08-12
2599,94,Donna,Späth,Memphis,2014-11-01
2599,94,Donna,Späth,Memphis,2014-11-01
2600,71,Karen,0,San Francisco,2013-05-21
2600,71,Karen,0,San Francisco,2013-05-21
2601,36,Brian,Beck,Washington,1997-02-17
2601,36,Brian,Beck,Washington,1997-02-17
2602,24,Andrew,Barth,Las Vegas,2003-11-10
2602,24,Andrew,Barth,Las Vegas,2003-11-10
2603,82,Ashley,Steinert,San Francisco,2015-02-10
2603,82,Ashley,Steinert,San Francisco,2015-02-10
2604,24,Nancy,Steinert,Nashville,2021-09-15
2604,24,Nancy,Steinert,Nashville,2021-09-15
2605,96,Carol,Geißler,Austin,2019-12-02
2605,96,Carol,Geißler,Austin,2019-12-02
2606,76,Ashley,Baumann,San Antonio,1997-09-10
2606,76,Ashley,Baumann,San Antonio,1997-09-10
2607,28,Susan,Ahlers,Colorado Springs,2006-10-22
2607,28,Susan,Ahlers,Colorado Springs,2006-10-22
2608,75,Jennifer,Behnke,Phoenix,2023-08-09
2608,75,Jennifer,Behnke,Phoenix,2023-08-09
2609,3,Michael,Freese,Nashville,2000-01-02
2609,3,Michael,Freese,Nashville,2000-01-02
2610,3,Jessica,Scheer,Seattle,2020-05-28
2610,3,Jessica,Scheer,Seattle,2020-05-28
2611,29,John,Schweitzer,Sacramento,2018-03-05
2611,29,John,Schweitzer,Sacramento,2018-03-05
2612,32,Susan,Sieber,Oklahoma City,2021-09-14
2612,32,Susan,Sieber,Oklahoma City,2021-09-14
2613,54,David,Zimmermann,Charlotte,2006-09-01
2613,54,David,Zimmermann,Charlotte,2006-09-01
2614,38,Joseph,Karl,Phoenix,2010-12-09
2614,38,Joseph,Karl,Phoenix,2010-12-09
2615,95,Charles,Becker,San Jose,1995-03-22
2615,95,Charles,Becker,San Jose,1995-03-22
2616,56,Andrew,Reis,Fort Worth,2008-08-15
2616,56,Andrew,Reis,Fort Worth,2008-08-15
2617,65,Mary,Cramer,Nashville,2018-11-26
2617,65,Mary,Cramer,Nashville,2018-11-26
2618,21,Anthony,Fröhlich,Atlanta,2018-12-14
2618,21,Anthony,Fröhlich,Atlanta,2018-12-14
2619,41,Mary,Wagner,Philadelphia,2000-11-10
2619,41,Mary,Wagner,Philadelphia,2000-11-10
2620,20,Andrew,Franke,San Antonio,1997-06-26
2620,20,Andrew,Franke,San Antonio,1997-06-26
2621,60,Karen,Strauch,Detroit,2018-08-02
2621,60,Karen,Strauch,Detroit,2018-08-02
2622,75,Susan,Schramm,San Diego,2002-03-06
2622,75,Susan,Schramm,San Diego,2002-03-06
2623,59,Sarah,Klaus,Dallas,2017-12-17
2623,59,Sarah,Klaus,Dallas,2017-12-17
2624,74,Karen,Hofmann,Portland,2000-08-12
2624,74,Karen,Hofmann,Portland,2000-08-12
2625,55,Elizabeth,Evers,Houston,1999-05-25
2625,55,Elizabeth,Evers,Houston,1999-05-25
2626,3,Matthew,Grote,Nashville,1998-10-03
2626,3,Matthew,Grote,Nashville,1998-10-03
2627,14,Mary,Vogel,Milwaukee,2023-09-23
2627,14,Mary,Vogel,Milwaukee,2023-09-23
2628,45,Matthew,Hager,Nashville,1998-10-14
2628,45,Matthew,Hager,Nashville,1998-10-14
2629,95,Steven,Berndt,Omaha,2021-01-10
2629,95,Steven,Berndt,Omaha,2021-01-10
2630,99,Margaret,Bernhardt,Boston,2023-10-09
2630,99,Margaret,Bernhardt,Boston,2023-10-09
2631,60,Donald,Resch,Colorado Springs,2007-01-28
2631,60,Donald,Resch,Colorado Springs,2007-01-28
2632,49,Susan,Bucher,Charlotte,2017-01-17
2632,49,Susan,Bucher,Charlotte,2017-01-17
2633,9,James,Grabowski,Sacramento,2024-08-21
2633,9,James,Grabowski,Sacramento,2024-08-21
2634,54,Melissa,Blank,Atlanta,2015-01-22
2634,54,Melissa,Blank,Atlanta,2015-01-22
2635,70,Jessica,Klemm,Louisville,2022-06-09
2635,70,Jessica,Klemm,Louisville,2022-06-09
2636,93,Melissa,Neumann,Columbus,2015-10-03
2636,93,Melissa,Neumann,Columbus,2015-10-03
2637,52,Michael,Kluge,Houston,2006-06-11
2637,52,Michael,Kluge,Houston,2006-06-11
2638,63,Andrew,Heil,Oklahoma City,2005-12-12
2638,63,Andrew,Heil,Oklahoma City,2005-12-12
2639,52,Kenneth,Schnell,Fresno,1995-02-12
2639,52,Kenneth,Schnell,Fresno,1995-02-12
2640,22,Jennifer,Schrader,Fort Worth,2003-06-07
2640,22,Jennifer,Schrader,Fort Worth,2003-06-07
2641,55,Matthew,Hecker,Tucson,2022-06-23
2641,55,Matthew,Hecker,Tucson,2022-06-23
2642,3,Richard,Buck,Las Vegas,2000-12-20
2642,3,Richard,Buck,Las Vegas,2000-12-20
2643,2,Kimberly,Hirsch,Oklahoma City,2001-02-23
2643,2,Kimberly,Hirsch,Oklahoma City,2001-02-23
2644,59,Linda,Berg,Phoenix,2023-12-17
2644,59,Linda,Berg,Phoenix,2023-12-17
2645,28,Charles,Berger,Kansas City,2002-12-12
2645,28,Charles,Berger,Kansas City,2002-12-12
2646,37,Kimberly,Fuchs,Baltimore,2016-11-13
2646,37,Kimberly,Fuchs,Baltimore,2016-11-13
2647,69,Patricia,Bräuer,Las Vegas,2008-11-16
2647,69,Patricia,Bräuer,Las Vegas,2008-11-16
2648,9,Matthew,Gärtner,Omaha,2003-11-14
2648,9,Matthew,Gärtner,Omaha,2003-11-14
2649,62,Joseph,Stephan,San Antonio,2004-01-19
2649,62,Joseph,Stephan,San Antonio,2004-01-19
2650,32,Patricia,Rademacher,Mesa,2008-09-01
2650,32,Patricia,Rademacher,Mesa,2008-09-01
2651,81,Brian,Henrich,Kansas City,2004-06-17
2651,81,Brian,Henrich,Kansas City,2004-06-17
2652,75,Barbara,Altmann,Indianapolis,2007-07-27
2652,75,Barbara,Altmann,Indianapolis,2007-07-27
2653,35,Emily,Bosch,Charlotte,2019-06-25
2653,35,Emily,Bosch,Charlotte,2019-06-25
2654,47,Emily,Wegner,El Paso,2016-01-06
2654,47,Emily,Wegner,El Paso,2016-01-06
2655,18,Betty,Kessler,Fort Worth,2020-09-16
2655,18,Betty,Kessler,Fort Worth,2020-09-16
2656,36,Richard,Hoppe,Memphis,2000-12-03
2656,36,Richard,Hoppe,Memphis,2000-12-03
2657,19,Donald,Bode,Charlotte,2021-11-13
2657,19,Donald,Bode,Charlotte,2021-11-13
2658,25,Susan,Hohmann,Memphis,2022-01-25
2658,25,Susan,Hohmann,Memphis,2022-01-25
2659,46,Sarah,Groß,Nashville,2007-12-25
2659,46,Sarah,Groß,Nashville,2007-12-25
2660,60,Karen,Reichert,Charlotte,2014-02-01
2660,60,Karen,Reichert,Charlotte,2014-02-01
2661,95,Mark,Bucher,Columbus,1997-04-20
2661,95,Mark,Bucher,Columbus,1997-04-20
2662,23,Jennifer,Hensel,Indianapolis,2017-05-27
2662,23,Jennifer,Hensel,Indianapolis,2017-05-27
2663,78,Emily,Heinrichs,Charlotte,2002-10-05
2663,78,Emily,Heinrichs,Charlotte,2002-10-05
2664,27,Mark,Jung,Houston,2005-01-21
2664,27,Mark,Jung,Houston,2005-01-21
2665,35,Kevin,Brück,Portland,1997-12-11
2665,35,Kevin,Brück,Portland,1997-12-11
2666,77,Mary,Kuhn,El Paso,2022-06-07
2666,77,Mary,Kuhn,El Paso,2022-06-07
2667,55,Daniel,Wittig,Memphis,2007-03-22
2667,55,Daniel,Wittig,Memphis,2007-03-22
2668,36,Christopher,Schneider,Dallas,1996-02-08
2668,36,Christopher,Schneider,Dallas,1996-02-08
2669,88,Donald,Fiebig,San Antonio,2016-10-21
2669,88,Donald,Fiebig,San Antonio,2016-10-21
2670,97,Robert,Brüning,Houston,2019-01-16
2670,97,Robert,Brüning,Houston,2019-01-16
2671,71,Christopher,Jansen,Phoenix,2005-07-20
2671,71,Christopher,Jansen,Phoenix,2005-07-20
2672,9,Kimberly,Stahl,Phoenix,1995-07-21
2672,9,Kimberly,Stahl,Phoenix,1995-07-21
2673,21,Elizabeth,Baumgarten,Austin,2011-05-20
2673,21,Elizabeth,Baumgarten,Austin,2011-05-20
2674,32,Matthew,Rapp,Louisville,2016-01-03
2674,32,Matthew,Rapp,Louisville,2016-01-03
2675,66,Mary,May,Indianapolis,1998-01-04
2675,66,Mary,May,Indianapolis,1998-01-04
2676,44,William,Esser,Baltimore,2021-02-28
2676,44,William,Esser,Baltimore,2021-02-28
2677,89,Stephanie,Otte,Houston,2024-05-07
2677,89,Stephanie,Otte,Houston,2024-05-07
2678,65,Donald,Rode,Los Angeles,2015-07-18
2678,65,Donald,Rode,Los Angeles,2015-07-18
2679,75,Joseph,Brüggemann,Chicago,2002-12-16
2679,75,Joseph,Brüggemann,Chicago,2002-12-16
2680,80,David,Mayer,Nashville,2010-02-22
2680,80,David,Mayer,Nashville,2010-02-22
2681,87,Daniel,Theis,Philadelphia,1998-12-01
2681,87,Daniel,Theis,Philadelphia,1998-12-01
2682,15,Christopher,Grau,Seattle,2006-12-15
2682,15,Christopher,Grau,Seattle,2006-12-15
2683,27,David,Mayer,Phoenix,2001-04-01
2683,27,David,Mayer,Phoenix,2001-04-01
2684,16,Andrew,Lück,Dallas,2009-07-16
2684,16,Andrew,Lück,Dallas,2009-07-16
2685,46,Charles,Dittmann,Oklahoma City,2013-09-02
2685,46,Charles,Dittmann,Oklahoma City,2013-09-02
2686,97,David,Dreyer,Louisville,2012-09-28
2686,97,David,Dreyer,Louisville,2012-09-28
2687,72,Betty,Schreiner,Detroit,2005-05-09
2687,72,Betty,Schreiner,Detroit,2005-05-09
2688,48,Melissa,Neugebauer,Seattle,2010-07-25
2688,48,Melissa,Neugebauer,Seattle,2010-07-25
2689,65,John,Brandt,Denver,1998-10-12
2689,65,John,Brandt,Denver,1998-10-12
2690,19,Jessica,Straub,Chicago,2020-03-05
2690,19,Jessica,Straub,Chicago,2020-03-05
2691,90,Jessica,Biermann,Dallas,2008-01-04
2691,90,Jessica,Biermann,Dallas,2008-01-04
2692,37,Steven,Nickel,Mesa,2020-10-09
2692,37,Steven,Nickel,Mesa,2020-10-09
2693,58,Patricia,Baumgart,Milwaukee,2007-12-18
2693,58,Patricia,Baumgart,Milwaukee,2007-12-18
2694,55,Patricia,Mühlbauer,San Francisco,1998-07-06
2694,55,Patricia,Mühlbauer,San Francisco,1998-07-06
2695,53,Joshua,Scholl,El Paso,1996-09-23
2695,53,Joshua,Scholl,El Paso,1996-09-23
2696,47,Michelle,Dreier,Fresno,2001-06-27
2696,47,Michelle,Dreier,Fresno,2001-06-27
2697,3,Thomas,Bastian,Phoenix,2022-03-16
2697,3,Thomas,Bastian,Phoenix,2022-03-16
2698,88,Paul,Reimann,Charlotte,2006-07-14
2698,88,Paul,Reimann,Charlotte,2006-07-14
2699,86,Joshua,Zöller,Chicago,2001-12-24
2699,86,Joshua,Zöller,Chicago,2001-12-24
2700,62,Mark,Löffler,Denver,2004-03-04
2700,62,Mark,Löffler,Denver,2004-03-04
2701,1,Margaret,Hesse,Louisville,2000-06-10
2701,1,Margaret,Hesse,Louisville,2000-06-10
2702,39,Donna,Hopp,Chicago,2012-09-13
2702,39,Donna,Hopp,Chicago,2012-09-13
2703,73,Joshua,Weinert,Kansas City,2011-04-12
2703,73,Joshua,Weinert,Kansas City,2011-04-12
2704,33,Stephanie,Riedl,Houston,2013-01-19
2704,33,Stephanie,Riedl,Houston,2013-01-19
2705,23,Paul,Sander,Las Vegas,2004-02-24
2705,23,Paul,Sander,Las Vegas,2004-02-24
2706,34,Andrew,Blume,Milwaukee,2012-03-26
2706,34,Andrew,Blume,Milwaukee,2012-03-26
2707,49,John,Armbruster,Austin,2004-06-25
2707,49,John,Armbruster,Austin,2004-06-25
2708,49,Anthony,Krause,Atlanta,2024-02-25
2708,49,Anthony,Krause,Atlanta,2024-02-25
2709,99,Betty,Scheel,New York,2019-05-07
2709,99,Betty,Scheel,New York,2019-05-07
2710,49,Lisa,Hagemann,Dallas,2022-03-12
2710,49,Lisa,Hagemann,Dallas,2022-03-12
2711,10,Susan,Nagel,San Francisco,2015-08-27
2711,10,Susan,Nagel,San Francisco,2015-08-27
2712,96,John,Hecker,New York,2014-12-16
2712,96,John,Hecker,New York,2014-12-16
2713,66,Paul,Grundmann,Chicago,1996-09-16
2713,66,Paul,Grundmann,Chicago,1996-09-16
2714,71,Lisa,Busch,Detroit,1997-05-13
2714,71,Lisa,Busch,Detroit,1997-05-13
2715,88,Robert,Falk,Milwaukee,2007-08-21
2715,88,Robert,Falk,Milwaukee,2007-08-21
2716,67,Mary,Otto,Detroit,2020-11-20
2716,67,Mary,Otto,Detroit,2020-11-20
2717,76,Anthony,Franz,El Paso,2017-12-26
2717,76,Anthony,Franz,El Paso,2017-12-26
2718,39,Charles,Schröter,Baltimore,2003-03-11
2718,39,Charles,Schröter,Baltimore,2003-03-11
2719,42,Donna,Hentschel,Jacksonville,2015-05-26
2719,42,Donna,Hentschel,Jacksonville,2015-05-26
2720,91,Joseph,Specht,San Diego,2015-01-07
2720,91,Joseph,Specht,San Diego,2015-01-07
2721,1,Charles,Fritz,Boston,2022-12-17
2721,1,Charles,Fritz,Boston,2022-12-17
2722,46,Elizabeth,Kock,Washington,2001-03-28
2722,46,Elizabeth,Kock,Washington,2001-03-28
2723,36,Daniel,Morgenstern,Charlotte,2023-03-16
2723,36,Daniel,Morgenstern,Charlotte,2023-03-16
2724,96,Joshua,Rothe,Jacksonville,2006-10-05
2724,96,Joshua,Rothe,Jacksonville,2006-10-05
2725,91,Robert,Richter,Oklahoma City,2006-03-25
2725,91,Robert,Richter,Oklahoma City,2006-03-25
2726,44,James,Riedel,El Paso,2006-05-11
2726,44,James,Riedel,El Paso,2006-05-11
2727,31,Richard,Schmitt,New York,2006-01-28
2727,31,Richard,Schmitt,New York,2006-01-28
2728,97,Charles,Korte,Los Angeles,1995-08-09
2728,97,Charles,Korte,Los Angeles,1995-08-09
2729,58,Sandra,Küster,Denver,2011-01-13
2729,58,Sandra,Küster,Denver,2011-01-13
2730,96,Stephanie,Janzen,Columbus,2014-03-16
2730,96,Stephanie,Janzen,Columbus,2014-03-16
2731,4,Brian,Hollmann,San Diego,2011-01-04
2731,4,Brian,Hollmann,San Diego,2011-01-04
2732,53,Charles,Sommer,Kansas City,2015-06-02
2732,53,Charles,Sommer,Kansas City,2015-06-02
2733,89,Karen,Horst,Fort Worth,2002-01-26
2733,89,Karen,Horst,Fort Worth,2002-01-26
2734,93,Paul,Kaufmann,Detroit,2019-09-14
2734,93,Paul,Kaufmann,Detroit,2019-09-14
2735,57,Brian,Thiele,Portland,2010-08-12
2735,57,Brian,Thiele,Portland,2010-08-12
2736,73,Emily,Steiner,Memphis,2022-03-01
2736,73,Emily,Steiner,Memphis,2022-03-01
2737,78,Margaret,Kleine,Charlotte,2005-02-04
2737,78,Margaret,Kleine,Charlotte,2005-02-04
2738,50,Thomas,Kohl,New York,2017-12-11
2738,50,Thomas,Kohl,New York,2017-12-11
2739,5,Andrew,Hagedorn,Louisville,2011-09-15
2739,5,Andrew,Hagedorn,Louisville,2011-09-15
2740,52,Ronald,Franz,Chicago,2012-05-27
2740,52,Ronald,Franz,Chicago,2012-05-27
2741,17,William,Nguyen,Seattle,2024-06-28
2741,17,William,Nguyen,Seattle,2024-06-28
2742,32,Charles,Haupt,Fresno,1995-10-07
2742,32,Charles,Haupt,Fresno,1995-10-07
2743,6,Sandra,Rieger,Albuquerque,2017-02-12
2743,6,Sandra,Rieger,Albuquerque,2017-02-12
2744,69,Patricia,Haupt,Memphis,2014-07-11
2744,69,Patricia,Haupt,Memphis,2014-07-11
2745,93,Kimberly,Mangold,Boston,2010-12-15
2745,93,Kimberly,Mangold,Boston,2010-12-15
2746,92,Deborah,Kaufmann,Detroit,2005-01-17
2746,92,Deborah,Kaufmann,Detroit,2005-01-17
2747,61,Karen,Muth,Colorado Springs,2005-09-18
2747,61,Karen,Muth,Colorado Springs,2005-09-18
2748,10,Michelle,Döring,San Diego,2022-02-03
2748,10,Michelle,Döring,San Diego,2022-02-03
2749,23,Andrew,Michaelis,Denver,1995-09-03
2749,23,Andrew,Michaelis,Denver,1995-09-03
2750,53,Kenneth,Eilers,Washington,2001-11-18
2750,53,Kenneth,Eilers,Washington,2001-11-18
2751,61,Mark,Körner,Memphis,2020-07-06
2751,61,Mark,Körner,Memphis,2020-07-06
2752,19,Mark,Bauer,Tucson,1996-07-21
2752,19,Mark,Bauer,Tucson,1996-07-21
2753,4,Donna,Dorn,Kansas City,1997-09-19
2753,4,Donna,Dorn,Kansas City,1997-09-19
2754,46,Carol,Hofer,Sacramento,2017-11-25
2754,46,Carol,Hofer,Sacramento,2017-11-25
2755,32,Charles,Sieber,Chicago,2009-04-22
2755,32,Charles,Sieber,Chicago,2009-04-22
2756,84,Carol,Wahl,Denver,2005-04-22
2756,84,Carol,Wahl,Denver,2005-04-22
2757,46,Richard,Groß,Jacksonville,2016-08-04
2757,46,Richard,Groß,Jacksonville,2016-08-04
2758,62,Ronald,Krug,Portland,2002-10-08
2758,62,Ronald,Krug,Portland,2002-10-08
2759,92,Kenneth,Weidner,Charlotte,2015-01-12
2759,92,Kenneth,Weidner,Charlotte,2015-01-12
2760,54,Thomas,Preuß,Austin,2009-01-22
2760,54,Thomas,Preuß,Austin,2009-01-22
2761,87,David,Kühnel,Detroit,2006-02-10
2761,87,David,Kühnel,Detroit,2006-02-10
2762,67,Kenneth,Hirsch,Las Vegas,2018-10-27
2762,67,Kenneth,Hirsch,Las Vegas,2018-10-27
2763,24,James,Sommerfeld,San Jose,2001-05-19
2763,24,James,Sommerfeld,San Jose,2001-05-19
2764,66,Mary,Amann,Albuquerque,2018-09-06
2764,66,Mary,Amann,Albuquerque,2018-09-06
2765,18,Deborah,Koller,Atlanta,1998-12-18
2765,18,Deborah,Koller,Atlanta,1998-12-18
2766,96,Mark,Claus,Houston,2011-08-25
2766,96,Mark,Claus,Houston,2011-08-25
2767,48,Steven,Rühl,San Jose,2006-11-13
2767,48,Steven,Rühl,San Jose,2006-11-13
2768,46,Elizabeth,Kunert,Dallas,2004-04-13
2768,46,Elizabeth,Kunert,Dallas,2004-04-13
2769,48,Stephanie,Burkhardt,Fresno,2023-02-13
2769,48,Stephanie,Burkhardt,Fresno,2023-02-13
2770,62,Michelle,Hampel,Atlanta,2005-12-15
2770,62,Michelle,Hampel,Atlanta,2005-12-15
2771,94,Charles,Geißler,San Antonio,2002-10-17
2771,94,Charles,Geißler,San Antonio,2002-10-17
2772,27,Betty,Funk,New York,2013-11-21
2772,27,Betty,Funk,New York,2013-11-21
2773,62,William,Dietrich,Fort Worth,2017-06-04
2773,62,William,Dietrich,Fort Worth,2017-06-04
2774,78,Kimberly,Witt,Nashville,2005-11-02
2774,78,Kimberly,Witt,Nashville,2005-11-02
2775,65,Linda,Will,Austin,2000-06-16
2775,65,Linda,Will,Austin,2000-06-16
2776,52,Lisa,Grabowski,Columbus,2000-11-24
2776,52,Lisa,Grabowski,Columbus,2000-11-24
2777,1,Linda,Hering,Fresno,2018-03-26
2777,1,Linda,Hering,Fresno,2018-03-26
2778,50,Ronald,Kirchner,Fresno,1996-01-23
2778,50,Ronald,Kirchner,Fresno,1996-01-23
2779,40,Joseph,Kellner,Boston,1996-07-15
2779,40,Joseph,Kellner,Boston,1996-07-15
2780,72,Thomas,Langner,Houston,2016-08-07
2780,72,Thomas,Langner,Houston,2016-08-07
2781,17,Daniel,Pfaff,Detroit,2016-04-26
2781,17,Daniel,Pfaff,Detroit,2016-04-26
2782,1,Nancy,Schober,Indianapolis,2024-08-26
2782,1,Nancy,Schober,Indianapolis,2024-08-26
2783,78,Brian,Mueller,Jacksonville,2017-03-25
2783,78,Brian,Mueller,Jacksonville,2017-03-25
2784,77,Christopher,Martens,Los Angeles,2024-04-23
2784,77,Christopher,Martens,Los Angeles,2024-04-23
2785,30,Robert,Weiler,Sacramento,2000-08-15
2785,30,Robert,Weiler,Sacramento,2000-08-15
2786,77,Emily,Runge,Denver,2015-11-15
2786,77,Emily,Runge,Denver,2015-11-15
2787,67,Amanda,Ehlert,Philadelphia,2022-06-06
2787,67,Amanda,Ehlert,Philadelphia,2022-06-06
2788,22,James,Wiese,Denver,1998-10-03
2788,22,James,Wiese,Denver,1998-10-03
2789,35,Daniel,Kunkel,San Diego,2007-11-28
2789,35,Daniel,Kunkel,San Diego,2007-11-28
2790,56,Paul,Koch,Columbus,2019-04-27
2790,56,Paul,Koch,Columbus,2019-04-27
2791,14,Linda,Großmann,Jacksonville,2009-04-08
2791,14,Linda,Großmann,Jacksonville,2009-04-08
2792,45,Richard,Schroeder,Chicago,2018-03-17
2792,45,Richard,Schroeder,Chicago,2018-03-17
2793,86,Linda,Römer,Kansas City,2011-07-16
2793,86,Linda,Römer,Kansas City,2011-07-16
2794,33,Daniel,Heckmann,Memphis,2005-11-22
2794,33,Daniel,Heckmann,Memphis,2005-11-22
2795,12,Kevin,Heinz,Charlotte,2016-11-11
2795,12,Kevin,Heinz,Charlotte,2016-11-11
2796,24,James,Lehner,El Paso,1996-08-28
2796,24,James,Lehner,El Paso,1996-08-28
2797,69,Brian,Engelhardt,El Paso,2005-05-02
2797,69,Brian,Engelhardt,El Paso,2005-05-02
2798,57,Nancy,Schulze,Seattle,1995-08-17
2798,57,Nancy,Schulze,Seattle,1995-08-17
2799,9,Andrew,Stephan,Denver,2001-09-15
2799,9,Andrew,Stephan,Denver,2001-09-15
2800,2,Nancy,Meißner,Louisville,2010-11-28
2800,2,Nancy,Meißner,Louisville,2010-11-28
2801,59,Thomas,Köster,Detroit,2008-11-06
2801,59,Thomas,Köster,Detroit,2008-11-06
2802,95,Robert,Armbruster,Jacksonville,2012-06-15
2802,95,Robert,Armbruster,Jacksonville,2012-06-15
2803,29,Sarah,Zimmer,Houston,2006-01-26
2803,29,Sarah,Zimmer,Houston,2006-01-26
2804,93,Charles,Klinger,Los Angeles,2015-02-12
2804,93,Charles,Klinger,Los Angeles,2015-02-12
2805,55,Michelle,Miller,Chicago,2023-07-01
2805,55,Michelle,Miller,Chicago,2023-07-01
2806,94,Donald,Zeller,San Antonio,2009-05-14
2806,94,Donald,Zeller,San Antonio,2009-05-14
2807,22,Melissa,Ullmann,Indianapolis,2008-04-21
2807,22,Melissa,Ullmann,Indianapolis,2008-04-21
2808,85,Margaret,Schultze,Milwaukee,2004-02-20
2808,85,Margaret,Schultze,Milwaukee,2004-02-20
2809,49,William,Grimm,Jacksonville,2006-07-14
2809,49,William,Grimm,Jacksonville,2006-07-14
2810,12,Joseph,Beyer,Denver,2012-02-26
2810,12,Joseph,Beyer,Denver,2012-02-26
2811,71,Christopher,Friedl,Louisville,2018-04-01
2811,71,Christopher,Friedl,Louisville,2018-04-01
2812,89,John,Heitmann,San Francisco,2000-02-08
2812,89,John,Heitmann,San Francisco,2000-02-08
2813,8,Betty,Exner,Louisville,2020-01-01
2813,8,Betty,Exner,Louisville,2020-01-01
2814,97,Kevin,Armbruster,Denver,2001-01-19
2814,97,Kevin,Armbruster,Denver,2001-01-19
2815,16,Robert,Heilmann,Atlanta,2015-05-23
2815,16,Robert,Heilmann,Atlanta,2015-05-23
2816,40,Robert,Schleicher,El Paso,1996-10-11
2816,40,Robert,Schleicher,El Paso,1996-10-11
2817,45,Ashley,May,Oklahoma City,1995-02-01
2817,45,Ashley,May,Oklahoma City,1995-02-01
2818,64,Emily,Wilde,San Jose,2005-12-04
2818,64,Emily,Wilde,San Jose,2005-12-04
2819,63,Linda,Lampe,San Jose,2011-02-24
2819,63,Linda,Lampe,San Jose,2011-02-24
2820,51,Elizabeth,Schüler,Austin,2002-01-01
2820,51,Elizabeth,Schüler,Austin,2002-01-01
2821,10,Donna,Bischoff,Charlotte,2012-03-02
2821,10,Donna,Bischoff,Charlotte,2012-03-02
2822,76,Timothy,Eichler,San Francisco,2020-11-02
2822,76,Timothy,Eichler,San Francisco,2020-11-02
2823,86,Emily,Braun,Louisville,2019-12-13
2823,86,Emily,Braun,Louisville,2019-12-13
2824,71,Deborah,Hafner,Denver,2016-10-25
2824,71,Deborah,Hafner,Denver,2016-10-25
2825,45,Betty,Jordan,Houston,2011-05-12
2825,45,Betty,Jordan,Houston,2011-05-12
2826,85,Thomas,Drescher,Washington,1999-07-26
2826,85,Thomas,Drescher,Washington,1999-07-26
2827,56,Donald,Weigand,Washington,2015-11-28
2827,56,Donald,Weigand,Washington,2015-11-28
2828,86,Linda,Merk,Atlanta,2016-02-06
2828,86,Linda,Merk,Atlanta,2016-02-06
2829,73,Michelle,Lorenz,Colorado Springs,2014-08-05
2829,73,Michelle,Lorenz,Colorado Springs,2014-08-05
2830,84,Matthew,Haupt,Fresno,2002-10-15
2830,84,Matthew,Haupt,Fresno,2002-10-15
2831,13,David,Schuler,Tucson,2022-08-26
2831,13,David,Schuler,Tucson,2022-08-26
2832,64,Mary,Maurer,Omaha,2016-03-09
2832,64,Mary,Maurer,Omaha,2016-03-09
2833,88,Joseph,Maaß,Tucson,2014-09-06
2833,88,Joseph,Maaß,Tucson,2014-09-06
2834,30,Stephanie,Neuhaus,Fort Worth,2010-09-24
2834,30,Stephanie,Neuhaus,Fort Worth,2010-09-24
2835,52,Michael,Kuhn,Los Angeles,2004-07-24
2835,52,Michael,Kuhn,Los Angeles,2004-07-24
2836,54,Ronald,Merkel,Louisville,2022-04-27
2836,54,Ronald,Merkel,Louisville,2022-04-27
2837,57,Margaret,Reiß,Jacksonville,2024-09-16
2837,57,Margaret,Reiß,Jacksonville,2024-09-16
2838,18,Patricia,Starke,Washington,2019-06-02
2838,18,Patricia,Starke,Washington,2019-06-02
2839,25,Susan,Petersen,San Francisco,2013-05-22
2839,25,Susan,Petersen,San Francisco,2013-05-22
2840,53,Kenneth,Hentschel,Detroit,2000-11-05
2840,53,Kenneth,Hentschel,Detroit,2000-11-05
2841,20,Kenneth,Pauli,Chicago,2012-04-28
2841,20,Kenneth,Pauli,Chicago,2012-04-28
2842,11,Matthew,Engel,San Antonio,2003-04-03
2842,11,Matthew,Engel,San Antonio,2003-04-03
2843,40,Stephanie,Schlüter,San Diego,2004-04-27
2843,40,Stephanie,Schlüter,San Diego,2004-04-27
2844,98,Elizabeth,Kühne,Oklahoma City,2011-06-08
2844,98,Elizabeth,Kühne,Oklahoma City,2011-06-08
2845,23,Charles,Dorn,Fort Worth,2020-06-15
2845,23,Charles,Dorn,Fort Worth,2020-06-15
2846,90,Margaret,Just,Sacramento,2018-02-06
2846,90,Margaret,Just,Sacramento,2018-02-06
2847,87,Barbara,Neubauer,San Francisco,2003-09-15
2847,87,Barbara,Neubauer,San Francisco,2003-09-15
2848,42,Anthony,Reinecke,Louisville,2017-06-24
2848,42,Anthony,Reinecke,Louisville,2017-06-24
2849,47,Michelle,Pieper,Jacksonville,2008-12-05
2849,47,Michelle,Pieper,Jacksonville,2008-12-05
2850,56,Mary,Pauli,Washington,2013-02-24
2850,56,Mary,Pauli,Washington,2013-02-24
2851,33,Richard,Lenz,Kansas City,2008-08-23
2851,33,Richard,Lenz,Kansas City,2008-08-23
2852,89,Emily,Schaub,Tucson,2011-04-13
2852,89,Emily,Schaub,Tucson,2011-04-13
2853,98,Donald,Schütt,Washington,1998-10-23
2853,98,Donald,Schütt,Washington,1998-10-23
2854,26,Jessica,Ziegler,Atlanta,2006-11-05
2854,26,Jessica,Ziegler,Atlanta,2006-11-05
2855,69,Emily,Wimmer,San Jose,1995-09-09
2855,69,Emily,Wimmer,San Jose,1995-09-09
2856,29,Emily,Schultz,Portland,2011-04-16
2856,29,Emily,Schultz,Portland,2011-04-16
2857,94,Kimberly,Schreiner,Charlotte,2011-07-25
2857,94,Kimberly,Schreiner,Charlotte,2011-07-25
2858,60,William,Wilhelm,Washington,1997-05-26
2858,60,William,Wilhelm,Washington,1997-05-26
2859,91,Elizabeth,Reinhardt,Baltimore,2009-12-26
2859,91,Elizabeth,Reinhardt,Baltimore,2009-12-26
2860,37,Joseph,Hauck,Omaha,2017-05-07
2860,37,Joseph,Hauck,Omaha,2017-05-07
2861,25,Thomas,Leonhardt,Atlanta,2007-12-11
2861,25,Thomas,Leonhardt,Atlanta,2007-12-11
2862,74,Michelle,Hiller,Fresno,2013-07-12
2862,74,Michelle,Hiller,Fresno,2013-07-12
2863,44,Karen,Lorenz,Fresno,2022-06-05
2863,44,Karen,Lorenz,Fresno,2022-06-05
2864,34,David,Klinger,Sacramento,2015-09-10
2864,34,David,Klinger,Sacramento,2015-09-10
2865,12,Matthew,Kock,Denver,2018-09-04
2865,12,Matthew,Kock,Denver,2018-09-04
2866,93,Michelle,Scheller,San Diego,2010-05-22
2866,93,Michelle,Scheller,San Diego,2010-05-22
2867,39,Susan,Beer,Colorado Springs,2019-12-26
2867,39,Susan,Beer,Colorado Springs,2019-12-26
2868,19,Matthew,Groth,Tucson,2013-08-11
2868,19,Matthew,Groth,Tucson,2013-08-11
2869,19,Stephanie,Petry,Louisville,2020-01-06
2869,19,Stephanie,Petry,Louisville,2020-01-06
2870,29,Lisa,Ehlers,Atlanta,2012-07-17
2870,29,Lisa,Ehlers,Atlanta,2012-07-17
2871,66,Ashley,Hildebrandt,Boston,1997-12-21
2871,66,Ashley,Hildebrandt,Boston,1997-12-21
2872,90,Sarah,Falk,Mesa,2000-05-01
2872,90,Sarah,Falk,Mesa,2000-05-01
2873,98,Charles,Timm,San Francisco,2004-07-16
2873,98,Charles,Timm,San Francisco,2004-07-16
2874,94,Amanda,Dreyer,Las Vegas,2015-11-24
2874,94,Amanda,Dreyer,Las Vegas,2015-11-24
2875,76,Emily,Krauß,Nashville,2015-09-11
2875,76,Emily,Krauß,Nashville,2015-09-11
2876,20,Melissa,Seidler,Los Angeles,2012-10-22
2876,20,Melissa,Seidler,Los Angeles,2012-10-22
2877,57,Ronald,Hamann,Milwaukee,2000-09-07
2877,57,Ronald,Hamann,Milwaukee,2000-09-07
2878,97,Charles,Aigner,Tucson,2013-08-19
2878,97,Charles,Aigner,Tucson,2013-08-19
2879,9,Andrew,Riedl,Baltimore,2004-05-12
2879,9,Andrew,Riedl,Baltimore,2004-05-12
2880,2,Emily,Homann,Fort Worth,2011-02-27
2880,2,Emily,Homann,Fort Worth,2011-02-27
2881,28,Ashley,Hensel,Fort Worth,2004-09-09
2881,28,Ashley,Hensel,Fort Worth,2004-09-09
2882,34,Joshua,Anders,Las Vegas,2011-10-02
2882,34,Joshua,Anders,Las Vegas,2011-10-02
2883,21,Ronald,Schmidtke,Las Vegas,2005-04-15
2883,21,Ronald,Schmidtke,Las Vegas,2005-04-15
2884,83,Barbara,Klaus,Austin,2000-03-08
2884,83,Barbara,Klaus,Austin,2000-03-08
2885,78,Kenneth,Orth,San Jose,2000-09-20
2885,78,Kenneth,Orth,San Jose,2000-09-20
2886,81,Timothy,Wahl,Portland,2012-10-27
2886,81,Timothy,Wahl,Portland,2012-10-27
2887,56,Karen,Lück,San Diego,2002-10-14
2887,56,Karen,Lück,San Diego,2002-10-14
2888,5,Charles,0,Jacksonville,2013-03-22
2888,5,Charles,0,Jacksonville,2013-03-22
2889,85,Richard,Moll,San Diego,2002-09-06
2889,85,Richard,Moll,San Diego,2002-09-06
2890,22,Charles,Huth,Oklahoma City,2009-08-02
2890,22,Charles,Huth,Oklahoma City,2009-08-02
2891,59,Linda,Korte,San Diego,2007-07-08
2891,59,Linda,Korte,San Diego,2007-07-08
2892,40,Melissa,Giese,Dallas,1996-05-26
2892,40,Melissa,Giese,Dallas,1996-05-26
2893,84,Michelle,Pietsch,San Antonio,2005-01-18
2893,84,Michelle,Pietsch,San Antonio,2005-01-18
2894,92,Melissa,Pabst,Columbus,2014-01-18
2894,92,Melissa,Pabst,Columbus,2014-01-18
2895,63,John,Tiedemann,Louisville,2010-05-05
2895,63,John,Tiedemann,Louisville,2010-05-05
2896,32,Daniel,Schade,Los Angeles,1996-04-05
2896,32,Daniel,Schade,Los Angeles,1996-04-05
2897,45,Amanda,Kasper,San Diego,2016-09-01
2897,45,Amanda,Kasper,San Diego,2016-09-01
2898,83,Emily,Braun,San Jose,2005-11-12
2898,83,Emily,Braun,San Jose,2005-11-12
2899,92,William,Hamann,Nashville,2006-10-28
2899,92,William,Hamann,Nashville,2006-10-28
2900,87,Lisa,Nowak,Louisville,1999-09-11
2900,87,Lisa,Nowak,Louisville,1999-09-11
2901,33,Lisa,Michels,Sacramento,2008-04-27
2901,33,Lisa,Michels,Sacramento,2008-04-27
2902,82,Kevin,Gerhardt,El Paso,2020-06-21
2902,82,Kevin,Gerhardt,El Paso,2020-06-21
2903,35,Matthew,Rauch,Charlotte,2024-09-24
2903,35,Matthew,Rauch,Charlotte,2024-09-24
2904,46,Lisa,Kling,Los Angeles,2004-07-26
2904,46,Lisa,Kling,Los Angeles,2004-07-26
2905,36,Betty,Bär,Fort Worth,2022-06-23
2905,36,Betty,Bär,Fort Worth,2022-06-23
2906,62,Mark,Schumann,Mesa,2017-09-14
2906,62,Mark,Schumann,Mesa,2017-09-14
2907,83,Richard,Zink,Chicago,2009-07-10
2907,83,Richard,Zink,Chicago,2009-07-10
2908,90,Karen,Weis,Phoenix,2000-07-06
2908,90,Karen,Weis,Phoenix,2000-07-06
2909,26,Mary,Beyer,Chicago,2020-11-25
2909,26,Mary,Beyer,Chicago,2020-11-25
2910,7,Mark,Ludwig,Denver,2017-11-11
2910,7,Mark,Ludwig,Denver,2017-11-11
2911,87,Charles,Gebhardt,Los Angeles,2006-04-05
2911,87,Charles,Gebhardt,Los Angeles,2006-04-05
2912,5,Joseph,Andres,Atlanta,1999-07-13
2912,5,Joseph,Andres,Atlanta,1999-07-13
2913,87,Anthony,Lang,San Francisco,2002-07-22
2913,87,Anthony,Lang,San Francisco,2002-07-22
2914,32,Stephanie,Hoffmann,Columbus,1997-08-19
2914,32,Stephanie,Hoffmann,Columbus,1997-08-19
2915,79,Donald,Beckmann,Louisville,2023-09-05
2915,79,Donald,Beckmann,Louisville,2023-09-05
2916,91,Joseph,Buchholz,Portland,2003-04-12
2916,91,Joseph,Buchholz,Portland,2003-04-12
2917,81,Daniel,Armbruster,Jacksonville,2023-09-13
2917,81,Daniel,Armbruster,Jacksonville,2023-09-13
2918,84,Nancy,Schramm,Chicago,2013-07-26
2918,84,Nancy,Schramm,Chicago,2013-07-26
2919,57,Amanda,Adler,Mesa,2006-07-05
2919,57,Amanda,Adler,Mesa,2006-07-05
2920,80,Richard,Kellner,Kansas City,2007-03-14
2920,80,Richard,Kellner,Kansas City,2007-03-14
2921,62,Lisa,Miller,Boston,2014-03-02
2921,62,Lisa,Miller,Boston,2014-03-02
2922,28,Kevin,Horst,Washington,2018-07-02
2922,28,Kevin,Horst,Washington,2018-07-02
2923,95,Paul,Freitag,Colorado Springs,2008-12-16
2923,95,Paul,Freitag,Colorado Springs,2008-12-16
2924,80,Steven,Evers,Baltimore,1999-09-26
2924,80,Steven,Evers,Baltimore,1999-09-26
2925,78,Michael,Raabe,Nashville,2021-07-28
2925,78,Michael,Raabe,Nashville,2021-07-28
2926,74,Christopher,Frank,Baltimore,2010-09-25
2926,74,Christopher,Frank,Baltimore,2010-09-25
2927,66,Daniel,Reimann,Louisville,2015-11-22
2927,66,Daniel,Reimann,Louisville,2015-11-22
2928,97,Mark,Eckstein,Milwaukee,1998-01-24
2928,97,Mark,Eckstein,Milwaukee,1998-01-24
2929,41,Ashley,Brenner,Detroit,2020-09-16
2929,41,Ashley,Brenner,Detroit,2020-09-16
2930,86,Joshua,Drews,Washington,1999-11-21
2930,86,Joshua,Drews,Washington,1999-11-21
2931,66,Amanda,Betz,Nashville,2003-08-26
2931,66,Amanda,Betz,Nashville,2003-08-26
2932,64,Timothy,Kirschner,New York,2009-07-09
2932,64,Timothy,Kirschner,New York,2009-07-09
2933,7,Matthew,Döring,Atlanta,2001-05-24
2933,7,Matthew,Döring,Atlanta,2001-05-24
2934,41,Paul,Seibert,San Jose,2020-05-09
2934,41,Paul,Seibert,San Jose,2020-05-09
2935,45,Timothy,Kuhn,Nashville,1996-12-18
2935,45,Timothy,Kuhn,Nashville,1996-12-18
2936,44,Linda,Gottwald,Dallas,2003-01-17
2936,44,Linda,Gottwald,Dallas,2003-01-17
2937,30,Carol,Ebel,San Francisco,2019-01-27
2937,30,Carol,Ebel,San Francisco,2019-01-27
2938,38,Jessica,Jacobs,Nashville,2022-08-10
2938,38,Jessica,Jacobs,Nashville,2022-08-10
2939,39,Linda,Förster,Milwaukee,2005-11-02
2939,39,Linda,Förster,Milwaukee,2005-11-02
2940,19,James,Heinz,Colorado Springs,1998-04-07
2940,19,James,Heinz,Colorado Springs,1998-04-07
2941,47,Amanda,Weigel,Washington,2023-06-14
2941,47,Amanda,Weigel,Washington,2023-06-14
2942,38,Robert,Wolf,Fort Worth,1999-02-12
2942,38,Robert,Wolf,Fort Worth,1999-02-12
2943,17,Michael,Kraft,Philadelphia,2021-09-09
2943,17,Michael,Kraft,Philadelphia,2021-09-09
2944,74,James,Clemens,Indianapolis,1999-06-25
2944,74,James,Clemens,Indianapolis,1999-06-25
2945,79,Patricia,Hausmann,Detroit,2005-10-21
2945,79,Patricia,Hausmann,Detroit,2005-10-21
2946,69,Michelle,Nowak,Phoenix,2001-01-06
2946,69,Michelle,Nowak,Phoenix,2001-01-06
2947,99,Andrew,Eggert,Dallas,2008-12-21
2947,99,Andrew,Eggert,Dallas,2008-12-21
2948,4,Emily,Moll,Omaha,2007-11-14
2948,4,Emily,Moll,Omaha,2007-11-14
2949,35,Carol,Brehm,Columbus,2021-10-02
2949,35,Carol,Brehm,Columbus,2021-10-02
2950,1,Kimberly,Walther,Baltimore,2017-06-25
2950,1,Kimberly,Walther,Baltimore,2017-06-25
2951,81,Kevin,Lotz,Detroit,2005-02-20
2951,81,Kevin,Lotz,Detroit,2005-02-20
2952,85,Matthew,Ehlert,Memphis,2015-02-09
2952,85,Matthew,Ehlert,Memphis,2015-02-09
2953,58,Elizabeth,Niemeyer,Denver,2004-11-15
2953,58,Elizabeth,Niemeyer,Denver,2004-11-15
2954,22,Charles,Obermeier,San Diego,1999-11-10
2954,22,Charles,Obermeier,San Diego,1999-11-10
2955,5,Melissa,Döring,El Paso,2006-07-21
2955,5,Melissa,Döring,El Paso,2006-07-21
2956,60,Joshua,Schmitt,Sacramento,2019-12-03
2956,60,Joshua,Schmitt,Sacramento,2019-12-03
2957,36,Anthony,Spindler,Milwaukee,2013-02-16
2957,36,Anthony,Spindler,Milwaukee,2013-02-16
2958,9,Anthony,Lindemann,Sacramento,1997-01-11
2958,9,Anthony,Lindemann,Sacramento,1997-01-11
2959,84,Mary,Adam,Albuquerque,2018-08-23
2959,84,Mary,Adam,Albuquerque,2018-08-23
2960,57,Kenneth,Witt,Phoenix,2018-01-18
2960,57,Kenneth,Witt,Phoenix,2018-01-18
2961,78,Deborah,Schaper,Indianapolis,2015-03-09
2961,78,Deborah,Schaper,Indianapolis,2015-03-09
2962,84,Richard,Thieme,San Francisco,2004-12-02
2962,84,Richard,Thieme,San Francisco,2004-12-02
2963,90,David,Buchholz,Albuquerque,2001-09-04
2963,90,David,Buchholz,Albuquerque,2001-09-04
2964,4,Margaret,Ullmann,Kansas City,2007-07-18
2964,4,Margaret,Ullmann,Kansas City,2007-07-18
2965,51,Lisa,Jahnke,Albuquerque,2000-04-04
2965,51,Lisa,Jahnke,Albuquerque,2000-04-04
2966,39,Carol,Mack,Oklahoma City,2010-09-21
2966,39,Carol,Mack,Oklahoma City,2010-09-21
2967,84,Sandra,Hauser,Los Angeles,2011-02-08
2967,84,Sandra,Hauser,Los Angeles,2011-02-08
2968,52,Barbara,Ahlers,Oklahoma City,2002-07-14
2968,52,Barbara,Ahlers,Oklahoma City,2002-07-14
2969,75,Thomas,Heß,Seattle,2005-02-23
2969,75,Thomas,Heß,Seattle,2005-02-23
2970,71,Susan,Adam,New York,1998-08-28
2970,71,Susan,Adam,New York,1998-08-28
2971,55,Susan,Mayer,Memphis,2010-12-06
2971,55,Susan,Mayer,Memphis,2010-12-06
2972,31,Kimberly,Brinkmann,Memphis,2012-07-11
2972,31,Kimberly,Brinkmann,Memphis,2012-07-11
2973,50,Sarah,Schumacher,Denver,2016-02-11
2973,50,Sarah,Schumacher,Denver,2016-02-11
2974,8,William,Roos,Omaha,1997-04-01
2974,8,William,Roos,Omaha,1997-04-01
2975,87,Jessica,Krauß,Philadelphia,2020-08-10
2975,87,Jessica,Krauß,Philadelphia,2020-08-10
2976,15,Donald,Reich,Colorado Springs,2000-06-24
2976,15,Donald,Reich,Colorado Springs,2000-06-24
2977,65,Jennifer,Knobloch,San Diego,2017-04-12
2977,65,Jennifer,Knobloch,San Diego,2017-04-12
2978,10,Christopher,Cramer,Las Vegas,2008-02-27
2978,10,Christopher,Cramer,Las Vegas,2008-02-27
2979,41,Paul,Breuer,Oklahoma City,2019-10-16
2979,41,Paul,Breuer,Oklahoma City,2019-10-16
2980,88,Patricia,Hummel,Columbus,2018-01-16
2980,88,Patricia,Hummel,Columbus,2018-01-16
2981,79,Timothy,Kasper,Phoenix,2024-01-08
2981,79,Timothy,Kasper,Phoenix,2024-01-08
2982,48,Patricia,Grundmann,Omaha,2016-01-16
2982,48,Patricia,Grundmann,Omaha,2016-01-16
2983,21,Sarah,Schulz,Fresno,2023-05-19
2983,21,Sarah,Schulz,Fresno,2023-05-19
2984,86,Elizabeth,Lang,Indianapolis,2005-06-07
2984,86,Elizabeth,Lang,Indianapolis,2005-06-07
2985,24,Nancy,Krebs,San Antonio,2020-06-06
2985,24,Nancy,Krebs,San Antonio,2020-06-06
2986,74,Andrew,Eckstein,Indianapolis,2009-07-25
2986,74,Andrew,Eckstein,Indianapolis,2009-07-25
2987,23,Sandra,Kuhn,San Antonio,2016-09-19
2987,23,Sandra,Kuhn,San Antonio,2016-09-19
2988,80,Paul,Schreiber,Portland,2014-06-02
2988,80,Paul,Schreiber,Portland,2014-06-02
2989,69,Donna,Friedl,Columbus,2020-04-22
2989,69,Donna,Friedl,Columbus,2020-04-22
2990,33,Charles,Ries,Columbus,1997-01-18
2990,33,Charles,Ries,Columbus,1997-01-18
2991,36,Michelle,Kasper,Tucson,2009-02-09
2991,36,Michelle,Kasper,Tucson,2009-02-09
2992,25,Joshua,Gabriel,Tucson,2011-10-02
2992,25,Joshua,Gabriel,Tucson,2011-10-02
2993,58,Charles,Unger,Oklahoma City,2019-11-24
2993,58,Charles,Unger,Oklahoma City,2019-11-24
2994,90,Elizabeth,Tiedemann,Mesa,1996-11-02
2994,90,Elizabeth,Tiedemann,Mesa,1996-11-02
2995,66,Donna,Schürmann,San Antonio,2000-10-03
2995,66,Donna,Schürmann,San Antonio,2000-10-03
2996,98,Melissa,Timm,Albuquerque,2016-05-18
2996,98,Melissa,Timm,Albuquerque,2016-05-18
2997,31,Patricia,Pieper,Chicago,2022-09-17
2997,31,Patricia,Pieper,Chicago,2022-09-17
2998,44,Brian,Löhr,Colorado Springs,2014-04-15
2998,44,Brian,Löhr,Colorado Springs,2014-04-15
2999,63,Sarah,Schnell,Memphis,2019-05-18
2999,63,Sarah,Schnell,Memphis,2019-05-18
3000,45,Thomas,Spies,Las Vegas,2011-07-10
3000,45,Thomas,Spies,Las Vegas,2011-07-10
3001,83,John,Löffler,Washington,2006-11-06
3001,83,John,Löffler,Washington,2006-11-06
3002,82,Patricia,Behrendt,Philadelphia,1995-08-21
3002,82,Patricia,Behrendt,Philadelphia,1995-08-21
3003,50,Mark,Hille,Las Vegas,2014-02-17
3003,50,Mark,Hille,Las Vegas,2014-02-17
3004,67,Susan,Franz,Omaha,2003-11-15
3004,67,Susan,Franz,Omaha,2003-11-15
3005,71,Michael,Meier,El Paso,2005-04-24
3005,71,Michael,Meier,El Paso,2005-04-24
3006,87,Nancy,Jacobs,Kansas City,2014-01-23
3006,87,Nancy,Jacobs,Kansas City,2014-01-23
3007,1,Paul,Marx,Jacksonville,2021-08-09
3007,1,Paul,Marx,Jacksonville,2021-08-09
3008,71,Jessica,David,Indianapolis,2000-06-27
3008,71,Jessica,David,Indianapolis,2000-06-27
3009,86,Patricia,Thiemann,Austin,2010-12-04
3009,86,Patricia,Thiemann,Austin,2010-12-04
3010,67,Nancy,Rausch,Albuquerque,2002-01-03
3010,67,Nancy,Rausch,Albuquerque,2002-01-03
3011,83,Kimberly,Blum,Philadelphia,2023-11-14
3011,83,Kimberly,Blum,Philadelphia,2023-11-14
3012,94,Ashley,Lohmann,Las Vegas,2018-09-28
3012,94,Ashley,Lohmann,Las Vegas,2018-09-28
3013,9,Karen,Schaller,Tucson,2012-04-09
3013,9,Karen,Schaller,Tucson,2012-04-09
3014,99,Christopher,Jürgens,Fort Worth,2022-06-01
3014,99,Christopher,Jürgens,Fort Worth,2022-06-01
3015,35,Donald,Thiele,Portland,2012-07-04
3015,35,Donald,Thiele,Portland,2012-07-04
3016,13,Christopher,Hagemann,Kansas City,1997-11-25
3016,13,Christopher,Hagemann,Kansas City,1997-11-25
3017,26,Ronald,Niemann,Seattle,2024-03-14
3017,26,Ronald,Niemann,Seattle,2024-03-14
3018,45,Melissa,Ritter,Colorado Springs,1996-09-12
3018,45,Melissa,Ritter,Colorado Springs,1996-09-12
3019,51,Christopher,Eckert,San Jose,2000-01-01
3019,51,Christopher,Eckert,San Jose,2000-01-01
3020,92,Lisa,Urban,Omaha,2001-02-03
3020,92,Lisa,Urban,Omaha,2001-02-03
3021,25,Nancy,Wendel,Baltimore,2000-07-17
3021,25,Nancy,Wendel,Baltimore,2000-07-17
3022,56,Brian,Pohlmann,San Jose,2005-03-17
3022,56,Brian,Pohlmann,San Jose,2005-03-17
3023,39,Barbara,Brückner,Fresno,2012-03-09
3023,39,Barbara,Brückner,Fresno,2012-03-09
3024,3,Ashley,Diekmann,Mesa,2009-08-21
3024,3,Ashley,Diekmann,Mesa,2009-08-21
3025,75,Donna,Behrendt,Baltimore,2016-12-21
3025,75,Donna,Behrendt,Baltimore,2016-12-21
3026,94,Donald,Merten,Boston,2010-02-06
3026,94,Donald,Merten,Boston,2010-02-06
3027,53,Margaret,Timm,Los Angeles,2012-11-02
3027,53,Margaret,Timm,Los Angeles,2012-11-02
3028,33,Christopher,Apel,Mesa,1998-08-20
3028,33,Christopher,Apel,Mesa,1998-08-20
3029,62,Deborah,Kübler,Seattle,1998-07-11
3029,62,Deborah,Kübler,Seattle,1998-07-11
3030,98,Brian,Kratz,Phoenix,2002-06-23
3030,98,Brian,Kratz,Phoenix,2002-06-23
3031,67,Margaret,Struck,Denver,1998-02-08
3031,67,Margaret,Struck,Denver,1998-02-08
3032,69,Ashley,Behr,Seattle,2023-04-12
3032,69,Ashley,Behr,Seattle,2023-04-12
3033,95,Ronald,Kasper,Albuquerque,2013-07-01
3033,95,Ronald,Kasper,Albuquerque,2013-07-01
3034,4,Steven,Walther,Nashville,2000-04-12
3034,4,Steven,Walther,Nashville,2000-04-12
3035,72,Karen,Dörr,Jacksonville,2006-05-26
3035,72,Karen,Dörr,Jacksonville,2006-05-26
3036,59,Ronald,Fuchs,Atlanta,2005-05-21
3036,59,Ronald,Fuchs,Atlanta,2005-05-21
3037,17,Betty,Urban,Washington,2003-10-17
3037,17,Betty,Urban,Washington,2003-10-17
3038,22,Timothy,Glaser,San Jose,2023-11-14
3038,22,Timothy,Glaser,San Jose,2023-11-14
3039,38,William,Behrendt,San Francisco,2020-04-23
3039,38,William,Behrendt,San Francisco,2020-04-23
3040,88,Brian,Schade,Dallas,2011-04-28
3040,88,Brian,Schade,Dallas,2011-04-28
3041,31,Steven,Bauer,Las Vegas,2017-01-11
3041,31,Steven,Bauer,Las Vegas,2017-01-11
3042,49,Thomas,Lippert,Columbus,2024-06-03
3042,49,Thomas,Lippert,Columbus,2024-06-03
3043,52,Jennifer,Volz,San Diego,1996-05-08
3043,52,Jennifer,Volz,San Diego,1996-05-08
3044,89,Patricia,Strauß,Atlanta,2004-03-10
3044,89,Patricia,Strauß,Atlanta,2004-03-10
3045,38,Sarah,Weis,Denver,2006-10-18
3045,38,Sarah,Weis,Denver,2006-10-18
3046,96,Deborah,Walther,Louisville,1995-03-08
3046,96,Deborah,Walther,Louisville,1995-03-08
3047,49,Timothy,Vogel,Baltimore,2005-02-03
3047,49,Timothy,Vogel,Baltimore,2005-02-03
3048,90,Anthony,Nolte,San Antonio,2018-11-02
3048,90,Anthony,Nolte,San Antonio,2018-11-02
3049,27,Joseph,Lohse,Detroit,2010-04-26
3049,27,Joseph,Lohse,Detroit,2010-04-26
3050,23,Jennifer,Schulte,Omaha,2003-08-13
3050,23,Jennifer,Schulte,Omaha,2003-08-13
3051,84,Timothy,Wieland,Austin,2003-12-15
3051,84,Timothy,Wieland,Austin,2003-12-15
3052,27,Susan,Römer,Columbus,2024-06-24
3052,27,Susan,Römer,Columbus,2024-06-24
3053,81,William,Huth,Nashville,2010-07-22
3053,81,William,Huth,Nashville,2010-07-22
3054,14,Joshua,Schick,San Diego,2001-07-05
3054,14,Joshua,Schick,San Diego,2001-07-05
3055,3,David,Hansen,Chicago,1999-07-05
3055,3,David,Hansen,Chicago,1999-07-05
3056,27,Sandra,Brück,Louisville,2010-11-19
3056,27,Sandra,Brück,Louisville,2010-11-19
3057,62,Jessica,Thieme,Memphis,2004-04-24
3057,62,Jessica,Thieme,Memphis,2004-04-24
3058,14,Robert,Witt,El Paso,1996-05-02
3058,14,Robert,Witt,El Paso,1996-05-02
3059,92,Elizabeth,Krieg,Seattle,2009-09-15
3059,92,Elizabeth,Krieg,Seattle,2009-09-15
3060,44,Stephanie,Reinhardt,Sacramento,1996-01-12
3060,44,Stephanie,Reinhardt,Sacramento,1996-01-12
3061,25,Michael,Block,San Jose,1998-08-09
3061,25,Michael,Block,San Jose,1998-08-09
3062,61,Richard,Schwab,Fort Worth,2021-05-01
3062,61,Richard,Schwab,Fort Worth,2021-05-01
3063,75,Kevin,Hartung,Phoenix,2018-05-28
3063,75,Kevin,Hartung,Phoenix,2018-05-28
3064,52,Ronald,Berndt,Colorado Springs,2003-08-06
3064,52,Ronald,Berndt,Colorado Springs,2003-08-06
3065,12,Ashley,Krauß,Austin,2002-08-09
3065,12,Ashley,Krauß,Austin,2002-08-09
3066,97,Brian,Westphal,Austin,2009-10-09
3066,97,Brian,Westphal,Austin,2009-10-09
3067,84,Jennifer,Maaß,Milwaukee,2007-10-09
3067,84,Jennifer,Maaß,Milwaukee,2007-10-09
3068,34,Thomas,Wild,Milwaukee,2015-01-12
3068,34,Thomas,Wild,Milwaukee,2015-01-12
3069,23,Brian,Mueller,San Jose,2002-05-14
3069,23,Brian,Mueller,San Jose,2002-05-14
3070,19,Christopher,Dieckmann,Columbus,2013-09-07
3070,19,Christopher,Dieckmann,Columbus,2013-09-07
3071,1,Carol,Bastian,Boston,2009-05-17
3071,1,Carol,Bastian,Boston,2009-05-17
3072,74,Andrew,Hein,Tucson,2004-02-02
3072,74,Andrew,Hein,Tucson,2004-02-02
3073,65,Melissa,Schnabel,Tucson,2002-10-26
3073,65,Melissa,Schnabel,Tucson,2002-10-26
3074,5,Sandra,Homann,Charlotte,2001-03-08
3074,5,Sandra,Homann,Charlotte,2001-03-08
3075,57,Robert,Gabriel,Indianapolis,2017-01-02
3075,57,Robert,Gabriel,Indianapolis,2017-01-02
3076,22,Mark,Berndt,Kansas City,2012-04-05
3076,22,Mark,Berndt,Kansas City,2012-04-05
3077,43,Paul,Abel,Philadelphia,2016-06-05
3077,43,Paul,Abel,Philadelphia,2016-06-05
3078,2,Sarah,Wolff,Boston,2013-03-04
3078,2,Sarah,Wolff,Boston,2013-03-04
3079,73,Ronald,Janke,Charlotte,2016-12-27
3079,73,Ronald,Janke,Charlotte,2016-12-27
3080,7,Charles,Grau,Houston,2000-06-25
3080,7,Charles,Grau,Houston,2000-06-25
3081,21,Elizabeth,Junker,Houston,1998-04-03
3081,21,Elizabeth,Junker,Houston,1998-04-03
3082,71,Robert,Schütt,Baltimore,2002-10-09
3082,71,Robert,Schütt,Baltimore,2002-10-09
3083,59,Margaret,Jakobs,Fresno,2016-06-07
3083,59,Margaret,Jakobs,Fresno,2016-06-07
3084,9,Jennifer,Hausmann,Portland,2004-09-13
3084,9,Jennifer,Hausmann,Portland,2004-09-13
3085,40,Sandra,Falk,Milwaukee,2012-12-03
3085,40,Sandra,Falk,Milwaukee,2012-12-03
3086,73,Patricia,Becker,Albuquerque,2014-06-18
3086,73,Patricia,Becker,Albuquerque,2014-06-18
3087,49,Joshua,Heil,Colorado Springs,2002-09-02
3087,49,Joshua,Heil,Colorado Springs,2002-09-02
3088,12,Joshua,Fritsche,Dallas,2014-05-26
3088,12,Joshua,Fritsche,Dallas,2014-05-26
3089,73,Stephanie,Marquardt,San Diego,2004-10-21
3089,73,Stephanie,Marquardt,San Diego,2004-10-21
3090,10,Andrew,Schröter,Columbus,2001-04-03
3090,10,Andrew,Schröter,Columbus,2001-04-03
3091,74,James,Rogge,Tucson,2003-11-20
3091,74,James,Rogge,Tucson,2003-11-20
3092,17,Nancy,Henn,El Paso,2003-04-26
3092,17,Nancy,Henn,El Paso,2003-04-26
3093,4,Margaret,Hein,Nashville,2008-10-03
3093,4,Margaret,Hein,Nashville,2008-10-03
3094,64,Jennifer,Neugebauer,Fort Worth,2007-12-19
3094,64,Jennifer,Neugebauer,Fort Worth,2007-12-19
3095,16,Kenneth,Pohlmann,Los Angeles,2006-10-13
3095,16,Kenneth,Pohlmann,Los Angeles,2006-10-13
3096,49,Melissa,Hartl,San Jose,2016-07-02
3096,49,Melissa,Hartl,San Jose,2016-07-02
3097,27,Amanda,Seitz,Houston,2019-06-11
3097,27,Amanda,Seitz,Houston,2019-06-11
3098,6,Donald,Böhme,Oklahoma City,2007-09-04
3098,6,Donald,Böhme,Oklahoma City,2007-09-04
3099,9,Sarah,Kirschner,Columbus,2019-02-03
3099,9,Sarah,Kirschner,Columbus,2019-02-03
3100,58,Nancy,Schöne,Baltimore,2022-06-25
3100,58,Nancy,Schöne,Baltimore,2022-06-25
3101,32,Matthew,Palm,Memphis,2006-12-24
3101,32,Matthew,Palm,Memphis,2006-12-24
3102,38,Margaret,Jensen,San Diego,2011-06-09
3102,38,Margaret,Jensen,San Diego,2011-06-09
3103,30,Charles,Schilling,Fort Worth,1996-05-11
3103,30,Charles,Schilling,Fort Worth,1996-05-11
3104,78,Ashley,Geisler,Kansas City,2003-02-13
3104,78,Ashley,Geisler,Kansas City,2003-02-13
3105,45,Nancy,Ehlert,Detroit,2016-05-27
3105,45,Nancy,Ehlert,Detroit,2016-05-27
3106,29,Amanda,Reiser,Los Angeles,2010-02-13
3106,29,Amanda,Reiser,Los Angeles,2010-02-13
3107,92,Carol,Reichert,Omaha,2023-03-02
3107,92,Carol,Reichert,Omaha,2023-03-02
3108,22,Ashley,Beer,Columbus,2019-02-16
3108,22,Ashley,Beer,Columbus,2019-02-16
3109,31,Lisa,Langer,Philadelphia,2007-02-15
3109,31,Lisa,Langer,Philadelphia,2007-02-15
3110,81,Betty,Schöne,Omaha,2015-07-22
3110,81,Betty,Schöne,Omaha,2015-07-22
3111,17,John,Kübler,Milwaukee,2004-08-18
3111,17,John,Kübler,Milwaukee,2004-08-18
3112,54,Andrew,Menke,San Francisco,2011-05-25
3112,54,Andrew,Menke,San Francisco,2011-05-25
3113,79,Betty,Wolf,Boston,2016-03-25
3113,79,Betty,Wolf,Boston,2016-03-25
3114,47,Susan,Fischer,Albuquerque,2018-10-20
3114,47,Susan,Fischer,Albuquerque,2018-10-20
3115,32,Elizabeth,Hansen,Fort Worth,2001-12-06
3115,32,Elizabeth,Hansen,Fort Worth,2001-12-06
3116,28,Jessica,Schulze,San Jose,1997-07-12
3116,28,Jessica,Schulze,San Jose,1997-07-12
3117,11,Jessica,Ostermann,Denver,1999-06-15
3117,11,Jessica,Ostermann,Denver,1999-06-15
3118,39,Donald,Struck,Boston,2007-06-01
3118,39,Donald,Struck,Boston,2007-06-01
3119,17,Carol,Cramer,Milwaukee,2003-06-07
3119,17,Carol,Cramer,Milwaukee,2003-06-07
3120,76,Matthew,Knoll,Atlanta,2019-05-28
3120,76,Matthew,Knoll,Atlanta,2019-05-28
3121,39,Richard,Hager,Boston,2008-11-13
3121,39,Richard,Hager,Boston,2008-11-13
3122,73,Jennifer,Frick,Indianapolis,2008-08-04
3122,73,Jennifer,Frick,Indianapolis,2008-08-04
3123,25,Amanda,Dürr,Kansas City,2007-06-16
3123,25,Amanda,Dürr,Kansas City,2007-06-16
3124,26,David,Küpper,El Paso,2014-02-11
3124,26,David,Küpper,El Paso,2014-02-11
3125,68,Brian,Frey,Columbus,2023-08-01
3125,68,Brian,Frey,Columbus,2023-08-01
3126,62,Margaret,Späth,Philadelphia,2024-10-03
3126,62,Margaret,Späth,Philadelphia,2024-10-03
3127,19,Kevin,Wendt,Boston,2021-06-16
3127,19,Kevin,Wendt,Boston,2021-06-16
3128,13,Sarah,Hanisch,El Paso,1995-07-16
3128,13,Sarah,Hanisch,El Paso,1995-07-16
3129,29,Karen,Hill,Fort Worth,2012-10-12
3129,29,Karen,Hill,Fort Worth,2012-10-12
3130,54,Kevin,Rothe,San Jose,2016-02-25
3130,54,Kevin,Rothe,San Jose,2016-02-25
3131,73,Charles,Bühler,Mesa,2003-03-21
3131,73,Charles,Bühler,Mesa,2003-03-21
3132,42,Patricia,Bühler,Colorado Springs,2014-02-27
3132,42,Patricia,Bühler,Colorado Springs,2014-02-27
3133,62,Stephanie,Petry,Fresno,1997-05-28
3133,62,Stephanie,Petry,Fresno,1997-05-28
3134,71,Steven,Forster,Philadelphia,2017-05-20
3134,71,Steven,Forster,Philadelphia,2017-05-20
3135,71,Anthony,Oppermann,Kansas City,2016-06-08
3135,71,Anthony,Oppermann,Kansas City,2016-06-08
3136,21,John,Scheffler,Omaha,2024-04-27
3136,21,John,Scheffler,Omaha,2024-04-27
3137,9,Jennifer,Weigand,San Diego,1999-03-28
3137,9,Jennifer,Weigand,San Diego,1999-03-28
3138,45,Joseph,Hildebrandt,San Diego,2014-09-08
3138,45,Joseph,Hildebrandt,San Diego,2014-09-08
3139,27,Karen,Sander,Omaha,2009-08-08
3139,27,Karen,Sander,Omaha,2009-08-08
3140,48,Emily,Biermann,Tucson,1995-03-16
3140,48,Emily,Biermann,Tucson,1995-03-16
3141,85,William,Späth,Fresno,2015-02-02
3141,85,William,Späth,Fresno,2015-02-02
3142,69,Sarah,Heinze,Charlotte,1997-07-03
3142,69,Sarah,Heinze,Charlotte,1997-07-03
3143,5,Nancy,Ludwig,Mesa,2001-09-07
3143,5,Nancy,Ludwig,Mesa,2001-09-07
3144,72,Joseph,Meyer,Sacramento,2008-01-23
3144,72,Joseph,Meyer,Sacramento,2008-01-23
3145,15,Deborah,Schirmer,Washington,2000-04-05
3145,15,Deborah,Schirmer,Washington,2000-04-05
3146,77,John,Heinz,El Paso,2022-05-24
3146,77,John,Heinz,El Paso,2022-05-24
3147,97,Charles,Weidner,Omaha,2022-03-04
3147,97,Charles,Weidner,Omaha,2022-03-04
3148,44,Carol,Becher,Washington,2023-07-06
3148,44,Carol,Becher,Washington,2023-07-06
3149,47,Sandra,Goebel,Phoenix,2016-11-18
3149,47,Sandra,Goebel,Phoenix,2016-11-18
3150,32,Amanda,Konrad,Milwaukee,2014-12-03
3150,32,Amanda,Konrad,Milwaukee,2014-12-03
3151,36,Susan,Köster,San Jose,2006-06-22
3151,36,Susan,Köster,San Jose,2006-06-22
3152,49,Paul,Trautmann,Louisville,2010-04-02
3152,49,Paul,Trautmann,Louisville,2010-04-02
3153,53,Charles,Schober,Oklahoma City,2021-04-12
3153,53,Charles,Schober,Oklahoma City,2021-04-12
3154,23,Karen,Wild,Tucson,2024-03-27
3154,23,Karen,Wild,Tucson,2024-03-27
3155,34,Robert,Ewald,Indianapolis,2007-11-01
3155,34,Robert,Ewald,Indianapolis,2007-11-01
3156,18,Michael,Wolff,Memphis,1995-11-22
3156,18,Michael,Wolff,Memphis,1995-11-22
3157,12,Daniel,Grote,El Paso,2001-08-08
3157,12,Daniel,Grote,El Paso,2001-08-08
3158,87,Sandra,Eckhardt,Las Vegas,1999-01-08
3158,87,Sandra,Eckhardt,Las Vegas,1999-01-08
3159,2,Paul,Hager,Fresno,2001-11-13
3159,2,Paul,Hager,Fresno,2001-11-13
3160,27,Nancy,Ullmann,San Antonio,2006-09-07
3160,27,Nancy,Ullmann,San Antonio,2006-09-07
3161,50,Ronald,Bolz,Kansas City,2023-01-03
3161,50,Ronald,Bolz,Kansas City,2023-01-03
3162,31,Christopher,Heckmann,Atlanta,2019-10-03
3162,31,Christopher,Heckmann,Atlanta,2019-10-03
3163,48,Matthew,Kreuzer,Houston,2020-07-28
3163,48,Matthew,Kreuzer,Houston,2020-07-28
3164,86,Charles,Karl,Fresno,2004-10-12
3164,86,Charles,Karl,Fresno,2004-10-12
3165,69,Barbara,Heil,Washington,2017-04-24
3165,69,Barbara,Heil,Washington,2017-04-24
3166,17,Kenneth,Ebner,Phoenix,1995-04-15
3166,17,Kenneth,Ebner,Phoenix,1995-04-15
3167,43,Steven,Raab,El Paso,2021-12-28
3167,43,Steven,Raab,El Paso,2021-12-28
3168,71,Stephanie,Schütz,Charlotte,2023-06-18
3168,71,Stephanie,Schütz,Charlotte,2023-06-18
3169,18,Patricia,Blume,Milwaukee,2007-08-07
3169,18,Patricia,Blume,Milwaukee,2007-08-07
3170,66,Carol,Pohl,Dallas,2012-04-28
3170,66,Carol,Pohl,Dallas,2012-04-28
3171,31,John,Schöne,Boston,2020-05-12
3171,31,John,Schöne,Boston,2020-05-12
3172,63,Lisa,Kühl,Boston,2000-10-11
3172,63,Lisa,Kühl,Boston,2000-10-11
3173,28,Steven,Koch,Nashville,2001-07-17
3173,28,Steven,Koch,Nashville,2001-07-17
3174,67,Thomas,Zorn,Dallas,2018-01-13
3174,67,Thomas,Zorn,Dallas,2018-01-13
3175,9,Nancy,Rühl,Kansas City,1998-06-19
3175,9,Nancy,Rühl,Kansas City,1998-06-19
3176,97,Kimberly,Kraus,Washington,2010-02-10
3176,97,Kimberly,Kraus,Washington,2010-02-10
3177,28,Betty,Weber,El Paso,2019-03-14
3177,28,Betty,Weber,El Paso,2019-03-14
3178,92,Kevin,Altmann,Houston,2022-01-15
3178,92,Kevin,Altmann,Houston,2022-01-15
3179,18,Kenneth,Schreiber,Memphis,2019-02-12
3179,18,Kenneth,Schreiber,Memphis,2019-02-12
3180,15,Joshua,Bucher,Charlotte,1997-07-14
3180,15,Joshua,Bucher,Charlotte,1997-07-14
3181,75,Lisa,Hopf,New York,2008-02-21
3181,75,Lisa,Hopf,New York,2008-02-21
3182,89,Ronald,Arndt,Baltimore,2013-11-24
3182,89,Ronald,Arndt,Baltimore,2013-11-24
3183,5,Thomas,Witte,Memphis,2006-12-20
3183,5,Thomas,Witte,Memphis,2006-12-20
3184,41,Kimberly,Unger,Oklahoma City,2005-10-18
3184,41,Kimberly,Unger,Oklahoma City,2005-10-18
3185,91,Jennifer,Wilkens,Tucson,2014-06-25
3185,91,Jennifer,Wilkens,Tucson,2014-06-25
3186,76,Melissa,Fichtner,Mesa,1999-05-03
3186,76,Melissa,Fichtner,Mesa,1999-05-03
3187,74,Jennifer,Jäger,Washington,2000-04-14
3187,74,Jennifer,Jäger,Washington,2000-04-14
3188,73,Kimberly,Vollmer,San Jose,1996-09-07
3188,73,Kimberly,Vollmer,San Jose,1996-09-07
3189,66,James,Westphal,San Antonio,2007-05-05
3189,66,James,Westphal,San Antonio,2007-05-05
3190,73,Elizabeth,Kranz,San Diego,2005-06-03
3190,73,Elizabeth,Kranz,San Diego,2005-06-03
3191,51,Charles,Rösch,Louisville,2010-05-12
3191,51,Charles,Rösch,Louisville,2010-05-12
3192,16,Robert,Hampel,Dallas,2001-10-23
3192,16,Robert,Hampel,Dallas,2001-10-23
3193,65,Mary,Henze,Boston,2020-11-17
3193,65,Mary,Henze,Boston,2020-11-17
3194,85,Lisa,Kahl,Indianapolis,2012-08-28
3194,85,Lisa,Kahl,Indianapolis,2012-08-28
3195,57,Deborah,Gabriel,Jacksonville,2013-11-09
3195,57,Deborah,Gabriel,Jacksonville,2013-11-09
3196,37,Mary,Kiefer,Austin,2013-12-14
3196,37,Mary,Kiefer,Austin,2013-12-14
3197,39,Elizabeth,Stöhr,Milwaukee,2015-02-04
3197,39,Elizabeth,Stöhr,Milwaukee,2015-02-04
3198,65,Kimberly,Kirchhoff,Fort Worth,2021-12-10
3198,65,Kimberly,Kirchhoff,Fort Worth,2021-12-10
3199,49,Jessica,Lehner,Milwaukee,2016-03-02
3199,49,Jessica,Lehner,Milwaukee,2016-03-02
3200,47,Deborah,Ostermann,Columbus,2023-05-03
3200,47,Deborah,Ostermann,Columbus,2023-05-03
3201,40,Joshua,Metz,Albuquerque,2009-06-16
3201,40,Joshua,Metz,Albuquerque,2009-06-16
3202,14,Lisa,Hauser,San Francisco,2006-05-19
3202,14,Lisa,Hauser,San Francisco,2006-05-19
3203,40,Barbara,Seemann,Sacramento,2018-01-27
3203,40,Barbara,Seemann,Sacramento,2018-01-27
3204,48,Nancy,Michels,New York,2000-04-09
3204,48,Nancy,Michels,New York,2000-04-09
3205,32,Timothy,Kraft,Memphis,2022-01-14
3205,32,Timothy,Kraft,Memphis,2022-01-14
3206,88,Michelle,Heilmann,Houston,2013-12-11
3206,88,Michelle,Heilmann,Houston,2013-12-11
3207,39,Donna,Horn,El Paso,2012-10-07
3207,39,Donna,Horn,El Paso,2012-10-07
3208,33,Elizabeth,Weis,Louisville,2004-08-26
3208,33,Elizabeth,Weis,Louisville,2004-08-26
3209,30,Andrew,Hagemann,Indianapolis,2001-10-20
3209,30,Andrew,Hagemann,Indianapolis,2001-10-20
3210,26,Ronald,Lemke,Fort Worth,2007-08-02
3210,26,Ronald,Lemke,Fort Worth,2007-08-02
3211,43,Emily,Grund,Nashville,2024-08-25
3211,43,Emily,Grund,Nashville,2024-08-25
3212,55,John,Keck,San Francisco,2023-07-04
3212,55,John,Keck,San Francisco,2023-07-04
3213,44,Charles,Falk,Omaha,2024-07-21
3213,44,Charles,Falk,Omaha,2024-07-21
3214,78,Sarah,Thieme,San Jose,1997-03-28
3214,78,Sarah,Thieme,San Jose,1997-03-28
3215,76,Sandra,Herz,Albuquerque,2017-08-28
3215,76,Sandra,Herz,Albuquerque,2017-08-28
3216,3,Patricia,Lauer,Atlanta,2019-05-22
3216,3,Patricia,Lauer,Atlanta,2019-05-22
3217,7,Melissa,Tiedemann,Charlotte,2003-11-17
3217,7,Melissa,Tiedemann,Charlotte,2003-11-17
3218,85,Lisa,Runge,Fort Worth,1998-03-22
3218,85,Lisa,Runge,Fort Worth,1998-03-22
3219,58,Joseph,Steffens,Charlotte,2002-01-27
3219,58,Joseph,Steffens,Charlotte,2002-01-27
3220,91,Michelle,Eckhardt,Fresno,1995-10-13
3220,91,Michelle,Eckhardt,Fresno,1995-10-13
3221,10,Charles,Groß,Philadelphia,2013-04-22
3221,10,Charles,Groß,Philadelphia,2013-04-22
3222,10,Joseph,Preuß,San Francisco,1997-11-28
3222,10,Joseph,Preuß,San Francisco,1997-11-28
3223,81,Lisa,Heitmann,Oklahoma City,2009-09-20
3223,81,Lisa,Heitmann,Oklahoma City,2009-09-20
3224,42,Betty,Götz,Dallas,2007-05-28
3224,42,Betty,Götz,Dallas,2007-05-28
3225,34,Susan,Cramer,Phoenix,2016-12-19
3225,34,Susan,Cramer,Phoenix,2016-12-19
3226,82,Anthony,Schüler,El Paso,1996-04-15
3226,82,Anthony,Schüler,El Paso,1996-04-15
3227,26,Kenneth,Stern,Tucson,2020-06-12
3227,26,Kenneth,Stern,Tucson,2020-06-12
3228,60,Michelle,Petzold,Kansas City,2016-10-27
3228,60,Michelle,Petzold,Kansas City,2016-10-27
3229,2,Betty,Schulz,Columbus,2009-05-02
3229,2,Betty,Schulz,Columbus,2009-05-02
3230,73,Sandra,Döring,San Francisco,1997-01-22
3230,73,Sandra,Döring,San Francisco,1997-01-22
3231,45,Ronald,Dorn,Denver,2008-01-12
3231,45,Ronald,Dorn,Denver,2008-01-12
3232,5,Mary,Reiter,Tucson,2015-11-27
3232,5,Mary,Reiter,Tucson,2015-11-27
3233,26,Matthew,Weidner,New York,2015-09-27
3233,26,Matthew,Weidner,New York,2015-09-27
3234,79,Michael,Reichert,San Jose,2024-06-02
3234,79,Michael,Reichert,San Jose,2024-06-02
3235,25,Linda,Neumann,Portland,2011-01-08
3235,25,Linda,Neumann,Portland,2011-01-08
3236,26,Amanda,Schubert,Philadelphia,1997-11-06
3236,26,Amanda,Schubert,Philadelphia,1997-11-06
3237,92,Steven,Buck,Philadelphia,2015-02-09
3237,92,Steven,Buck,Philadelphia,2015-02-09
3238,87,Carol,Nitsche,Tucson,2013-02-15
3238,87,Carol,Nitsche,Tucson,2013-02-15
3239,85,Andrew,Haas,Baltimore,2011-11-02
3239,85,Andrew,Haas,Baltimore,2011-11-02
3240,22,Jennifer,Nitschke,Sacramento,2016-11-14
3240,22,Jennifer,Nitschke,Sacramento,2016-11-14
3241,19,Joshua,Wichmann,El Paso,2018-01-03
3241,19,Joshua,Wichmann,El Paso,2018-01-03
3242,10,Daniel,Fritzsche,Jacksonville,2018-09-20
3242,10,Daniel,Fritzsche,Jacksonville,2018-09-20
3243,42,Matthew,Scheer,Denver,2024-04-04
3243,42,Matthew,Scheer,Denver,2024-04-04
3244,31,Stephanie,Stratmann,Louisville,2007-10-04
3244,31,Stephanie,Stratmann,Louisville,2007-10-04
3245,31,Kevin,Schaaf,El Paso,2024-03-09
3245,31,Kevin,Schaaf,El Paso,2024-03-09
3246,99,Christopher,Grundmann,Houston,2018-06-28
3246,99,Christopher,Grundmann,Houston,2018-06-28
3247,75,Robert,Lorenzen,Oklahoma City,2003-06-13
3247,75,Robert,Lorenzen,Oklahoma City,2003-06-13
3248,81,William,Rogge,Denver,2004-06-15
3248,81,William,Rogge,Denver,2004-06-15
3249,97,Barbara,Jaeger,Portland,2017-11-08
3249,97,Barbara,Jaeger,Portland,2017-11-08
3250,86,Elizabeth,Eckert,Fresno,2012-05-02
3250,86,Elizabeth,Eckert,Fresno,2012-05-02
3251,90,Linda,Herzog,Houston,2017-10-03
3251,90,Linda,Herzog,Houston,2017-10-03
3252,36,Nancy,Neumann,Kansas City,1998-01-25
3252,36,Nancy,Neumann,Kansas City,1998-01-25
3253,66,Betty,Bach,San Antonio,2023-09-23
3253,66,Betty,Bach,San Antonio,2023-09-23
3254,32,Kenneth,Siebert,San Antonio,2003-03-22
3254,32,Kenneth,Siebert,San Antonio,2003-03-22
3255,67,Margaret,Bergmann,Detroit,2018-11-19
3255,67,Margaret,Bergmann,Detroit,2018-11-19
3256,63,Paul,Bittner,Detroit,1995-11-11
3256,63,Paul,Bittner,Detroit,1995-11-11
3257,23,Charles,Dreher,Denver,2019-06-21
3257,23,Charles,Dreher,Denver,2019-06-21
3258,50,Linda,Ullmann,Dallas,2009-05-20
3258,50,Linda,Ullmann,Dallas,2009-05-20
3259,65,David,Goebel,Oklahoma City,2024-12-21
3259,65,David,Goebel,Oklahoma City,2024-12-21
3260,69,Timothy,Heil,Indianapolis,2013-07-28
3260,69,Timothy,Heil,Indianapolis,2013-07-28
3261,44,Joseph,Daniel,San Francisco,2019-04-08
3261,44,Joseph,Daniel,San Francisco,2019-04-08
3262,58,Deborah,Häusler,Washington,2021-05-06
3262,58,Deborah,Häusler,Washington,2021-05-06
3263,57,Melissa,Wiedemann,San Jose,1999-09-17
3263,57,Melissa,Wiedemann,San Jose,1999-09-17
3264,37,Michelle,Peters,Fort Worth,1998-03-10
3264,37,Michelle,Peters,Fort Worth,1998-03-10
3265,65,Karen,Widmann,Jacksonville,2020-11-02
3265,65,Karen,Widmann,Jacksonville,2020-11-02
3266,18,Carol,Weigel,New York,2009-05-25
3266,18,Carol,Weigel,New York,2009-05-25
3267,5,Sarah,Lippert,Albuquerque,1996-08-14
3267,5,Sarah,Lippert,Albuquerque,1996-08-14
3268,82,Jennifer,Volz,Baltimore,2003-02-02
3268,82,Jennifer,Volz,Baltimore,2003-02-02
3269,99,Barbara,Hanke,San Diego,2000-07-27
3269,99,Barbara,Hanke,San Diego,2000-07-27
3270,96,Mary,Bolz,Nashville,2023-11-02
3270,96,Mary,Bolz,Nashville,2023-11-02
3271,26,John,Vogt,Washington,1996-11-09
3271,26,John,Vogt,Washington,1996-11-09
3272,33,Jessica,Exner,Seattle,2010-12-09
3272,33,Jessica,Exner,Seattle,2010-12-09
3273,42,Michael,Janke,Los Angeles,2024-03-11
3273,42,Michael,Janke,Los Angeles,2024-03-11
3274,88,Brian,Obermeier,Dallas,2011-09-17
3274,88,Brian,Obermeier,Dallas,2011-09-17
3275,27,Michael,Wirth,Chicago,2019-02-10
3275,27,Michael,Wirth,Chicago,2019-02-10
3276,54,Anthony,Hübner,Detroit,1999-11-09
3276,54,Anthony,Hübner,Detroit,1999-11-09
3277,83,Stephanie,Busch,Nashville,1999-01-23
3277,83,Stephanie,Busch,Nashville,1999-01-23
3278,82,Kevin,Heck,Baltimore,2022-04-09
3278,82,Kevin,Heck,Baltimore,2022-04-09
3279,79,Michelle,Witte,Louisville,1999-09-03
3279,79,Michelle,Witte,Louisville,1999-09-03
3280,91,Donna,Heinen,Mesa,2022-04-07
3280,91,Donna,Heinen,Mesa,2022-04-07
3281,75,Steven,Petry,Detroit,2009-11-21
3281,75,Steven,Petry,Detroit,2009-11-21
3282,24,Betty,Koch,Fresno,2005-09-01
3282,24,Betty,Koch,Fresno,2005-09-01
3283,3,James,Haase,San Diego,2006-04-09
3283,3,James,Haase,San Diego,2006-04-09
3284,39,Linda,Neubauer,Jacksonville,2002-10-14
3284,39,Linda,Neubauer,Jacksonville,2002-10-14
3285,71,Paul,Schauer,Columbus,1999-05-12
3285,71,Paul,Schauer,Columbus,1999-05-12
3286,12,Emily,Linke,Omaha,2009-04-02
3286,12,Emily,Linke,Omaha,2009-04-02
3287,33,Deborah,Walz,Charlotte,2024-12-17
3287,33,Deborah,Walz,Charlotte,2024-12-17
3288,22,Kevin,Wacker,San Francisco,2005-11-25
3288,22,Kevin,Wacker,San Francisco,2005-11-25
3289,35,Paul,Eberhardt,Seattle,2019-08-24
3289,35,Paul,Eberhardt,Seattle,2019-08-24
3290,14,Patricia,Schleicher,Albuquerque,2000-09-13
3290,14,Patricia,Schleicher,Albuquerque,2000-09-13
3291,26,Ashley,Ries,Kansas City,2007-02-20
3291,26,Ashley,Ries,Kansas City,2007-02-20
3292,83,Jennifer,Scholl,El Paso,1998-10-15
3292,83,Jennifer,Scholl,El Paso,1998-10-15
3293,85,Melissa,Dreher,El Paso,2000-09-10
3293,85,Melissa,Dreher,El Paso,2000-09-10
3294,54,Christopher,Konrad,Sacramento,2018-06-12
3294,54,Christopher,Konrad,Sacramento,2018-06-12
3295,41,Emily,Jakobs,Colorado Springs,2005-09-28
3295,41,Emily,Jakobs,Colorado Springs,2005-09-28
3296,45,David,Krüger,Charlotte,2006-02-11
3296,45,David,Krüger,Charlotte,2006-02-11
3297,31,Barbara,Rösler,Las Vegas,2004-03-13
3297,31,Barbara,Rösler,Las Vegas,2004-03-13
3298,69,William,Kübler,Louisville,2013-01-08
3298,69,William,Kübler,Louisville,2013-01-08
3299,99,Melissa,Homann,Indianapolis,2003-11-21
3299,99,Melissa,Homann,Indianapolis,2003-11-21
3300,17,Jessica,Günther,Indianapolis,2003-02-23
3300,17,Jessica,Günther,Indianapolis,2003-02-23
3301,60,James,Glaser,Omaha,2008-12-11
3301,60,James,Glaser,Omaha,2008-12-11
3302,96,Brian,Starke,Colorado Springs,2006-11-11
3302,96,Brian,Starke,Colorado Springs,2006-11-11
3303,4,Charles,Thies,Philadelphia,2024-10-20
3303,4,Charles,Thies,Philadelphia,2024-10-20
3304,10,Ashley,Freese,Los Angeles,2000-08-17
3304,10,Ashley,Freese,Los Angeles,2000-08-17
3305,94,Richard,Schweitzer,San Jose,1999-11-20
3305,94,Richard,Schweitzer,San Jose,1999-11-20
3306,9,Kimberly,Kling,Dallas,1996-12-06
3306,9,Kimberly,Kling,Dallas,1996-12-06
3307,61,Patricia,Knoll,Fresno,2009-03-13
3307,61,Patricia,Knoll,Fresno,2009-03-13
3308,90,Betty,Wilke,San Francisco,2004-11-07
3308,90,Betty,Wilke,San Francisco,2004-11-07
3309,22,Donna,Geyer,Portland,2004-05-19
3309,22,Donna,Geyer,Portland,2004-05-19
3310,21,Donald,Ahlers,Memphis,2010-11-14
3310,21,Donald,Ahlers,Memphis,2010-11-14
3311,23,Anthony,Höhn,Atlanta,2021-02-15
3311,23,Anthony,Höhn,Atlanta,2021-02-15
3312,61,Robert,Fichtner,Washington,2013-12-08
3312,61,Robert,Fichtner,Washington,2013-12-08
3313,12,Matthew,Kemper,Las Vegas,2023-10-24
3313,12,Matthew,Kemper,Las Vegas,2023-10-24
3314,95,Michael,Ahlers,San Antonio,2021-10-09
3314,95,Michael,Ahlers,San Antonio,2021-10-09
3315,17,Steven,Muth,Fresno,2002-12-06
3315,17,Steven,Muth,Fresno,2002-12-06
3316,55,Patricia,Spindler,Fort Worth,1995-09-21
3316,55,Patricia,Spindler,Fort Worth,1995-09-21
3317,21,Matthew,Urban,El Paso,2011-05-13
3317,21,Matthew,Urban,El Paso,2011-05-13
3318,54,Sarah,Fichtner,Charlotte,1995-01-12
3318,54,Sarah,Fichtner,Charlotte,1995-01-12
3319,47,Kimberly,Muth,Tucson,2017-09-17
3319,47,Kimberly,Muth,Tucson,2017-09-17
3320,41,Sandra,Bittner,San Jose,2018-04-17
3320,41,Sandra,Bittner,San Jose,2018-04-17
3321,97,Robert,Emmerich,El Paso,2000-04-22
3321,97,Robert,Emmerich,El Paso,2000-04-22
3322,15,Andrew,Wolf,Kansas City,2014-05-26
3322,15,Andrew,Wolf,Kansas City,2014-05-26
3323,96,Betty,Geyer,Albuquerque,2005-07-13
3323,96,Betty,Geyer,Albuquerque,2005-07-13
3324,59,Mark,Schober,Sacramento,1997-09-11
3324,59,Mark,Schober,Sacramento,1997-09-11
3325,99,David,Volk,New York,2006-03-19
3325,99,David,Volk,New York,2006-03-19
3326,15,Donna,Knapp,Phoenix,2016-11-06
3326,15,Donna,Knapp,Phoenix,2016-11-06
3327,29,Stephanie,Gruber,San Jose,2005-02-19
3327,29,Stephanie,Gruber,San Jose,2005-02-19
3328,11,Jennifer,Wendel,Phoenix,2000-09-01
3328,11,Jennifer,Wendel,Phoenix,2000-09-01
3329,29,Christopher,Holst,Albuquerque,2004-05-13
3329,29,Christopher,Holst,Albuquerque,2004-05-13
3330,86,Amanda,Wiegand,Nashville,2021-03-07
3330,86,Amanda,Wiegand,Nashville,2021-03-07
3331,90,William,Brinkmann,Las Vegas,2013-08-15
3331,90,William,Brinkmann,Las Vegas,2013-08-15
3332,82,Mary,Löhr,Seattle,2020-11-15
3332,82,Mary,Löhr,Seattle,2020-11-15
3333,89,Timothy,Horn,Nashville,1998-12-10
3333,89,Timothy,Horn,Nashville,1998-12-10
3334,85,Amanda,Sachs,Jacksonville,2014-03-04
3334,85,Amanda,Sachs,Jacksonville,2014-03-04
3335,88,Amanda,Haase,Las Vegas,1997-12-08
3335,88,Amanda,Haase,Las Vegas,1997-12-08
3336,56,David,Lück,Omaha,2024-10-12
3336,56,David,Lück,Omaha,2024-10-12
3337,92,Charles,Bräuer,Nashville,2024-01-08
3337,92,Charles,Bräuer,Nashville,2024-01-08
3338,53,Nancy,Gottschalk,Boston,2003-08-24
3338,53,Nancy,Gottschalk,Boston,2003-08-24
3339,3,Kimberly,Schnell,El Paso,1997-10-17
3339,3,Kimberly,Schnell,El Paso,1997-10-17
3340,13,Lisa,Albers,Washington,1996-01-09
3340,13,Lisa,Albers,Washington,1996-01-09
3341,38,Michael,Löhr,Houston,2023-01-07
3341,38,Michael,Löhr,Houston,2023-01-07
3342,70,Barbara,Kaiser,Fresno,2016-10-10
3342,70,Barbara,Kaiser,Fresno,2016-10-10
3343,11,Betty,Reinhardt,Philadelphia,2004-03-16
3343,11,Betty,Reinhardt,Philadelphia,2004-03-16
3344,23,Ashley,Rehm,Louisville,2015-08-20
3344,23,Ashley,Rehm,Louisville,2015-08-20
3345,73,Sandra,Hansen,Milwaukee,2007-07-02
3345,73,Sandra,Hansen,Milwaukee,2007-07-02
3346,56,Deborah,Gläser,Sacramento,1995-03-08
3346,56,Deborah,Gläser,Sacramento,1995-03-08
3347,17,Charles,Emmerich,Colorado Springs,2020-08-06
3347,17,Charles,Emmerich,Colorado Springs,2020-08-06
3348,9,Betty,Reinhard,El Paso,2001-03-15
3348,9,Betty,Reinhard,El Paso,2001-03-15
3349,83,Sandra,Keil,Philadelphia,2009-10-18
3349,83,Sandra,Keil,Philadelphia,2009-10-18
3350,99,Steven,Haug,Indianapolis,2002-03-14
3350,99,Steven,Haug,Indianapolis,2002-03-14
3351,96,Charles,Janke,Los Angeles,2007-04-18
3351,96,Charles,Janke,Los Angeles,2007-04-18
3352,92,Andrew,Heinz,Las Vegas,1996-01-17
3352,92,Andrew,Heinz,Las Vegas,1996-01-17
3353,28,Kimberly,Hoch,San Francisco,2005-05-13
3353,28,Kimberly,Hoch,San Francisco,2005-05-13
3354,79,Kenneth,Meurer,New York,2012-11-03
3354,79,Kenneth,Meurer,New York,2012-11-03
3355,19,Timothy,Sprenger,Philadelphia,2005-03-02
3355,19,Timothy,Sprenger,Philadelphia,2005-03-02
3356,97,Karen,Gottschalk,Phoenix,2012-04-23
3356,97,Karen,Gottschalk,Phoenix,2012-04-23
3357,87,William,Spindler,Memphis,1998-12-08
3357,87,William,Spindler,Memphis,1998-12-08
3358,92,Daniel,Petersen,Fort Worth,2001-06-27
3358,92,Daniel,Petersen,Fort Worth,2001-06-27
3359,4,Deborah,Rost,Colorado Springs,2008-12-09
3359,4,Deborah,Rost,Colorado Springs,2008-12-09
3360,47,Lisa,Zorn,Chicago,2004-10-28
3360,47,Lisa,Zorn,Chicago,2004-10-28
3361,47,Thomas,Hopf,New York,2017-01-18
3361,47,Thomas,Hopf,New York,2017-01-18
3362,31,Robert,Huth,Portland,2011-01-13
3362,31,Robert,Huth,Portland,2011-01-13
3363,99,Amanda,Pieper,Las Vegas,1996-07-03
3363,99,Amanda,Pieper,Las Vegas,1996-07-03
3364,5,William,Reiter,Denver,2000-12-16
3364,5,William,Reiter,Denver,2000-12-16
3365,33,Ashley,Pfister,San Diego,2013-01-07
3365,33,Ashley,Pfister,San Diego,2013-01-07
3366,48,Joseph,Clausen,Los Angeles,2001-05-26
3366,48,Joseph,Clausen,Los Angeles,2001-05-26
3367,32,Anthony,Keßler,Baltimore,2013-09-20
3367,32,Anthony,Keßler,Baltimore,2013-09-20
3368,79,Andrew,Förster,Baltimore,2010-10-24
3368,79,Andrew,Förster,Baltimore,2010-10-24
3369,59,Steven,Kohl,Colorado Springs,2014-04-10
3369,59,Steven,Kohl,Colorado Springs,2014-04-10
3370,98,Sarah,Zander,Albuquerque,2019-05-10
3370,98,Sarah,Zander,Albuquerque,2019-05-10
3371,64,Jessica,Auer,New York,2015-09-26
3371,64,Jessica,Auer,New York,2015-09-26
3372,47,Kimberly,Gläser,Kansas City,2011-10-20
3372,47,Kimberly,Gläser,Kansas City,2011-10-20
3373,9,Mary,Wetzel,San Jose,1997-02-26
3373,9,Mary,Wetzel,San Jose,1997-02-26
3374,35,Andrew,Otto,Austin,2013-02-24
3374,35,Andrew,Otto,Austin,2013-02-24
3375,47,Michelle,Kaminski,Jacksonville,2001-12-13
3375,47,Michelle,Kaminski,Jacksonville,2001-12-13
3376,88,Betty,Korte,Detroit,2024-03-24
3376,88,Betty,Korte,Detroit,2024-03-24
3377,82,Timothy,Seidler,Oklahoma City,1997-08-01
3377,82,Timothy,Seidler,Oklahoma City,1997-08-01
3378,17,Joshua,Harms,San Francisco,2005-09-10
3378,17,Joshua,Harms,San Francisco,2005-09-10
3379,1,Jennifer,Appel,San Francisco,2021-06-08
3379,1,Jennifer,Appel,San Francisco,2021-06-08
3380,55,David,Johannsen,Houston,2005-01-13
3380,55,David,Johannsen,Houston,2005-01-13
3381,11,Sarah,Petzold,Phoenix,2000-09-07
3381,11,Sarah,Petzold,Phoenix,2000-09-07
3382,33,James,Braun,El Paso,2017-09-16
3382,33,James,Braun,El Paso,2017-09-16
3383,70,Linda,Lorenzen,Jacksonville,1997-08-18
3383,70,Linda,Lorenzen,Jacksonville,1997-08-18
3384,56,Daniel,Werner,Louisville,2021-07-28
3384,56,Daniel,Werner,Louisville,2021-07-28
3385,64,Michael,Büscher,Tucson,2019-07-10
3385,64,Michael,Büscher,Tucson,2019-07-10
3386,93,Patricia,Ostermann,Detroit,2018-01-07
3386,93,Patricia,Ostermann,Detroit,2018-01-07
3387,58,Matthew,Lauterbach,Memphis,2022-02-03
3387,58,Matthew,Lauterbach,Memphis,2022-02-03
3388,20,Timothy,Pape,Portland,2015-10-12
3388,20,Timothy,Pape,Portland,2015-10-12
3389,18,Donna,Baumgarten,Seattle,2006-02-07
3389,18,Donna,Baumgarten,Seattle,2006-02-07
3390,78,Joseph,Sailer,Omaha,2009-03-22
3390,78,Joseph,Sailer,Omaha,2009-03-22
3391,45,Charles,Meißner,Jacksonville,2018-10-01
3391,45,Charles,Meißner,Jacksonville,2018-10-01
3392,43,Andrew,Behnke,Phoenix,2006-05-27
3392,43,Andrew,Behnke,Phoenix,2006-05-27
3393,20,Melissa,Wimmer,Jacksonville,2023-12-13
3393,20,Melissa,Wimmer,Jacksonville,2023-12-13
3394,57,Susan,Renner,Nashville,2007-03-18
3394,57,Susan,Renner,Nashville,2007-03-18
3395,82,Margaret,Meißner,Las Vegas,1996-06-01
3395,82,Margaret,Meißner,Las Vegas,1996-06-01
3396,27,Barbara,Niemeyer,Kansas City,1996-10-04
3396,27,Barbara,Niemeyer,Kansas City,1996-10-04
3397,18,Thomas,Seibel,Chicago,2010-06-26
3397,18,Thomas,Seibel,Chicago,2010-06-26
3398,17,Joshua,Bahr,Omaha,1995-08-04
3398,17,Joshua,Bahr,Omaha,1995-08-04
3399,60,David,Erdmann,Milwaukee,2018-11-27
3399,60,David,Erdmann,Milwaukee,2018-11-27
3400,89,Andrew,Löffler,Atlanta,2001-09-19
3400,89,Andrew,Löffler,Atlanta,2001-09-19
3401,5,Richard,Schirmer,Los Angeles,2022-03-05
3401,5,Richard,Schirmer,Los Angeles,2022-03-05
3402,6,Joseph,Maas,Los Angeles,2022-02-09
3402,6,Joseph,Maas,Los Angeles,2022-02-09
3403,97,Karen,Amann,Colorado Springs,2014-01-18
3403,97,Karen,Amann,Colorado Springs,2014-01-18
3404,15,Steven,Mai,Fresno,2018-05-13
3404,15,Steven,Mai,Fresno,2018-05-13
3405,39,Jennifer,Kellermann,Oklahoma City,2018-10-25
3405,39,Jennifer,Kellermann,Oklahoma City,2018-10-25
3406,80,Anthony,Bolz,Tucson,2006-10-12
3406,80,Anthony,Bolz,Tucson,2006-10-12
3407,39,Daniel,Schulze,Houston,2001-06-27
3407,39,Daniel,Schulze,Houston,2001-06-27
3408,88,Anthony,Haller,Austin,2022-11-18
3408,88,Anthony,Haller,Austin,2022-11-18
3409,21,Kimberly,Ziegler,Phoenix,2007-05-04
3409,21,Kimberly,Ziegler,Phoenix,2007-05-04
3410,13,Melissa,Mende,Boston,2005-04-05
3410,13,Melissa,Mende,Boston,2005-04-05
3411,29,Donna,Stolz,Atlanta,2013-11-12
3411,29,Donna,Stolz,Atlanta,2013-11-12
3412,98,Susan,Vogt,Fresno,2014-08-16
3412,98,Susan,Vogt,Fresno,2014-08-16
3413,5,Margaret,Gehrmann,Dallas,2009-07-18
3413,5,Margaret,Gehrmann,Dallas,2009-07-18
3414,67,Linda,Heinrich,Philadelphia,1999-08-02
3414,67,Linda,Heinrich,Philadelphia,1999-08-02
3415,21,Andrew,Hammer,Seattle,2021-07-12
3415,21,Andrew,Hammer,Seattle,2021-07-12
3416,9,Christopher,Gottschalk,Columbus,2011-06-18
3416,9,Christopher,Gottschalk,Columbus,2011-06-18
3417,67,Ashley,Gläser,Denver,1998-03-13
3417,67,Ashley,Gläser,Denver,1998-03-13
3418,44,Susan,Gruber,Columbus,1995-01-21
3418,44,Susan,Gruber,Columbus,1995-01-21
3419,62,Sarah,Biermann,Omaha,1998-01-19
3419,62,Sarah,Biermann,Omaha,1998-01-19
3420,94,Ronald,Mayr,San Francisco,2017-07-22
3420,94,Ronald,Mayr,San Francisco,2017-07-22
3421,67,Matthew,Junge,Sacramento,2018-10-18
3421,67,Matthew,Junge,Sacramento,2018-10-18
3422,62,Michelle,Hannemann,Memphis,2022-07-15
3422,62,Michelle,Hannemann,Memphis,2022-07-15
3423,62,Nancy,Busse,San Francisco,2009-03-27
3423,62,Nancy,Busse,San Francisco,2009-03-27
3424,60,Susan,Winkelmann,San Diego,2016-08-26
3424,60,Susan,Winkelmann,San Diego,2016-08-26
3425,49,Sandra,Bernhard,New York,2007-04-03
3425,49,Sandra,Bernhard,New York,2007-04-03
3426,39,Donna,Weis,Mesa,2020-04-18
3426,39,Donna,Weis,Mesa,2020-04-18
3427,41,Daniel,Stange,San Antonio,2016-06-22
3427,41,Daniel,Stange,San Antonio,2016-06-22
3428,50,Lisa,Stahl,Phoenix,1996-03-17
3428,50,Lisa,Stahl,Phoenix,1996-03-17
3429,98,Deborah,Fleischer,Las Vegas,2005-10-01
3429,98,Deborah,Fleischer,Las Vegas,2005-10-01
3430,17,Christopher,Elsner,Louisville,2022-03-18
3430,17,Christopher,Elsner,Louisville,2022-03-18
3431,53,Melissa,Popp,San Francisco,2018-04-26
3431,53,Melissa,Popp,San Francisco,2018-04-26
3432,55,Michael,Volkmann,Atlanta,2017-12-23
3432,55,Michael,Volkmann,Atlanta,2017-12-23
3433,78,Carol,Ortmann,Oklahoma City,2008-06-18
3433,78,Carol,Ortmann,Oklahoma City,2008-06-18
3434,75,Christopher,Heise,Chicago,2002-08-01
3434,75,Christopher,Heise,Chicago,2002-08-01
3435,56,David,Horst,Atlanta,2002-06-02
3435,56,David,Horst,Atlanta,2002-06-02
3436,1,Betty,Sander,Detroit,2012-04-09
3436,1,Betty,Sander,Detroit,2012-04-09
3437,65,Sarah,Engelhardt,Charlotte,2024-07-22
3437,65,Sarah,Engelhardt,Charlotte,2024-07-22
3438,64,Brian,Kratz,San Diego,2017-02-28
3438,64,Brian,Kratz,San Diego,2017-02-28
3439,52,John,Aigner,San Jose,2008-01-13
3439,52,John,Aigner,San Jose,2008-01-13
3440,15,Susan,Hauck,Chicago,2011-04-27
3440,15,Susan,Hauck,Chicago,2011-04-27
3441,2,David,Petri,New York,1997-09-17
3441,2,David,Petri,New York,1997-09-17
3442,12,Christopher,Eggert,Dallas,2021-08-27
3442,12,Christopher,Eggert,Dallas,2021-08-27
3443,45,Timothy,Heller,Milwaukee,1998-01-17
3443,45,Timothy,Heller,Milwaukee,1998-01-17
3444,57,Susan,Anders,Detroit,2015-04-09
3444,57,Susan,Anders,Detroit,2015-04-09
3445,42,Donna,Miller,San Francisco,2002-02-26
3445,42,Donna,Miller,San Francisco,2002-02-26
3446,2,Margaret,Klinger,Fresno,2009-01-16
3446,2,Margaret,Klinger,Fresno,2009-01-16
3447,87,Michelle,Haase,Dallas,1996-07-28
3447,87,Michelle,Haase,Dallas,1996-07-28
3448,62,Thomas,Paul,San Jose,2024-02-21
3448,62,Thomas,Paul,San Jose,2024-02-21
3449,34,Ashley,Martin,Phoenix,2022-05-22
3449,34,Ashley,Martin,Phoenix,2022-05-22
3450,17,David,Andres,San Jose,2003-01-28
3450,17,David,Andres,San Jose,2003-01-28
3451,41,Steven,Klinger,New York,2018-03-28
3451,41,Steven,Klinger,New York,2018-03-28
3452,78,Matthew,Rose,Boston,2020-10-03
3452,78,Matthew,Rose,Boston,2020-10-03
3453,75,Susan,Reis,Houston,2006-05-22
3453,75,Susan,Reis,Houston,2006-05-22
3454,84,William,Noll,Mesa,1998-04-16
3454,84,William,Noll,Mesa,1998-04-16
3455,71,Andrew,Adam,Jacksonville,1999-01-03
3455,71,Andrew,Adam,Jacksonville,1999-01-03
3456,65,Kenneth,Schütt,Louisville,2024-07-08
3456,65,Kenneth,Schütt,Louisville,2024-07-08
3457,15,Susan,Blank,Philadelphia,2004-04-01
3457,15,Susan,Blank,Philadelphia,2004-04-01
3458,38,Ashley,Weis,Portland,2006-02-22
3458,38,Ashley,Weis,Portland,2006-02-22
3459,98,Kenneth,Hartl,Fort Worth,1995-04-21
3459,98,Kenneth,Hartl,Fort Worth,1995-04-21
3460,73,Patricia,Walther,Chicago,2004-11-10
3460,73,Patricia,Walther,Chicago,2004-11-10
3461,65,Patricia,Franzen,Tucson,1999-08-18
3461,65,Patricia,Franzen,Tucson,1999-08-18
3462,9,Betty,Hildebrandt,Jacksonville,2007-01-26
3462,9,Betty,Hildebrandt,Jacksonville,2007-01-26
3463,42,Linda,Buck,Milwaukee,2013-07-10
3463,42,Linda,Buck,Milwaukee,2013-07-10
3464,66,Mary,Adam,Charlotte,2015-07-06
3464,66,Mary,Adam,Charlotte,2015-07-06
3465,86,Kenneth,Mueller,San Antonio,2003-08-01
3465,86,Kenneth,Mueller,San Antonio,2003-08-01
3466,89,Melissa,Reinhold,Mesa,2012-08-15
3466,89,Melissa,Reinhold,Mesa,2012-08-15
3467,51,Lisa,Sauter,Columbus,2018-01-08
3467,51,Lisa,Sauter,Columbus,2018-01-08
3468,78,Kenneth,Schuster,Columbus,2012-03-20
3468,78,Kenneth,Schuster,Columbus,2012-03-20
3469,99,Jessica,Hiller,Chicago,2014-03-26
3469,99,Jessica,Hiller,Chicago,2014-03-26
3470,80,Mark,Mayr,Chicago,2024-11-25
3470,80,Mark,Mayr,Chicago,2024-11-25
3471,19,Ronald,Brockmann,Washington,2016-11-28
3471,19,Ronald,Brockmann,Washington,2016-11-28
3472,31,Deborah,Adler,Denver,2024-01-24
3472,31,Deborah,Adler,Denver,2024-01-24
3473,66,Ashley,Zorn,Sacramento,2015-12-16
3473,66,Ashley,Zorn,Sacramento,2015-12-16
3474,32,Barbara,Köhler,Fort Worth,2008-12-14
3474,32,Barbara,Köhler,Fort Worth,2008-12-14
3475,75,Andrew,Maaß,Phoenix,2024-05-28
3475,75,Andrew,Maaß,Phoenix,2024-05-28
3476,8,William,Burger,Jacksonville,2021-05-25
3476,8,William,Burger,Jacksonville,2021-05-25
3477,69,Melissa,Klotz,Tucson,1995-06-24
3477,69,Melissa,Klotz,Tucson,1995-06-24
3478,98,Stephanie,Klotz,San Jose,2020-03-24
3478,98,Stephanie,Klotz,San Jose,2020-03-24
3479,32,Charles,Heinemann,Sacramento,1996-01-10
3479,32,Charles,Heinemann,Sacramento,1996-01-10
3480,47,Charles,Schütt,Albuquerque,2020-01-15
3480,47,Charles,Schütt,Albuquerque,2020-01-15
3481,70,Robert,Bernhard,Austin,2014-06-09
3481,70,Robert,Bernhard,Austin,2014-06-09
3482,8,Deborah,Witte,Kansas City,2023-07-18
3482,8,Deborah,Witte,Kansas City,2023-07-18
3483,34,Sarah,Buck,Las Vegas,2024-08-07
3483,34,Sarah,Buck,Las Vegas,2024-08-07
3484,4,Paul,Loos,Sacramento,2003-08-09
3484,4,Paul,Loos,Sacramento,2003-08-09
3485,36,Michael,Bertram,Denver,1996-05-16
3485,36,Michael,Bertram,Denver,1996-05-16
3486,44,Amanda,Götz,Philadelphia,2006-02-19
3486,44,Amanda,Götz,Philadelphia,2006-02-19
3487,25,Steven,Tiedemann,Omaha,2018-05-13
3487,25,Steven,Tiedemann,Omaha,2018-05-13
3488,26,David,Esser,Sacramento,2018-06-06
3488,26,David,Esser,Sacramento,2018-06-06
3489,33,David,Janssen,Houston,2011-01-28
3489,33,David,Janssen,Houston,2011-01-28
3490,9,Patricia,Enders,Tucson,2007-08-21
3490,9,Patricia,Enders,Tucson,2007-08-21
3491,47,Andrew,Scholl,San Jose,2005-08-22
3491,47,Andrew,Scholl,San Jose,2005-08-22
3492,72,Thomas,Hansen,Mesa,2000-09-27
3492,72,Thomas,Hansen,Mesa,2000-09-27
3493,17,Kimberly,Schreiner,Denver,2014-10-22
3493,17,Kimberly,Schreiner,Denver,2014-10-22
3494,15,Nancy,Haag,Fort Worth,2023-09-19
3494,15,Nancy,Haag,Fort Worth,2023-09-19
3495,42,Emily,Kugler,Austin,1998-12-22
3495,42,Emily,Kugler,Austin,1998-12-22
3496,54,James,Stumpf,Philadelphia,2021-04-04
3496,54,James,Stumpf,Philadelphia,2021-04-04
3497,13,Linda,Teichmann,Fort Worth,2011-05-15
3497,13,Linda,Teichmann,Fort Worth,2011-05-15
3498,50,Brian,Urban,Portland,2017-04-08
3498,50,Brian,Urban,Portland,2017-04-08
3499,44,Daniel,Thieme,Boston,2014-12-18
3499,44,Daniel,Thieme,Boston,2014-12-18
3500,3,Timothy,Horst,Chicago,1996-10-15
3500,3,Timothy,Horst,Chicago,1996-10-15
3501,53,Michelle,Heckmann,Chicago,2002-10-21
3501,53,Michelle,Heckmann,Chicago,2002-10-21
3502,56,Barbara,Jahnke,Oklahoma City,1997-02-21
3502,56,Barbara,Jahnke,Oklahoma City,1997-02-21
3503,54,Barbara,Franzen,Louisville,2015-06-10
3503,54,Barbara,Franzen,Louisville,2015-06-10
3504,57,Melissa,Löffler,El Paso,2004-12-01
3504,57,Melissa,Löffler,El Paso,2004-12-01
3505,12,Timothy,Hermes,Chicago,2004-08-25
3505,12,Timothy,Hermes,Chicago,2004-08-25
3506,93,Joseph,Bruhn,Las Vegas,2007-01-27
3506,93,Joseph,Bruhn,Las Vegas,2007-01-27
3507,59,Kenneth,Knauer,Omaha,2024-02-11
3507,59,Kenneth,Knauer,Omaha,2024-02-11
3508,65,Christopher,Neugebauer,Philadelphia,1996-03-02
3508,65,Christopher,Neugebauer,Philadelphia,1996-03-02
3509,96,Sandra,Finger,Oklahoma City,2014-01-17
3509,96,Sandra,Finger,Oklahoma City,2014-01-17
3510,37,Mark,Kuhn,Austin,2015-11-04
3510,37,Mark,Kuhn,Austin,2015-11-04
3511,20,Lisa,Dörr,Albuquerque,1999-08-24
3511,20,Lisa,Dörr,Albuquerque,1999-08-24
3512,72,Michelle,Bock,Portland,2000-03-07
3512,72,Michelle,Bock,Portland,2000-03-07
3513,37,Charles,Fleischmann,Nashville,1995-12-07
3513,37,Charles,Fleischmann,Nashville,1995-12-07
3514,31,Donna,Pape,San Jose,1999-06-12
3514,31,Donna,Pape,San Jose,1999-06-12
3515,95,Sarah,Schilling,Washington,2003-09-13
3515,95,Sarah,Schilling,Washington,2003-09-13
3516,25,Mark,Berner,Sacramento,2019-02-27
3516,25,Mark,Berner,Sacramento,2019-02-27
3517,50,Patricia,Otte,Washington,2018-07-12
3517,50,Patricia,Otte,Washington,2018-07-12
3518,49,John,Völker,Louisville,2005-12-04
3518,49,John,Völker,Louisville,2005-12-04
3519,8,Betty,Voss,Nashville,2001-05-20
3519,8,Betty,Voss,Nashville,2001-05-20
3520,94,Betty,Wiese,Seattle,1995-09-19
3520,94,Betty,Wiese,Seattle,1995-09-19
3521,94,Patricia,Buchner,Milwaukee,2013-04-11
3521,94,Patricia,Buchner,Milwaukee,2013-04-11
3522,91,Lisa,Schubert,Atlanta,2021-01-12
3522,91,Lisa,Schubert,Atlanta,2021-01-12
3523,35,Barbara,Lorenzen,Nashville,2011-10-22
3523,35,Barbara,Lorenzen,Nashville,2011-10-22
3524,13,Brian,Kellner,Columbus,2000-05-17
3524,13,Brian,Kellner,Columbus,2000-05-17
3525,21,Michael,Ziegler,Boston,2017-12-18
3525,21,Michael,Ziegler,Boston,2017-12-18
3526,73,Lisa,Brüggemann,Portland,1996-09-19
3526,73,Lisa,Brüggemann,Portland,1996-09-19
3527,24,Amanda,Bader,Omaha,2023-03-12
3527,24,Amanda,Bader,Omaha,2023-03-12
3528,48,Mary,Tiedemann,El Paso,2007-12-28
3528,48,Mary,Tiedemann,El Paso,2007-12-28
3529,33,Nancy,Kessler,Milwaukee,2021-07-11
3529,33,Nancy,Kessler,Milwaukee,2021-07-11
3530,1,Kimberly,Kluge,Memphis,1999-04-15
3530,1,Kimberly,Kluge,Memphis,1999-04-15
3531,72,Anthony,Horn,Baltimore,1995-10-04
3531,72,Anthony,Horn,Baltimore,1995-10-04
3532,3,Kenneth,Ritter,Detroit,2015-12-11
3532,3,Kenneth,Ritter,Detroit,2015-12-11
3533,14,James,Harder,Oklahoma City,1999-10-15
3533,14,James,Harder,Oklahoma City,1999-10-15
3534,14,Linda,Scheel,Kansas City,2001-01-10
3534,14,Linda,Scheel,Kansas City,2001-01-10
3535,49,Daniel,Clausen,Denver,2014-07-04
3535,49,Daniel,Clausen,Denver,2014-07-04
3536,33,Donna,Werner,Portland,2008-04-16
3536,33,Donna,Werner,Portland,2008-04-16
3537,4,Jennifer,Rau,Boston,1999-05-04
3537,4,Jennifer,Rau,Boston,1999-05-04
3538,38,Lisa,Wild,Omaha,2005-10-07
3538,38,Lisa,Wild,Omaha,2005-10-07
3539,25,Matthew,Brüggemann,Kansas City,2014-06-15
3539,25,Matthew,Brüggemann,Kansas City,2014-06-15
3540,47,Karen,Stiller,El Paso,2020-12-13
3540,47,Karen,Stiller,El Paso,2020-12-13
3541,13,Thomas,Jung,Memphis,2014-07-12
3541,13,Thomas,Jung,Memphis,2014-07-12
3542,39,Barbara,Biermann,Charlotte,2023-02-16
3542,39,Barbara,Biermann,Charlotte,2023-02-16
3543,25,Jennifer,Hinrichs,Chicago,2007-03-23
3543,25,Jennifer,Hinrichs,Chicago,2007-03-23
3544,73,Sandra,Bastian,Jacksonville,2005-07-26
3544,73,Sandra,Bastian,Jacksonville,2005-07-26
3545,43,Anthony,Lemke,Charlotte,2012-08-07
3545,43,Anthony,Lemke,Charlotte,2012-08-07
3546,38,Linda,Reinhardt,Indianapolis,2005-04-26
3546,38,Linda,Reinhardt,Indianapolis,2005-04-26
3547,35,Christopher,Ehlers,San Francisco,2021-01-24
3547,35,Christopher,Ehlers,San Francisco,2021-01-24
3548,93,Carol,Witte,Denver,2019-08-02
3548,93,Carol,Witte,Denver,2019-08-02
3549,55,James,Schaper,Austin,1997-05-20
3549,55,James,Schaper,Austin,1997-05-20
3550,50,Mark,Schirmer,Phoenix,2013-02-11
3550,50,Mark,Schirmer,Phoenix,2013-02-11
3551,78,Brian,Abel,Phoenix,2019-03-07
3551,78,Brian,Abel,Phoenix,2019-03-07
3552,34,Ronald,Behrendt,Columbus,2017-01-03
3552,34,Ronald,Behrendt,Columbus,2017-01-03
3553,25,Andrew,Clemens,Detroit,2000-03-24
3553,25,Andrew,Clemens,Detroit,2000-03-24
3554,42,Michelle,Rath,San Diego,2007-07-18
3554,42,Michelle,Rath,San Diego,2007-07-18
3555,92,Susan,Stadler,Phoenix,2012-01-06
3555,92,Susan,Stadler,Phoenix,2012-01-06
3556,51,Andrew,Dreher,San Antonio,2017-07-28
3556,51,Andrew,Dreher,San Antonio,2017-07-28
3557,94,Deborah,Dick,Indianapolis,2021-06-28
3557,94,Deborah,Dick,Indianapolis,2021-06-28
3558,37,Brian,Blank,Columbus,2024-10-18
3558,37,Brian,Blank,Columbus,2024-10-18
3559,66,Sarah,Ulrich,Atlanta,2011-05-20
3559,66,Sarah,Ulrich,Atlanta,2011-05-20
3560,85,Ronald,Urban,Houston,2021-04-04
3560,85,Ronald,Urban,Houston,2021-04-04
3561,34,Richard,May,Mesa,2000-09-20
3561,34,Richard,May,Mesa,2000-09-20
3562,83,Donna,Hermann,San Francisco,2013-08-04
3562,83,Donna,Hermann,San Francisco,2013-08-04
3563,38,Ronald,Ludwig,Mesa,2008-04-14
3563,38,Ronald,Ludwig,Mesa,2008-04-14
3564,31,Melissa,Mayr,Philadelphia,1996-08-06
3564,31,Melissa,Mayr,Philadelphia,1996-08-06
3565,26,Ronald,Schiffer,Indianapolis,2021-10-27
3565,26,Ronald,Schiffer,Indianapolis,2021-10-27
3566,76,Linda,Zimmermann,Memphis,1997-06-11
3566,76,Linda,Zimmermann,Memphis,1997-06-11
3567,94,Kevin,Reich,Mesa,2023-10-09
3567,94,Kevin,Reich,Mesa,2023-10-09
3568,26,Sarah,Thelen,Kansas City,2020-11-11
3568,26,Sarah,Thelen,Kansas City,2020-11-11
3569,63,Steven,Baumann,Atlanta,2011-05-10
3569,63,Steven,Baumann,Atlanta,2011-05-10
3570,48,Sandra,Thiemann,Jacksonville,2007-10-15
3570,48,Sandra,Thiemann,Jacksonville,2007-10-15
3571,95,Joshua,Weigand,Mesa,2004-12-03
3571,95,Joshua,Weigand,Mesa,2004-12-03
3572,79,Charles,Bosch,Memphis,2004-12-08
3572,79,Charles,Bosch,Memphis,2004-12-08
3573,10,Ronald,Grote,Columbus,2015-10-27
3573,10,Ronald,Grote,Columbus,2015-10-27
3574,36,Carol,Uhlig,Houston,2020-01-09
3574,36,Carol,Uhlig,Houston,2020-01-09
3575,40,Kevin,Vollmer,Mesa,2012-02-05
3575,40,Kevin,Vollmer,Mesa,2012-02-05
3576,26,Kenneth,Brück,San Jose,2003-02-02
3576,26,Kenneth,Brück,San Jose,2003-02-02
3577,9,David,Dietz,Seattle,2022-09-19
3577,9,David,Dietz,Seattle,2022-09-19
3578,53,Nancy,Barthel,Tucson,2023-05-04
3578,53,Nancy,Barthel,Tucson,2023-05-04
3579,81,Paul,Gärtner,Nashville,2020-07-14
3579,81,Paul,Gärtner,Nashville,2020-07-14
3580,70,Ronald,Pieper,Indianapolis,2017-02-22
3580,70,Ronald,Pieper,Indianapolis,2017-02-22
3581,86,Kenneth,Stark,Charlotte,2013-05-25
3581,86,Kenneth,Stark,Charlotte,2013-05-25
3582,80,Thomas,Schiller,Phoenix,2003-04-28
3582,80,Thomas,Schiller,Phoenix,2003-04-28
3583,86,Nancy,Wulff,Philadelphia,1995-11-14
3583,86,Nancy,Wulff,Philadelphia,1995-11-14
3584,53,Charles,Hertel,Kansas City,2023-01-12
3584,53,Charles,Hertel,Kansas City,2023-01-12
3585,39,Joshua,Rau,Chicago,2018-04-09
3585,39,Joshua,Rau,Chicago,2018-04-09
3586,61,Kenneth,Tietz,Fort Worth,1998-09-18
3586,61,Kenneth,Tietz,Fort Worth,1998-09-18
3587,52,Joshua,Kleine,Mesa,2008-06-17
3587,52,Joshua,Kleine,Mesa,2008-06-17
3588,68,Richard,Klaus,Tucson,2009-09-24
3588,68,Richard,Klaus,Tucson,2009-09-24
3589,68,William,Henze,Mesa,2003-08-26
3589,68,William,Henze,Mesa,2003-08-26
3590,73,Melissa,Burkhardt,Tucson,2001-02-23
3590,73,Melissa,Burkhardt,Tucson,2001-02-23
3591,78,Christopher,Groth,Milwaukee,2023-12-07
3591,78,Christopher,Groth,Milwaukee,2023-12-07
3592,42,William,Reiter,Nashville,2007-01-27
3592,42,William,Reiter,Nashville,2007-01-27
3593,90,Richard,Bruhn,Portland,2004-11-06
3593,90,Richard,Bruhn,Portland,2004-11-06
3594,67,Melissa,Hering,Portland,2014-02-13
3594,67,Melissa,Hering,Portland,2014-02-13
3595,96,Brian,Apel,San Diego,2005-07-22
3595,96,Brian,Apel,San Diego,2005-07-22
3596,75,James,Paul,Atlanta,1997-10-03
3596,75,James,Paul,Atlanta,1997-10-03
3597,51,Michelle,Wessels,Albuquerque,2004-06-09
3597,51,Michelle,Wessels,Albuquerque,2004-06-09
3598,3,Amanda,Hermes,Detroit,2021-03-13
3598,3,Amanda,Hermes,Detroit,2021-03-13
3599,13,Christopher,Berndt,Los Angeles,2015-03-16
3599,13,Christopher,Berndt,Los Angeles,2015-03-16
3600,13,Barbara,Klemm,Fort Worth,2017-08-12
3600,13,Barbara,Klemm,Fort Worth,2017-08-12
3601,61,Linda,Kahl,Washington,2024-01-28
3601,61,Linda,Kahl,Washington,2024-01-28
3602,24,Linda,Schlegel,San Francisco,2005-08-11
3602,24,Linda,Schlegel,San Francisco,2005-08-11
3603,20,Brian,Reinhard,San Antonio,2012-09-16
3603,20,Brian,Reinhard,San Antonio,2012-09-16
3604,74,Barbara,Eilers,Houston,1995-12-15
3604,74,Barbara,Eilers,Houston,1995-12-15
3605,87,Deborah,Schmidt,Atlanta,2010-12-15
3605,87,Deborah,Schmidt,Atlanta,2010-12-15
3606,97,Steven,Reichelt,Kansas City,2014-05-23
3606,97,Steven,Reichelt,Kansas City,2014-05-23
3607,55,Brian,Mueller,Albuquerque,2005-08-21
3607,55,Brian,Mueller,Albuquerque,2005-08-21
3608,35,Sandra,Weidner,Austin,2012-09-28
3608,35,Sandra,Weidner,Austin,2012-09-28
3609,78,Joshua,Schade,New York,2024-09-05
3609,78,Joshua,Schade,New York,2024-09-05
3610,80,Betty,Döring,Boston,2014-07-09
3610,80,Betty,Döring,Boston,2014-07-09
3611,30,Robert,Schuler,Las Vegas,2015-11-04
3611,30,Robert,Schuler,Las Vegas,2015-11-04
3612,83,Linda,Palm,San Francisco,2000-04-10
3612,83,Linda,Palm,San Francisco,2000-04-10
3613,33,Matthew,Busch,San Diego,1996-02-23
3613,33,Matthew,Busch,San Diego,1996-02-23
3614,41,Anthony,Seidel,Portland,2021-12-03
3614,41,Anthony,Seidel,Portland,2021-12-03
3615,66,Melissa,Mahler,Seattle,2014-02-05
3615,66,Melissa,Mahler,Seattle,2014-02-05
3616,49,Daniel,Wilke,Portland,1997-07-26
3616,49,Daniel,Wilke,Portland,1997-07-26
3617,8,Ashley,Falk,Washington,2003-08-09
3617,8,Ashley,Falk,Washington,2003-08-09
3618,84,Brian,Reich,Indianapolis,2021-05-02
3618,84,Brian,Reich,Indianapolis,2021-05-02
3619,3,Timothy,Klinger,Los Angeles,2012-04-19
3619,3,Timothy,Klinger,Los Angeles,2012-04-19
3620,85,Daniel,Jonas,Phoenix,1997-11-05
3620,85,Daniel,Jonas,Phoenix,1997-11-05
3621,65,Ronald,Rühl,Seattle,2009-10-13
3621,65,Ronald,Rühl,Seattle,2009-10-13
3622,85,Timothy,Renner,Chicago,2008-07-13
3622,85,Timothy,Renner,Chicago,2008-07-13
3623,72,Sarah,Kempf,Portland,1999-12-03
3623,72,Sarah,Kempf,Portland,1999-12-03
3624,2,Karen,Baumann,San Francisco,2007-07-07
3624,2,Karen,Baumann,San Francisco,2007-07-07
3625,87,Karen,Hohmann,Indianapolis,2001-05-06
3625,87,Karen,Hohmann,Indianapolis,2001-05-06
3626,41,Mary,Weiler,Philadelphia,2005-08-13
3626,41,Mary,Weiler,Philadelphia,2005-08-13
3627,53,Patricia,Pahl,San Antonio,2024-08-17
3627,53,Patricia,Pahl,San Antonio,2024-08-17
3628,75,Ashley,Löhr,Columbus,2022-12-03
3628,75,Ashley,Löhr,Columbus,2022-12-03
3629,16,Steven,Wetzel,Kansas City,2015-09-04
3629,16,Steven,Wetzel,Kansas City,2015-09-04
3630,9,Margaret,Engler,Omaha,2020-12-18
3630,9,Margaret,Engler,Omaha,2020-12-18
3631,96,Karen,Faust,Charlotte,2005-02-10
3631,96,Karen,Faust,Charlotte,2005-02-10
3632,39,Paul,Hausmann,Tucson,2017-03-17
3632,39,Paul,Hausmann,Tucson,2017-03-17
3633,64,Christopher,Kurz,Portland,2023-06-27
3633,64,Christopher,Kurz,Portland,2023-06-27
3634,36,Timothy,Sachs,Memphis,1999-02-17
3634,36,Timothy,Sachs,Memphis,1999-02-17
3635,23,Betty,Brenner,Atlanta,2011-12-19
3635,23,Betty,Brenner,Atlanta,2011-12-19
3636,47,Michelle,Häusler,Phoenix,2013-12-07
3636,47,Michelle,Häusler,Phoenix,2013-12-07
3637,49,Sarah,Thomsen,Memphis,2002-09-19
3637,49,Sarah,Thomsen,Memphis,2002-09-19
3638,55,Ronald,Gehrke,Albuquerque,2016-08-12
3638,55,Ronald,Gehrke,Albuquerque,2016-08-12
3639,94,Steven,Rothe,Philadelphia,1997-02-18
3639,94,Steven,Rothe,Philadelphia,1997-02-18
3640,10,Barbara,Wacker,Los Angeles,2016-05-23
3640,10,Barbara,Wacker,Los Angeles,2016-05-23
3641,63,Joseph,Schütt,Philadelphia,2003-06-03
3641,63,Joseph,Schütt,Philadelphia,2003-06-03
3642,95,Kenneth,Konrad,Houston,2022-07-11
3642,95,Kenneth,Konrad,Houston,2022-07-11
3643,26,Joshua,Sturm,Memphis,2017-08-12
3643,26,Joshua,Sturm,Memphis,2017-08-12
3644,48,Mary,Horn,Boston,2000-02-26
3644,48,Mary,Horn,Boston,2000-02-26
3645,30,Mark,Klemm,Dallas,2007-07-14
3645,30,Mark,Klemm,Dallas,2007-07-14
3646,2,Kenneth,Friese,Chicago,1999-07-11
3646,2,Kenneth,Friese,Chicago,1999-07-11
3647,29,Elizabeth,Bischoff,Detroit,2009-08-12
3647,29,Elizabeth,Bischoff,Detroit,2009-08-12
3648,54,Mary,Pahl,Portland,2007-03-07
3648,54,Mary,Pahl,Portland,2007-03-07
3649,32,William,Dietz,Mesa,2021-07-03
3649,32,William,Dietz,Mesa,2021-07-03
3650,38,Richard,Schade,Albuquerque,2011-10-02
3650,38,Richard,Schade,Albuquerque,2011-10-02
3651,21,Elizabeth,Horstmann,New York,2022-12-17
3651,21,Elizabeth,Horstmann,New York,2022-12-17
3652,27,Susan,Seifert,Indianapolis,2016-11-11
3652,27,Susan,Seifert,Indianapolis,2016-11-11
3653,88,Karen,Schauer,Austin,2024-07-04
3653,88,Karen,Schauer,Austin,2024-07-04
3654,34,David,Götze,Detroit,2008-07-05
3654,34,David,Götze,Detroit,2008-07-05
3655,23,Joshua,Paulus,Omaha,1996-11-20
3655,23,Joshua,Paulus,Omaha,1996-11-20
3656,78,Betty,Neugebauer,New York,2006-03-02
3656,78,Betty,Neugebauer,New York,2006-03-02
3657,39,Michael,Hiller,Detroit,2006-07-05
3657,39,Michael,Hiller,Detroit,2006-07-05
3658,69,Sarah,Klaus,Louisville,2020-11-20
3658,69,Sarah,Klaus,Louisville,2020-11-20
3659,73,Jennifer,Fleischmann,Dallas,2012-09-12
3659,73,Jennifer,Fleischmann,Dallas,2012-09-12
3660,45,Anthony,Dietz,Washington,2002-07-18
3660,45,Anthony,Dietz,Washington,2002-07-18
3661,63,Mary,Dittmann,San Diego,2020-01-28
3661,63,Mary,Dittmann,San Diego,2020-01-28
3662,8,Mark,Hecker,Portland,2018-01-27
3662,8,Mark,Hecker,Portland,2018-01-27
3663,7,Donna,Kolbe,Colorado Springs,2014-10-20
3663,7,Donna,Kolbe,Colorado Springs,2014-10-20
3664,30,Michael,Pietsch,Denver,2008-09-13
3664,30,Michael,Pietsch,Denver,2008-09-13
3665,12,Jessica,Drechsler,Boston,2019-01-18
3665,12,Jessica,Drechsler,Boston,2019-01-18
3666,20,Ashley,Fleischmann,Kansas City,2009-06-22
3666,20,Ashley,Fleischmann,Kansas City,2009-06-22
3667,64,Michelle,Rademacher,Nashville,2014-03-19
3667,64,Michelle,Rademacher,Nashville,2014-03-19
3668,29,Mary,Schulze,Las Vegas,1999-08-05
3668,29,Mary,Schulze,Las Vegas,1999-08-05
3669,55,Thomas,Bruhn,Las Vegas,2002-01-14
3669,55,Thomas,Bruhn,Las Vegas,2002-01-14
3670,12,Kenneth,Lampe,Denver,2024-08-04
3670,12,Kenneth,Lampe,Denver,2024-08-04
3671,84,Barbara,Schmitz,Los Angeles,2020-12-20
3671,84,Barbara,Schmitz,Los Angeles,2020-12-20
3672,22,Andrew,Kowalski,Columbus,2000-06-24
3672,22,Andrew,Kowalski,Columbus,2000-06-24
3673,23,Kevin,Boos,Albuquerque,2009-04-10
3673,23,Kevin,Boos,Albuquerque,2009-04-10
3674,48,James,Bartel,Albuquerque,2016-09-07
3674,48,James,Bartel,Albuquerque,2016-09-07
3675,45,Brian,Grube,Louisville,2001-10-24
3675,45,Brian,Grube,Louisville,2001-10-24
3676,26,Joseph,Beck,Colorado Springs,2001-10-14
3676,26,Joseph,Beck,Colorado Springs,2001-10-14
3677,28,Sandra,Hinze,Omaha,2012-11-02
3677,28,Sandra,Hinze,Omaha,2012-11-02
3678,55,Paul,Heilmann,Omaha,1996-11-23
3678,55,Paul,Heilmann,Omaha,1996-11-23
3679,73,Charles,Janzen,San Jose,1996-11-01
3679,73,Charles,Janzen,San Jose,1996-11-01
3680,69,Ronald,Exner,Fort Worth,2010-03-21
3680,69,Ronald,Exner,Fort Worth,2010-03-21
3681,2,Donald,Burger,San Diego,2021-02-06
3681,2,Donald,Burger,San Diego,2021-02-06
3682,28,Matthew,Brand,Charlotte,2005-07-26
3682,28,Matthew,Brand,Charlotte,2005-07-26
3683,77,Daniel,Langner,Detroit,1997-03-26
3683,77,Daniel,Langner,Detroit,1997-03-26
3684,79,Nancy,Karl,Fort Worth,2002-12-21
3684,79,Nancy,Karl,Fort Worth,2002-12-21
3685,53,Donna,Hausmann,Portland,2013-09-05
3685,53,Donna,Hausmann,Portland,2013-09-05
3686,14,Betty,Strauch,Seattle,1997-05-02
3686,14,Betty,Strauch,Seattle,1997-05-02
3687,46,Charles,Mann,Mesa,2015-11-25
3687,46,Charles,Mann,Mesa,2015-11-25
3688,78,Kevin,Hartl,Portland,2015-06-14
3688,78,Kevin,Hartl,Portland,2015-06-14
3689,67,Karen,Menke,Dallas,2012-09-01
3689,67,Karen,Menke,Dallas,2012-09-01
3690,74,Margaret,Hertel,Colorado Springs,2010-05-24
3690,74,Margaret,Hertel,Colorado Springs,2010-05-24
3691,70,Andrew,Hartung,New York,2023-06-24
3691,70,Andrew,Hartung,New York,2023-06-24
3692,20,Brian,Lehmann,San Antonio,2016-09-15
3692,20,Brian,Lehmann,San Antonio,2016-09-15
3693,35,David,Schwarzer,Detroit,2015-09-26
3693,35,David,Schwarzer,Detroit,2015-09-26
3694,48,Donna,Pütz,San Antonio,2022-03-28
3694,48,Donna,Pütz,San Antonio,2022-03-28
3695,43,Ashley,Hermann,San Antonio,2001-01-23
3695,43,Ashley,Hermann,San Antonio,2001-01-23
3696,20,Amanda,Walter,San Diego,1997-12-05
3696,20,Amanda,Walter,San Diego,1997-12-05
3697,56,Kimberly,John,Indianapolis,2015-03-13
3697,56,Kimberly,John,Indianapolis,2015-03-13
3698,3,Emily,Scheffler,Chicago,2013-01-12
3698,3,Emily,Scheffler,Chicago,2013-01-12
3699,68,Michael,Henkel,Jacksonville,2003-07-15
3699,68,Michael,Henkel,Jacksonville,2003-07-15
3700,11,Michael,Seidel,San Antonio,1996-09-04
3700,11,Michael,Seidel,San Antonio,1996-09-04
3701,62,Betty,Burmeister,Nashville,1995-11-05
3701,62,Betty,Burmeister,Nashville,1995-11-05
3702,61,Amanda,Kellner,Atlanta,2003-11-01
3702,61,Amanda,Kellner,Atlanta,2003-11-01
3703,95,Joseph,Hansen,Milwaukee,2001-10-12
3703,95,Joseph,Hansen,Milwaukee,2001-10-12
3704,58,Kenneth,Kruse,El Paso,2022-11-11
3704,58,Kenneth,Kruse,El Paso,2022-11-11
3705,29,Daniel,Johannsen,Portland,2005-11-02
3705,29,Daniel,Johannsen,Portland,2005-11-02
3706,38,Michelle,Heidrich,Washington,2013-02-17
3706,38,Michelle,Heidrich,Washington,2013-02-17
3707,84,William,Hertel,Colorado Springs,2021-09-21
3707,84,William,Hertel,Colorado Springs,2021-09-21
3708,88,Deborah,Heise,Portland,1998-01-14
3708,88,Deborah,Heise,Portland,1998-01-14
3709,87,Emily,Jakobs,Houston,2011-10-14
3709,87,Emily,Jakobs,Houston,2011-10-14
3710,22,Margaret,Schiffer,Las Vegas,1996-12-27
3710,22,Margaret,Schiffer,Las Vegas,1996-12-27
3711,86,Steven,Buschmann,El Paso,2023-12-26
3711,86,Steven,Buschmann,El Paso,2023-12-26
3712,41,Nancy,Vogler,Denver,2013-11-16
3712,41,Nancy,Vogler,Denver,2013-11-16
3713,84,Joshua,Baumeister,Chicago,2017-05-14
3713,84,Joshua,Baumeister,Chicago,2017-05-14
3714,63,Kimberly,Schaper,Portland,2015-04-10
3714,63,Kimberly,Schaper,Portland,2015-04-10
3715,38,Betty,Berthold,Chicago,1998-07-01
3715,38,Betty,Berthold,Chicago,1998-07-01
3716,50,Paul,Nickel,Louisville,1996-05-13
3716,50,Paul,Nickel,Louisville,1996-05-13
3717,7,John,Schuler,San Francisco,2005-05-22
3717,7,John,Schuler,San Francisco,2005-05-22
3718,24,Patricia,Falk,Milwaukee,2005-08-28
3718,24,Patricia,Falk,Milwaukee,2005-08-28
3719,46,Paul,Wimmer,Jacksonville,2008-08-09
3719,46,Paul,Wimmer,Jacksonville,2008-08-09
3720,25,James,Albers,Washington,2002-08-03
3720,25,James,Albers,Washington,2002-08-03
3721,78,James,Kirchhoff,Baltimore,2004-09-02
3721,78,James,Kirchhoff,Baltimore,2004-09-02
3722,29,Timothy,Janke,Nashville,2006-01-07
3722,29,Timothy,Janke,Nashville,2006-01-07
3723,67,Sarah,Haack,Mesa,2011-06-15
3723,67,Sarah,Haack,Mesa,2011-06-15
3724,93,Christopher,Noack,El Paso,2008-11-01
3724,93,Christopher,Noack,El Paso,2008-11-01
3725,80,Mark,Ruppert,Kansas City,2024-01-04
3725,80,Mark,Ruppert,Kansas City,2024-01-04
3726,85,Elizabeth,Menke,Fort Worth,2007-11-06
3726,85,Elizabeth,Menke,Fort Worth,2007-11-06
3727,22,Karen,Fechner,Boston,2012-11-15
3727,22,Karen,Fechner,Boston,2012-11-15
3728,85,Betty,Paulus,Oklahoma City,2008-04-20
3728,85,Betty,Paulus,Oklahoma City,2008-04-20
3729,86,Andrew,Radtke,San Antonio,1998-06-11
3729,86,Andrew,Radtke,San Antonio,1998-06-11
3730,9,Kevin,Wiedemann,Memphis,2009-05-15
3730,9,Kevin,Wiedemann,Memphis,2009-05-15
3731,87,Timothy,Meyer,Memphis,2012-08-06
3731,87,Timothy,Meyer,Memphis,2012-08-06
3732,49,Donald,Rose,San Jose,2021-04-26
3732,49,Donald,Rose,San Jose,2021-04-26
3733,73,Anthony,Lerch,Chicago,2018-10-24
3733,73,Anthony,Lerch,Chicago,2018-10-24
3734,96,William,Henke,Los Angeles,2024-11-22
3734,96,William,Henke,Los Angeles,2024-11-22
3735,36,Ronald,Ullrich,Indianapolis,2020-10-17
3735,36,Ronald,Ullrich,Indianapolis,2020-10-17
3736,5,Ronald,Schumacher,Baltimore,2001-12-17
3736,5,Ronald,Schumacher,Baltimore,2001-12-17
3737,90,Donna,Beer,Kansas City,2006-03-11
3737,90,Donna,Beer,Kansas City,2006-03-11
3738,4,Robert,Weiß,Philadelphia,2002-12-10
3738,4,Robert,Weiß,Philadelphia,2002-12-10
3739,24,Linda,Fuchs,San Antonio,2012-10-16
3739,24,Linda,Fuchs,San Antonio,2012-10-16
3740,41,Kimberly,Metzger,Phoenix,2015-03-17
3740,41,Kimberly,Metzger,Phoenix,2015-03-17
3741,14,Deborah,Wittmann,San Antonio,1996-03-20
3741,14,Deborah,Wittmann,San Antonio,1996-03-20
3742,91,Barbara,Henke,Fresno,2016-08-21
3742,91,Barbara,Henke,Fresno,2016-08-21
3743,12,Donna,Kastner,Albuquerque,2002-12-20
3743,12,Donna,Kastner,Albuquerque,2002-12-20
3744,82,James,Hempel,San Jose,2008-05-11
3744,82,James,Hempel,San Jose,2008-05-11
3745,44,Donald,Bergmann,Baltimore,2017-12-27
3745,44,Donald,Bergmann,Baltimore,2017-12-27
3746,9,Patricia,John,Boston,2022-12-04
3746,9,Patricia,John,Boston,2022-12-04
3747,66,Ronald,Weiler,Nashville,2007-12-16
3747,66,Ronald,Weiler,Nashville,2007-12-16
3748,38,Brian,Meister,Nashville,1999-04-10
3748,38,Brian,Meister,Nashville,1999-04-10
3749,96,Stephanie,Faber,Louisville,1999-12-10
3749,96,Stephanie,Faber,Louisville,1999-12-10
3750,77,Robert,Arndt,Oklahoma City,2015-02-19
3750,77,Robert,Arndt,Oklahoma City,2015-02-19
3751,57,Ashley,Riemer,Fresno,2020-11-08
3751,57,Ashley,Riemer,Fresno,2020-11-08
3752,47,Nancy,Lemke,Phoenix,2022-06-26
3752,47,Nancy,Lemke,Phoenix,2022-06-26
3753,55,Michael,Thiemann,Seattle,2003-09-23
3753,55,Michael,Thiemann,Seattle,2003-09-23
3754,88,William,Kempf,Colorado Springs,2020-06-14
3754,88,William,Kempf,Colorado Springs,2020-06-14
3755,2,Brian,0,Austin,2024-04-22
3755,2,Brian,0,Austin,2024-04-22
3756,83,Patricia,Wessels,San Francisco,2004-08-28
3756,83,Patricia,Wessels,San Francisco,2004-08-28
3757,18,Sandra,Reis,Washington,2000-12-12
3757,18,Sandra,Reis,Washington,2000-12-12
3758,66,Anthony,Fritsche,Atlanta,1999-03-05
3758,66,Anthony,Fritsche,Atlanta,1999-03-05
3759,90,Melissa,Fritzsche,Oklahoma City,1995-11-16
3759,90,Melissa,Fritzsche,Oklahoma City,1995-11-16
3760,57,Kevin,Unger,Philadelphia,2020-11-02
3760,57,Kevin,Unger,Philadelphia,2020-11-02
3761,64,Anthony,Wenzel,Fresno,2009-07-14
3761,64,Anthony,Wenzel,Fresno,2009-07-14
3762,88,Carol,Struck,Columbus,2021-08-10
3762,88,Carol,Struck,Columbus,2021-08-10
3763,27,Stephanie,Hansen,El Paso,2009-12-08
3763,27,Stephanie,Hansen,El Paso,2009-12-08
3764,53,Jennifer,Mayer,Oklahoma City,2002-04-03
3764,53,Jennifer,Mayer,Oklahoma City,2002-04-03
3765,59,Joseph,Schauer,San Jose,1998-02-01
3765,59,Joseph,Schauer,San Jose,1998-02-01
3766,29,Ashley,Ehrlich,Albuquerque,2001-07-26
3766,29,Ashley,Ehrlich,Albuquerque,2001-07-26
3767,72,Carol,Hollmann,Detroit,2024-09-24
3767,72,Carol,Hollmann,Detroit,2024-09-24
3768,95,Paul,Freund,Columbus,2019-03-17
3768,95,Paul,Freund,Columbus,2019-03-17
3769,98,Paul,Bertram,Mesa,2024-01-09
3769,98,Paul,Bertram,Mesa,2024-01-09
3770,14,Carol,Schnabel,San Diego,2015-05-03
3770,14,Carol,Schnabel,San Diego,2015-05-03
3771,68,Paul,Engels,Omaha,2002-01-22
3771,68,Paul,Engels,Omaha,2002-01-22
3772,43,Andrew,Brückner,Washington,1999-01-28
3772,43,Andrew,Brückner,Washington,1999-01-28
3773,29,Daniel,Schröer,Washington,2022-07-09
3773,29,Daniel,Schröer,Washington,2022-07-09
3774,57,Jennifer,Pape,Indianapolis,2001-01-26
3774,57,Jennifer,Pape,Indianapolis,2001-01-26
3775,33,Patricia,Kunert,Portland,2024-06-23
3775,33,Patricia,Kunert,Portland,2024-06-23
3776,21,Karen,Thieme,Jacksonville,2010-11-26
3776,21,Karen,Thieme,Jacksonville,2010-11-26
3777,41,David,Enders,Boston,2002-02-15
3777,41,David,Enders,Boston,2002-02-15
3778,1,Ronald,Walter,Milwaukee,2007-02-12
3778,1,Ronald,Walter,Milwaukee,2007-02-12
3779,27,Mark,Henrich,Nashville,2006-09-17
3779,27,Mark,Henrich,Nashville,2006-09-17
3780,2,Richard,Heinen,Portland,2002-02-21
3780,2,Richard,Heinen,Portland,2002-02-21
3781,64,Timothy,Harder,San Francisco,2023-09-10
3781,64,Timothy,Harder,San Francisco,2023-09-10
3782,51,Thomas,Bohn,Tucson,1997-12-03
3782,51,Thomas,Bohn,Tucson,1997-12-03
3783,54,Brian,Hillebrand,Milwaukee,2006-11-03
3783,54,Brian,Hillebrand,Milwaukee,2006-11-03
3784,74,Emily,Pusch,Detroit,2010-02-25
3784,74,Emily,Pusch,Detroit,2010-02-25
3785,74,Deborah,Buschmann,Nashville,2007-07-17
3785,74,Deborah,Buschmann,Nashville,2007-07-17
3786,30,Lisa,Reuter,Mesa,2007-12-08
3786,30,Lisa,Reuter,Mesa,2007-12-08
3787,1,Patricia,Schilling,New York,2019-10-01
3787,1,Patricia,Schilling,New York,2019-10-01
3788,95,Robert,Johannsen,Houston,2009-05-09
3788,95,Robert,Johannsen,Houston,2009-05-09
3789,99,Paul,Noack,Houston,2013-08-23
3789,99,Paul,Noack,Houston,2013-08-23
3790,29,Kenneth,Pauli,Detroit,1996-10-03
3790,29,Kenneth,Pauli,Detroit,1996-10-03
3791,13,Ronald,Kleine,Houston,2021-10-15
3791,13,Ronald,Kleine,Houston,2021-10-15
3792,73,Richard,Ochs,Dallas,2012-12-07
3792,73,Richard,Ochs,Dallas,2012-12-07
3793,43,Kimberly,Schütt,Baltimore,2012-03-05
3793,43,Kimberly,Schütt,Baltimore,2012-03-05
3794,41,Brian,Thiemann,Houston,2002-11-12
3794,41,Brian,Thiemann,Houston,2002-11-12
3795,75,Lisa,Behrens,Phoenix,2015-06-02
3795,75,Lisa,Behrens,Phoenix,2015-06-02
3796,88,Daniel,Hoffmann,El Paso,2008-04-01
3796,88,Daniel,Hoffmann,El Paso,2008-04-01
3797,89,Michael,Huth,Indianapolis,2023-04-08
3797,89,Michael,Huth,Indianapolis,2023-04-08
3798,58,Carol,Thies,Washington,1996-07-27
3798,58,Carol,Thies,Washington,1996-07-27
3799,77,Kimberly,Heilmann,Atlanta,1999-08-04
3799,77,Kimberly,Heilmann,Atlanta,1999-08-04
3800,14,Emily,Heinen,San Diego,2000-07-02
3800,14,Emily,Heinen,San Diego,2000-07-02
3801,41,Brian,Gehrmann,Tucson,2021-04-06
3801,41,Brian,Gehrmann,Tucson,2021-04-06
3802,67,Ronald,Helbig,Kansas City,2011-12-21
3802,67,Ronald,Helbig,Kansas City,2011-12-21
3803,54,Charles,Heinrichs,Indianapolis,2000-07-27
3803,54,Charles,Heinrichs,Indianapolis,2000-07-27
3804,6,Melissa,Schott,Phoenix,2001-11-22
3804,6,Melissa,Schott,Phoenix,2001-11-22
3805,46,Amanda,Ebner,Indianapolis,2005-07-24
3805,46,Amanda,Ebner,Indianapolis,2005-07-24
3806,77,Charles,Hagemann,San Antonio,1999-02-05
3806,77,Charles,Hagemann,San Antonio,1999-02-05
3807,1,Amanda,Rapp,New York,2024-06-10
3807,1,Amanda,Rapp,New York,2024-06-10
3808,29,William,Kübler,Dallas,2001-06-07
3808,29,William,Kübler,Dallas,2001-06-07
3809,78,Joshua,Mai,Seattle,1995-01-18
3809,78,Joshua,Mai,Seattle,1995-01-18
3810,76,Patricia,Vogel,Chicago,1999-06-15
3810,76,Patricia,Vogel,Chicago,1999-06-15
3811,26,James,Runge,Las Vegas,2015-01-22
3811,26,James,Runge,Las Vegas,2015-01-22
3812,58,Betty,Hansen,Louisville,2024-02-02
3812,58,Betty,Hansen,Louisville,2024-02-02
3813,87,Nancy,Spies,Jacksonville,2023-12-16
3813,87,Nancy,Spies,Jacksonville,2023-12-16
3814,3,Andrew,Horn,Dallas,1997-08-27
3814,3,Andrew,Horn,Dallas,1997-08-27
3815,60,Richard,Rost,San Jose,2009-07-13
3815,60,Richard,Rost,San Jose,2009-07-13
3816,14,Timothy,Hamm,Sacramento,2017-02-03
3816,14,Timothy,Hamm,Sacramento,2017-02-03
3817,98,Kimberly,Kunert,El Paso,2022-07-25
3817,98,Kimberly,Kunert,El Paso,2022-07-25
3818,23,William,Berg,San Francisco,2018-11-28
3818,23,William,Berg,San Francisco,2018-11-28
3819,62,Margaret,Stratmann,San Antonio,1999-02-05
3819,62,Margaret,Stratmann,San Antonio,1999-02-05
3820,10,Thomas,Schaller,Indianapolis,2017-06-08
3820,10,Thomas,Schaller,Indianapolis,2017-06-08
3821,4,Andrew,Hermes,Omaha,2021-03-01
3821,4,Andrew,Hermes,Omaha,2021-03-01
3822,39,Karen,Bormann,Mesa,1999-02-03
3822,39,Karen,Bormann,Mesa,1999-02-03
3823,74,Michelle,Reinke,Oklahoma City,2023-08-03
3823,74,Michelle,Reinke,Oklahoma City,2023-08-03
3824,88,Lisa,Appel,Las Vegas,2018-05-12
3824,88,Lisa,Appel,Las Vegas,2018-05-12
3825,34,Nancy,Schuh,Phoenix,2013-03-18
3825,34,Nancy,Schuh,Phoenix,2013-03-18
3826,88,Christopher,Wahl,Philadelphia,2013-11-28
3826,88,Christopher,Wahl,Philadelphia,2013-11-28
3827,25,Paul,Probst,Louisville,2001-10-02
3827,25,Paul,Probst,Louisville,2001-10-02
3828,52,Joshua,Wiedemann,Phoenix,2017-05-11
3828,52,Joshua,Wiedemann,Phoenix,2017-05-11
3829,15,Charles,Faust,Colorado Springs,2005-06-01
3829,15,Charles,Faust,Colorado Springs,2005-06-01
3830,12,Linda,Reiter,Kansas City,2000-03-27
3830,12,Linda,Reiter,Kansas City,2000-03-27
3831,1,Betty,Heider,Los Angeles,2017-10-14
3831,1,Betty,Heider,Los Angeles,2017-10-14
3832,9,Robert,Stahl,Colorado Springs,1998-09-28
3832,9,Robert,Stahl,Colorado Springs,1998-09-28
3833,59,Thomas,Ludwig,Nashville,2014-11-18
3833,59,Thomas,Ludwig,Nashville,2014-11-18
3834,14,Paul,Busse,Omaha,2024-03-22
3834,14,Paul,Busse,Omaha,2024-03-22
3835,31,Margaret,Jacobs,Atlanta,2022-11-09
3835,31,Margaret,Jacobs,Atlanta,2022-11-09
3836,88,Christopher,Schultze,Seattle,2021-04-14
3836,88,Christopher,Schultze,Seattle,2021-04-14
3837,53,Anthony,Hoch,Fort Worth,2000-09-25
3837,53,Anthony,Hoch,Fort Worth,2000-09-25
3838,63,Kimberly,Kuhlmann,San Francisco,2005-08-08
3838,63,Kimberly,Kuhlmann,San Francisco,2005-08-08
3839,10,William,Held,Atlanta,2016-12-09
3839,10,William,Held,Atlanta,2016-12-09
3840,43,Brian,Ernst,Kansas City,2006-10-21
3840,43,Brian,Ernst,Kansas City,2006-10-21
3841,18,Timothy,Wieczorek,Charlotte,2002-02-07
3841,18,Timothy,Wieczorek,Charlotte,2002-02-07
3842,67,Barbara,Küppers,San Antonio,2005-06-06
3842,67,Barbara,Küppers,San Antonio,2005-06-06
3843,59,Charles,Schröder,Columbus,2009-10-12
3843,59,Charles,Schröder,Columbus,2009-10-12
3844,76,William,Seidl,New York,2015-07-22
3844,76,William,Seidl,New York,2015-07-22
3845,99,Joshua,Lindemann,Kansas City,2019-01-27
3845,99,Joshua,Lindemann,Kansas City,2019-01-27
3846,23,Betty,Renz,Chicago,2022-08-14
3846,23,Betty,Renz,Chicago,2022-08-14
3847,86,Robert,Heidemann,Atlanta,1998-11-26
3847,86,Robert,Heidemann,Atlanta,1998-11-26
3848,75,Thomas,Fleischer,Milwaukee,1997-09-03
3848,75,Thomas,Fleischer,Milwaukee,1997-09-03
3849,46,Sarah,Schulz,San Jose,2019-11-18
3849,46,Sarah,Schulz,San Jose,2019-11-18
3850,49,Kenneth,Mayer,Seattle,2002-10-26
3850,49,Kenneth,Mayer,Seattle,2002-10-26
3851,23,Melissa,Weise,San Francisco,2011-01-11
3851,23,Melissa,Weise,San Francisco,2011-01-11
3852,12,Barbara,Brandl,San Francisco,2000-05-17
3852,12,Barbara,Brandl,San Francisco,2000-05-17
3853,29,Jennifer,Thomas,Austin,2013-10-12
3853,29,Jennifer,Thomas,Austin,2013-10-12
3854,89,Thomas,Ehrhardt,Oklahoma City,2006-09-25
3854,89,Thomas,Ehrhardt,Oklahoma City,2006-09-25
3855,88,Christopher,Cremer,Jacksonville,1996-05-05
3855,88,Christopher,Cremer,Jacksonville,1996-05-05
3856,59,Sandra,Horstmann,Memphis,2012-07-03
3856,59,Sandra,Horstmann,Memphis,2012-07-03
3857,53,Deborah,Lippert,Fresno,2014-08-23
3857,53,Deborah,Lippert,Fresno,2014-08-23
3858,68,Amanda,David,San Francisco,2008-01-19
3858,68,Amanda,David,San Francisco,2008-01-19
3859,63,Amanda,Löffler,San Jose,2019-02-12
3859,63,Amanda,Löffler,San Jose,2019-02-12
3860,29,Emily,Heim,Colorado Springs,2009-11-01
3860,29,Emily,Heim,Colorado Springs,2009-11-01
3861,3,Jennifer,Reiß,Portland,2004-08-03
3861,3,Jennifer,Reiß,Portland,2004-08-03
3862,95,Margaret,Stiller,Detroit,2018-10-27
3862,95,Margaret,Stiller,Detroit,2018-10-27
3863,89,Donna,Börner,Louisville,2006-08-10
3863,89,Donna,Börner,Louisville,2006-08-10
3864,37,William,Berner,San Jose,2004-05-26
3864,37,William,Berner,San Jose,2004-05-26
3865,63,Steven,Oppermann,Fort Worth,2005-12-20
3865,63,Steven,Oppermann,Fort Worth,2005-12-20
3866,23,Nancy,Haag,Louisville,1998-11-21
3866,23,Nancy,Haag,Louisville,1998-11-21
3867,49,Daniel,Lotz,Los Angeles,1996-06-28
3867,49,Daniel,Lotz,Los Angeles,1996-06-28
3868,86,Joseph,Steinbach,Atlanta,2004-12-10
3868,86,Joseph,Steinbach,Atlanta,2004-12-10
3869,93,Anthony,Steiner,Fresno,2011-01-03
3869,93,Anthony,Steiner,Fresno,2011-01-03
3870,77,William,Martens,El Paso,2004-06-18
3870,77,William,Martens,El Paso,2004-06-18
3871,3,Stephanie,Klose,Memphis,2022-11-02
3871,3,Stephanie,Klose,Memphis,2022-11-02
3872,22,Thomas,Schultze,Sacramento,2017-01-14
3872,22,Thomas,Schultze,Sacramento,2017-01-14
3873,36,Susan,Eckhardt,Austin,1995-07-26
3873,36,Susan,Eckhardt,Austin,1995-07-26
3874,10,Anthony,Eichhorn,Tucson,2006-01-14
3874,10,Anthony,Eichhorn,Tucson,2006-01-14
3875,9,Karen,Wolters,Austin,2015-08-19
3875,9,Karen,Wolters,Austin,2015-08-19
3876,56,Betty,Scholz,Dallas,2021-01-18
3876,56,Betty,Scholz,Dallas,2021-01-18
3877,55,Timothy,Struck,Columbus,2012-03-17
3877,55,Timothy,Struck,Columbus,2012-03-17
3878,19,Timothy,Preuß,Dallas,2014-03-14
3878,19,Timothy,Preuß,Dallas,2014-03-14
3879,72,Patricia,Thomsen,Colorado Springs,2004-05-05
3879,72,Patricia,Thomsen,Colorado Springs,2004-05-05
3880,33,John,Stadler,Chicago,2002-07-04
3880,33,John,Stadler,Chicago,2002-07-04
3881,20,Brian,Gehrmann,Memphis,2004-03-27
3881,20,Brian,Gehrmann,Memphis,2004-03-27
3882,94,Andrew,Kolb,Denver,1995-06-16
3882,94,Andrew,Kolb,Denver,1995-06-16
3883,35,Deborah,Zeidler,Mesa,2014-12-27
3883,35,Deborah,Zeidler,Mesa,2014-12-27
3884,31,David,Scheer,Albuquerque,2011-09-26
3884,31,David,Scheer,Albuquerque,2011-09-26
3885,83,Linda,John,San Antonio,1997-03-27
3885,83,Linda,John,San Antonio,1997-03-27
3886,50,Brian,Fink,Louisville,1999-02-27
3886,50,Brian,Fink,Louisville,1999-02-27
3887,46,Thomas,Bauer,Seattle,2003-08-23
3887,46,Thomas,Bauer,Seattle,2003-08-23
3888,78,Thomas,Kraft,Phoenix,2022-11-26
3888,78,Thomas,Kraft,Phoenix,2022-11-26
3889,10,Ronald,Brückner,El Paso,2020-09-08
3889,10,Ronald,Brückner,El Paso,2020-09-08
3890,67,Steven,Auer,Washington,2017-05-23
3890,67,Steven,Auer,Washington,2017-05-23
3891,34,Emily,Schroeder,Detroit,2018-05-27
3891,34,Emily,Schroeder,Detroit,2018-05-27
3892,51,Linda,Knobloch,Fort Worth,2024-09-11
3892,51,Linda,Knobloch,Fort Worth,2024-09-11
3893,92,Christopher,Heuer,Omaha,2022-02-11
3893,92,Christopher,Heuer,Omaha,2022-02-11
3894,83,Donna,Kruse,Denver,2007-03-24
3894,83,Donna,Kruse,Denver,2007-03-24
3895,39,Michael,Wittmann,New York,2012-04-03
3895,39,Michael,Wittmann,New York,2012-04-03
3896,90,Robert,Jacobi,Chicago,2011-10-13
3896,90,Robert,Jacobi,Chicago,2011-10-13
3897,68,Richard,Hausmann,Portland,2020-10-05
3897,68,Richard,Hausmann,Portland,2020-10-05
3898,12,Timothy,John,Seattle,2006-08-23
3898,12,Timothy,John,Seattle,2006-08-23
3899,26,Melissa,Hensel,Baltimore,1998-09-28
3899,26,Melissa,Hensel,Baltimore,1998-09-28
3900,71,Donald,Preuß,Los Angeles,2014-05-21
3900,71,Donald,Preuß,Los Angeles,2014-05-21
3901,67,Jessica,Götze,Phoenix,2019-03-25
3901,67,Jessica,Götze,Phoenix,2019-03-25
3902,90,Stephanie,Bahr,Memphis,2020-06-12
3902,90,Stephanie,Bahr,Memphis,2020-06-12
3903,2,Emily,May,Tucson,1996-07-08
3903,2,Emily,May,Tucson,1996-07-08
3904,12,Lisa,Endres,Oklahoma City,2001-05-12
3904,12,Lisa,Endres,Oklahoma City,2001-05-12
3905,59,Mark,Hinze,Baltimore,1998-12-28
3905,59,Mark,Hinze,Baltimore,1998-12-28
3906,32,Lisa,Wendel,Phoenix,2001-12-13
3906,32,Lisa,Wendel,Phoenix,2001-12-13
3907,51,Kevin,Hopf,Nashville,2013-05-21
3907,51,Kevin,Hopf,Nashville,2013-05-21
3908,11,Michael,Ehlers,Charlotte,2019-12-03
3908,11,Michael,Ehlers,Charlotte,2019-12-03
3909,32,Elizabeth,Uhlig,Oklahoma City,2003-01-11
3909,32,Elizabeth,Uhlig,Oklahoma City,2003-01-11
3910,64,Carol,Böhmer,San Diego,2012-08-05
3910,64,Carol,Böhmer,San Diego,2012-08-05
3911,45,Charles,Beyer,Milwaukee,1995-04-20
3911,45,Charles,Beyer,Milwaukee,1995-04-20
3912,79,Jessica,Beyer,Fort Worth,2019-01-18
3912,79,Jessica,Beyer,Fort Worth,2019-01-18
3913,54,Barbara,Riemer,Nashville,1997-07-21
3913,54,Barbara,Riemer,Nashville,1997-07-21
3914,6,Mary,Kruse,Baltimore,2003-06-15
3914,6,Mary,Kruse,Baltimore,2003-06-15
3915,26,Kenneth,Straub,Portland,1995-07-09
3915,26,Kenneth,Straub,Portland,1995-07-09
3916,8,Nancy,Breuer,Detroit,2011-07-24
3916,8,Nancy,Breuer,Detroit,2011-07-24
3917,8,Andrew,Schirmer,Tucson,2005-03-04
3917,8,Andrew,Schirmer,Tucson,2005-03-04
3918,38,Ashley,Zimmermann,Detroit,2012-04-16
3918,38,Ashley,Zimmermann,Detroit,2012-04-16
3919,8,Ashley,Ehlert,Detroit,2008-03-11
3919,8,Ashley,Ehlert,Detroit,2008-03-11
3920,17,Timothy,Jürgens,Mesa,2021-12-03
3920,17,Timothy,Jürgens,Mesa,2021-12-03
3921,83,Andrew,Rademacher,Omaha,2002-08-11
3921,83,Andrew,Rademacher,Omaha,2002-08-11
3922,3,Christopher,Christiansen,New York,2003-12-15
3922,3,Christopher,Christiansen,New York,2003-12-15
3923,41,Stephanie,Hacker,Charlotte,2013-12-07
3923,41,Stephanie,Hacker,Charlotte,2013-12-07
3924,73,Linda,Baumann,New York,2020-03-07
3924,73,Linda,Baumann,New York,2020-03-07
3925,53,Sandra,Sommerfeld,Austin,2004-01-09
3925,53,Sandra,Sommerfeld,Austin,2004-01-09
3926,97,Ronald,Seibert,Los Angeles,1997-10-13
3926,97,Ronald,Seibert,Los Angeles,1997-10-13
3927,96,Michelle,Scheffler,New York,2024-01-12
3927,96,Michelle,Scheffler,New York,2024-01-12
3928,96,John,Fritzsche,Milwaukee,2007-02-03
3928,96,John,Fritzsche,Milwaukee,2007-02-03
3929,70,Ashley,Heil,Indianapolis,2022-09-14
3929,70,Ashley,Heil,Indianapolis,2022-09-14
3930,62,John,Engelmann,Washington,1998-04-03
3930,62,John,Engelmann,Washington,1998-04-03
3931,53,Michael,Huber,Seattle,2018-08-09
3931,53,Michael,Huber,Seattle,2018-08-09
3932,59,James,Schober,San Francisco,2020-02-20
3932,59,James,Schober,San Francisco,2020-02-20
3933,93,Margaret,Freund,Baltimore,2009-03-14
3933,93,Margaret,Freund,Baltimore,2009-03-14
3934,81,Matthew,Reiter,Jacksonville,1996-06-16
3934,81,Matthew,Reiter,Jacksonville,1996-06-16
3935,83,Paul,Klaus,Sacramento,2022-12-11
3935,83,Paul,Klaus,Sacramento,2022-12-11
3936,95,James,Meyer,Nashville,1995-04-18
3936,95,James,Meyer,Nashville,1995-04-18
3937,83,Joseph,Möller,Indianapolis,1998-03-03
3937,83,Joseph,Möller,Indianapolis,1998-03-03
3938,23,Paul,Kersten,Philadelphia,2008-11-18
3938,23,Paul,Kersten,Philadelphia,2008-11-18
3939,47,Richard,Hiller,Chicago,2009-02-24
3939,47,Richard,Hiller,Chicago,2009-02-24
3940,35,Michelle,Mühlbauer,Nashville,2005-05-12
3940,35,Michelle,Mühlbauer,Nashville,2005-05-12
3941,14,Linda,Neubauer,San Jose,2000-05-11
3941,14,Linda,Neubauer,San Jose,2000-05-11
3942,65,Robert,Engelmann,Seattle,2006-05-06
3942,65,Robert,Engelmann,Seattle,2006-05-06
3943,97,David,Fröhlich,Las Vegas,2008-09-21
3943,97,David,Fröhlich,Las Vegas,2008-09-21
3944,49,James,Pauli,Portland,2012-05-02
3944,49,James,Pauli,Portland,2012-05-02
3945,36,Margaret,Grün,Houston,2011-09-07
3945,36,Margaret,Grün,Houston,2011-09-07
3946,1,Andrew,Heinrichs,Washington,2022-08-16
3946,1,Andrew,Heinrichs,Washington,2022-08-16
3947,84,Mary,Walther,Las Vegas,2004-07-03
3947,84,Mary,Walther,Las Vegas,2004-07-03
3948,22,Michelle,Lippert,Omaha,2018-09-14
3948,22,Michelle,Lippert,Omaha,2018-09-14
3949,35,Daniel,Lauterbach,Jacksonville,1999-11-28
3949,35,Daniel,Lauterbach,Jacksonville,1999-11-28
3950,3,David,Hartwig,Los Angeles,2002-01-08
3950,3,David,Hartwig,Los Angeles,2002-01-08
3951,12,Kimberly,Pfaff,Omaha,2016-06-02
3951,12,Kimberly,Pfaff,Omaha,2016-06-02
3952,37,Melissa,Böhme,Philadelphia,2001-03-20
3952,37,Melissa,Böhme,Philadelphia,2001-03-20
3953,58,Susan,Weis,Seattle,2017-06-16
3953,58,Susan,Weis,Seattle,2017-06-16
3954,77,Patricia,Baur,San Francisco,2016-09-25
3954,77,Patricia,Baur,San Francisco,2016-09-25
3955,12,Ashley,Schaefer,Kansas City,1995-01-20
3955,12,Ashley,Schaefer,Kansas City,1995-01-20
3956,2,Donald,Claus,El Paso,2014-12-14
3956,2,Donald,Claus,El Paso,2014-12-14
3957,84,Donna,Amann,Baltimore,2001-07-04
3957,84,Donna,Amann,Baltimore,2001-07-04
3958,65,William,John,Nashville,2016-03-03
3958,65,William,John,Nashville,2016-03-03
3959,58,Andrew,Tiedemann,Jacksonville,2015-10-08
3959,58,Andrew,Tiedemann,Jacksonville,2015-10-08
3960,60,Linda,Binder,San Jose,2006-01-12
3960,60,Linda,Binder,San Jose,2006-01-12
3961,41,Michael,Hillebrand,Fort Worth,2012-11-17
3961,41,Michael,Hillebrand,Fort Worth,2012-11-17
3962,35,Susan,Ehrhardt,Dallas,2009-12-17
3962,35,Susan,Ehrhardt,Dallas,2009-12-17
3963,88,Richard,Kleine,Houston,2023-08-20
3963,88,Richard,Kleine,Houston,2023-08-20
3964,90,Brian,Linke,Colorado Springs,2008-12-22
3964,90,Brian,Linke,Colorado Springs,2008-12-22
3965,11,Emily,Steffens,Las Vegas,2007-04-10
3965,11,Emily,Steffens,Las Vegas,2007-04-10
3966,52,Kimberly,Wilke,Fresno,2005-08-01
3966,52,Kimberly,Wilke,Fresno,2005-08-01
3967,52,Brian,Schiffer,Colorado Springs,2012-01-25
3967,52,Brian,Schiffer,Colorado Springs,2012-01-25
3968,62,Christopher,Reiß,Phoenix,2004-05-05
3968,62,Christopher,Reiß,Phoenix,2004-05-05
3969,63,Donna,Merten,Charlotte,2013-05-09
3969,63,Donna,Merten,Charlotte,2013-05-09
3970,15,Jessica,Baumeister,Houston,1995-02-26
3970,15,Jessica,Baumeister,Houston,1995-02-26
3971,70,Mary,Baumeister,Colorado Springs,2018-05-28
3971,70,Mary,Baumeister,Colorado Springs,2018-05-28
3972,40,Michelle,Volz,San Diego,2001-01-10
3972,40,Michelle,Volz,San Diego,2001-01-10
3973,9,Thomas,Koller,Las Vegas,1996-11-01
3973,9,Thomas,Koller,Las Vegas,1996-11-01
3974,70,Kimberly,Kuhlmann,Louisville,2024-01-15
3974,70,Kimberly,Kuhlmann,Louisville,2024-01-15
3975,17,Carol,Becher,Portland,2015-04-04
3975,17,Carol,Becher,Portland,2015-04-04
3976,23,Jessica,Lenz,New York,1996-04-18
3976,23,Jessica,Lenz,New York,1996-04-18
3977,58,Donna,Lehnert,Fresno,2007-11-21
3977,58,Donna,Lehnert,Fresno,2007-11-21
3978,95,Mary,Schenk,San Francisco,2020-02-19
3978,95,Mary,Schenk,San Francisco,2020-02-19
3979,80,Mary,Bauer,Atlanta,2018-02-27
3979,80,Mary,Bauer,Atlanta,2018-02-27
3980,51,Sandra,Michels,Kansas City,2021-08-26
3980,51,Sandra,Michels,Kansas City,2021-08-26
3981,57,Richard,Schneider,Detroit,2019-02-12
3981,57,Richard,Schneider,Detroit,2019-02-12
3982,86,Timothy,Geyer,Las Vegas,2022-06-23
3982,86,Timothy,Geyer,Las Vegas,2022-06-23
3983,16,Donald,Freese,Colorado Springs,2023-07-24
3983,16,Donald,Freese,Colorado Springs,2023-07-24
3984,45,Kimberly,Schröder,Nashville,2015-05-27
3984,45,Kimberly,Schröder,Nashville,2015-05-27
3985,61,Joshua,Friedrichs,Baltimore,2000-03-19
3985,61,Joshua,Friedrichs,Baltimore,2000-03-19
3986,12,Michael,Ziegler,San Jose,2000-07-15
3986,12,Michael,Ziegler,San Jose,2000-07-15
3987,73,Linda,Rösch,Atlanta,2000-11-17
3987,73,Linda,Rösch,Atlanta,2000-11-17
3988,6,Daniel,Küpper,Chicago,2000-10-15
3988,6,Daniel,Küpper,Chicago,2000-10-15
3989,4,Susan,Heidenreich,Albuquerque,2005-06-24
3989,4,Susan,Heidenreich,Albuquerque,2005-06-24
3990,81,Anthony,Ebel,Sacramento,1999-03-05
3990,81,Anthony,Ebel,Sacramento,1999-03-05
3991,74,Mark,Ewert,Denver,2012-04-10
3991,74,Mark,Ewert,Denver,2012-04-10
3992,35,Joshua,Wacker,Columbus,2014-05-24
3992,35,Joshua,Wacker,Columbus,2014-05-24
3993,47,Joshua,Riedel,Washington,2016-07-06
3993,47,Joshua,Riedel,Washington,2016-07-06
3994,85,James,Behr,San Francisco,2017-11-10
3994,85,James,Behr,San Francisco,2017-11-10
3995,19,Thomas,Schweiger,Houston,2005-07-22
3995,19,Thomas,Schweiger,Houston,2005-07-22
3996,27,Kenneth,Biermann,Omaha,2017-05-06
3996,27,Kenneth,Biermann,Omaha,2017-05-06
3997,11,Ashley,Jaeger,Denver,2022-04-10
3997,11,Ashley,Jaeger,Denver,2022-04-10
3998,70,Richard,Wilde,Atlanta,2008-10-22
3998,70,Richard,Wilde,Atlanta,2008-10-22
3999,59,Charles,Palm,Los Angeles,2002-03-24
3999,59,Charles,Palm,Los Angeles,2002-03-24
4000,41,Christopher,Kunkel,Charlotte,2016-02-20
4000,41,Christopher,Kunkel,Charlotte,2016-02-20
4001,43,Christopher,Drescher,Los Angeles,2000-05-27
4001,43,Christopher,Drescher,Los Angeles,2000-05-27
4002,28,Matthew,Henke,Austin,2022-11-28
4002,28,Matthew,Henke,Austin,2022-11-28
4003,63,Lisa,Engler,El Paso,2004-12-08
4003,63,Lisa,Engler,El Paso,2004-12-08
4004,67,Donald,Gebhardt,Jacksonville,2015-02-26
4004,67,Donald,Gebhardt,Jacksonville,2015-02-26
4005,45,Thomas,Apel,Chicago,2011-04-07
4005,45,Thomas,Apel,Chicago,2011-04-07
4006,24,Daniel,Dieckmann,Phoenix,2007-06-23
4006,24,Daniel,Dieckmann,Phoenix,2007-06-23
4007,77,Emily,König,Chicago,2018-09-12
4007,77,Emily,König,Chicago,2018-09-12
4008,64,Elizabeth,Uhlig,Kansas City,2022-09-09
4008,64,Elizabeth,Uhlig,Kansas City,2022-09-09
4009,79,Elizabeth,Voigt,San Jose,2000-07-27
4009,79,Elizabeth,Voigt,San Jose,2000-07-27
4010,73,Margaret,Resch,Denver,2019-01-16
4010,73,Margaret,Resch,Denver,2019-01-16
4011,39,Linda,John,Omaha,2019-10-16
4011,39,Linda,John,Omaha,2019-10-16
4012,99,Sarah,Knobloch,Sacramento,2006-03-13
4012,99,Sarah,Knobloch,Sacramento,2006-03-13
4013,45,Emily,Wolf,Las Vegas,2021-07-21
4013,45,Emily,Wolf,Las Vegas,2021-07-21
4014,61,Stephanie,Lorenzen,Las Vegas,2004-11-16
4014,61,Stephanie,Lorenzen,Las Vegas,2004-11-16
4015,82,Susan,Paul,San Francisco,2006-01-15
4015,82,Susan,Paul,San Francisco,2006-01-15
4016,43,Stephanie,Förster,Omaha,2021-02-03
4016,43,Stephanie,Förster,Omaha,2021-02-03
4017,67,Betty,Wimmer,Jacksonville,2007-03-08
4017,67,Betty,Wimmer,Jacksonville,2007-03-08
4018,92,Melissa,Pabst,Los Angeles,1997-12-12
4018,92,Melissa,Pabst,Los Angeles,1997-12-12
4019,80,Nancy,Marx,El Paso,2009-01-10
4019,80,Nancy,Marx,El Paso,2009-01-10
4020,42,Joseph,Büttner,Philadelphia,2024-10-28
4020,42,Joseph,Büttner,Philadelphia,2024-10-28
4021,41,Lisa,Hillebrand,Los Angeles,1998-12-01
4021,41,Lisa,Hillebrand,Los Angeles,1998-12-01
4022,47,Ashley,Matthes,Nashville,1998-07-12
4022,47,Ashley,Matthes,Nashville,1998-07-12
4023,43,Patricia,Fröhlich,Sacramento,2022-07-18
4023,43,Patricia,Fröhlich,Sacramento,2022-07-18
4024,23,Richard,Hans,Memphis,1995-04-26
4024,23,Richard,Hans,Memphis,1995-04-26
4025,32,Daniel,Wiedemann,San Antonio,2009-05-26
4025,32,Daniel,Wiedemann,San Antonio,2009-05-26
4026,74,Linda,Neubert,Memphis,1996-07-14
4026,74,Linda,Neubert,Memphis,1996-07-14
4027,57,Karen,Kreuzer,Atlanta,2014-08-18
4027,57,Karen,Kreuzer,Atlanta,2014-08-18
4028,38,Barbara,Janßen,El Paso,2001-11-16
4028,38,Barbara,Janßen,El Paso,2001-11-16
4029,77,Donald,Kunze,Tucson,2018-07-09
4029,77,Donald,Kunze,Tucson,2018-07-09
4030,15,Susan,Gehrke,San Diego,2015-11-24
4030,15,Susan,Gehrke,San Diego,2015-11-24
4031,28,Kimberly,Adam,Fort Worth,2012-12-02
4031,28,Kimberly,Adam,Fort Worth,2012-12-02
4032,13,Karen,Rehm,Jacksonville,2009-07-17
4032,13,Karen,Rehm,Jacksonville,2009-07-17
4033,35,Kimberly,Janke,Charlotte,2015-06-16
4033,35,Kimberly,Janke,Charlotte,2015-06-16
4034,2,William,Thomas,Las Vegas,2012-07-13
4034,2,William,Thomas,Las Vegas,2012-07-13
4035,61,Kenneth,Brinkmann,Detroit,2020-07-25
4035,61,Kenneth,Brinkmann,Detroit,2020-07-25
4036,65,Barbara,Hauck,Colorado Springs,2020-08-25
4036,65,Barbara,Hauck,Colorado Springs,2020-08-25
4037,41,Ronald,Scharf,Chicago,2024-09-14
4037,41,Ronald,Scharf,Chicago,2024-09-14
4038,96,Joseph,Thoma,Los Angeles,2005-05-23
4038,96,Joseph,Thoma,Los Angeles,2005-05-23
4039,94,Donald,Küster,Philadelphia,2008-01-15
4039,94,Donald,Küster,Philadelphia,2008-01-15
4040,86,Ronald,Kirschner,Nashville,2005-09-17
4040,86,Ronald,Kirschner,Nashville,2005-09-17
4041,4,Mark,Glaser,Dallas,2024-02-22
4041,4,Mark,Glaser,Dallas,2024-02-22
4042,53,Sandra,Lück,Jacksonville,2022-07-19
4042,53,Sandra,Lück,Jacksonville,2022-07-19
4043,88,Karen,Kranz,Mesa,1999-03-12
4043,88,Karen,Kranz,Mesa,1999-03-12
4044,14,Emily,Ehrlich,Chicago,2006-09-24
4044,14,Emily,Ehrlich,Chicago,2006-09-24
4045,17,Lisa,Henke,Las Vegas,2007-10-12
4045,17,Lisa,Henke,Las Vegas,2007-10-12
4046,14,Donna,Held,Washington,2018-12-14
4046,14,Donna,Held,Washington,2018-12-14
4047,41,Thomas,Mühlbauer,Columbus,2013-09-25
4047,41,Thomas,Mühlbauer,Columbus,2013-09-25
4048,62,Daniel,Metz,Portland,1997-12-26
4048,62,Daniel,Metz,Portland,1997-12-26
4049,52,Nancy,Christiansen,Tucson,2020-06-11
4049,52,Nancy,Christiansen,Tucson,2020-06-11
4050,27,Stephanie,Schuster,Washington,2015-09-17
4050,27,Stephanie,Schuster,Washington,2015-09-17
4051,85,Linda,Heuser,Memphis,2010-07-27
4051,85,Linda,Heuser,Memphis,2010-07-27
4052,40,Kenneth,Wahl,Denver,1997-05-26
4052,40,Kenneth,Wahl,Denver,1997-05-26
4053,35,Jennifer,Vogler,Denver,2019-09-02
4053,35,Jennifer,Vogler,Denver,2019-09-02
4054,90,Robert,Ehlers,Philadelphia,2018-04-26
4054,90,Robert,Ehlers,Philadelphia,2018-04-26
4055,95,Amanda,Huth,Denver,2001-03-16
4055,95,Amanda,Huth,Denver,2001-03-16
4056,59,Mark,Hering,San Jose,2009-02-16
4056,59,Mark,Hering,San Jose,2009-02-16
4057,97,Betty,Voss,Detroit,2011-07-27
4057,97,Betty,Voss,Detroit,2011-07-27
4058,49,William,Wegner,Washington,1996-08-14
4058,49,William,Wegner,Washington,1996-08-14
4059,63,James,Finger,Nashville,2021-07-01
4059,63,James,Finger,Nashville,2021-07-01
4060,11,Kevin,Thiemann,Mesa,2011-12-19
4060,11,Kevin,Thiemann,Mesa,2011-12-19
4061,80,Christopher,Pohlmann,Los Angeles,2013-02-06
4061,80,Christopher,Pohlmann,Los Angeles,2013-02-06
4062,6,David,Hannemann,Baltimore,2004-01-04
4062,6,David,Hannemann,Baltimore,2004-01-04
4063,98,Anthony,Weiler,Portland,2019-07-01
4063,98,Anthony,Weiler,Portland,2019-07-01
4064,41,Kimberly,Dreyer,San Antonio,2021-03-21
4064,41,Kimberly,Dreyer,San Antonio,2021-03-21
4065,32,Amanda,Mayr,Oklahoma City,2019-08-15
4065,32,Amanda,Mayr,Oklahoma City,2019-08-15
4066,21,Patricia,Janßen,Milwaukee,2003-08-06
4066,21,Patricia,Janßen,Milwaukee,2003-08-06
4067,93,Margaret,Zeidler,El Paso,2001-06-08
4067,93,Margaret,Zeidler,El Paso,2001-06-08
4068,75,Karen,Lorenz,San Jose,2020-01-19
4068,75,Karen,Lorenz,San Jose,2020-01-19
4069,57,Joseph,Paul,San Francisco,2008-02-20
4069,57,Joseph,Paul,San Francisco,2008-02-20
4070,5,Richard,Struck,Houston,2012-09-22
4070,5,Richard,Struck,Houston,2012-09-22
4071,91,Christopher,Glaser,Columbus,2010-07-23
4071,91,Christopher,Glaser,Columbus,2010-07-23
4072,28,Ronald,Kremer,Oklahoma City,2007-09-24
4072,28,Ronald,Kremer,Oklahoma City,2007-09-24
4073,95,Jennifer,Reinhard,San Jose,1996-08-02
4073,95,Jennifer,Reinhard,San Jose,1996-08-02
4074,75,Deborah,Nitsche,Chicago,1997-01-14
4074,75,Deborah,Nitsche,Chicago,1997-01-14
4075,77,Barbara,Matthes,Detroit,2000-10-12
4075,77,Barbara,Matthes,Detroit,2000-10-12
4076,70,Paul,Scheer,Detroit,2006-04-19
4076,70,Paul,Scheer,Detroit,2006-04-19
4077,27,Thomas,Klaus,Seattle,2015-09-28
4077,27,Thomas,Klaus,Seattle,2015-09-28
4078,94,Daniel,Rother,Albuquerque,2004-08-07
4078,94,Daniel,Rother,Albuquerque,2004-08-07
4079,53,Sandra,Rost,Columbus,2006-07-24
4079,53,Sandra,Rost,Columbus,2006-07-24
4080,48,Mark,Reimers,Chicago,2018-12-11
4080,48,Mark,Reimers,Chicago,2018-12-11
4081,83,Steven,Möller,New York,2004-09-13
4081,83,Steven,Möller,New York,2004-09-13
4082,78,Anthony,Jonas,Detroit,2005-06-17
4082,78,Anthony,Jonas,Detroit,2005-06-17
4083,58,Matthew,Ulrich,Las Vegas,2011-12-03
4083,58,Matthew,Ulrich,Las Vegas,2011-12-03
4084,9,Elizabeth,Enders,Sacramento,2020-05-02
4084,9,Elizabeth,Enders,Sacramento,2020-05-02
4085,55,Timothy,Andres,Columbus,2008-03-15
4085,55,Timothy,Andres,Columbus,2008-03-15
4086,45,Daniel,Lerch,Chicago,2002-02-09
4086,45,Daniel,Lerch,Chicago,2002-02-09
4087,28,Charles,Schmidt,San Jose,2003-02-25
4087,28,Charles,Schmidt,San Jose,2003-02-25
4088,28,Charles,Franz,Columbus,2013-10-27
4088,28,Charles,Franz,Columbus,2013-10-27
4089,46,Kevin,Behr,Nashville,2016-01-01
4089,46,Kevin,Behr,Nashville,2016-01-01
4090,25,Richard,Bär,Detroit,2008-10-20
4090,25,Richard,Bär,Detroit,2008-10-20
4091,26,Paul,Klose,Chicago,2011-09-25
4091,26,Paul,Klose,Chicago,2011-09-25
4092,62,Steven,Krebs,Omaha,2008-04-04
4092,62,Steven,Krebs,Omaha,2008-04-04
4093,68,Nancy,Büttner,Houston,2011-06-15
4093,68,Nancy,Büttner,Houston,2011-06-15
4094,67,Amanda,Heitmann,Mesa,2024-05-09
4094,67,Amanda,Heitmann,Mesa,2024-05-09
4095,34,William,Hartmann,New York,2014-04-22
4095,34,William,Hartmann,New York,2014-04-22
4096,21,Thomas,Bartsch,Omaha,2024-04-01
4096,21,Thomas,Bartsch,Omaha,2024-04-01
4097,81,Patricia,Brückner,Tucson,2006-05-17
4097,81,Patricia,Brückner,Tucson,2006-05-17
4098,34,Timothy,Herbst,San Antonio,1996-11-02
4098,34,Timothy,Herbst,San Antonio,1996-11-02
4099,44,Matthew,Höfer,Austin,1997-02-12
4099,44,Matthew,Höfer,Austin,1997-02-12
4100,76,Ashley,Geiger,Portland,2000-11-04
4100,76,Ashley,Geiger,Portland,2000-11-04
4101,89,David,Vogel,Columbus,2024-06-07
4101,89,David,Vogel,Columbus,2024-06-07
4102,21,Charles,Bohn,Washington,2015-12-20
4102,21,Charles,Bohn,Washington,2015-12-20
4103,18,Sarah,Yilmaz,Indianapolis,2003-08-27
4103,18,Sarah,Yilmaz,Indianapolis,2003-08-27
4104,36,Christopher,Knobloch,Fort Worth,2017-10-17
4104,36,Christopher,Knobloch,Fort Worth,2017-10-17
4105,70,Christopher,Heidenreich,Jacksonville,1997-03-05
4105,70,Christopher,Heidenreich,Jacksonville,1997-03-05
4106,84,Barbara,Ullmann,Las Vegas,1995-06-08
4106,84,Barbara,Ullmann,Las Vegas,1995-06-08
4107,53,Paul,Fröhlich,Seattle,2004-11-19
4107,53,Paul,Fröhlich,Seattle,2004-11-19
4108,20,Carol,Kaufmann,Washington,2015-01-16
4108,20,Carol,Kaufmann,Washington,2015-01-16
4109,96,Thomas,Spies,Dallas,2009-05-03
4109,96,Thomas,Spies,Dallas,2009-05-03
4110,95,Paul,Kluge,San Francisco,1996-06-10
4110,95,Paul,Kluge,San Francisco,1996-06-10
4111,84,Deborah,Evers,Kansas City,2019-03-10
4111,84,Deborah,Evers,Kansas City,2019-03-10
4112,94,Joshua,Voß,Omaha,2002-12-08
4112,94,Joshua,Voß,Omaha,2002-12-08
4113,3,Betty,Tillmann,San Jose,2010-02-13
4113,3,Betty,Tillmann,San Jose,2010-02-13
4114,84,Kenneth,Dietze,Atlanta,2015-05-18
4114,84,Kenneth,Dietze,Atlanta,2015-05-18
4115,8,Andrew,Rothe,Philadelphia,2001-10-22
4115,8,Andrew,Rothe,Philadelphia,2001-10-22
4116,85,Timothy,Grund,Nashville,2002-06-27
4116,85,Timothy,Grund,Nashville,2002-06-27
4117,48,Deborah,Frisch,Mesa,2012-11-21
4117,48,Deborah,Frisch,Mesa,2012-11-21
4118,23,Karen,Burkhardt,San Antonio,2000-01-18
4118,23,Karen,Burkhardt,San Antonio,2000-01-18
4119,1,Susan,Reimann,Mesa,2023-08-09
4119,1,Susan,Reimann,Mesa,2023-08-09
4120,2,Andrew,Fichtner,Boston,2014-04-19
4120,2,Andrew,Fichtner,Boston,2014-04-19
4121,74,Amanda,Stadler,Austin,2001-09-08
4121,74,Amanda,Stadler,Austin,2001-09-08
4122,37,Kenneth,Schilling,Columbus,2003-12-23
4122,37,Kenneth,Schilling,Columbus,2003-12-23
4123,94,John,Petzold,Memphis,2000-07-23
4123,94,John,Petzold,Memphis,2000-07-23
4124,51,Kenneth,Heimann,Jacksonville,2001-05-13
4124,51,Kenneth,Heimann,Jacksonville,2001-05-13
4125,44,Richard,Frisch,Phoenix,2017-04-27
4125,44,Richard,Frisch,Phoenix,2017-04-27
4126,24,Karen,Haack,San Diego,2023-01-09
4126,24,Karen,Haack,San Diego,2023-01-09
4127,32,Paul,Decker,Phoenix,1995-02-05
4127,32,Paul,Decker,Phoenix,1995-02-05
4128,56,Richard,Schuler,Las Vegas,2007-01-01
4128,56,Richard,Schuler,Las Vegas,2007-01-01
4129,50,Margaret,Thiemann,Omaha,2018-06-12
4129,50,Margaret,Thiemann,Omaha,2018-06-12
4130,64,Donald,Seeger,Detroit,2022-11-13
4130,64,Donald,Seeger,Detroit,2022-11-13
4131,30,Mary,Klein,Philadelphia,2000-09-26
4131,30,Mary,Klein,Philadelphia,2000-09-26
4132,38,Jessica,Heider,Indianapolis,1996-10-04
4132,38,Jessica,Heider,Indianapolis,1996-10-04
4133,78,David,Apel,Mesa,1995-09-07
4133,78,David,Apel,Mesa,1995-09-07
4134,55,David,Jensen,Fort Worth,2004-06-05
4134,55,David,Jensen,Fort Worth,2004-06-05
4135,3,Donna,Gläser,Austin,2021-08-14
4135,3,Donna,Gläser,Austin,2021-08-14
4136,25,William,Seidl,Chicago,2023-09-15
4136,25,William,Seidl,Chicago,2023-09-15
4137,45,Lisa,Heinze,Atlanta,2021-08-19
4137,45,Lisa,Heinze,Atlanta,2021-08-19
4138,62,Steven,Schilling,Philadelphia,1995-08-08
4138,62,Steven,Schilling,Philadelphia,1995-08-08
4139,7,Margaret,Metzner,Denver,2023-11-10
4139,7,Margaret,Metzner,Denver,2023-11-10
4140,81,Brian,Mader,Seattle,1998-11-12
4140,81,Brian,Mader,Seattle,1998-11-12
4141,27,Daniel,Geier,Indianapolis,2016-12-21
4141,27,Daniel,Geier,Indianapolis,2016-12-21
4142,23,Brian,Hecker,El Paso,2020-09-23
4142,23,Brian,Hecker,El Paso,2020-09-23
4143,32,Brian,Groth,Atlanta,2013-01-01
4143,32,Brian,Groth,Atlanta,2013-01-01
4144,2,Kimberly,Rühl,Dallas,2009-08-02
4144,2,Kimberly,Rühl,Dallas,2009-08-02
4145,75,David,Höhne,Chicago,2024-11-09
4145,75,David,Höhne,Chicago,2024-11-09
4146,34,Nancy,Schütt,San Diego,2003-03-05
4146,34,Nancy,Schütt,San Diego,2003-03-05
4147,52,Linda,Kuhn,Kansas City,2009-11-25
4147,52,Linda,Kuhn,Kansas City,2009-11-25
4148,61,John,Jahn,Houston,2003-11-24
4148,61,John,Jahn,Houston,2003-11-24
4149,34,Margaret,Arndt,Fort Worth,2000-05-12
4149,34,Margaret,Arndt,Fort Worth,2000-05-12
4150,7,Karen,Kummer,Milwaukee,2012-01-25
4150,7,Karen,Kummer,Milwaukee,2012-01-25
4151,10,Michael,Ostermann,Boston,2017-05-12
4151,10,Michael,Ostermann,Boston,2017-05-12
4152,89,Betty,Frick,Indianapolis,1995-05-07
4152,89,Betty,Frick,Indianapolis,1995-05-07
4153,2,Jennifer,Zeidler,Columbus,2020-10-25
4153,2,Jennifer,Zeidler,Columbus,2020-10-25
4154,30,Amanda,Otto,San Jose,2002-07-25
4154,30,Amanda,Otto,San Jose,2002-07-25
4155,81,Amanda,Oswald,San Antonio,2008-01-23
4155,81,Amanda,Oswald,San Antonio,2008-01-23
4156,29,Charles,Klaus,Fort Worth,2009-05-02
4156,29,Charles,Klaus,Fort Worth,2009-05-02
4157,82,Betty,Schürmann,Atlanta,2009-02-03
4157,82,Betty,Schürmann,Atlanta,2009-02-03
4158,60,Michelle,Wenzel,Houston,2023-11-04
4158,60,Michelle,Wenzel,Houston,2023-11-04
4159,99,James,Hartung,Los Angeles,2014-11-05
4159,99,James,Hartung,Los Angeles,2014-11-05
4160,17,Margaret,Freund,Sacramento,2010-07-14
4160,17,Margaret,Freund,Sacramento,2010-07-14
4161,56,Charles,Küster,Chicago,2014-10-09
4161,56,Charles,Küster,Chicago,2014-10-09
4162,86,Kevin,Rother,Houston,1995-05-07
4162,86,Kevin,Rother,Houston,1995-05-07
4163,51,Andrew,Rabe,Kansas City,2006-02-20
4163,51,Andrew,Rabe,Kansas City,2006-02-20
4164,25,Richard,Pfeiffer,Fort Worth,1997-12-19
4164,25,Richard,Pfeiffer,Fort Worth,1997-12-19
4165,84,Ronald,Ehlert,Denver,2008-09-04
4165,84,Ronald,Ehlert,Denver,2008-09-04
4166,16,Elizabeth,Held,Jacksonville,1996-09-28
4166,16,Elizabeth,Held,Jacksonville,1996-09-28
4167,25,Amanda,Eckhardt,New York,2007-12-16
4167,25,Amanda,Eckhardt,New York,2007-12-16
4168,15,Timothy,Bosse,San Francisco,1999-11-22
4168,15,Timothy,Bosse,San Francisco,1999-11-22
4169,79,Elizabeth,Gerhardt,Indianapolis,2014-05-18
4169,79,Elizabeth,Gerhardt,Indianapolis,2014-05-18
4170,57,Melissa,Neuhaus,Dallas,2016-01-22
4170,57,Melissa,Neuhaus,Dallas,2016-01-22
4171,15,Richard,Lehnert,Dallas,2009-08-24
4171,15,Richard,Lehnert,Dallas,2009-08-24
4172,56,Paul,Volk,Dallas,2018-06-11
4172,56,Paul,Volk,Dallas,2018-06-11
4173,82,Donna,Hausmann,Fort Worth,2021-08-19
4173,82,Donna,Hausmann,Fort Worth,2021-08-19
4174,37,Nancy,Langer,Charlotte,1995-01-20
4174,37,Nancy,Langer,Charlotte,1995-01-20
4175,65,Mary,Höfer,Los Angeles,1995-08-02
4175,65,Mary,Höfer,Los Angeles,1995-08-02
4176,33,Lisa,Theis,Austin,2022-07-20
4176,33,Lisa,Theis,Austin,2022-07-20
4177,3,Thomas,Lippert,Austin,2013-05-02
4177,3,Thomas,Lippert,Austin,2013-05-02
4178,49,Margaret,Schaller,San Diego,2018-09-19
4178,49,Margaret,Schaller,San Diego,2018-09-19
4179,22,Susan,Pietsch,Albuquerque,2022-10-28
4179,22,Susan,Pietsch,Albuquerque,2022-10-28
4180,54,Elizabeth,Mertens,Philadelphia,1999-02-27
4180,54,Elizabeth,Mertens,Philadelphia,1999-02-27
4181,21,Andrew,Baumeister,Oklahoma City,2015-05-09
4181,21,Andrew,Baumeister,Oklahoma City,2015-05-09
4182,27,Matthew,Michel,Colorado Springs,1999-02-06
4182,27,Matthew,Michel,Colorado Springs,1999-02-06
4183,4,Michael,Lampe,Sacramento,2024-12-23
4183,4,Michael,Lampe,Sacramento,2024-12-23
4184,99,Timothy,Krohn,San Diego,1995-05-12
4184,99,Timothy,Krohn,San Diego,1995-05-12
4185,1,Donna,Kersten,Fresno,2007-05-13
4185,1,Donna,Kersten,Fresno,2007-05-13
4186,4,Thomas,Pfaff,Denver,2016-02-04
4186,4,Thomas,Pfaff,Denver,2016-02-04
4187,55,Barbara,Grund,San Antonio,2001-02-12
4187,55,Barbara,Grund,San Antonio,2001-02-12
4188,24,Nancy,May,Milwaukee,2022-12-17
4188,24,Nancy,May,Milwaukee,2022-12-17
4189,29,Mark,Zeidler,Seattle,2008-04-27
4189,29,Mark,Zeidler,Seattle,2008-04-27
4190,22,Kevin,Löffler,Omaha,2002-02-10
4190,22,Kevin,Löffler,Omaha,2002-02-10
4191,23,Matthew,Pusch,Columbus,2005-12-13
4191,23,Matthew,Pusch,Columbus,2005-12-13
4192,85,Margaret,Wendt,Colorado Springs,2017-02-20
4192,85,Margaret,Wendt,Colorado Springs,2017-02-20
4193,78,Sandra,Blume,Mesa,2005-07-04
4193,78,Sandra,Blume,Mesa,2005-07-04
4194,8,Donna,Holst,San Francisco,2022-11-25
4194,8,Donna,Holst,San Francisco,2022-11-25
4195,58,James,Wieland,Atlanta,2000-09-27
4195,58,James,Wieland,Atlanta,2000-09-27
4196,80,Sarah,Straub,Dallas,2020-08-03
4196,80,Sarah,Straub,Dallas,2020-08-03
4197,99,Betty,Wegener,Oklahoma City,2005-07-02
4197,99,Betty,Wegener,Oklahoma City,2005-07-02
4198,88,Jessica,Korn,Louisville,2013-05-25
4198,88,Jessica,Korn,Louisville,2013-05-25
4199,59,Timothy,Schilling,Oklahoma City,2003-03-05
4199,59,Timothy,Schilling,Oklahoma City,2003-03-05
4200,90,Thomas,Bruhn,Mesa,2002-11-27
4200,90,Thomas,Bruhn,Mesa,2002-11-27
4201,7,Michelle,Kirschner,Portland,1999-06-05
4201,7,Michelle,Kirschner,Portland,1999-06-05
4202,25,Betty,Weise,San Diego,2005-02-16
4202,25,Betty,Weise,San Diego,2005-02-16
4203,45,Barbara,Kreuzer,Albuquerque,2011-11-26
4203,45,Barbara,Kreuzer,Albuquerque,2011-11-26
4204,90,Anthony,Thiel,New York,2001-04-08
4204,90,Anthony,Thiel,New York,2001-04-08
4205,26,Carol,Metz,San Francisco,2011-12-12
4205,26,Carol,Metz,San Francisco,2011-12-12
4206,30,Timothy,Haupt,Dallas,2020-09-17
4206,30,Timothy,Haupt,Dallas,2020-09-17
4207,66,Ashley,Dick,Oklahoma City,2013-08-20
4207,66,Ashley,Dick,Oklahoma City,2013-08-20
4208,53,Kenneth,Hölscher,Albuquerque,2016-10-07
4208,53,Kenneth,Hölscher,Albuquerque,2016-10-07
4209,73,Kimberly,Drechsler,Los Angeles,2015-12-21
4209,73,Kimberly,Drechsler,Los Angeles,2015-12-21
4210,39,Paul,Gehring,Albuquerque,2021-02-10
4210,39,Paul,Gehring,Albuquerque,2021-02-10
4211,11,Jennifer,Henkel,Dallas,2011-10-14
4211,11,Jennifer,Henkel,Dallas,2011-10-14
4212,79,John,Eckhardt,Baltimore,2001-07-02
4212,79,John,Eckhardt,Baltimore,2001-07-02
4213,12,Emily,Rieger,Oklahoma City,2018-05-01
4213,12,Emily,Rieger,Oklahoma City,2018-05-01
4214,99,Emily,Hertel,Kansas City,2011-01-12
4214,99,Emily,Hertel,Kansas City,2011-01-12
4215,50,Matthew,Dietz,New York,2000-07-07
4215,50,Matthew,Dietz,New York,2000-07-07
4216,56,Steven,Eisele,Phoenix,2002-12-25
4216,56,Steven,Eisele,Phoenix,2002-12-25
4217,40,John,Kilian,Sacramento,2004-08-17
4217,40,John,Kilian,Sacramento,2004-08-17
4218,16,Barbara,Ebert,Mesa,2002-10-23
4218,16,Barbara,Ebert,Mesa,2002-10-23
4219,49,Jessica,Bernhardt,New York,2004-07-24
4219,49,Jessica,Bernhardt,New York,2004-07-24
4220,32,Jessica,Budde,Columbus,2015-09-09
4220,32,Jessica,Budde,Columbus,2015-09-09
4221,82,Kevin,Roth,Dallas,2000-08-27
4221,82,Kevin,Roth,Dallas,2000-08-27
4222,45,Margaret,Wolters,Baltimore,1997-06-28
4222,45,Margaret,Wolters,Baltimore,1997-06-28
4223,85,Richard,Frenzel,Las Vegas,2019-01-27
4223,85,Richard,Frenzel,Las Vegas,2019-01-27
4224,80,John,Küppers,Houston,2020-05-03
4224,80,John,Küppers,Houston,2020-05-03
4225,71,Margaret,Wille,Columbus,2022-02-02
4225,71,Margaret,Wille,Columbus,2022-02-02
4226,5,Timothy,Fritz,Boston,2015-07-13
4226,5,Timothy,Fritz,Boston,2015-07-13
4227,44,David,Baumgartner,Houston,2008-11-24
4227,44,David,Baumgartner,Houston,2008-11-24
4228,41,Emily,Cramer,Boston,1996-02-28
4228,41,Emily,Cramer,Boston,1996-02-28
4229,97,William,Ebel,Jacksonville,2006-08-20
4229,97,William,Ebel,Jacksonville,2006-08-20
4230,95,Linda,Busse,Sacramento,2005-07-18
4230,95,Linda,Busse,Sacramento,2005-07-18
4231,85,Steven,Siegert,San Antonio,1995-12-18
4231,85,Steven,Siegert,San Antonio,1995-12-18
4232,67,Daniel,Noll,San Jose,2023-01-04
4232,67,Daniel,Noll,San Jose,2023-01-04
4233,74,Matthew,Zimmermann,Houston,2023-04-16
4233,74,Matthew,Zimmermann,Houston,2023-04-16
4234,75,Linda,Hahn,Mesa,2006-02-24
4234,75,Linda,Hahn,Mesa,2006-02-24
4235,22,Brian,Ahlers,Columbus,2014-05-23
4235,22,Brian,Ahlers,Columbus,2014-05-23
4236,17,Lisa,Hinrichs,Seattle,2021-10-10
4236,17,Lisa,Hinrichs,Seattle,2021-10-10
4237,89,Patricia,Grimm,San Diego,1997-02-05
4237,89,Patricia,Grimm,San Diego,1997-02-05
4238,92,Michelle,Knoll,Albuquerque,2015-08-10
4238,92,Michelle,Knoll,Albuquerque,2015-08-10
4239,50,Michael,Heitmann,Portland,2021-10-13
4239,50,Michael,Heitmann,Portland,2021-10-13
4240,84,Mark,Ullrich,Atlanta,2014-07-05
4240,84,Mark,Ullrich,Atlanta,2014-07-05
4241,94,Kenneth,Orth,El Paso,2005-11-16
4241,94,Kenneth,Orth,El Paso,2005-11-16
4242,31,Mark,Ulrich,San Antonio,2010-01-03
4242,31,Mark,Ulrich,San Antonio,2010-01-03
4243,13,Kimberly,Hertel,Fort Worth,2023-10-21
4243,13,Kimberly,Hertel,Fort Worth,2023-10-21
4244,74,Kimberly,Ewert,Boston,2006-08-16
4244,74,Kimberly,Ewert,Boston,2006-08-16
4245,51,Betty,Lohse,Chicago,1996-09-16
4245,51,Betty,Lohse,Chicago,1996-09-16
4246,33,Richard,Greiner,Detroit,2018-01-20
4246,33,Richard,Greiner,Detroit,2018-01-20
4247,20,Joseph,Merkel,Houston,2006-05-11
4247,20,Joseph,Merkel,Houston,2006-05-11
4248,48,Daniel,Graf,Mesa,2008-07-24
4248,48,Daniel,Graf,Mesa,2008-07-24
4249,78,Amanda,Baumgarten,Charlotte,2012-07-13
4249,78,Amanda,Baumgarten,Charlotte,2012-07-13
4250,72,Sandra,Reimers,Albuquerque,2001-01-08
4250,72,Sandra,Reimers,Albuquerque,2001-01-08
4251,72,Patricia,Buschmann,Memphis,2001-09-26
4251,72,Patricia,Buschmann,Memphis,2001-09-26
4252,92,Sandra,Thomsen,Jacksonville,2010-01-05
4252,92,Sandra,Thomsen,Jacksonville,2010-01-05
4253,74,Michelle,Vogt,Nashville,2009-08-28
4253,74,Michelle,Vogt,Nashville,2009-08-28
4254,14,David,Schroeder,Indianapolis,2011-08-16
4254,14,David,Schroeder,Indianapolis,2011-08-16
4255,62,Robert,Schramm,Denver,2008-01-11
4255,62,Robert,Schramm,Denver,2008-01-11
4256,51,Emily,Hopp,Memphis,2003-08-24
4256,51,Emily,Hopp,Memphis,2003-08-24
4257,78,Sarah,Kling,Seattle,2007-05-18
4257,78,Sarah,Kling,Seattle,2007-05-18
4258,70,Stephanie,Rehm,Indianapolis,1996-03-05
4258,70,Stephanie,Rehm,Indianapolis,1996-03-05
4259,98,William,Ziegler,New York,2000-05-15
4259,98,William,Ziegler,New York,2000-05-15
4260,81,Joseph,Kempf,Los Angeles,2001-06-20
4260,81,Joseph,Kempf,Los Angeles,2001-06-20
4261,21,Emily,Klug,Charlotte,2017-08-17
4261,21,Emily,Klug,Charlotte,2017-08-17
4262,92,Betty,Kiefer,Colorado Springs,2010-11-17
4262,92,Betty,Kiefer,Colorado Springs,2010-11-17
4263,38,Lisa,Brandt,Louisville,1996-12-18
4263,38,Lisa,Brandt,Louisville,1996-12-18
4264,15,Kenneth,Krohn,New York,2007-08-01
4264,15,Kenneth,Krohn,New York,2007-08-01
4265,36,Thomas,0,Phoenix,1995-03-13
4265,36,Thomas,0,Phoenix,1995-03-13
4266,9,Sandra,Singer,Washington,2019-06-17
4266,9,Sandra,Singer,Washington,2019-06-17
4267,99,Amanda,Heller,Mesa,2024-07-17
4267,99,Amanda,Heller,Mesa,2024-07-17
4268,59,John,Schirmer,San Jose,2020-07-07
4268,59,John,Schirmer,San Jose,2020-07-07
4269,82,Carol,Burkhardt,New York,2011-04-09
4269,82,Carol,Burkhardt,New York,2011-04-09
4270,54,Sandra,Brückner,Indianapolis,1997-08-17
4270,54,Sandra,Brückner,Indianapolis,1997-08-17
4271,17,Matthew,Mayr,Washington,2020-01-02
4271,17,Matthew,Mayr,Washington,2020-01-02
4272,82,Elizabeth,Hummel,Albuquerque,2020-06-25
4272,82,Elizabeth,Hummel,Albuquerque,2020-06-25
4273,4,Brian,Junge,Indianapolis,2004-06-04
4273,4,Brian,Junge,Indianapolis,2004-06-04
4274,84,Christopher,Reinke,Charlotte,2013-02-15
4274,84,Christopher,Reinke,Charlotte,2013-02-15
4275,13,William,Kübler,Fort Worth,2015-02-15
4275,13,William,Kübler,Fort Worth,2015-02-15
4276,75,Richard,Diehl,New York,2021-08-18
4276,75,Richard,Diehl,New York,2021-08-18
4277,43,Linda,Kessler,San Francisco,2018-07-12
4277,43,Linda,Kessler,San Francisco,2018-07-12
4278,97,Michelle,Schwartz,Louisville,2020-05-28
4278,97,Michelle,Schwartz,Louisville,2020-05-28
4279,92,Patricia,Busch,San Antonio,2004-11-16
4279,92,Patricia,Busch,San Antonio,2004-11-16
4280,8,Timothy,Evers,Dallas,2024-10-06
4280,8,Timothy,Evers,Dallas,2024-10-06
4281,20,Donald,Michael,Washington,2005-02-25
4281,20,Donald,Michael,Washington,2005-02-25
4282,82,Betty,Wilke,Detroit,2011-06-14
4282,82,Betty,Wilke,Detroit,2011-06-14
4283,71,William,Schwarze,Fort Worth,2011-01-18
4283,71,William,Schwarze,Fort Worth,2011-01-18
4284,61,Kevin,Schreiner,San Antonio,2009-09-21
4284,61,Kevin,Schreiner,San Antonio,2009-09-21
4285,44,James,Wilkens,Charlotte,2021-09-28
4285,44,James,Wilkens,Charlotte,2021-09-28
4286,97,Ronald,Engel,Kansas City,2006-06-19
4286,97,Ronald,Engel,Kansas City,2006-06-19
4287,51,Timothy,Uhlig,Nashville,1998-08-20
4287,51,Timothy,Uhlig,Nashville,1998-08-20
4288,58,Donna,May,Columbus,2006-09-24
4288,58,Donna,May,Columbus,2006-09-24
4289,75,Nancy,Fries,Los Angeles,2002-09-14
4289,75,Nancy,Fries,Los Angeles,2002-09-14
4290,30,Timothy,Zander,San Diego,1995-07-19
4290,30,Timothy,Zander,San Diego,1995-07-19
4291,99,Donald,Hafner,Philadelphia,2022-06-05
4291,99,Donald,Hafner,Philadelphia,2022-06-05
4292,84,Kenneth,Höfer,Atlanta,2009-03-19
4292,84,Kenneth,Höfer,Atlanta,2009-03-19
4293,10,Melissa,Hinz,Atlanta,2011-02-08
4293,10,Melissa,Hinz,Atlanta,2011-02-08
4294,94,Stephanie,Schütz,Tucson,2007-08-16
4294,94,Stephanie,Schütz,Tucson,2007-08-16
4295,18,Sandra,Ludwig,Philadelphia,2012-06-07
4295,18,Sandra,Ludwig,Philadelphia,2012-06-07
4296,25,Ronald,Jacobs,Detroit,2021-08-04
4296,25,Ronald,Jacobs,Detroit,2021-08-04
4297,96,Stephanie,Frank,Colorado Springs,2015-07-02
4297,96,Stephanie,Frank,Colorado Springs,2015-07-02
4298,34,Robert,Hiller,Atlanta,2016-02-01
4298,34,Robert,Hiller,Atlanta,2016-02-01
4299,44,Sarah,Doll,Columbus,2004-01-12
4299,44,Sarah,Doll,Columbus,2004-01-12
4300,39,Kenneth,May,Atlanta,2005-09-11
4300,39,Kenneth,May,Atlanta,2005-09-11
4301,95,William,Eckardt,San Diego,2022-08-12
4301,95,William,Eckardt,San Diego,2022-08-12
4302,92,Steven,Reis,Colorado Springs,1997-06-10
4302,92,Steven,Reis,Colorado Springs,1997-06-10
4303,90,Stephanie,Faber,San Jose,2013-07-02
4303,90,Stephanie,Faber,San Jose,2013-07-02
4304,68,Donna,Preuß,San Jose,2012-02-05
4304,68,Donna,Preuß,San Jose,2012-02-05
4305,43,Anthony,Amann,Omaha,2002-06-24
4305,43,Anthony,Amann,Omaha,2002-06-24
4306,20,Kimberly,Jäger,Louisville,2009-01-11
4306,20,Kimberly,Jäger,Louisville,2009-01-11
4307,72,Joseph,Schulze,Seattle,2001-01-04
4307,72,Joseph,Schulze,Seattle,2001-01-04
4308,2,Emily,Pfister,Denver,2001-05-25
4308,2,Emily,Pfister,Denver,2001-05-25
4309,27,Charles,Stahl,Kansas City,2016-06-14
4309,27,Charles,Stahl,Kansas City,2016-06-14
4310,34,Melissa,Walz,Albuquerque,2022-04-12
4310,34,Melissa,Walz,Albuquerque,2022-04-12
4311,55,Robert,Büttner,Washington,2009-08-18
4311,55,Robert,Büttner,Washington,2009-08-18
4312,36,Jennifer,Kaufmann,Los Angeles,2020-11-27
4312,36,Jennifer,Kaufmann,Los Angeles,2020-11-27
4313,85,Donna,May,San Jose,2013-03-07
4313,85,Donna,May,San Jose,2013-03-07
4314,72,Lisa,Fiebig,El Paso,2022-04-12
4314,72,Lisa,Fiebig,El Paso,2022-04-12
4315,87,Karen,Auer,Boston,2021-01-22
4315,87,Karen,Auer,Boston,2021-01-22
4316,72,Susan,Gehrmann,Louisville,2007-11-14
4316,72,Susan,Gehrmann,Louisville,2007-11-14
4317,69,Elizabeth,Korte,Austin,2015-02-20
4317,69,Elizabeth,Korte,Austin,2015-02-20
4318,65,Melissa,Koch,Tucson,2017-10-28
4318,65,Melissa,Koch,Tucson,2017-10-28
4319,85,Richard,Ullmann,Las Vegas,2004-03-26
4319,85,Richard,Ullmann,Las Vegas,2004-03-26
4320,44,Donald,Trapp,Los Angeles,2004-03-05
4320,44,Donald,Trapp,Los Angeles,2004-03-05
4321,43,Ashley,Habermann,Baltimore,2007-10-05
4321,43,Ashley,Habermann,Baltimore,2007-10-05
4322,74,Michael,Schwartz,San Francisco,2023-03-07
4322,74,Michael,Schwartz,San Francisco,2023-03-07
4323,66,Ashley,Franz,Omaha,2020-03-06
4323,66,Ashley,Franz,Omaha,2020-03-06
4324,21,Jennifer,Brüning,Fresno,2002-10-04
4324,21,Jennifer,Brüning,Fresno,2002-10-04
4325,61,Mark,Krüger,Kansas City,2018-03-14
4325,61,Mark,Krüger,Kansas City,2018-03-14
4326,13,Linda,Schenk,Washington,2010-10-17
4326,13,Linda,Schenk,Washington,2010-10-17
4327,28,Amanda,Haag,Phoenix,2007-04-03
4327,28,Amanda,Haag,Phoenix,2007-04-03
4328,30,Brian,Grote,Omaha,2010-02-12
4328,30,Brian,Grote,Omaha,2010-02-12
4329,82,Kevin,Menzel,Indianapolis,2003-10-28
4329,82,Kevin,Menzel,Indianapolis,2003-10-28
4330,2,Amanda,Seidler,San Jose,2016-11-03
4330,2,Amanda,Seidler,San Jose,2016-11-03
4331,58,Steven,Freund,Detroit,2003-12-19
4331,58,Steven,Freund,Detroit,2003-12-19
4332,83,Thomas,Hofer,Milwaukee,2008-12-05
4332,83,Thomas,Hofer,Milwaukee,2008-12-05
4333,21,Deborah,Bucher,Colorado Springs,2018-12-08
4333,21,Deborah,Bucher,Colorado Springs,2018-12-08
4334,90,William,Köhn,El Paso,2006-02-06
4334,90,William,Köhn,El Paso,2006-02-06
4335,46,Richard,Reinhardt,Fort Worth,2001-04-26
4335,46,Richard,Reinhardt,Fort Worth,2001-04-26
4336,89,Stephanie,Höfer,Columbus,1997-01-17
4336,89,Stephanie,Höfer,Columbus,1997-01-17
4337,83,William,Wirtz,Seattle,1997-08-07
4337,83,William,Wirtz,Seattle,1997-08-07
4338,25,Donald,Funk,Portland,2014-03-18
4338,25,Donald,Funk,Portland,2014-03-18
4339,57,Betty,König,Louisville,2020-11-14
4339,57,Betty,König,Louisville,2020-11-14
4340,20,Amanda,Lehnert,Seattle,2024-05-14
4340,20,Amanda,Lehnert,Seattle,2024-05-14
4341,6,Jennifer,Ewald,Indianapolis,1998-01-14
4341,6,Jennifer,Ewald,Indianapolis,1998-01-14
4342,18,Kenneth,Albers,Indianapolis,2014-10-13
4342,18,Kenneth,Albers,Indianapolis,2014-10-13
4343,49,Jessica,Hölscher,San Jose,2001-10-02
4343,49,Jessica,Hölscher,San Jose,2001-10-02
4344,82,Patricia,Wessels,Memphis,1998-06-26
4344,82,Patricia,Wessels,Memphis,1998-06-26
4345,20,Andrew,Boos,Dallas,2000-09-15
4345,20,Andrew,Boos,Dallas,2000-09-15
4346,34,Deborah,Schleicher,Detroit,2008-12-16
4346,34,Deborah,Schleicher,Detroit,2008-12-16
4347,10,Sandra,Binder,Louisville,2024-06-11
4347,10,Sandra,Binder,Louisville,2024-06-11
4348,33,Barbara,Heidemann,San Jose,2013-12-07
4348,33,Barbara,Heidemann,San Jose,2013-12-07
4349,55,William,Klotz,Mesa,2004-05-13
4349,55,William,Klotz,Mesa,2004-05-13
4350,19,Paul,Amann,Dallas,2021-11-27
4350,19,Paul,Amann,Dallas,2021-11-27
4351,66,Matthew,Ahlers,Columbus,2014-12-22
4351,66,Matthew,Ahlers,Columbus,2014-12-22
4352,47,Karen,Specht,Fort Worth,2005-03-25
4352,47,Karen,Specht,Fort Worth,2005-03-25
4353,49,Christopher,Lippert,Albuquerque,2005-02-08
4353,49,Christopher,Lippert,Albuquerque,2005-02-08
4354,67,Daniel,Junker,Kansas City,2008-10-02
4354,67,Daniel,Junker,Kansas City,2008-10-02
4355,30,Donna,Steffen,Chicago,2008-02-16
4355,30,Donna,Steffen,Chicago,2008-02-16
4356,83,Karen,Schmidt,Indianapolis,2006-02-19
4356,83,Karen,Schmidt,Indianapolis,2006-02-19
4357,85,Sandra,Kirsch,Oklahoma City,2010-01-03
4357,85,Sandra,Kirsch,Oklahoma City,2010-01-03
4358,59,Jennifer,Wunderlich,Albuquerque,2018-02-07
4358,59,Jennifer,Wunderlich,Albuquerque,2018-02-07
4359,78,Patricia,Hellwig,El Paso,2009-02-19
4359,78,Patricia,Hellwig,El Paso,2009-02-19
4360,31,Amanda,Hentschel,San Francisco,2004-10-11
4360,31,Amanda,Hentschel,San Francisco,2004-10-11
4361,21,Mark,Schrader,Indianapolis,2016-12-17
4361,21,Mark,Schrader,Indianapolis,2016-12-17
4362,17,Kimberly,Brauer,Kansas City,1998-03-12
4362,17,Kimberly,Brauer,Kansas City,1998-03-12
4363,53,Thomas,Kempf,San Diego,2014-02-25
4363,53,Thomas,Kempf,San Diego,2014-02-25
4364,51,Kevin,Ehrlich,Denver,1999-07-22
4364,51,Kevin,Ehrlich,Denver,1999-07-22
4365,24,Kevin,Keck,Baltimore,2007-08-28
4365,24,Kevin,Keck,Baltimore,2007-08-28
4366,40,Jessica,Schuh,Fresno,2017-05-12
4366,40,Jessica,Schuh,Fresno,2017-05-12
4367,98,Mary,Hannemann,Columbus,2022-02-10
4367,98,Mary,Hannemann,Columbus,2022-02-10
4368,47,Kimberly,Michael,Washington,1996-09-11
4368,47,Kimberly,Michael,Washington,1996-09-11
4369,20,Linda,Wirth,San Francisco,2024-08-21
4369,20,Linda,Wirth,San Francisco,2024-08-21
4370,16,Richard,Wiesner,Charlotte,2003-10-11
4370,16,Richard,Wiesner,Charlotte,2003-10-11
4371,58,Carol,Wetzel,Albuquerque,1998-10-23
4371,58,Carol,Wetzel,Albuquerque,1998-10-23
4372,49,Linda,Thieme,San Jose,2018-09-27
4372,49,Linda,Thieme,San Jose,2018-09-27
4373,42,Ashley,Albert,Nashville,2024-11-21
4373,42,Ashley,Albert,Nashville,2024-11-21
4374,12,Emily,Schuler,Omaha,2009-09-11
4374,12,Emily,Schuler,Omaha,2009-09-11
4375,41,Margaret,Roth,Tucson,1999-05-05
4375,41,Margaret,Roth,Tucson,1999-05-05
4376,58,Timothy,Schnabel,Portland,2007-04-19
4376,58,Timothy,Schnabel,Portland,2007-04-19
4377,60,Ashley,Schäfer,Sacramento,2017-06-14
4377,60,Ashley,Schäfer,Sacramento,2017-06-14
4378,24,James,Brandt,Indianapolis,2011-09-22
4378,24,James,Brandt,Indianapolis,2011-09-22
4379,13,Kevin,Reinecke,Louisville,2013-12-10
4379,13,Kevin,Reinecke,Louisville,2013-12-10
4380,34,Joshua,Eder,Fresno,2017-03-07
4380,34,Joshua,Eder,Fresno,2017-03-07
4381,61,Thomas,Jensen,New York,2019-07-04
4381,61,Thomas,Jensen,New York,2019-07-04
4382,27,Sarah,Bosch,Milwaukee,2020-11-21
4382,27,Sarah,Bosch,Milwaukee,2020-11-21
4383,85,Nancy,Dick,Mesa,2018-11-11
4383,85,Nancy,Dick,Mesa,2018-11-11
4384,67,Stephanie,Langer,Tucson,2014-02-28
4384,67,Stephanie,Langer,Tucson,2014-02-28
4385,14,Lisa,Schaub,Tucson,2023-12-02
4385,14,Lisa,Schaub,Tucson,2023-12-02
4386,41,Mark,Enders,Colorado Springs,2004-11-05
4386,41,Mark,Enders,Colorado Springs,2004-11-05
4387,57,Lisa,Köhler,Seattle,2021-04-06
4387,57,Lisa,Köhler,Seattle,2021-04-06
4388,30,Amanda,Gerber,El Paso,1995-09-02
4388,30,Amanda,Gerber,El Paso,1995-09-02
4389,45,David,Ries,El Paso,2009-03-10
4389,45,David,Ries,El Paso,2009-03-10
4390,74,Paul,Eberhardt,Charlotte,2019-03-09
4390,74,Paul,Eberhardt,Charlotte,2019-03-09
4391,1,Elizabeth,Küppers,Detroit,2019-01-12
4391,1,Elizabeth,Küppers,Detroit,2019-01-12
4392,92,Margaret,König,Baltimore,2010-03-03
4392,92,Margaret,König,Baltimore,2010-03-03
4393,83,Paul,Schürmann,Boston,2024-04-03
4393,83,Paul,Schürmann,Boston,2024-04-03
4394,94,Betty,Rabe,Indianapolis,2002-02-24
4394,94,Betty,Rabe,Indianapolis,2002-02-24
4395,84,Betty,Born,Colorado Springs,2006-11-11
4395,84,Betty,Born,Colorado Springs,2006-11-11
4396,52,Carol,Eichhorn,Columbus,2001-10-28
4396,52,Carol,Eichhorn,Columbus,2001-10-28
4397,20,Kevin,Henn,San Francisco,2010-03-03
4397,20,Kevin,Henn,San Francisco,2010-03-03
4398,23,Charles,Runge,Fort Worth,2009-01-10
4398,23,Charles,Runge,Fort Worth,2009-01-10
4399,95,Nancy,Dietz,Memphis,1999-08-05
4399,95,Nancy,Dietz,Memphis,1999-08-05
4400,96,Carol,Schrader,Albuquerque,2002-09-26
4400,96,Carol,Schrader,Albuquerque,2002-09-26
4401,90,Michelle,Kühne,Las Vegas,1995-06-03
4401,90,Michelle,Kühne,Las Vegas,1995-06-03
4402,78,Mary,Jürgens,San Jose,2009-11-16
4402,78,Mary,Jürgens,San Jose,2009-11-16
4403,6,Linda,Lauterbach,Oklahoma City,2008-02-27
4403,6,Linda,Lauterbach,Oklahoma City,2008-02-27
4404,33,Deborah,Neumann,Charlotte,2020-02-25
4404,33,Deborah,Neumann,Charlotte,2020-02-25
4405,8,Anthony,Schaper,Houston,2011-04-08
4405,8,Anthony,Schaper,Houston,2011-04-08
4406,63,Lisa,Fröhlich,Fresno,2024-03-19
4406,63,Lisa,Fröhlich,Fresno,2024-03-19
4407,4,Paul,Bernhardt,Louisville,1999-10-01
4407,4,Paul,Bernhardt,Louisville,1999-10-01
4408,13,Anthony,Boldt,Los Angeles,2020-02-19
4408,13,Anthony,Boldt,Los Angeles,2020-02-19
4409,35,Mark,Claus,Baltimore,2008-04-01
4409,35,Mark,Claus,Baltimore,2008-04-01
4410,93,Michael,Thies,Detroit,2018-02-05
4410,93,Michael,Thies,Detroit,2018-02-05
4411,89,Amanda,Kühne,Detroit,2001-03-11
4411,89,Amanda,Kühne,Detroit,2001-03-11
4412,34,Richard,Buchner,Oklahoma City,1996-06-17
4412,34,Richard,Buchner,Oklahoma City,1996-06-17
4413,56,Brian,Hirsch,Louisville,2014-03-19
4413,56,Brian,Hirsch,Louisville,2014-03-19
4414,11,Elizabeth,Grün,Oklahoma City,2014-02-22
4414,11,Elizabeth,Grün,Oklahoma City,2014-02-22
4415,38,Margaret,Keck,Austin,2003-04-17
4415,38,Margaret,Keck,Austin,2003-04-17
4416,93,David,Ewert,Jacksonville,2015-11-21
4416,93,David,Ewert,Jacksonville,2015-11-21
4417,45,Anthony,Brüning,El Paso,2016-05-18
4417,45,Anthony,Brüning,El Paso,2016-05-18
4418,86,Kimberly,Popp,Atlanta,2011-09-21
4418,86,Kimberly,Popp,Atlanta,2011-09-21
4419,58,James,Bender,Denver,1997-06-04
4419,58,James,Bender,Denver,1997-06-04
4420,34,Emily,Hille,Seattle,2012-12-18
4420,34,Emily,Hille,Seattle,2012-12-18
4421,75,Matthew,Seidler,Portland,2023-10-22
4421,75,Matthew,Seidler,Portland,2023-10-22
4422,92,Mark,Geisler,Philadelphia,2024-03-08
4422,92,Mark,Geisler,Philadelphia,2024-03-08
4423,72,John,Schröer,Jacksonville,1998-05-01
4423,72,John,Schröer,Jacksonville,1998-05-01
4424,24,Ronald,Schwarzer,Los Angeles,1999-02-11
4424,24,Ronald,Schwarzer,Los Angeles,1999-02-11
4425,74,Michael,Küster,Las Vegas,2014-08-06
4425,74,Michael,Küster,Las Vegas,2014-08-06
4426,79,Sarah,Kern,Kansas City,2007-10-23
4426,79,Sarah,Kern,Kansas City,2007-10-23
4427,63,Sarah,Wieland,Louisville,2015-04-05
4427,63,Sarah,Wieland,Louisville,2015-04-05
4428,39,Ashley,Siegert,Louisville,1999-09-06
4428,39,Ashley,Siegert,Louisville,1999-09-06
4429,21,Andrew,Hentschel,Colorado Springs,2023-10-18
4429,21,Andrew,Hentschel,Colorado Springs,2023-10-18
4430,36,Andrew,Schick,Los Angeles,2018-11-17
4430,36,Andrew,Schick,Los Angeles,2018-11-17
4431,48,Ronald,Hölscher,Phoenix,2002-12-18
4431,48,Ronald,Hölscher,Phoenix,2002-12-18
4432,84,Joshua,Hofmann,Austin,2017-06-28
4432,84,Joshua,Hofmann,Austin,2017-06-28
4433,13,Anthony,Engel,Jacksonville,1997-12-21
4433,13,Anthony,Engel,Jacksonville,1997-12-21
4434,2,Sandra,Steffen,Los Angeles,2008-06-23
4434,2,Sandra,Steffen,Los Angeles,2008-06-23
4435,27,Susan,Ruppert,Charlotte,2017-07-14
4435,27,Susan,Ruppert,Charlotte,2017-07-14
4436,7,Thomas,Wolff,Colorado Springs,2009-11-06
4436,7,Thomas,Wolff,Colorado Springs,2009-11-06
4437,90,Karen,Schwabe,Atlanta,2006-08-18
4437,90,Karen,Schwabe,Atlanta,2006-08-18
4438,94,Brian,Stern,San Antonio,2002-07-06
4438,94,Brian,Stern,San Antonio,2002-07-06
4439,19,Mark,Anders,Oklahoma City,2021-04-16
4439,19,Mark,Anders,Oklahoma City,2021-04-16
4440,40,Sarah,Dreher,Fresno,2021-11-12
4440,40,Sarah,Dreher,Fresno,2021-11-12
4441,21,Anthony,Orth,Sacramento,2013-03-08
4441,21,Anthony,Orth,Sacramento,2013-03-08
4442,58,Karen,Heinrich,Fresno,2003-02-17
4442,58,Karen,Heinrich,Fresno,2003-02-17
4443,26,Patricia,Dorn,Washington,2022-09-17
4443,26,Patricia,Dorn,Washington,2022-09-17
4444,74,James,Hering,Milwaukee,2023-06-15
4444,74,James,Hering,Milwaukee,2023-06-15
4445,36,Stephanie,Rose,El Paso,2001-06-07
4445,36,Stephanie,Rose,El Paso,2001-06-07
4446,44,James,Rausch,Denver,2001-10-10
4446,44,James,Rausch,Denver,2001-10-10
4447,64,Sandra,Gerber,Houston,2017-05-17
4447,64,Sandra,Gerber,Houston,2017-05-17
4448,27,Brian,Schneider,Las Vegas,2012-12-25
4448,27,Brian,Schneider,Las Vegas,2012-12-25
4449,8,Sarah,Möller,Oklahoma City,2023-09-20
4449,8,Sarah,Möller,Oklahoma City,2023-09-20
4450,90,Daniel,Matthes,Colorado Springs,2009-08-19
4450,90,Daniel,Matthes,Colorado Springs,2009-08-19
4451,1,Elizabeth,Lampe,Louisville,2011-06-07
4451,1,Elizabeth,Lampe,Louisville,2011-06-07
4452,23,William,Merkel,Colorado Springs,2010-10-17
4452,23,William,Merkel,Colorado Springs,2010-10-17
4453,73,Kenneth,Schulze,San Francisco,2019-04-15
4453,73,Kenneth,Schulze,San Francisco,2019-04-15
4454,31,Kenneth,Bauer,Denver,1995-04-11
4454,31,Kenneth,Bauer,Denver,1995-04-11
4455,7,Robert,Peters,Sacramento,2010-07-11
4455,7,Robert,Peters,Sacramento,2010-07-11
4456,9,James,Klug,Albuquerque,2014-08-24
4456,9,James,Klug,Albuquerque,2014-08-24
4457,71,Thomas,Korn,Colorado Springs,2019-07-23
4457,71,Thomas,Korn,Colorado Springs,2019-07-23
4458,92,Lisa,Kasper,Sacramento,2014-09-19
4458,92,Lisa,Kasper,Sacramento,2014-09-19
4459,98,Kimberly,Strauß,Baltimore,1998-07-24
4459,98,Kimberly,Strauß,Baltimore,1998-07-24
4460,53,Brian,Hermann,San Francisco,2004-08-02
4460,53,Brian,Hermann,San Francisco,2004-08-02
4461,16,Kenneth,Wüst,Memphis,1998-12-02
4461,16,Kenneth,Wüst,Memphis,1998-12-02
4462,74,Mark,Sonntag,Philadelphia,2018-08-22
4462,74,Mark,Sonntag,Philadelphia,2018-08-22
4463,24,Patricia,Lauterbach,San Francisco,2006-02-26
4463,24,Patricia,Lauterbach,San Francisco,2006-02-26
4464,74,Robert,Langner,San Francisco,2003-07-05
4464,74,Robert,Langner,San Francisco,2003-07-05
4465,46,William,Richter,Columbus,2015-12-04
4465,46,William,Richter,Columbus,2015-12-04
4466,29,Charles,Paulus,Las Vegas,1998-10-12
4466,29,Charles,Paulus,Las Vegas,1998-10-12
4467,89,Andrew,Raab,Atlanta,2013-07-02
4467,89,Andrew,Raab,Atlanta,2013-07-02
4468,30,Barbara,Schüller,Omaha,1996-06-24
4468,30,Barbara,Schüller,Omaha,1996-06-24
4469,51,Sandra,Kuhn,Colorado Springs,2009-07-10
4469,51,Sandra,Kuhn,Colorado Springs,2009-07-10
4470,83,Christopher,Sailer,Albuquerque,2022-08-22
4470,83,Christopher,Sailer,Albuquerque,2022-08-22
4471,31,Brian,Pütz,Mesa,2022-01-21
4471,31,Brian,Pütz,Mesa,2022-01-21
4472,30,John,Mielke,Atlanta,2018-07-24
4472,30,John,Mielke,Atlanta,2018-07-24
4473,34,Timothy,Krebs,Columbus,2003-08-18
4473,34,Timothy,Krebs,Columbus,2003-08-18
4474,92,John,Wichmann,Portland,2017-04-23
4474,92,John,Wichmann,Portland,2017-04-23
4475,19,Sandra,Heidenreich,Denver,2014-09-04
4475,19,Sandra,Heidenreich,Denver,2014-09-04
4476,75,Michelle,Weigel,Milwaukee,1996-02-16
4476,75,Michelle,Weigel,Milwaukee,1996-02-16
4477,28,Robert,Wirth,Dallas,2010-02-27
4477,28,Robert,Wirth,Dallas,2010-02-27
4478,6,Charles,Otto,Kansas City,1996-01-23
4478,6,Charles,Otto,Kansas City,1996-01-23
4479,17,Susan,Kempf,San Francisco,2020-07-12
4479,17,Susan,Kempf,San Francisco,2020-07-12
4480,91,Patricia,Haupt,Denver,2013-01-27
4480,91,Patricia,Haupt,Denver,2013-01-27
4481,36,Daniel,Riedl,Houston,2004-12-04
4481,36,Daniel,Riedl,Houston,2004-12-04
4482,1,Carol,Raab,Austin,1998-10-15
4482,1,Carol,Raab,Austin,1998-10-15
4483,16,Sarah,Scheel,Washington,2015-08-19
4483,16,Sarah,Scheel,Washington,2015-08-19
4484,68,Joseph,Maurer,Houston,2023-06-03
4484,68,Joseph,Maurer,Houston,2023-06-03
4485,47,Stephanie,Aigner,San Francisco,2017-11-12
4485,47,Stephanie,Aigner,San Francisco,2017-11-12
4486,23,Brian,Singer,San Diego,2017-06-22
4486,23,Brian,Singer,San Diego,2017-06-22
4487,96,Mark,Neubert,Fresno,2021-03-11
4487,96,Mark,Neubert,Fresno,2021-03-11
4488,67,Linda,Seiler,Austin,2005-06-12
4488,67,Linda,Seiler,Austin,2005-06-12
4489,62,Kenneth,Lück,Milwaukee,2023-06-15
4489,62,Kenneth,Lück,Milwaukee,2023-06-15
4490,85,Deborah,Hölscher,Austin,2005-05-19
4490,85,Deborah,Hölscher,Austin,2005-05-19
4491,88,Christopher,Brehm,Kansas City,2008-12-10
4491,88,Christopher,Brehm,Kansas City,2008-12-10
4492,15,Deborah,Sturm,Nashville,2004-06-01
4492,15,Deborah,Sturm,Nashville,2004-06-01
4493,75,Joshua,Lück,Baltimore,2024-12-12
4493,75,Joshua,Lück,Baltimore,2024-12-12
4494,67,Melissa,Strauch,Jacksonville,2010-03-19
4494,67,Melissa,Strauch,Jacksonville,2010-03-19
4495,83,Betty,Wüst,Detroit,2000-07-06
4495,83,Betty,Wüst,Detroit,2000-07-06
4496,43,Melissa,Brauer,Portland,2018-09-02
4496,43,Melissa,Brauer,Portland,2018-09-02
4497,8,Anthony,Kellermann,San Diego,2018-05-27
4497,8,Anthony,Kellermann,San Diego,2018-05-27
4498,98,Patricia,Schmidtke,Colorado Springs,2017-08-02
4498,98,Patricia,Schmidtke,Colorado Springs,2017-08-02
4499,98,Joseph,Hamann,San Diego,1999-04-19
4499,98,Joseph,Hamann,San Diego,1999-04-19
4500,44,Andrew,Hoffmann,San Diego,2014-08-08
4500,44,Andrew,Hoffmann,San Diego,2014-08-08
4501,26,Paul,Reich,Fresno,2006-11-16
4501,26,Paul,Reich,Fresno,2006-11-16
4502,67,James,Hauser,Indianapolis,2022-02-27
4502,67,James,Hauser,Indianapolis,2022-02-27
4503,32,Michael,Sattler,San Jose,1997-10-18
4503,32,Michael,Sattler,San Jose,1997-10-18
4504,64,Timothy,Bauer,El Paso,2001-02-15
4504,64,Timothy,Bauer,El Paso,2001-02-15
4505,43,Nancy,Böhme,Fort Worth,2003-01-23
4505,43,Nancy,Böhme,Fort Worth,2003-01-23
4506,74,Anthony,Welsch,Portland,2021-02-09
4506,74,Anthony,Welsch,Portland,2021-02-09
4507,74,Michelle,Rühl,Washington,2002-05-06
4507,74,Michelle,Rühl,Washington,2002-05-06
4508,62,Margaret,Baumgartner,Albuquerque,2019-05-14
4508,62,Margaret,Baumgartner,Albuquerque,2019-05-14
4509,11,Kimberly,Reif,Portland,2023-12-03
4509,11,Kimberly,Reif,Portland,2023-12-03
4510,78,Mark,Köhn,Los Angeles,2013-04-19
4510,78,Mark,Köhn,Los Angeles,2013-04-19
4511,95,Nancy,Enders,Tucson,1995-10-03
4511,95,Nancy,Enders,Tucson,1995-10-03
4512,9,Nancy,Langner,Detroit,2009-02-26
4512,9,Nancy,Langner,Detroit,2009-02-26
4513,48,Carol,Augustin,Louisville,2021-03-08
4513,48,Carol,Augustin,Louisville,2021-03-08
4514,6,Patricia,Gruber,Denver,2018-08-16
4514,6,Patricia,Gruber,Denver,2018-08-16
4515,54,Michael,Schütte,Phoenix,2015-03-02
4515,54,Michael,Schütte,Phoenix,2015-03-02
4516,62,Kimberly,Knobloch,Tucson,2015-11-21
4516,62,Kimberly,Knobloch,Tucson,2015-11-21
4517,54,Ronald,Brenner,Oklahoma City,2012-04-10
4517,54,Ronald,Brenner,Oklahoma City,2012-04-10
4518,99,Daniel,Muth,Baltimore,2013-09-21
4518,99,Daniel,Muth,Baltimore,2013-09-21
4519,98,Daniel,Stern,San Diego,2006-12-11
4519,98,Daniel,Stern,San Diego,2006-12-11
4520,56,Brian,Geiger,Kansas City,2016-07-13
4520,56,Brian,Geiger,Kansas City,2016-07-13
4521,82,Robert,Augustin,San Francisco,1998-11-17
4521,82,Robert,Augustin,San Francisco,1998-11-17
4522,87,Donald,Adam,New York,2010-02-21
4522,87,Donald,Adam,New York,2010-02-21
4523,30,Kenneth,Seiler,Chicago,2008-05-06
4523,30,Kenneth,Seiler,Chicago,2008-05-06
4524,3,Jennifer,Götz,Detroit,2003-12-26
4524,3,Jennifer,Götz,Detroit,2003-12-26
4525,61,Paul,Michel,Milwaukee,2005-06-19
4525,61,Paul,Michel,Milwaukee,2005-06-19
4526,15,Elizabeth,Rausch,San Diego,2024-06-25
4526,15,Elizabeth,Rausch,San Diego,2024-06-25
4527,3,Michelle,Biermann,San Diego,2022-11-20
4527,3,Michelle,Biermann,San Diego,2022-11-20
4528,15,John,Mai,Sacramento,2004-12-01
4528,15,John,Mai,Sacramento,2004-12-01
4529,67,Joshua,Ott,Colorado Springs,2005-08-03
4529,67,Joshua,Ott,Colorado Springs,2005-08-03
4530,29,Donna,Hagedorn,Louisville,2018-02-19
4530,29,Donna,Hagedorn,Louisville,2018-02-19
4531,31,Charles,Holz,Houston,1996-01-24
4531,31,Charles,Holz,Houston,1996-01-24
4532,71,Sarah,Förster,Indianapolis,2017-12-03
4532,71,Sarah,Förster,Indianapolis,2017-12-03
4533,71,Michael,Heinze,San Jose,2003-04-02
4533,71,Michael,Heinze,San Jose,2003-04-02
4534,55,Lisa,Rothe,Oklahoma City,2005-08-19
4534,55,Lisa,Rothe,Oklahoma City,2005-08-19
4535,75,Timothy,Herbst,Phoenix,1998-02-05
4535,75,Timothy,Herbst,Phoenix,1998-02-05
4536,92,Patricia,Strobel,Atlanta,2007-09-25
4536,92,Patricia,Strobel,Atlanta,2007-09-25
4537,43,Betty,Brunner,Oklahoma City,2012-09-10
4537,43,Betty,Brunner,Oklahoma City,2012-09-10
4538,25,Barbara,Lohmann,Las Vegas,2006-10-16
4538,25,Barbara,Lohmann,Las Vegas,2006-10-16
4539,81,Donna,Pilz,Mesa,2010-07-10
4539,81,Donna,Pilz,Mesa,2010-07-10
4540,55,Margaret,Gehrmann,Fresno,2013-07-19
4540,55,Margaret,Gehrmann,Fresno,2013-07-19
4541,50,Timothy,Widmann,Fresno,2012-04-19
4541,50,Timothy,Widmann,Fresno,2012-04-19
4542,38,Kenneth,Klatt,Denver,1998-09-26
4542,38,Kenneth,Klatt,Denver,1998-09-26
4543,60,Robert,Winter,San Francisco,2024-06-15
4543,60,Robert,Winter,San Francisco,2024-06-15
4544,85,Richard,Claus,Phoenix,2013-08-05
4544,85,Richard,Claus,Phoenix,2013-08-05
4545,52,Daniel,Kolb,Boston,1999-10-04
4545,52,Daniel,Kolb,Boston,1999-10-04
4546,84,Stephanie,Nowak,Seattle,1995-05-12
4546,84,Stephanie,Nowak,Seattle,1995-05-12
4547,74,Ashley,Fuhrmann,San Diego,2023-02-07
4547,74,Ashley,Fuhrmann,San Diego,2023-02-07
4548,70,Paul,Meurer,Portland,2014-12-18
4548,70,Paul,Meurer,Portland,2014-12-18
4549,76,Matthew,Büttner,Charlotte,2014-06-13
4549,76,Matthew,Büttner,Charlotte,2014-06-13
4550,81,Deborah,Pfeifer,San Jose,2008-06-25
4550,81,Deborah,Pfeifer,San Jose,2008-06-25
4551,45,Anthony,Melzer,Indianapolis,2005-06-10
4551,45,Anthony,Melzer,Indianapolis,2005-06-10
4552,97,Susan,Büttner,Washington,2020-02-19
4552,97,Susan,Büttner,Washington,2020-02-19
4553,19,Deborah,Friese,Oklahoma City,2005-01-08
4553,19,Deborah,Friese,Oklahoma City,2005-01-08
4554,5,Timothy,Popp,San Jose,2014-03-02
4554,5,Timothy,Popp,San Jose,2014-03-02
4555,42,Margaret,Weise,Oklahoma City,2020-02-15
4555,42,Margaret,Weise,Oklahoma City,2020-02-15
4556,93,Joshua,Michaelis,Los Angeles,2007-11-22
4556,93,Joshua,Michaelis,Los Angeles,2007-11-22
4557,30,Jessica,Hertel,Sacramento,2010-07-06
4557,30,Jessica,Hertel,Sacramento,2010-07-06
4558,65,Lisa,Helm,Denver,1998-07-18
4558,65,Lisa,Helm,Denver,1998-07-18
4559,76,Charles,Rösler,Atlanta,1998-02-22
4559,76,Charles,Rösler,Atlanta,1998-02-22
4560,79,Charles,Straub,Philadelphia,2021-04-10
4560,79,Charles,Straub,Philadelphia,2021-04-10
4561,5,Linda,Bastian,Columbus,2003-07-16
4561,5,Linda,Bastian,Columbus,2003-07-16
4562,38,Ronald,Pauli,Houston,2022-07-27
4562,38,Ronald,Pauli,Houston,2022-07-27
4563,11,Jessica,Hopp,Washington,2017-11-22
4563,11,Jessica,Hopp,Washington,2017-11-22
4564,84,Donald,Wirth,Colorado Springs,2010-11-04
4564,84,Donald,Wirth,Colorado Springs,2010-11-04
4565,29,Carol,Ehrlich,Mesa,2020-11-15
4565,29,Carol,Ehrlich,Mesa,2020-11-15
4566,14,Elizabeth,Rösler,Fresno,2005-06-07
4566,14,Elizabeth,Rösler,Fresno,2005-06-07
4567,90,Emily,Hess,Portland,1997-06-12
4567,90,Emily,Hess,Portland,1997-06-12
4568,98,Kimberly,Lutz,San Antonio,2005-08-08
4568,98,Kimberly,Lutz,San Antonio,2005-08-08
4569,74,David,Brinkmann,Chicago,2009-01-07
4569,74,David,Brinkmann,Chicago,2009-01-07
4570,91,Thomas,Ebeling,Tucson,2001-05-04
4570,91,Thomas,Ebeling,Tucson,2001-05-04
4571,89,William,Langer,Los Angeles,2008-06-19
4571,89,William,Langer,Los Angeles,2008-06-19
4572,10,Emily,Lauterbach,Indianapolis,2011-03-09
4572,10,Emily,Lauterbach,Indianapolis,2011-03-09
4573,39,Elizabeth,Schott,Boston,2013-12-03
4573,39,Elizabeth,Schott,Boston,2013-12-03
4574,60,Lisa,Schneider,Charlotte,1995-10-07
4574,60,Lisa,Schneider,Charlotte,1995-10-07
4575,96,Thomas,Bader,Las Vegas,2006-09-03
4575,96,Thomas,Bader,Las Vegas,2006-09-03
4576,98,Patricia,Heilmann,Charlotte,2009-04-02
4576,98,Patricia,Heilmann,Charlotte,2009-04-02
4577,23,Deborah,Bruns,Milwaukee,2008-07-07
4577,23,Deborah,Bruns,Milwaukee,2008-07-07
4578,97,Timothy,Jakobs,Columbus,2011-10-05
4578,97,Timothy,Jakobs,Columbus,2011-10-05
4579,96,Matthew,Oppermann,Columbus,2021-05-09
4579,96,Matthew,Oppermann,Columbus,2021-05-09
4580,22,Charles,Henze,Philadelphia,2010-07-28
4580,22,Charles,Henze,Philadelphia,2010-07-28
4581,86,Paul,Neugebauer,Columbus,2022-03-07
4581,86,Paul,Neugebauer,Columbus,2022-03-07
4582,87,Donna,Ehrlich,San Francisco,2008-05-18
4582,87,Donna,Ehrlich,San Francisco,2008-05-18
4583,83,Ronald,Lotz,Seattle,2022-09-20
4583,83,Ronald,Lotz,Seattle,2022-09-20
4584,23,James,Baumgart,Oklahoma City,2005-06-05
4584,23,James,Baumgart,Oklahoma City,2005-06-05
4585,22,Matthew,Spies,San Francisco,2018-02-10
4585,22,Matthew,Spies,San Francisco,2018-02-10
4586,62,Margaret,Schnabel,Indianapolis,2000-11-21
4586,62,Margaret,Schnabel,Indianapolis,2000-11-21
4587,94,Thomas,Hellwig,Omaha,2007-12-13
4587,94,Thomas,Hellwig,Omaha,2007-12-13
4588,19,Kenneth,Bach,Colorado Springs,1996-11-01
4588,19,Kenneth,Bach,Colorado Springs,1996-11-01
4589,22,Nancy,Kock,Albuquerque,2004-07-15
4589,22,Nancy,Kock,Albuquerque,2004-07-15
4590,1,Mary,Raab,Dallas,2011-02-27
4590,1,Mary,Raab,Dallas,2011-02-27
4591,34,Michelle,Dick,Portland,2020-07-08
4591,34,Michelle,Dick,Portland,2020-07-08
4592,26,Joseph,Haack,Tucson,2017-07-10
4592,26,Joseph,Haack,Tucson,2017-07-10
4593,4,Emily,Eckardt,Jacksonville,2008-09-13
4593,4,Emily,Eckardt,Jacksonville,2008-09-13
4594,48,Joshua,Grünewald,San Francisco,2016-10-28
4594,48,Joshua,Grünewald,San Francisco,2016-10-28
4595,45,Jennifer,Bach,Mesa,2017-02-07
4595,45,Jennifer,Bach,Mesa,2017-02-07
4596,12,James,Adam,San Francisco,2003-10-18
4596,12,James,Adam,San Francisco,2003-10-18
4597,92,Timothy,Rademacher,Seattle,2011-03-26
4597,92,Timothy,Rademacher,Seattle,2011-03-26
4598,37,Daniel,Lutz,El Paso,1995-04-14
4598,37,Daniel,Lutz,El Paso,1995-04-14
4599,3,Joshua,Borchert,Fresno,2011-02-12
4599,3,Joshua,Borchert,Fresno,2011-02-12
4600,28,Thomas,Burger,San Diego,2008-01-04
4600,28,Thomas,Burger,San Diego,2008-01-04
4601,93,Kimberly,Rose,San Jose,2020-02-18
4601,93,Kimberly,Rose,San Jose,2020-02-18
4602,84,Kenneth,Hahn,El Paso,2004-06-28
4602,84,Kenneth,Hahn,El Paso,2004-06-28
4603,2,Mark,Kilian,Oklahoma City,2007-01-21
4603,2,Mark,Kilian,Oklahoma City,2007-01-21
4604,56,David,Schreiber,Washington,2007-03-07
4604,56,David,Schreiber,Washington,2007-03-07
4605,65,Richard,Winkelmann,El Paso,1998-12-23
4605,65,Richard,Winkelmann,El Paso,1998-12-23
4606,46,Jennifer,Mühlbauer,Sacramento,2011-04-01
4606,46,Jennifer,Mühlbauer,Sacramento,2011-04-01
4607,44,Jennifer,Giese,Chicago,2022-10-02
4607,44,Jennifer,Giese,Chicago,2022-10-02
4608,18,Sarah,Mann,Fresno,2009-12-25
4608,18,Sarah,Mann,Fresno,2009-12-25
4609,73,Michael,Völker,Tucson,1999-09-05
4609,73,Michael,Völker,Tucson,1999-09-05
4610,37,Thomas,Preuß,San Francisco,2006-11-10
4610,37,Thomas,Preuß,San Francisco,2006-11-10
4611,54,Ronald,Dietze,Denver,2017-01-23
4611,54,Ronald,Dietze,Denver,2017-01-23
4612,25,Barbara,Lerch,Baltimore,2013-11-28
4612,25,Barbara,Lerch,Baltimore,2013-11-28
4613,83,Deborah,Weigel,El Paso,2020-12-18
4613,83,Deborah,Weigel,El Paso,2020-12-18
4614,62,Timothy,Schmidt,Charlotte,1997-06-13
4614,62,Timothy,Schmidt,Charlotte,1997-06-13
4615,25,Brian,Reinecke,Columbus,2019-11-06
4615,25,Brian,Reinecke,Columbus,2019-11-06
4616,52,James,Appel,Los Angeles,2017-01-01
4616,52,James,Appel,Los Angeles,2017-01-01
4617,63,Thomas,Engels,Colorado Springs,2004-02-27
4617,63,Thomas,Engels,Colorado Springs,2004-02-27
4618,15,Michael,Eckardt,Seattle,2000-04-01
4618,15,Michael,Eckardt,Seattle,2000-04-01
4619,46,Sandra,Wilke,Philadelphia,2015-12-05
4619,46,Sandra,Wilke,Philadelphia,2015-12-05
4620,56,Joseph,Wilkens,Albuquerque,2001-02-06
4620,56,Joseph,Wilkens,Albuquerque,2001-02-06
4621,26,Margaret,Betz,Nashville,2005-01-07
4621,26,Margaret,Betz,Nashville,2005-01-07
4622,64,Emily,Decker,Omaha,2016-11-05
4622,64,Emily,Decker,Omaha,2016-11-05
4623,20,Emily,Raabe,Louisville,2015-07-06
4623,20,Emily,Raabe,Louisville,2015-07-06
4624,67,Patricia,Rausch,Portland,2005-01-04
4624,67,Patricia,Rausch,Portland,2005-01-04
4625,25,Karen,Moritz,Los Angeles,2024-09-16
4625,25,Karen,Moritz,Los Angeles,2024-09-16
4626,21,Ronald,Vogler,Tucson,2006-12-15
4626,21,Ronald,Vogler,Tucson,2006-12-15
4627,34,Christopher,Zeidler,Indianapolis,2010-11-23
4627,34,Christopher,Zeidler,Indianapolis,2010-11-23
4628,88,Kevin,Wacker,Colorado Springs,1998-06-19
4628,88,Kevin,Wacker,Colorado Springs,1998-06-19
4629,25,Andrew,Funk,Washington,2012-06-10
4629,25,Andrew,Funk,Washington,2012-06-10
4630,65,Michelle,Sailer,San Jose,2022-05-11
4630,65,Michelle,Sailer,San Jose,2022-05-11
4631,29,Susan,Hill,Los Angeles,2015-07-03
4631,29,Susan,Hill,Los Angeles,2015-07-03
4632,32,Steven,Heinemann,Columbus,1999-02-17
4632,32,Steven,Heinemann,Columbus,1999-02-17
4633,1,Susan,Clausen,Kansas City,2011-01-01
4633,1,Susan,Clausen,Kansas City,2011-01-01
4634,35,Kimberly,Grimm,Louisville,2000-03-23
4634,35,Kimberly,Grimm,Louisville,2000-03-23
4635,56,Patricia,Schütte,San Antonio,1998-04-03
4635,56,Patricia,Schütte,San Antonio,1998-04-03
4636,16,Nancy,Schubert,Seattle,2024-06-14
4636,16,Nancy,Schubert,Seattle,2024-06-14
4637,32,Mark,Schwab,Mesa,2014-12-14
4637,32,Mark,Schwab,Mesa,2014-12-14
4638,79,Christopher,Dittrich,Mesa,2000-07-26
4638,79,Christopher,Dittrich,Mesa,2000-07-26
4639,5,Jennifer,Dick,Houston,2023-05-11
4639,5,Jennifer,Dick,Houston,2023-05-11
4640,10,Steven,Busse,Baltimore,2024-09-11
4640,10,Steven,Busse,Baltimore,2024-09-11
4641,86,Ronald,Reiß,Las Vegas,2021-08-12
4641,86,Ronald,Reiß,Las Vegas,2021-08-12
4642,72,Michelle,Mai,Oklahoma City,2021-02-26
4642,72,Michelle,Mai,Oklahoma City,2021-02-26
4643,79,Christopher,Rößler,Milwaukee,2021-09-09
4643,79,Christopher,Rößler,Milwaukee,2021-09-09
4644,20,James,Knauer,Las Vegas,2000-12-14
4644,20,James,Knauer,Las Vegas,2000-12-14
4645,89,Robert,Schott,San Antonio,2020-08-26
4645,89,Robert,Schott,San Antonio,2020-08-26
4646,12,Anthony,Hornung,Detroit,2013-10-19
4646,12,Anthony,Hornung,Detroit,2013-10-19
4647,90,Jessica,Maaß,San Jose,2020-06-15
4647,90,Jessica,Maaß,San Jose,2020-06-15
4648,68,Jennifer,Jensen,San Diego,2015-08-14
4648,68,Jennifer,Jensen,San Diego,2015-08-14
4649,63,Michelle,Hacker,Phoenix,2016-02-14
4649,63,Michelle,Hacker,Phoenix,2016-02-14
4650,26,Richard,Weidner,San Jose,2006-07-10
4650,26,Richard,Weidner,San Jose,2006-07-10
4651,60,Deborah,Geisler,Memphis,2014-11-22
4651,60,Deborah,Geisler,Memphis,2014-11-22
4652,74,Andrew,Reinke,Oklahoma City,2018-01-15
4652,74,Andrew,Reinke,Oklahoma City,2018-01-15
4653,61,Christopher,Petry,Columbus,2021-08-11
4653,61,Christopher,Petry,Columbus,2021-08-11
4654,15,Barbara,Mertens,Albuquerque,2008-05-04
4654,15,Barbara,Mertens,Albuquerque,2008-05-04
4655,5,Jessica,Reimer,Portland,1996-01-13
4655,5,Jessica,Reimer,Portland,1996-01-13
4656,32,Kevin,Paulsen,Boston,2002-02-08
4656,32,Kevin,Paulsen,Boston,2002-02-08
4657,96,Elizabeth,Lechner,Houston,2017-11-20
4657,96,Elizabeth,Lechner,Houston,2017-11-20
4658,22,Matthew,Mertens,Nashville,2019-09-04
4658,22,Matthew,Mertens,Nashville,2019-09-04
4659,22,Sarah,Engels,Seattle,2006-06-24
4659,22,Sarah,Engels,Seattle,2006-06-24
4660,12,Donald,Oswald,Colorado Springs,2004-09-25
4660,12,Donald,Oswald,Colorado Springs,2004-09-25
4661,64,Patricia,Reimers,Charlotte,1995-10-07
4661,64,Patricia,Reimers,Charlotte,1995-10-07
4662,75,Amanda,Brandl,Kansas City,2004-11-02
4662,75,Amanda,Brandl,Kansas City,2004-11-02
4663,88,Daniel,Stoll,Las Vegas,2017-08-01
4663,88,Daniel,Stoll,Las Vegas,2017-08-01
4664,80,Mary,Sturm,San Diego,2003-08-19
4664,80,Mary,Sturm,San Diego,2003-08-19
4665,16,Lisa,Ewald,Louisville,2005-06-09
4665,16,Lisa,Ewald,Louisville,2005-06-09
4666,65,Paul,Knauer,Nashville,2002-12-28
4666,65,Paul,Knauer,Nashville,2002-12-28
4667,51,Linda,Sander,Indianapolis,2022-07-16
4667,51,Linda,Sander,Indianapolis,2022-07-16
4668,87,John,Burkhardt,Indianapolis,2009-07-28
4668,87,John,Burkhardt,Indianapolis,2009-07-28
4669,92,Susan,Wessels,Sacramento,2009-01-17
4669,92,Susan,Wessels,Sacramento,2009-01-17
4670,32,Michael,Sander,San Francisco,1996-06-26
4670,32,Michael,Sander,San Francisco,1996-06-26
4671,53,Stephanie,Grünewald,Dallas,2000-03-03
4671,53,Stephanie,Grünewald,Dallas,2000-03-03
4672,3,Jessica,Specht,Sacramento,2011-08-15
4672,3,Jessica,Specht,Sacramento,2011-08-15
4673,13,Christopher,Ott,Memphis,2015-10-05
4673,13,Christopher,Ott,Memphis,2015-10-05
4674,92,Karen,Yilmaz,Colorado Springs,2007-07-14
4674,92,Karen,Yilmaz,Colorado Springs,2007-07-14
4675,92,Jessica,Reimers,Seattle,2009-02-14
4675,92,Jessica,Reimers,Seattle,2009-02-14
4676,58,Linda,Gerdes,Fort Worth,2015-08-22
4676,58,Linda,Gerdes,Fort Worth,2015-08-22
4677,45,Steven,Schwarzer,Denver,2015-05-23
4677,45,Steven,Schwarzer,Denver,2015-05-23
4678,24,Ronald,Brüning,Washington,2002-03-16
4678,24,Ronald,Brüning,Washington,2002-03-16
4679,51,Barbara,Schultz,Charlotte,2022-04-19
4679,51,Barbara,Schultz,Charlotte,2022-04-19
4680,13,William,Stahl,New York,2015-01-27
4680,13,William,Stahl,New York,2015-01-27
4681,24,Robert,Heil,Los Angeles,2008-06-22
4681,24,Robert,Heil,Los Angeles,2008-06-22
4682,5,Anthony,Clemens,San Diego,2021-03-10
4682,5,Anthony,Clemens,San Diego,2021-03-10
4683,81,Barbara,Hein,Washington,2009-09-01
4683,81,Barbara,Hein,Washington,2009-09-01
4684,50,Thomas,Heyer,Boston,2004-01-20
4684,50,Thomas,Heyer,Boston,2004-01-20
4685,76,Jennifer,Wahl,Los Angeles,2006-01-13
4685,76,Jennifer,Wahl,Los Angeles,2006-01-13
4686,49,Steven,Heidemann,Dallas,2023-06-27
4686,49,Steven,Heidemann,Dallas,2023-06-27
4687,18,Robert,Maurer,Dallas,2006-09-19
4687,18,Robert,Maurer,Dallas,2006-09-19
4688,33,Betty,Mann,San Jose,1995-08-02
4688,33,Betty,Mann,San Jose,1995-08-02
4689,58,Susan,Thiemann,Philadelphia,1997-11-06
4689,58,Susan,Thiemann,Philadelphia,1997-11-06
4690,31,Robert,Michel,Baltimore,2011-03-27
4690,31,Robert,Michel,Baltimore,2011-03-27
4691,34,Steven,Bertram,Charlotte,2015-05-19
4691,34,Steven,Bertram,Charlotte,2015-05-19
4692,94,Stephanie,Reichel,Charlotte,2001-08-25
4692,94,Stephanie,Reichel,Charlotte,2001-08-25
4693,96,Deborah,Vogt,San Antonio,1995-11-25
4693,96,Deborah,Vogt,San Antonio,1995-11-25
4694,74,Kenneth,Rudolf,Austin,2005-01-06
4694,74,Kenneth,Rudolf,Austin,2005-01-06
4695,31,Christopher,Feldmann,Omaha,2016-08-09
4695,31,Christopher,Feldmann,Omaha,2016-08-09
4696,99,Lisa,Schröer,Kansas City,1999-11-23
4696,99,Lisa,Schröer,Kansas City,1999-11-23
4697,79,Robert,Feldmann,Omaha,1995-06-21
4697,79,Robert,Feldmann,Omaha,1995-06-21
4698,27,Mary,Habermann,Los Angeles,2022-01-11
4698,27,Mary,Habermann,Los Angeles,2022-01-11
4699,59,Ashley,Wilde,Colorado Springs,2014-12-27
4699,59,Ashley,Wilde,Colorado Springs,2014-12-27
4700,27,Timothy,Hirsch,Jacksonville,1998-09-11
4700,27,Timothy,Hirsch,Jacksonville,1998-09-11
4701,1,Joshua,Schwarz,San Francisco,2011-07-07
4701,1,Joshua,Schwarz,San Francisco,2011-07-07
4702,76,Patricia,Brauer,San Antonio,2011-07-12
4702,76,Patricia,Brauer,San Antonio,2011-07-12
4703,68,Steven,Krüger,Omaha,2001-04-13
4703,68,Steven,Krüger,Omaha,2001-04-13
4704,23,Richard,Stahl,Colorado Springs,2023-01-02
4704,23,Richard,Stahl,Colorado Springs,2023-01-02
4705,98,Sarah,Thomsen,Houston,2017-07-02
4705,98,Sarah,Thomsen,Houston,2017-07-02
4706,52,John,Heidemann,Sacramento,2013-10-09
4706,52,John,Heidemann,Sacramento,2013-10-09
4707,57,Joseph,Hopf,Mesa,2023-06-13
4707,57,Joseph,Hopf,Mesa,2023-06-13
4708,87,Daniel,Friedl,Milwaukee,2003-04-20
4708,87,Daniel,Friedl,Milwaukee,2003-04-20
4709,51,Susan,Wilkens,Boston,2008-12-19
4709,51,Susan,Wilkens,Boston,2008-12-19
4710,83,Daniel,Hölscher,San Jose,2019-08-14
4710,83,Daniel,Hölscher,San Jose,2019-08-14
4711,84,Christopher,Feldmann,Seattle,2003-03-04
4711,84,Christopher,Feldmann,Seattle,2003-03-04
4712,63,Mark,Wörner,Nashville,2002-06-25
4712,63,Mark,Wörner,Nashville,2002-06-25
4713,84,Sarah,Rühl,New York,2014-09-20
4713,84,Sarah,Rühl,New York,2014-09-20
4714,93,Mark,Frey,Mesa,1999-08-28
4714,93,Mark,Frey,Mesa,1999-08-28
4715,77,Nancy,Sonntag,San Diego,2014-08-24
4715,77,Nancy,Sonntag,San Diego,2014-08-24
4716,28,Karen,Böhm,Nashville,2008-12-05
4716,28,Karen,Böhm,Nashville,2008-12-05
4717,24,Elizabeth,Winkelmann,Nashville,2018-07-06
4717,24,Elizabeth,Winkelmann,Nashville,2018-07-06
4718,22,Kenneth,Kowalski,Portland,2006-11-22
4718,22,Kenneth,Kowalski,Portland,2006-11-22
4719,86,Linda,Büttner,Denver,2008-01-11
4719,86,Linda,Büttner,Denver,2008-01-11
4720,40,Sandra,Evers,El Paso,2003-02-11
4720,40,Sandra,Evers,El Paso,2003-02-11
4721,75,Mark,Hecht,Sacramento,1995-03-02
4721,75,Mark,Hecht,Sacramento,1995-03-02
4722,8,Elizabeth,Schwabe,Omaha,2020-11-03
4722,8,Elizabeth,Schwabe,Omaha,2020-11-03
4723,96,Thomas,Thiel,Phoenix,2004-10-13
4723,96,Thomas,Thiel,Phoenix,2004-10-13
4724,88,Mary,Horn,San Diego,2010-09-17
4724,88,Mary,Horn,San Diego,2010-09-17
4725,12,Jennifer,Becher,Austin,2010-06-05
4725,12,Jennifer,Becher,Austin,2010-06-05
4726,49,Robert,Beckmann,Indianapolis,2010-08-07
4726,49,Robert,Beckmann,Indianapolis,2010-08-07
4727,21,Betty,Riedel,Colorado Springs,1998-12-26
4727,21,Betty,Riedel,Colorado Springs,1998-12-26
4728,67,Kenneth,Reinke,Las Vegas,2005-02-16
4728,67,Kenneth,Reinke,Las Vegas,2005-02-16
4729,39,Robert,Hafner,Nashville,2005-09-20
4729,39,Robert,Hafner,Nashville,2005-09-20
4730,62,Karen,Gruber,El Paso,2015-02-24
4730,62,Karen,Gruber,El Paso,2015-02-24
4731,82,Sandra,Lindner,Kansas City,2000-09-13
4731,82,Sandra,Lindner,Kansas City,2000-09-13
4732,58,Sarah,Hartl,San Diego,2024-10-04
4732,58,Sarah,Hartl,San Diego,2024-10-04
4733,62,Kenneth,Kurth,San Antonio,2006-02-09
4733,62,Kenneth,Kurth,San Antonio,2006-02-09
4734,70,Ronald,Reinhard,Los Angeles,2016-07-08
4734,70,Ronald,Reinhard,Los Angeles,2016-07-08
4735,36,Anthony,Behnke,Baltimore,2011-04-01
4735,36,Anthony,Behnke,Baltimore,2011-04-01
4736,45,Ronald,Kraft,San Jose,2010-04-02
4736,45,Ronald,Kraft,San Jose,2010-04-02
4737,79,Barbara,Knobloch,El Paso,2020-05-13
4737,79,Barbara,Knobloch,El Paso,2020-05-13
4738,15,John,Lauer,Memphis,2017-05-13
4738,15,John,Lauer,Memphis,2017-05-13
4739,62,Michael,Höfer,Kansas City,2024-03-10
4739,62,Michael,Höfer,Kansas City,2024-03-10
4740,38,Elizabeth,Völker,Atlanta,2017-10-19
4740,38,Elizabeth,Völker,Atlanta,2017-10-19
4741,64,Kimberly,Horstmann,Oklahoma City,2009-04-02
4741,64,Kimberly,Horstmann,Oklahoma City,2009-04-02
4742,88,Matthew,Giese,Tucson,1996-03-06
4742,88,Matthew,Giese,Tucson,1996-03-06
4743,71,Andrew,Brüggemann,Memphis,2016-02-13
4743,71,Andrew,Brüggemann,Memphis,2016-02-13
4744,9,Jessica,Knorr,Charlotte,2018-07-16
4744,9,Jessica,Knorr,Charlotte,2018-07-16
4745,75,Mary,Baumeister,El Paso,2017-07-26
4745,75,Mary,Baumeister,El Paso,2017-07-26
4746,80,Nancy,Weis,Chicago,2024-02-25
4746,80,Nancy,Weis,Chicago,2024-02-25
4747,71,Elizabeth,Fritz,Atlanta,1999-11-02
4747,71,Elizabeth,Fritz,Atlanta,1999-11-02
4748,25,Donna,Kleine,Memphis,2012-10-13
4748,25,Donna,Kleine,Memphis,2012-10-13
4749,78,Lisa,Budde,San Diego,2021-10-08
4749,78,Lisa,Budde,San Diego,2021-10-08
4750,65,Sandra,Lechner,Washington,2024-09-14
4750,65,Sandra,Lechner,Washington,2024-09-14
4751,20,Kevin,Reichel,Memphis,2016-07-11
4751,20,Kevin,Reichel,Memphis,2016-07-11
4752,28,Joshua,Steinke,Los Angeles,2007-05-09
4752,28,Joshua,Steinke,Los Angeles,2007-05-09
4753,49,Anthony,Reiser,New York,2004-10-06
4753,49,Anthony,Reiser,New York,2004-10-06
4754,34,Mark,Schade,Oklahoma City,2010-05-23
4754,34,Mark,Schade,Oklahoma City,2010-05-23
4755,73,Timothy,Fleischmann,Nashville,2007-05-03
4755,73,Timothy,Fleischmann,Nashville,2007-05-03
4756,20,Donna,Vogel,Atlanta,2020-07-03
4756,20,Donna,Vogel,Atlanta,2020-07-03
4757,95,Sarah,Schütt,San Diego,2023-04-19
4757,95,Sarah,Schütt,San Diego,2023-04-19
4758,85,Anthony,Schuster,Portland,2012-10-15
4758,85,Anthony,Schuster,Portland,2012-10-15
4759,22,Kenneth,Rau,Sacramento,2009-05-21
4759,22,Kenneth,Rau,Sacramento,2009-05-21
4760,77,Sarah,Günther,Philadelphia,2021-10-02
4760,77,Sarah,Günther,Philadelphia,2021-10-02
4761,44,Amanda,Hoch,Denver,2021-07-27
4761,44,Amanda,Hoch,Denver,2021-07-27
4762,47,Christopher,Walter,Seattle,2002-02-16
4762,47,Christopher,Walter,Seattle,2002-02-16
4763,25,Sarah,Reimann,New York,2022-03-21
4763,25,Sarah,Reimann,New York,2022-03-21
4764,22,Andrew,Berthold,Boston,2023-07-17
4764,22,Andrew,Berthold,Boston,2023-07-17
4765,61,Timothy,Schäfer,Portland,1995-01-19
4765,61,Timothy,Schäfer,Portland,1995-01-19
4766,52,Mary,Bock,San Antonio,2005-02-13
4766,52,Mary,Bock,San Antonio,2005-02-13
4767,20,Ashley,Schwarzer,Memphis,2007-11-19
4767,20,Ashley,Schwarzer,Memphis,2007-11-19
4768,96,Kimberly,Kruse,Milwaukee,2000-08-13
4768,96,Kimberly,Kruse,Milwaukee,2000-08-13
4769,80,Lisa,Wilde,Mesa,2016-05-06
4769,80,Lisa,Wilde,Mesa,2016-05-06
4770,20,Michael,Winkelmann,Denver,2010-05-08
4770,20,Michael,Winkelmann,Denver,2010-05-08
4771,86,Jennifer,Hofmann,Philadelphia,2019-05-22
4771,86,Jennifer,Hofmann,Philadelphia,2019-05-22
4772,45,Joseph,Frey,Boston,2008-11-14
4772,45,Joseph,Frey,Boston,2008-11-14
4773,37,Anthony,Wetzel,Milwaukee,1996-09-18
4773,37,Anthony,Wetzel,Milwaukee,1996-09-18
4774,15,Elizabeth,Götze,Dallas,1999-07-06
4774,15,Elizabeth,Götze,Dallas,1999-07-06
4775,76,David,Ries,Oklahoma City,2006-08-09
4775,76,David,Ries,Oklahoma City,2006-08-09
4776,9,Steven,Eberhardt,Jacksonville,2010-03-04
4776,9,Steven,Eberhardt,Jacksonville,2010-03-04
4777,44,Emily,Benz,Atlanta,2012-04-20
4777,44,Emily,Benz,Atlanta,2012-04-20
4778,15,Deborah,Wolter,Portland,2024-07-20
4778,15,Deborah,Wolter,Portland,2024-07-20
4779,44,Jennifer,Schubert,San Jose,2006-03-15
4779,44,Jennifer,Schubert,San Jose,2006-03-15
4780,86,Kenneth,Haase,Los Angeles,2013-11-17
4780,86,Kenneth,Haase,Los Angeles,2013-11-17
4781,12,Margaret,Niemeyer,Nashville,1999-04-10
4781,12,Margaret,Niemeyer,Nashville,1999-04-10
4782,27,Mary,Hinz,Tucson,2001-03-27
4782,27,Mary,Hinz,Tucson,2001-03-27
4783,19,Mark,Mayr,Las Vegas,1996-01-02
4783,19,Mark,Mayr,Las Vegas,1996-01-02
4784,25,Patricia,Steinbach,Fresno,2018-01-09
4784,25,Patricia,Steinbach,Fresno,2018-01-09
4785,74,James,Gehring,Dallas,2021-01-18
4785,74,James,Gehring,Dallas,2021-01-18
4786,99,Christopher,Pfeiffer,Los Angeles,2002-11-24
4786,99,Christopher,Pfeiffer,Los Angeles,2002-11-24
4787,64,Sandra,Stark,Baltimore,2007-07-27
4787,64,Sandra,Stark,Baltimore,2007-07-27
4788,12,Matthew,Konrad,Washington,2024-01-18
4788,12,Matthew,Konrad,Washington,2024-01-18
4789,50,Elizabeth,Fiedler,Austin,2004-12-05
4789,50,Elizabeth,Fiedler,Austin,2004-12-05
4790,72,Joseph,Büttner,San Francisco,2003-05-06
4790,72,Joseph,Büttner,San Francisco,2003-05-06
4791,11,Lisa,Seemann,Mesa,1998-09-02
4791,11,Lisa,Seemann,Mesa,1998-09-02
4792,83,Deborah,Aigner,San Jose,2015-04-13
4792,83,Deborah,Aigner,San Jose,2015-04-13
4793,23,Charles,Arndt,San Antonio,2016-12-24
4793,23,Charles,Arndt,San Antonio,2016-12-24
4794,88,Lisa,Kroll,Indianapolis,2003-06-07
4794,88,Lisa,Kroll,Indianapolis,2003-06-07
4795,15,Margaret,Wimmer,Tucson,2017-10-02
4795,15,Margaret,Wimmer,Tucson,2017-10-02
4796,63,Kimberly,Metzner,New York,2014-02-23
4796,63,Kimberly,Metzner,New York,2014-02-23
4797,20,Ashley,Fischer,Austin,2014-11-10
4797,20,Ashley,Fischer,Austin,2014-11-10
4798,89,Matthew,Habermann,Philadelphia,1997-07-21
4798,89,Matthew,Habermann,Philadelphia,1997-07-21
4799,78,Brian,Zimmer,Oklahoma City,2012-07-15
4799,78,Brian,Zimmer,Oklahoma City,2012-07-15
4800,10,Betty,Klotz,Sacramento,2024-03-04
4800,10,Betty,Klotz,Sacramento,2024-03-04
4801,61,James,Sander,Atlanta,2003-09-19
4801,61,James,Sander,Atlanta,2003-09-19
4802,93,Ronald,Lerch,Detroit,2007-11-27
4802,93,Ronald,Lerch,Detroit,2007-11-27
4803,47,Brian,Bruns,Fort Worth,2007-05-06
4803,47,Brian,Bruns,Fort Worth,2007-05-06
4804,49,Patricia,Bayer,Baltimore,2017-04-22
4804,49,Patricia,Bayer,Baltimore,2017-04-22
4805,49,John,Kersten,Louisville,2021-02-03
4805,49,John,Kersten,Louisville,2021-02-03
4806,76,Ronald,Voigt,Portland,2002-02-19
4806,76,Ronald,Voigt,Portland,2002-02-19
4807,33,David,Späth,Denver,2010-05-03
4807,33,David,Späth,Denver,2010-05-03
4808,87,Margaret,Altmann,Phoenix,2021-12-15
4808,87,Margaret,Altmann,Phoenix,2021-12-15
4809,78,Christopher,Rösch,Phoenix,1999-05-19
4809,78,Christopher,Rösch,Phoenix,1999-05-19
4810,23,James,Brockmann,Portland,1998-10-04
4810,23,James,Brockmann,Portland,1998-10-04
4811,53,Elizabeth,Pohlmann,Louisville,2022-08-16
4811,53,Elizabeth,Pohlmann,Louisville,2022-08-16
4812,37,Margaret,Janssen,Detroit,2009-06-15
4812,37,Margaret,Janssen,Detroit,2009-06-15
4813,22,David,Budde,Portland,2009-06-07
4813,22,David,Budde,Portland,2009-06-07
4814,93,Brian,Junge,Nashville,2022-10-25
4814,93,Brian,Junge,Nashville,2022-10-25
4815,2,Melissa,Kopp,New York,1998-07-16
4815,2,Melissa,Kopp,New York,1998-07-16
4816,20,Carol,Walz,Louisville,2017-09-28
4816,20,Carol,Walz,Louisville,2017-09-28
4817,5,Emily,Janssen,Charlotte,2011-09-01
4817,5,Emily,Janssen,Charlotte,2011-09-01
4818,91,Emily,Hermann,San Francisco,1996-04-17
4818,91,Emily,Hermann,San Francisco,1996-04-17
4819,3,Jennifer,Adam,Detroit,2023-02-16
4819,3,Jennifer,Adam,Detroit,2023-02-16
4820,82,Deborah,Strauch,Oklahoma City,2001-11-12
4820,82,Deborah,Strauch,Oklahoma City,2001-11-12
4821,77,Donna,Klug,Boston,2011-03-14
4821,77,Donna,Klug,Boston,2011-03-14
4822,86,Thomas,Schütte,San Jose,2007-02-10
4822,86,Thomas,Schütte,San Jose,2007-02-10
4823,77,Elizabeth,Rudolph,Tucson,1998-07-21
4823,77,Elizabeth,Rudolph,Tucson,1998-07-21
4824,12,Stephanie,Hollmann,Boston,2002-11-17
4824,12,Stephanie,Hollmann,Boston,2002-11-17
4825,32,Anthony,Raab,San Diego,2018-02-28
4825,32,Anthony,Raab,San Diego,2018-02-28
4826,58,Stephanie,Höhne,Phoenix,2018-05-18
4826,58,Stephanie,Höhne,Phoenix,2018-05-18
4827,71,Andrew,Hafner,Philadelphia,2017-11-25
4827,71,Andrew,Hafner,Philadelphia,2017-11-25
4828,70,Charles,Rösler,El Paso,2007-11-08
4828,70,Charles,Rösler,El Paso,2007-11-08
4829,40,Matthew,Haack,Baltimore,1995-12-02
4829,40,Matthew,Haack,Baltimore,1995-12-02
4830,6,Betty,Wiesner,Columbus,2013-12-10
4830,6,Betty,Wiesner,Columbus,2013-12-10
4831,63,Timothy,Runge,El Paso,2006-01-19
4831,63,Timothy,Runge,El Paso,2006-01-19
4832,25,Joseph,Schubert,Austin,2020-09-19
4832,25,Joseph,Schubert,Austin,2020-09-19
4833,91,Patricia,Reiß,Milwaukee,2004-02-20
4833,91,Patricia,Reiß,Milwaukee,2004-02-20
4834,69,Mark,Kraus,Philadelphia,2015-09-02
4834,69,Mark,Kraus,Philadelphia,2015-09-02
4835,83,David,Schrader,Austin,2019-10-12
4835,83,David,Schrader,Austin,2019-10-12
4836,73,Anthony,Rehm,San Jose,2015-03-07
4836,73,Anthony,Rehm,San Jose,2015-03-07
4837,50,Sandra,Kaiser,Fort Worth,2018-04-16
4837,50,Sandra,Kaiser,Fort Worth,2018-04-16
4838,40,Christopher,Abel,Los Angeles,2023-08-19
4838,40,Christopher,Abel,Los Angeles,2023-08-19
4839,1,Betty,Dittrich,Sacramento,2000-10-18
4839,1,Betty,Dittrich,Sacramento,2000-10-18
4840,46,Thomas,Baur,Mesa,2018-05-28
4840,46,Thomas,Baur,Mesa,2018-05-28
4841,73,Kevin,Wittmann,San Francisco,2005-09-05
4841,73,Kevin,Wittmann,San Francisco,2005-09-05
4842,39,Kenneth,Kühne,Louisville,2021-02-03
4842,39,Kenneth,Kühne,Louisville,2021-02-03
4843,10,Carol,Wilke,Louisville,2019-05-11
4843,10,Carol,Wilke,Louisville,2019-05-11
4844,49,Stephanie,Hofer,Washington,2009-10-03
4844,49,Stephanie,Hofer,Washington,2009-10-03
4845,14,Sarah,Krohn,Kansas City,2004-03-06
4845,14,Sarah,Krohn,Kansas City,2004-03-06
4846,46,Brian,Lutz,San Antonio,2012-06-18
4846,46,Brian,Lutz,San Antonio,2012-06-18
4847,40,Michelle,Brenner,Charlotte,2008-08-23
4847,40,Michelle,Brenner,Charlotte,2008-08-23
4848,89,Joshua,Rudolf,Albuquerque,2019-12-21
4848,89,Joshua,Rudolf,Albuquerque,2019-12-21
4849,19,Ronald,Wilde,Austin,2022-08-10
4849,19,Ronald,Wilde,Austin,2022-08-10
4850,17,Daniel,Nitschke,Las Vegas,2013-01-25
4850,17,Daniel,Nitschke,Las Vegas,2013-01-25
4851,82,Timothy,Lippert,Chicago,2016-05-09
4851,82,Timothy,Lippert,Chicago,2016-05-09
4852,46,Emily,Brauer,Baltimore,2006-01-11
4852,46,Emily,Brauer,Baltimore,2006-01-11
4853,73,Timothy,Sieber,Philadelphia,2013-03-03
4853,73,Timothy,Sieber,Philadelphia,2013-03-03
4854,65,Steven,Moll,Los Angeles,2016-01-07
4854,65,Steven,Moll,Los Angeles,2016-01-07
4855,70,Melissa,Kunz,Columbus,2002-12-26
4855,70,Melissa,Kunz,Columbus,2002-12-26
4856,38,Robert,Schwarz,Seattle,2001-01-17
4856,38,Robert,Schwarz,Seattle,2001-01-17
4857,17,Kevin,Fröhlich,Milwaukee,2011-03-04
4857,17,Kevin,Fröhlich,Milwaukee,2011-03-04
4858,73,Deborah,Volk,San Jose,2022-06-24
4858,73,Deborah,Volk,San Jose,2022-06-24
4859,11,Kimberly,Henn,Detroit,2005-06-09
4859,11,Kimberly,Henn,Detroit,2005-06-09
4860,53,Michelle,Wüst,Fort Worth,2023-06-18
4860,53,Michelle,Wüst,Fort Worth,2023-06-18
4861,18,William,Geiger,Seattle,2022-10-22
4861,18,William,Geiger,Seattle,2022-10-22
4862,7,Stephanie,Lindner,Dallas,2016-11-16
4862,7,Stephanie,Lindner,Dallas,2016-11-16
4863,35,Michael,Raabe,Nashville,2024-10-07
4863,35,Michael,Raabe,Nashville,2024-10-07
4864,44,Steven,Lorenzen,Omaha,2016-11-10
4864,44,Steven,Lorenzen,Omaha,2016-11-10
4865,71,William,Augustin,Las Vegas,2008-12-02
4865,71,William,Augustin,Las Vegas,2008-12-02
4866,39,Jessica,Exner,Fresno,2003-09-09
4866,39,Jessica,Exner,Fresno,2003-09-09
4867,11,Karen,Seidl,San Diego,2013-03-28
4867,11,Karen,Seidl,San Diego,2013-03-28
4868,10,Ashley,Pfeffer,Tucson,1997-05-25
4868,10,Ashley,Pfeffer,Tucson,1997-05-25
4869,98,Deborah,Abel,El Paso,2011-03-06
4869,98,Deborah,Abel,El Paso,2011-03-06
4870,88,Elizabeth,Barth,San Jose,2011-12-01
4870,88,Elizabeth,Barth,San Jose,2011-12-01
4871,76,Karen,Matthes,Columbus,1997-04-06
4871,76,Karen,Matthes,Columbus,1997-04-06
4872,9,Donna,Volk,Columbus,1996-02-24
4872,9,Donna,Volk,Columbus,1996-02-24
4873,86,Christopher,Rohde,Indianapolis,2013-08-17
4873,86,Christopher,Rohde,Indianapolis,2013-08-17
4874,96,Margaret,Knapp,Kansas City,1995-12-15
4874,96,Margaret,Knapp,Kansas City,1995-12-15
4875,8,Richard,Stenzel,Colorado Springs,2004-12-25
4875,8,Richard,Stenzel,Colorado Springs,2004-12-25
4876,48,Melissa,Steinke,Detroit,2009-08-12
4876,48,Melissa,Steinke,Detroit,2009-08-12
4877,21,Michael,Fiebig,Detroit,1995-06-23
4877,21,Michael,Fiebig,Detroit,1995-06-23
4878,80,Elizabeth,Schroeder,New York,2010-02-24
4878,80,Elizabeth,Schroeder,New York,2010-02-24
4879,97,Donna,Brunner,Albuquerque,2016-12-06
4879,97,Donna,Brunner,Albuquerque,2016-12-06
4880,89,James,Grün,Charlotte,2003-06-26
4880,89,James,Grün,Charlotte,2003-06-26
4881,6,Anthony,Kummer,Nashville,2024-01-02
4881,6,Anthony,Kummer,Nashville,2024-01-02
4882,59,Melissa,Borchert,Seattle,1998-01-17
4882,59,Melissa,Borchert,Seattle,1998-01-17
4883,68,Linda,Stöhr,Baltimore,2018-06-13
4883,68,Linda,Stöhr,Baltimore,2018-06-13
4884,23,Melissa,Otto,San Jose,2013-03-27
4884,23,Melissa,Otto,San Jose,2013-03-27
4885,73,Carol,Krieg,Las Vegas,2017-04-12
4885,73,Carol,Krieg,Las Vegas,2017-04-12
4886,75,Thomas,Bischoff,Baltimore,2019-11-19
4886,75,Thomas,Bischoff,Baltimore,2019-11-19
4887,35,David,Seibert,Los Angeles,2012-12-07
4887,35,David,Seibert,Los Angeles,2012-12-07
4888,12,Jennifer,Groth,Denver,2007-12-02
4888,12,Jennifer,Groth,Denver,2007-12-02
4889,99,Kevin,Hartmann,Boston,2010-10-24
4889,99,Kevin,Hartmann,Boston,2010-10-24
4890,71,Matthew,Bosch,Columbus,2001-03-19
4890,71,Matthew,Bosch,Columbus,2001-03-19
4891,57,Joshua,Küpper,Philadelphia,2015-07-23
4891,57,Joshua,Küpper,Philadelphia,2015-07-23
4892,29,Ronald,Schüler,Fort Worth,1999-10-15
4892,29,Ronald,Schüler,Fort Worth,1999-10-15
4893,85,Betty,Barthel,Oklahoma City,2020-09-12
4893,85,Betty,Barthel,Oklahoma City,2020-09-12
4894,67,Steven,Hollmann,El Paso,2018-03-24
4894,67,Steven,Hollmann,El Paso,2018-03-24
4895,61,Paul,Wolf,Baltimore,1997-12-06
4895,61,Paul,Wolf,Baltimore,1997-12-06
4896,61,David,Janke,Baltimore,2019-12-16
4896,61,David,Janke,Baltimore,2019-12-16
4897,88,Karen,Rudolf,Kansas City,2024-12-23
4897,88,Karen,Rudolf,Kansas City,2024-12-23
4898,30,Charles,Merten,Baltimore,2016-09-04
4898,30,Charles,Merten,Baltimore,2016-09-04
4899,27,Mary,Albers,Baltimore,2002-06-11
4899,27,Mary,Albers,Baltimore,2002-06-11
4900,93,Kevin,Karl,Mesa,1996-01-03
4900,93,Kevin,Karl,Mesa,1996-01-03
4901,30,Donna,Schulte,Fresno,2016-06-24
4901,30,Donna,Schulte,Fresno,2016-06-24
4902,55,Michelle,Engelmann,Indianapolis,2000-04-17
4902,55,Michelle,Engelmann,Indianapolis,2000-04-17
4903,23,Margaret,Westermann,Las Vegas,2011-09-26
4903,23,Margaret,Westermann,Las Vegas,2011-09-26
4904,37,Stephanie,Kruse,Columbus,2016-10-16
4904,37,Stephanie,Kruse,Columbus,2016-10-16
4905,26,Kevin,Krause,Detroit,2017-03-06
4905,26,Kevin,Krause,Detroit,2017-03-06
4906,36,Paul,Merten,San Diego,2019-04-22
4906,36,Paul,Merten,San Diego,2019-04-22
4907,92,Joseph,Fröhlich,Columbus,2011-06-11
4907,92,Joseph,Fröhlich,Columbus,2011-06-11
4908,63,Betty,Rost,Milwaukee,2018-05-25
4908,63,Betty,Rost,Milwaukee,2018-05-25
4909,37,Karen,Fritsche,Los Angeles,2011-05-27
4909,37,Karen,Fritsche,Los Angeles,2011-05-27
4910,51,Kimberly,Hiller,Houston,2011-05-17
4910,51,Kimberly,Hiller,Houston,2011-05-17
4911,68,Lisa,Schuh,New York,2023-12-15
4911,68,Lisa,Schuh,New York,2023-12-15
4912,93,William,Walz,Oklahoma City,2006-01-09
4912,93,William,Walz,Oklahoma City,2006-01-09
4913,78,Richard,Kühne,Columbus,2000-03-17
4913,78,Richard,Kühne,Columbus,2000-03-17
4914,63,Patricia,Noack,Omaha,2012-05-02
4914,63,Patricia,Noack,Omaha,2012-05-02
4915,37,Lisa,Glaser,Boston,1998-05-10
4915,37,Lisa,Glaser,Boston,1998-05-10
4916,97,John,Schrader,Boston,2019-02-01
4916,97,John,Schrader,Boston,2019-02-01
4917,31,Kevin,Mielke,Chicago,2001-03-02
4917,31,Kevin,Mielke,Chicago,2001-03-02
4918,78,Nancy,Wilke,Phoenix,2018-05-18
4918,78,Nancy,Wilke,Phoenix,2018-05-18
4919,25,Patricia,Wendel,Kansas City,1998-10-13
4919,25,Patricia,Wendel,Kansas City,1998-10-13
4920,73,Betty,Bremer,Detroit,2017-03-07
4920,73,Betty,Bremer,Detroit,2017-03-07
4921,25,Joseph,Hennig,Omaha,2018-08-11
4921,25,Joseph,Hennig,Omaha,2018-08-11
4922,46,James,Schöne,Kansas City,2003-05-27
4922,46,James,Schöne,Kansas City,2003-05-27
4923,89,Michael,Scharf,Kansas City,1995-07-18
4923,89,Michael,Scharf,Kansas City,1995-07-18
4924,30,Susan,Schreiner,Houston,2001-06-14
4924,30,Susan,Schreiner,Houston,2001-06-14
4925,20,Donna,Berner,San Antonio,2001-09-08
4925,20,Donna,Berner,San Antonio,2001-09-08
4926,23,Stephanie,Krämer,Baltimore,2017-05-20
4926,23,Stephanie,Krämer,Baltimore,2017-05-20
4927,1,James,Küster,Baltimore,2001-03-08
4927,1,James,Küster,Baltimore,2001-03-08
4928,15,Donna,Baumann,Denver,2000-10-19
4928,15,Donna,Baumann,Denver,2000-10-19
4929,21,Donna,Beyer,Colorado Springs,2024-06-22
4929,21,Donna,Beyer,Colorado Springs,2024-06-22
4930,30,Charles,Siegert,Sacramento,2003-11-16
4930,30,Charles,Siegert,Sacramento,2003-11-16
4931,11,Deborah,Schweiger,Omaha,2008-06-06
4931,11,Deborah,Schweiger,Omaha,2008-06-06
4932,90,Mark,Lück,Tucson,1999-01-14
4932,90,Mark,Lück,Tucson,1999-01-14
4933,52,Robert,Zander,Tucson,1998-06-07
4933,52,Robert,Zander,Tucson,1998-06-07
4934,30,Ronald,Cremer,Columbus,2017-10-10
4934,30,Ronald,Cremer,Columbus,2017-10-10
4935,9,Elizabeth,Ludwig,Kansas City,2002-07-14
4935,9,Elizabeth,Ludwig,Kansas City,2002-07-14
4936,69,Betty,Drechsler,Jacksonville,2006-03-11
4936,69,Betty,Drechsler,Jacksonville,2006-03-11
4937,47,Charles,Wieczorek,Louisville,2014-12-14
4937,47,Charles,Wieczorek,Louisville,2014-12-14
4938,34,Stephanie,Siegel,Columbus,2023-08-03
4938,34,Stephanie,Siegel,Columbus,2023-08-03
4939,33,John,Ehrhardt,Mesa,1997-08-01
4939,33,John,Ehrhardt,Mesa,1997-08-01
4940,98,Michael,Maaß,Kansas City,1998-08-28
4940,98,Michael,Maaß,Kansas City,1998-08-28
4941,65,Brian,Schilling,Indianapolis,2022-05-18
4941,65,Brian,Schilling,Indianapolis,2022-05-18
4942,51,Timothy,Rabe,Nashville,2006-06-06
4942,51,Timothy,Rabe,Nashville,2006-06-06
4943,79,Sarah,Bernhard,Louisville,1996-02-15
4943,79,Sarah,Bernhard,Louisville,1996-02-15
4944,31,Christopher,Tietz,Tucson,1996-09-07
4944,31,Christopher,Tietz,Tucson,1996-09-07
4945,56,Andrew,Liedtke,Philadelphia,2002-10-11
4945,56,Andrew,Liedtke,Philadelphia,2002-10-11
4946,76,Patricia,Rauch,Charlotte,2004-08-14
4946,76,Patricia,Rauch,Charlotte,2004-08-14
4947,71,Robert,Krebs,Chicago,1998-03-18
4947,71,Robert,Krebs,Chicago,1998-03-18
4948,45,James,Fiedler,Sacramento,2013-12-01
4948,45,James,Fiedler,Sacramento,2013-12-01
4949,33,Patricia,Clemens,Columbus,2021-09-13
4949,33,Patricia,Clemens,Columbus,2021-09-13
4950,96,Barbara,Kratz,Los Angeles,1996-06-20
4950,96,Barbara,Kratz,Los Angeles,1996-06-20
4951,51,Anthony,Weller,Memphis,2015-02-02
4951,51,Anthony,Weller,Memphis,2015-02-02
4952,5,Carol,Kluge,Houston,2012-04-28
4952,5,Carol,Kluge,Houston,2012-04-28
4953,38,Daniel,Groth,Detroit,2011-06-20
4953,38,Daniel,Groth,Detroit,2011-06-20
4954,5,Matthew,Grote,Fort Worth,1995-08-07
4954,5,Matthew,Grote,Fort Worth,1995-08-07
4955,56,Charles,Völker,Los Angeles,2016-09-21
4955,56,Charles,Völker,Los Angeles,2016-09-21
4956,81,Nancy,Gottwald,San Francisco,2010-12-25
4956,81,Nancy,Gottwald,San Francisco,2010-12-25
4957,71,Matthew,Drescher,Sacramento,2015-01-25
4957,71,Matthew,Drescher,Sacramento,2015-01-25
4958,89,Brian,Andres,Jacksonville,2022-07-15
4958,89,Brian,Andres,Jacksonville,2022-07-15
4959,25,Melissa,Rühl,Washington,2010-10-06
4959,25,Melissa,Rühl,Washington,2010-10-06
4960,67,Emily,Grund,Nashville,1999-02-11
4960,67,Emily,Grund,Nashville,1999-02-11
4961,52,Emily,Kraft,Charlotte,2004-09-06
4961,52,Emily,Kraft,Charlotte,2004-09-06
4962,36,Robert,Knapp,Sacramento,2000-07-17
4962,36,Robert,Knapp,Sacramento,2000-07-17
4963,92,Margaret,Thoma,Nashville,2012-11-04
4963,92,Margaret,Thoma,Nashville,2012-11-04
4964,23,Melissa,Gross,Nashville,2019-08-24
4964,23,Melissa,Gross,Nashville,2019-08-24
4965,8,Carol,Stahl,Nashville,2005-11-24
4965,8,Carol,Stahl,Nashville,2005-11-24
4966,31,Ronald,Seidel,Albuquerque,2005-01-19
4966,31,Ronald,Seidel,Albuquerque,2005-01-19
4967,63,Carol,Reiter,Phoenix,2007-09-20
4967,63,Carol,Reiter,Phoenix,2007-09-20
4968,21,Joshua,Nitschke,Colorado Springs,2001-09-26
4968,21,Joshua,Nitschke,Colorado Springs,2001-09-26
4969,99,Jessica,Ehrhardt,Dallas,1999-04-28
4969,99,Jessica,Ehrhardt,Dallas,1999-04-28
4970,50,Steven,Mack,Seattle,2015-11-03
4970,50,Steven,Mack,Seattle,2015-11-03
4971,29,Ronald,Oswald,Nashville,2019-04-10
4971,29,Ronald,Oswald,Nashville,2019-04-10
4972,60,Charles,Apel,San Diego,2022-01-19
4972,60,Charles,Apel,San Diego,2022-01-19
4973,67,David,Schwarze,Fresno,2008-04-03
4973,67,David,Schwarze,Fresno,2008-04-03
4974,44,Jennifer,Korte,Jacksonville,2004-10-25
4974,44,Jennifer,Korte,Jacksonville,2004-10-25
4975,89,Brian,Rode,Las Vegas,2016-03-07
4975,89,Brian,Rode,Las Vegas,2016-03-07
4976,2,Andrew,Ackermann,Omaha,1997-10-12
4976,2,Andrew,Ackermann,Omaha,1997-10-12
4977,98,Joshua,Bruhn,Las Vegas,2016-03-05
4977,98,Joshua,Bruhn,Las Vegas,2016-03-05
4978,15,Lisa,Muth,Albuquerque,2017-03-28
4978,15,Lisa,Muth,Albuquerque,2017-03-28
4979,39,Kenneth,Schnabel,Tucson,2013-10-01
4979,39,Kenneth,Schnabel,Tucson,2013-10-01
4980,40,Robert,Küppers,Kansas City,2024-08-28
4980,40,Robert,Küppers,Kansas City,2024-08-28
4981,47,Carol,Kleinert,Fresno,2008-09-23
4981,47,Carol,Kleinert,Fresno,2008-09-23
4982,76,Daniel,Keil,Austin,2007-04-13
4982,76,Daniel,Keil,Austin,2007-04-13
4983,52,Thomas,Winkelmann,Milwaukee,2011-11-28
4983,52,Thomas,Winkelmann,Milwaukee,2011-11-28
4984,88,Barbara,Weidner,Seattle,2020-05-17
4984,88,Barbara,Weidner,Seattle,2020-05-17
4985,6,Daniel,Rother,El Paso,1998-11-18
4985,6,Daniel,Rother,El Paso,1998-11-18
4986,70,Jessica,Weigel,Washington,1995-12-02
4986,70,Jessica,Weigel,Washington,1995-12-02
4987,48,Michael,Niemann,Seattle,1997-11-10
4987,48,Michael,Niemann,Seattle,1997-11-10
4988,58,Ashley,Hoff,Omaha,2003-06-16
4988,58,Ashley,Hoff,Omaha,2003-06-16
4989,90,Lisa,Wacker,Colorado Springs,2012-07-15
4989,90,Lisa,Wacker,Colorado Springs,2012-07-15
4990,3,David,Stein,Oklahoma City,2016-11-13
4990,3,David,Stein,Oklahoma City,2016-11-13
4991,96,Mark,Renz,San Jose,2003-03-04
4991,96,Mark,Renz,San Jose,2003-03-04
4992,46,Timothy,Otto,New York,2020-06-23
4992,46,Timothy,Otto,New York,2020-06-23
4993,18,Paul,Drechsler,Houston,2008-07-03
4993,18,Paul,Drechsler,Houston,2008-07-03
4994,56,Daniel,Langer,Las Vegas,1997-04-02
4994,56,Daniel,Langer,Las Vegas,1997-04-02
4995,92,Richard,Bartels,Mesa,2016-01-26
4995,92,Richard,Bartels,Mesa,2016-01-26
4996,33,Emily,Rudolph,Mesa,2017-04-01
4996,33,Emily,Rudolph,Mesa,2017-04-01
4997,17,Melissa,Walter,Los Angeles,2014-10-26
4997,17,Melissa,Walter,Los Angeles,2014-10-26
4998,32,Timothy,Heck,Louisville,2014-04-19
4998,32,Timothy,Heck,Louisville,2014-04-19
4999,76,Deborah,Wetzel,Detroit,2009-08-14
4999,76,Deborah,Wetzel,Detroit,2009-08-14
5000,85,Daniel,Oswald,El Paso,2012-07-18
5000,85,Daniel,Oswald,El Paso,2012-07-18
