account_id,customer_id,branch_id,account_type,account_opening_date
1,1,43,current,2024-08-28
1,1,43,current,2024-08-28
2,2,63,current,2008-03-25
2,2,63,current,2008-03-25
3,3,82,current,2017-10-21
3,3,82,current,2017-10-21
4,4,41,savings,2016-05-16
4,4,41,savings,2016-05-16
5,5,9,savings,2024-05-25
5,5,9,savings,2024-05-25
6,6,20,savings,2016-08-23
6,6,20,savings,2016-08-23
7,7,21,current,1999-04-07
7,7,21,current,1999-04-07
8,8,25,savings,2015-03-12
8,8,25,savings,2015-03-12
9,9,66,current,2002-12-20
9,9,66,current,2002-12-20
10,10,30,current,2023-11-08
10,10,30,current,2023-11-08
11,11,72,savings,2003-03-10
11,11,72,savings,2003-03-10
12,12,25,current,2013-05-23
12,12,25,current,2013-05-23
13,13,94,savings,2004-04-05
13,13,94,savings,2004-04-05
14,14,30,savings,2001-10-13
14,14,30,savings,2001-10-13
15,15,77,savings,
15,15,77,savings,
16,16,31,savings,2011-11-14
16,16,31,savings,2011-11-14
17,17,96,current,2005-10-25
17,17,96,current,2005-10-25
18,18,36,savings,1999-03-28
18,18,36,savings,1999-03-28
19,19,41,current,2023-12-16
19,19,41,current,2023-12-16
20,20,61,savings,2007-03-06
20,20,61,savings,2007-03-06
21,21,29,savings,2024-12-09
21,21,29,savings,2024-12-09
22,22,34,current,2024-10-24
22,22,34,current,2024-10-24
23,23,19,savings,2005-07-24
23,23,19,savings,2005-07-24
24,24,90,savings,2007-10-17
24,24,90,savings,2007-10-17
25,25,5,savings,2007-12-21
25,25,5,savings,2007-12-21
26,26,20,current,1996-05-24
26,26,20,current,1996-05-24
27,27,78,savings,1998-12-01
27,27,78,savings,1998-12-01
28,28,29,savings,2017-02-09
28,28,29,savings,2017-02-09
29,29,3,savings,2004-10-07
29,29,3,savings,2004-10-07
30,30,84,current,2006-04-10
30,30,84,current,2006-04-10
31,31,25,current,2009-04-11
31,31,25,current,2009-04-11
32,32,69,"",
32,32,69,"",
33,33,55,current,1999-02-16
33,33,55,current,1999-02-16
34,34,56,savings,2012-10-23
34,34,56,savings,2012-10-23
35,35,29,current,2008-12-25
35,35,29,current,2008-12-25
36,36,41,current,2024-04-02
36,36,41,current,2024-04-02
37,37,2,current,2013-03-23
37,37,2,current,2013-03-23
38,38,6,current,1997-12-26
38,38,6,current,1997-12-26
39,39,59,savings,1995-11-03
39,39,59,savings,1995-11-03
40,40,65,savings,2019-10-02
40,40,65,savings,2019-10-02
41,41,31,current,2001-02-24
41,41,31,current,2001-02-24
42,42,91,current,2024-04-12
42,42,91,current,2024-04-12
43,43,46,current,2001-04-07
43,43,46,current,2001-04-07
44,44,60,current,1997-10-01
44,44,60,current,1997-10-01
45,45,46,savings,1998-01-12
45,45,46,savings,1998-01-12
46,46,19,savings,2008-04-15
46,46,19,savings,2008-04-15
47,47,1,current,2005-03-07
47,47,1,current,2005-03-07
48,48,95,current,2023-12-18
48,48,95,current,2023-12-18
49,49,18,current,2003-04-20
49,49,18,current,2003-04-20
50,50,7,current,2013-05-04
50,50,7,current,2013-05-04
51,51,32,current,1995-10-04
51,51,32,current,1995-10-04
52,52,99,current,2021-05-13
52,52,99,current,2021-05-13
53,53,96,current,2009-06-26
53,53,96,current,2009-06-26
54,54,59,savings,2014-03-19
54,54,59,savings,2014-03-19
55,55,65,savings,1997-02-10
55,55,65,savings,1997-02-10
56,56,97,savings,2003-11-13
56,56,97,savings,2003-11-13
57,57,12,current,2007-11-19
57,57,12,current,2007-11-19
58,58,45,savings,2008-11-18
58,58,45,savings,2008-11-18
59,59,24,current,1999-02-22
59,59,24,current,1999-02-22
60,60,54,current,2004-02-17
60,60,54,current,2004-02-17
61,61,4,current,2001-11-20
61,61,4,current,2001-11-20
62,62,79,savings,2023-01-02
62,62,79,savings,2023-01-02
63,63,96,savings,2010-12-16
63,63,96,savings,2010-12-16
64,64,24,current,1995-02-07
64,64,24,current,1995-02-07
65,65,23,savings,2012-02-21
65,65,23,savings,2012-02-21
66,66,89,savings,2000-11-04
66,66,89,savings,2000-11-04
67,67,49,savings,2003-03-15
67,67,49,savings,2003-03-15
68,68,90,savings,2002-01-19
68,68,90,savings,2002-01-19
69,69,21,current,2005-06-22
69,69,21,current,2005-06-22
70,70,70,current,2019-07-01
70,70,70,current,2019-07-01
71,71,22,savings,2024-03-21
71,71,22,savings,2024-03-21
72,72,75,savings,2008-09-11
72,72,75,savings,2008-09-11
73,73,37,savings,2016-05-11
73,73,37,savings,2016-05-11
74,74,30,current,2011-12-22
74,74,30,current,2011-12-22
75,75,31,savings,2003-01-14
75,75,31,savings,2003-01-14
76,76,33,current,2015-08-12
76,76,33,current,2015-08-12
77,77,76,savings,2024-11-26
77,77,76,savings,2024-11-26
78,78,27,savings,2015-02-28
78,78,27,savings,2015-02-28
79,79,78,current,2001-01-06
79,79,78,current,2001-01-06
80,80,58,current,1995-06-18
80,80,58,current,1995-06-18
81,81,1,current,2014-08-05
81,81,1,current,2014-08-05
82,82,64,current,2016-05-25
82,82,64,current,2016-05-25
83,83,72,savings,1996-05-01
83,83,72,savings,1996-05-01
84,84,72,current,1995-07-05
84,84,72,current,1995-07-05
85,85,93,current,2018-10-22
85,85,93,current,2018-10-22
86,86,26,current,2018-03-03
86,86,26,current,2018-03-03
87,87,90,savings,2016-01-01
87,87,90,savings,2016-01-01
88,88,49,current,2008-12-18
88,88,49,current,2008-12-18
89,89,84,savings,2008-02-23
89,89,84,savings,2008-02-23
90,90,44,savings,1998-12-14
90,90,44,savings,1998-12-14
91,91,43,current,2010-10-16
91,91,43,current,2010-10-16
92,92,49,savings,2003-07-03
92,92,49,savings,2003-07-03
93,93,52,current,2016-08-13
93,93,52,current,2016-08-13
94,94,71,savings,2006-07-01
94,94,71,savings,2006-07-01
95,95,32,savings,2024-11-03
95,95,32,savings,2024-11-03
96,96,55,current,2023-08-13
96,96,55,current,2023-08-13
97,97,18,current,2023-12-27
97,97,18,current,2023-12-27
98,98,86,savings,2001-09-21
98,98,86,savings,2001-09-21
99,99,59,current,2015-02-14
99,99,59,current,2015-02-14
100,100,29,current,2008-01-20
100,100,29,current,2008-01-20
101,101,32,savings,2007-03-20
101,101,32,savings,2007-03-20
102,102,54,savings,2009-10-22
102,102,54,savings,2009-10-22
103,103,84,savings,1996-02-28
103,103,84,savings,1996-02-28
104,104,31,current,2005-11-12
104,104,31,current,2005-11-12
105,105,43,savings,2012-04-17
105,105,43,savings,2012-04-17
106,106,41,current,2019-12-18
106,106,41,current,2019-12-18
107,107,8,savings,2024-06-27
107,107,8,savings,2024-06-27
108,108,43,current,2003-10-04
108,108,43,current,2003-10-04
109,109,51,current,2006-01-13
109,109,51,current,2006-01-13
110,110,8,savings,2019-10-06
110,110,8,savings,2019-10-06
111,111,9,savings,1998-08-28
111,111,9,savings,1998-08-28
112,112,78,current,2024-01-18
112,112,78,current,2024-01-18
113,113,46,savings,2012-10-24
113,113,46,savings,2012-10-24
114,114,33,savings,2002-07-02
114,114,33,savings,2002-07-02
115,115,58,current,2023-05-25
115,115,58,current,2023-05-25
116,116,79,current,2000-06-03
116,116,79,current,2000-06-03
117,117,94,savings,2004-08-03
117,117,94,savings,2004-08-03
118,118,94,savings,2011-05-23
118,118,94,savings,2011-05-23
119,119,31,savings,1999-03-06
119,119,31,savings,1999-03-06
120,120,69,savings,2024-03-25
120,120,69,savings,2024-03-25
121,121,83,savings,2022-07-21
121,121,83,savings,2022-07-21
122,122,48,current,2011-04-04
122,122,48,current,2011-04-04
123,123,11,savings,2020-10-09
123,123,11,savings,2020-10-09
124,124,74,current,2000-04-28
124,124,74,current,2000-04-28
125,125,33,savings,1999-10-09
125,125,33,savings,1999-10-09
126,126,61,savings,2009-06-06
126,126,61,savings,2009-06-06
127,127,88,savings,2021-08-01
127,127,88,savings,2021-08-01
128,128,15,current,2017-12-20
128,128,15,current,2017-12-20
129,129,29,savings,2015-02-12
129,129,29,savings,2015-02-12
130,130,27,current,1999-06-12
130,130,27,current,1999-06-12
131,131,20,current,2005-05-28
131,131,20,current,2005-05-28
132,132,36,savings,2005-06-27
132,132,36,savings,2005-06-27
133,133,14,savings,2020-10-22
133,133,14,savings,2020-10-22
134,134,37,savings,2003-04-18
134,134,37,savings,2003-04-18
135,135,88,savings,2006-08-25
135,135,88,savings,2006-08-25
136,136,49,current,2019-06-05
136,136,49,current,2019-06-05
137,137,36,current,2006-02-14
137,137,36,current,2006-02-14
138,138,58,savings,2005-08-04
138,138,58,savings,2005-08-04
139,139,93,current,2003-02-07
139,139,93,current,2003-02-07
140,140,15,savings,2018-10-20
140,140,15,savings,2018-10-20
141,141,39,current,1996-04-20
141,141,39,current,1996-04-20
142,142,5,savings,2004-11-14
142,142,5,savings,2004-11-14
143,143,97,savings,1998-12-10
143,143,97,savings,1998-12-10
144,144,45,current,2013-05-22
144,144,45,current,2013-05-22
145,145,1,current,2007-09-16
145,145,1,current,2007-09-16
146,146,47,current,2020-02-16
146,146,47,current,2020-02-16
147,147,34,savings,2011-08-08
147,147,34,savings,2011-08-08
148,148,8,current,1997-12-13
148,148,8,current,1997-12-13
149,149,88,savings,1998-01-11
149,149,88,savings,1998-01-11
150,150,54,savings,2011-09-05
150,150,54,savings,2011-09-05
151,151,87,savings,2002-03-24
151,151,87,savings,2002-03-24
152,152,60,savings,1996-04-28
152,152,60,savings,1996-04-28
153,153,77,current,2009-12-24
153,153,77,current,2009-12-24
154,154,37,savings,2008-07-23
154,154,37,savings,2008-07-23
155,155,46,savings,2000-07-22
155,155,46,savings,2000-07-22
156,156,18,savings,2018-09-01
156,156,18,savings,2018-09-01
157,157,10,current,2022-03-27
157,157,10,current,2022-03-27
158,158,68,current,2000-04-14
158,158,68,current,2000-04-14
159,159,71,current,1997-09-26
159,159,71,current,1997-09-26
160,160,86,savings,2004-02-06
160,160,86,savings,2004-02-06
161,161,76,current,2015-04-10
161,161,76,current,2015-04-10
162,162,24,current,2000-05-22
162,162,24,current,2000-05-22
163,163,47,savings,2000-06-17
163,163,47,savings,2000-06-17
164,164,37,savings,1996-08-17
164,164,37,savings,1996-08-17
165,165,72,current,2002-04-02
165,165,72,current,2002-04-02
166,166,84,current,2011-03-18
166,166,84,current,2011-03-18
167,167,43,savings,2007-03-01
167,167,43,savings,2007-03-01
168,168,82,current,2016-10-06
168,168,82,current,2016-10-06
169,169,25,savings,2023-02-04
169,169,25,savings,2023-02-04
170,170,87,savings,2024-06-08
170,170,87,savings,2024-06-08
171,171,18,savings,2009-09-08
171,171,18,savings,2009-09-08
172,172,51,savings,2016-01-18
172,172,51,savings,2016-01-18
173,173,46,current,2018-12-21
173,173,46,current,2018-12-21
174,174,75,savings,2014-08-20
174,174,75,savings,2014-08-20
175,175,59,savings,2007-12-26
175,175,59,savings,2007-12-26
176,176,39,current,2006-08-24
176,176,39,current,2006-08-24
177,177,78,current,2002-06-26
177,177,78,current,2002-06-26
178,178,86,current,2011-07-24
178,178,86,current,2011-07-24
179,179,38,savings,2012-01-11
179,179,38,savings,2012-01-11
180,180,55,savings,2013-03-17
180,180,55,savings,2013-03-17
181,181,79,savings,2024-05-08
181,181,79,savings,2024-05-08
182,182,5,current,2018-11-09
182,182,5,current,2018-11-09
183,183,5,current,2003-02-06
183,183,5,current,2003-02-06
184,184,50,savings,2002-11-02
184,184,50,savings,2002-11-02
185,185,42,savings,2001-03-13
185,185,42,savings,2001-03-13
186,186,19,savings,2008-05-25
186,186,19,savings,2008-05-25
187,187,34,current,2022-03-03
187,187,34,current,2022-03-03
188,188,53,current,1997-06-14
188,188,53,current,1997-06-14
189,189,80,savings,2004-11-09
189,189,80,savings,2004-11-09
190,190,21,current,2011-11-07
190,190,21,current,2011-11-07
191,191,45,current,2022-03-28
191,191,45,current,2022-03-28
192,192,96,current,2002-01-04
192,192,96,current,2002-01-04
193,193,60,current,2015-01-01
193,193,60,current,2015-01-01
194,194,53,savings,2012-01-18
194,194,53,savings,2012-01-18
195,195,19,savings,2003-11-04
195,195,19,savings,2003-11-04
196,196,88,current,1997-05-01
196,196,88,current,1997-05-01
197,197,35,current,2023-11-14
197,197,35,current,2023-11-14
198,198,82,savings,2006-04-09
198,198,82,savings,2006-04-09
199,199,14,current,2021-05-09
199,199,14,current,2021-05-09
200,200,86,current,2009-06-24
200,200,86,current,2009-06-24
201,201,94,savings,2006-08-27
201,201,94,savings,2006-08-27
202,202,12,current,2019-06-07
202,202,12,current,2019-06-07
203,203,49,savings,2022-09-26
203,203,49,savings,2022-09-26
204,204,76,current,2014-08-14
204,204,76,current,2014-08-14
205,205,94,current,2012-10-17
205,205,94,current,2012-10-17
206,206,3,current,2021-07-16
206,206,3,current,2021-07-16
207,207,96,current,1996-05-19
207,207,96,current,1996-05-19
208,208,27,current,2009-07-07
208,208,27,current,2009-07-07
209,209,92,current,2003-09-03
209,209,92,current,2003-09-03
210,210,82,current,1997-03-22
210,210,82,current,1997-03-22
211,211,25,current,2009-08-17
211,211,25,current,2009-08-17
212,212,15,savings,2012-07-26
212,212,15,savings,2012-07-26
213,213,27,savings,2017-09-11
213,213,27,savings,2017-09-11
214,214,15,savings,2013-05-10
214,214,15,savings,2013-05-10
215,215,30,savings,2007-02-28
215,215,30,savings,2007-02-28
216,216,75,current,1998-07-12
216,216,75,current,1998-07-12
217,217,59,savings,2023-09-08
217,217,59,savings,2023-09-08
218,218,45,savings,2005-08-06
218,218,45,savings,2005-08-06
219,219,53,current,2004-11-23
219,219,53,current,2004-11-23
220,220,78,current,1995-02-14
220,220,78,current,1995-02-14
221,221,45,current,2003-01-27
221,221,45,current,2003-01-27
222,222,92,current,2014-04-01
222,222,92,current,2014-04-01
223,223,72,current,2022-03-21
223,223,72,current,2022-03-21
224,224,61,savings,1995-06-26
224,224,61,savings,1995-06-26
225,225,11,current,2009-10-27
225,225,11,current,2009-10-27
226,226,78,current,2017-12-10
226,226,78,current,2017-12-10
227,227,51,current,2012-03-28
227,227,51,current,2012-03-28
228,228,86,savings,2024-11-20
228,228,86,savings,2024-11-20
229,229,89,current,2011-11-17
229,229,89,current,2011-11-17
230,230,74,current,1995-06-12
230,230,74,current,1995-06-12
231,231,39,savings,2013-06-26
231,231,39,savings,2013-06-26
232,232,24,savings,2001-01-01
232,232,24,savings,2001-01-01
233,233,6,current,2000-01-26
233,233,6,current,2000-01-26
234,234,33,savings,2002-01-17
234,234,33,savings,2002-01-17
235,235,22,savings,1996-06-17
235,235,22,savings,1996-06-17
236,236,60,current,2005-02-19
236,236,60,current,2005-02-19
237,237,20,savings,2008-12-14
237,237,20,savings,2008-12-14
238,238,11,savings,2023-10-06
238,238,11,savings,2023-10-06
239,239,35,current,2005-11-06
239,239,35,current,2005-11-06
240,240,35,savings,2012-07-09
240,240,35,savings,2012-07-09
241,241,65,savings,2024-02-05
241,241,65,savings,2024-02-05
242,242,90,current,2011-09-07
242,242,90,current,2011-09-07
243,243,78,current,2009-10-03
243,243,78,current,2009-10-03
244,244,49,savings,2013-10-28
244,244,49,savings,2013-10-28
245,245,66,savings,1999-03-13
245,245,66,savings,1999-03-13
246,246,46,savings,2014-06-08
246,246,46,savings,2014-06-08
247,247,5,savings,2022-06-04
247,247,5,savings,2022-06-04
248,248,39,savings,2003-07-02
248,248,39,savings,2003-07-02
249,249,79,current,2003-08-26
249,249,79,current,2003-08-26
250,250,85,savings,2011-02-16
250,250,85,savings,2011-02-16
251,251,93,savings,1996-12-12
251,251,93,savings,1996-12-12
252,252,51,current,1996-02-26
252,252,51,current,1996-02-26
253,253,21,current,1996-01-28
253,253,21,current,1996-01-28
254,254,38,savings,1997-10-21
254,254,38,savings,1997-10-21
255,255,36,savings,2016-02-18
255,255,36,savings,2016-02-18
256,256,14,current,2004-07-19
256,256,14,current,2004-07-19
257,257,33,savings,2017-01-02
257,257,33,savings,2017-01-02
258,258,23,current,2018-07-27
258,258,23,current,2018-07-27
259,259,72,current,2022-07-26
259,259,72,current,2022-07-26
260,260,84,current,2021-05-12
260,260,84,current,2021-05-12
261,261,38,current,2022-04-23
261,261,38,current,2022-04-23
262,262,47,savings,2011-05-06
262,262,47,savings,2011-05-06
263,263,64,current,2019-04-21
263,263,64,current,2019-04-21
264,264,47,savings,2020-12-23
264,264,47,savings,2020-12-23
265,265,1,current,1995-03-26
265,265,1,current,1995-03-26
266,266,42,savings,2003-12-04
266,266,42,savings,2003-12-04
267,267,68,savings,2000-06-21
267,267,68,savings,2000-06-21
268,268,78,current,2019-12-16
268,268,78,current,2019-12-16
269,269,86,savings,2016-10-07
269,269,86,savings,2016-10-07
270,270,76,savings,2022-10-20
270,270,76,savings,2022-10-20
271,271,25,savings,2015-10-14
271,271,25,savings,2015-10-14
272,272,57,current,2007-05-01
272,272,57,current,2007-05-01
273,273,52,savings,1998-10-04
273,273,52,savings,1998-10-04
274,274,7,savings,2012-10-10
274,274,7,savings,2012-10-10
275,275,7,current,2004-06-25
275,275,7,current,2004-06-25
276,276,56,current,2019-06-28
276,276,56,current,2019-06-28
277,277,39,savings,2013-08-08
277,277,39,savings,2013-08-08
278,278,70,current,2002-05-24
278,278,70,current,2002-05-24
279,279,83,current,2023-02-18
279,279,83,current,2023-02-18
280,280,58,current,2013-07-20
280,280,58,current,2013-07-20
281,281,23,savings,2016-10-25
281,281,23,savings,2016-10-25
282,282,10,current,2023-07-10
282,282,10,current,2023-07-10
283,283,72,current,2024-09-02
283,283,72,current,2024-09-02
284,284,36,current,2006-12-05
284,284,36,current,2006-12-05
285,285,71,savings,2008-09-02
285,285,71,savings,2008-09-02
286,286,3,current,2008-11-21
286,286,3,current,2008-11-21
287,287,72,savings,2009-02-13
287,287,72,savings,2009-02-13
288,288,77,current,2005-06-20
288,288,77,current,2005-06-20
289,289,95,savings,2001-02-07
289,289,95,savings,2001-02-07
290,290,13,current,2021-06-02
290,290,13,current,2021-06-02
291,291,90,current,2004-10-28
291,291,90,current,2004-10-28
292,292,48,savings,2015-09-19
292,292,48,savings,2015-09-19
293,293,66,savings,2013-07-10
293,293,66,savings,2013-07-10
294,294,3,current,2023-02-10
294,294,3,current,2023-02-10
295,295,63,current,2006-05-16
295,295,63,current,2006-05-16
296,296,15,current,2013-11-04
296,296,15,current,2013-11-04
297,297,2,savings,1999-05-25
297,297,2,savings,1999-05-25
298,298,61,current,2005-08-23
298,298,61,current,2005-08-23
299,299,59,current,2019-02-23
299,299,59,current,2019-02-23
300,300,17,current,1998-11-25
300,300,17,current,1998-11-25
301,301,11,savings,2011-02-02
301,301,11,savings,2011-02-02
302,302,5,current,2020-03-04
302,302,5,current,2020-03-04
303,303,70,savings,1995-07-01
303,303,70,savings,1995-07-01
304,304,67,savings,2002-04-04
304,304,67,savings,2002-04-04
305,305,23,current,2024-03-19
305,305,23,current,2024-03-19
306,306,96,savings,1998-02-13
306,306,96,savings,1998-02-13
307,307,63,savings,1995-11-10
307,307,63,savings,1995-11-10
308,308,4,current,2024-07-01
308,308,4,current,2024-07-01
309,309,29,current,2023-01-01
309,309,29,current,2023-01-01
310,310,17,current,1996-06-15
310,310,17,current,1996-06-15
311,311,95,savings,2015-12-04
311,311,95,savings,2015-12-04
312,312,35,savings,2005-05-22
312,312,35,savings,2005-05-22
313,313,48,savings,2022-11-18
313,313,48,savings,2022-11-18
314,314,85,current,2014-07-01
314,314,85,current,2014-07-01
315,315,87,savings,2003-09-04
315,315,87,savings,2003-09-04
316,316,48,current,2000-08-14
316,316,48,current,2000-08-14
317,317,95,current,1995-04-22
317,317,95,current,1995-04-22
318,318,53,savings,2020-08-02
318,318,53,savings,2020-08-02
319,319,65,savings,2015-10-07
319,319,65,savings,2015-10-07
320,320,75,savings,1996-03-26
320,320,75,savings,1996-03-26
321,321,1,current,1995-03-26
321,321,1,current,1995-03-26
322,322,7,savings,2001-04-28
322,322,7,savings,2001-04-28
323,323,77,current,2022-12-02
323,323,77,current,2022-12-02
324,324,84,savings,2001-10-08
324,324,84,savings,2001-10-08
325,325,70,current,2019-01-21
325,325,70,current,2019-01-21
326,326,30,savings,2021-08-06
326,326,30,savings,2021-08-06
327,327,70,savings,2018-12-09
327,327,70,savings,2018-12-09
328,328,98,current,2020-12-28
328,328,98,current,2020-12-28
329,329,99,savings,2008-10-07
329,329,99,savings,2008-10-07
330,330,84,savings,2008-02-28
330,330,84,savings,2008-02-28
331,331,38,current,2019-09-24
331,331,38,current,2019-09-24
332,332,30,savings,2012-06-17
332,332,30,savings,2012-06-17
333,333,97,savings,1997-03-11
333,333,97,savings,1997-03-11
334,334,54,current,2008-12-17
334,334,54,current,2008-12-17
335,335,88,savings,2011-02-18
335,335,88,savings,2011-02-18
336,336,95,savings,2008-01-09
336,336,95,savings,2008-01-09
337,337,16,current,2013-06-14
337,337,16,current,2013-06-14
338,338,16,savings,2002-08-21
338,338,16,savings,2002-08-21
339,339,27,savings,2000-02-25
339,339,27,savings,2000-02-25
340,340,22,current,2023-11-03
340,340,22,current,2023-11-03
341,341,15,savings,2011-12-19
341,341,15,savings,2011-12-19
342,342,46,savings,2000-11-03
342,342,46,savings,2000-11-03
343,343,1,savings,2017-06-28
343,343,1,savings,2017-06-28
344,344,28,current,1995-06-19
344,344,28,current,1995-06-19
345,345,33,savings,2022-07-25
345,345,33,savings,2022-07-25
346,346,15,savings,2007-06-04
346,346,15,savings,2007-06-04
347,347,95,current,2003-05-01
347,347,95,current,2003-05-01
348,348,57,current,1996-07-07
348,348,57,current,1996-07-07
349,349,70,savings,2005-05-08
349,349,70,savings,2005-05-08
350,350,68,savings,1999-08-28
350,350,68,savings,1999-08-28
351,351,58,current,1997-01-10
351,351,58,current,1997-01-10
352,352,20,current,1997-01-28
352,352,20,current,1997-01-28
353,353,4,current,2007-09-28
353,353,4,current,2007-09-28
354,354,10,savings,2001-05-24
354,354,10,savings,2001-05-24
355,355,7,current,2003-03-13
355,355,7,current,2003-03-13
356,356,91,savings,2000-07-04
356,356,91,savings,2000-07-04
357,357,57,savings,2009-04-11
357,357,57,savings,2009-04-11
358,358,6,savings,2022-01-02
358,358,6,savings,2022-01-02
359,359,55,current,1998-05-01
359,359,55,current,1998-05-01
360,360,31,current,2005-04-08
360,360,31,current,2005-04-08
361,361,64,current,2021-08-13
361,361,64,current,2021-08-13
362,362,36,current,2005-01-17
362,362,36,current,2005-01-17
363,363,91,savings,2002-01-12
363,363,91,savings,2002-01-12
364,364,13,savings,2018-02-24
364,364,13,savings,2018-02-24
365,365,75,current,2011-06-07
365,365,75,current,2011-06-07
366,366,73,savings,2004-04-05
366,366,73,savings,2004-04-05
367,367,72,current,2014-08-12
367,367,72,current,2014-08-12
368,368,61,savings,2004-12-01
368,368,61,savings,2004-12-01
369,369,10,savings,1997-03-12
369,369,10,savings,1997-03-12
370,370,66,current,2010-03-01
370,370,66,current,2010-03-01
371,371,24,savings,2000-02-24
371,371,24,savings,2000-02-24
372,372,99,savings,2014-09-04
372,372,99,savings,2014-09-04
373,373,34,savings,2013-09-15
373,373,34,savings,2013-09-15
374,374,50,current,2012-10-27
374,374,50,current,2012-10-27
375,375,75,savings,2006-10-28
375,375,75,savings,2006-10-28
376,376,1,savings,2014-05-03
376,376,1,savings,2014-05-03
377,377,5,savings,2014-10-26
377,377,5,savings,2014-10-26
378,378,27,current,2024-01-09
378,378,27,current,2024-01-09
379,379,7,savings,2014-10-13
379,379,7,savings,2014-10-13
380,380,1,current,1997-11-06
380,380,1,current,1997-11-06
381,381,32,current,2024-07-12
381,381,32,current,2024-07-12
382,382,17,savings,2005-06-26
382,382,17,savings,2005-06-26
383,383,18,savings,2022-02-06
383,383,18,savings,2022-02-06
384,384,68,savings,1998-07-06
384,384,68,savings,1998-07-06
385,385,49,savings,1996-09-07
385,385,49,savings,1996-09-07
386,386,13,savings,1997-04-23
386,386,13,savings,1997-04-23
387,387,69,savings,1999-03-25
387,387,69,savings,1999-03-25
388,388,22,current,2004-07-22
388,388,22,current,2004-07-22
389,389,26,savings,2014-08-05
389,389,26,savings,2014-08-05
390,390,68,savings,2008-01-19
390,390,68,savings,2008-01-19
391,391,87,current,1995-02-07
391,391,87,current,1995-02-07
392,392,5,savings,2018-07-17
392,392,5,savings,2018-07-17
393,393,9,savings,1998-07-19
393,393,9,savings,1998-07-19
394,394,77,current,2010-02-08
394,394,77,current,2010-02-08
395,395,62,current,2006-11-10
395,395,62,current,2006-11-10
396,396,73,savings,2018-05-18
396,396,73,savings,2018-05-18
397,397,68,current,2009-02-15
397,397,68,current,2009-02-15
398,398,90,current,2004-11-06
398,398,90,current,2004-11-06
399,399,78,current,2020-12-11
399,399,78,current,2020-12-11
400,400,2,current,2023-09-11
400,400,2,current,2023-09-11
401,401,95,savings,2017-02-23
401,401,95,savings,2017-02-23
402,402,50,current,1999-08-20
402,402,50,current,1999-08-20
403,403,51,savings,1997-07-26
403,403,51,savings,1997-07-26
404,404,90,savings,2020-02-10
404,404,90,savings,2020-02-10
405,405,2,current,1997-12-15
405,405,2,current,1997-12-15
406,406,41,savings,1996-12-22
406,406,41,savings,1996-12-22
407,407,64,current,2014-06-11
407,407,64,current,2014-06-11
408,408,44,current,1995-02-26
408,408,44,current,1995-02-26
409,409,52,current,2023-07-01
409,409,52,current,2023-07-01
410,410,37,current,2005-05-19
410,410,37,current,2005-05-19
411,411,66,savings,2011-09-20
411,411,66,savings,2011-09-20
412,412,92,savings,2022-08-13
412,412,92,savings,2022-08-13
413,413,56,current,2014-07-24
413,413,56,current,2014-07-24
414,414,23,current,2021-01-28
414,414,23,current,2021-01-28
415,415,71,savings,2010-01-22
415,415,71,savings,2010-01-22
416,416,39,savings,2003-10-13
416,416,39,savings,2003-10-13
417,417,86,current,1995-05-02
417,417,86,current,1995-05-02
418,418,60,current,2014-09-06
418,418,60,current,2014-09-06
419,419,56,current,2006-10-23
419,419,56,current,2006-10-23
420,420,36,savings,2001-08-22
420,420,36,savings,2001-08-22
421,421,1,current,1997-01-15
421,421,1,current,1997-01-15
422,422,98,current,1999-12-06
422,422,98,current,1999-12-06
423,423,4,savings,2007-04-19
423,423,4,savings,2007-04-19
424,424,41,current,2002-04-21
424,424,41,current,2002-04-21
425,425,99,current,2012-03-02
425,425,99,current,2012-03-02
426,426,53,savings,2002-03-10
426,426,53,savings,2002-03-10
427,427,31,savings,1998-08-24
427,427,31,savings,1998-08-24
428,428,33,savings,2001-12-24
428,428,33,savings,2001-12-24
429,429,5,savings,2008-09-18
429,429,5,savings,2008-09-18
430,430,43,current,2006-07-04
430,430,43,current,2006-07-04
431,431,11,savings,2014-06-20
431,431,11,savings,2014-06-20
432,432,32,savings,2007-05-01
432,432,32,savings,2007-05-01
433,433,1,current,2015-10-24
433,433,1,current,2015-10-24
434,434,43,savings,2004-06-18
434,434,43,savings,2004-06-18
435,435,6,savings,1999-05-18
435,435,6,savings,1999-05-18
436,436,92,savings,1996-08-22
436,436,92,savings,1996-08-22
437,437,81,current,2022-11-21
437,437,81,current,2022-11-21
438,438,11,savings,2021-05-08
438,438,11,savings,2021-05-08
439,439,41,current,1998-01-15
439,439,41,current,1998-01-15
440,440,27,savings,2021-05-21
440,440,27,savings,2021-05-21
441,441,61,current,2002-08-01
441,441,61,current,2002-08-01
442,442,76,current,1996-01-20
442,442,76,current,1996-01-20
443,443,13,savings,2021-06-15
443,443,13,savings,2021-06-15
444,444,95,current,2020-08-13
444,444,95,current,2020-08-13
445,445,35,savings,1995-03-23
445,445,35,savings,1995-03-23
446,446,25,savings,1997-03-18
446,446,25,savings,1997-03-18
447,447,94,current,2014-04-09
447,447,94,current,2014-04-09
448,448,36,current,2003-07-23
448,448,36,current,2003-07-23
449,449,21,current,2010-01-20
449,449,21,current,2010-01-20
450,450,55,current,2014-07-14
450,450,55,current,2014-07-14
451,451,36,current,2004-11-03
451,451,36,current,2004-11-03
452,452,28,current,2011-11-28
452,452,28,current,2011-11-28
453,453,27,current,2014-06-01
453,453,27,current,2014-06-01
454,454,12,current,2018-12-02
454,454,12,current,2018-12-02
455,455,74,savings,1996-04-28
455,455,74,savings,1996-04-28
456,456,26,savings,2008-02-14
456,456,26,savings,2008-02-14
457,457,93,current,2011-03-15
457,457,93,current,2011-03-15
458,458,45,current,2005-12-26
458,458,45,current,2005-12-26
459,459,6,savings,2017-08-16
459,459,6,savings,2017-08-16
460,460,89,current,1995-05-28
460,460,89,current,1995-05-28
461,461,8,current,2021-11-15
461,461,8,current,2021-11-15
462,462,75,current,2000-11-06
462,462,75,current,2000-11-06
463,463,17,savings,2016-02-13
463,463,17,savings,2016-02-13
464,464,38,savings,1995-11-09
464,464,38,savings,1995-11-09
465,465,77,savings,2021-02-23
465,465,77,savings,2021-02-23
466,466,41,savings,2024-03-20
466,466,41,savings,2024-03-20
467,467,15,current,1997-10-26
467,467,15,current,1997-10-26
468,468,83,current,2013-08-05
468,468,83,current,2013-08-05
469,469,83,savings,2000-05-11
469,469,83,savings,2000-05-11
470,470,74,savings,2013-07-13
470,470,74,savings,2013-07-13
471,471,28,savings,2011-12-24
471,471,28,savings,2011-12-24
472,472,25,current,2024-04-10
472,472,25,current,2024-04-10
473,473,79,savings,2021-04-21
473,473,79,savings,2021-04-21
474,474,35,savings,2008-05-11
474,474,35,savings,2008-05-11
475,475,80,current,2024-02-15
475,475,80,current,2024-02-15
476,476,37,current,2014-12-28
476,476,37,current,2014-12-28
477,477,27,savings,2018-10-16
477,477,27,savings,2018-10-16
478,478,5,savings,2016-02-22
478,478,5,savings,2016-02-22
479,479,59,current,2011-11-09
479,479,59,current,2011-11-09
480,480,88,current,1999-05-25
480,480,88,current,1999-05-25
481,481,66,savings,2015-08-26
481,481,66,savings,2015-08-26
482,482,99,current,2015-09-14
482,482,99,current,2015-09-14
483,483,57,savings,2001-05-27
483,483,57,savings,2001-05-27
484,484,61,savings,1996-08-10
484,484,61,savings,1996-08-10
485,485,97,current,2001-02-19
485,485,97,current,2001-02-19
486,486,96,savings,2018-08-28
486,486,96,savings,2018-08-28
487,487,60,current,2006-02-25
487,487,60,current,2006-02-25
488,488,64,current,2005-11-15
488,488,64,current,2005-11-15
489,489,32,savings,2013-11-25
489,489,32,savings,2013-11-25
490,490,16,current,2023-01-06
490,490,16,current,2023-01-06
491,491,44,current,2004-06-28
491,491,44,current,2004-06-28
492,492,87,savings,1995-05-15
492,492,87,savings,1995-05-15
493,493,90,savings,2017-12-13
493,493,90,savings,2017-12-13
494,494,69,current,1995-07-14
494,494,69,current,1995-07-14
495,495,61,savings,1996-09-06
495,495,61,savings,1996-09-06
496,496,71,savings,2007-02-22
496,496,71,savings,2007-02-22
497,497,34,current,2000-04-23
497,497,34,current,2000-04-23
498,498,74,current,2008-12-18
498,498,74,current,2008-12-18
499,499,86,savings,2014-09-26
499,499,86,savings,2014-09-26
500,500,21,current,2017-08-06
500,500,21,current,2017-08-06
501,501,19,savings,2024-10-01
501,501,19,savings,2024-10-01
502,502,52,savings,2020-07-11
502,502,52,savings,2020-07-11
503,503,42,savings,2020-10-15
503,503,42,savings,2020-10-15
504,504,39,savings,2003-10-26
504,504,39,savings,2003-10-26
505,505,45,current,1999-01-21
505,505,45,current,1999-01-21
506,506,89,current,2023-08-21
506,506,89,current,2023-08-21
507,507,13,current,2014-04-16
507,507,13,current,2014-04-16
508,508,43,current,2011-07-27
508,508,43,current,2011-07-27
509,509,83,current,2019-12-22
509,509,83,current,2019-12-22
510,510,71,savings,1996-07-13
510,510,71,savings,1996-07-13
511,511,95,savings,2020-06-28
511,511,95,savings,2020-06-28
512,512,66,savings,2012-11-04
512,512,66,savings,2012-11-04
513,513,45,current,1996-12-20
513,513,45,current,1996-12-20
514,514,4,savings,1996-10-14
514,514,4,savings,1996-10-14
515,515,1,current,2023-07-08
515,515,1,current,2023-07-08
516,516,60,current,2002-11-17
516,516,60,current,2002-11-17
517,517,50,savings,2018-01-12
517,517,50,savings,2018-01-12
518,518,87,savings,2007-02-27
518,518,87,savings,2007-02-27
519,519,47,current,2005-11-23
519,519,47,current,2005-11-23
520,520,17,current,2002-12-15
520,520,17,current,2002-12-15
521,521,86,savings,2010-08-13
521,521,86,savings,2010-08-13
522,522,35,current,2009-02-28
522,522,35,current,2009-02-28
523,523,8,savings,2008-10-25
523,523,8,savings,2008-10-25
524,524,56,savings,2008-03-08
524,524,56,savings,2008-03-08
525,525,60,current,1997-03-22
525,525,60,current,1997-03-22
526,526,55,savings,2021-06-05
526,526,55,savings,2021-06-05
527,527,7,current,2011-01-02
527,527,7,current,2011-01-02
528,528,65,current,2011-09-18
528,528,65,current,2011-09-18
529,529,25,savings,2013-03-22
529,529,25,savings,2013-03-22
530,530,24,savings,2005-11-13
530,530,24,savings,2005-11-13
531,531,97,current,2002-08-12
531,531,97,current,2002-08-12
532,532,75,savings,2008-04-21
532,532,75,savings,2008-04-21
533,533,96,current,1997-11-16
533,533,96,current,1997-11-16
534,534,93,current,1997-01-26
534,534,93,current,1997-01-26
535,535,65,savings,1995-12-19
535,535,65,savings,1995-12-19
536,536,47,savings,2022-09-25
536,536,47,savings,2022-09-25
537,537,8,savings,2007-11-17
537,537,8,savings,2007-11-17
538,538,45,savings,2002-10-21
538,538,45,savings,2002-10-21
539,539,29,savings,2018-01-02
539,539,29,savings,2018-01-02
540,540,31,savings,2024-11-10
540,540,31,savings,2024-11-10
541,541,57,current,2019-09-11
541,541,57,current,2019-09-11
542,542,99,current,1998-06-11
542,542,99,current,1998-06-11
543,543,7,current,2004-01-13
543,543,7,current,2004-01-13
544,544,31,savings,2015-04-25
544,544,31,savings,2015-04-25
545,545,60,savings,2014-05-07
545,545,60,savings,2014-05-07
546,546,56,savings,2008-09-12
546,546,56,savings,2008-09-12
547,547,32,current,2005-07-26
547,547,32,current,2005-07-26
548,548,94,savings,2001-01-22
548,548,94,savings,2001-01-22
549,549,61,savings,1998-09-07
549,549,61,savings,1998-09-07
550,550,61,savings,2022-12-25
550,550,61,savings,2022-12-25
551,551,76,current,2019-08-25
551,551,76,current,2019-08-25
552,552,99,current,2004-11-17
552,552,99,current,2004-11-17
553,553,64,current,1995-04-15
553,553,64,current,1995-04-15
554,554,10,savings,2017-12-18
554,554,10,savings,2017-12-18
555,555,26,savings,2008-04-21
555,555,26,savings,2008-04-21
556,556,69,current,1999-05-28
556,556,69,current,1999-05-28
557,557,87,current,2019-08-20
557,557,87,current,2019-08-20
558,558,73,current,2014-09-22
558,558,73,current,2014-09-22
559,559,97,savings,2007-04-03
559,559,97,savings,2007-04-03
560,560,37,savings,2005-11-15
560,560,37,savings,2005-11-15
561,561,30,current,2015-09-11
561,561,30,current,2015-09-11
562,562,97,current,1998-10-05
562,562,97,current,1998-10-05
563,563,2,savings,2017-05-22
563,563,2,savings,2017-05-22
564,564,42,current,2004-12-15
564,564,42,current,2004-12-15
565,565,68,current,2014-10-02
565,565,68,current,2014-10-02
566,566,90,current,1997-09-10
566,566,90,current,1997-09-10
567,567,94,current,2015-01-01
567,567,94,current,2015-01-01
568,568,35,savings,2016-11-12
568,568,35,savings,2016-11-12
569,569,10,savings,2008-10-05
569,569,10,savings,2008-10-05
570,570,31,savings,2020-12-02
570,570,31,savings,2020-12-02
571,571,79,current,2006-12-09
571,571,79,current,2006-12-09
572,572,85,current,2007-03-07
572,572,85,current,2007-03-07
573,573,6,savings,2005-10-15
573,573,6,savings,2005-10-15
574,574,65,current,2003-11-20
574,574,65,current,2003-11-20
575,575,74,savings,2009-08-26
575,575,74,savings,2009-08-26
576,576,2,current,2015-01-22
576,576,2,current,2015-01-22
577,577,9,current,2006-11-26
577,577,9,current,2006-11-26
578,578,81,current,2008-03-13
578,578,81,current,2008-03-13
579,579,80,savings,2024-07-28
579,579,80,savings,2024-07-28
580,580,66,savings,2016-03-07
580,580,66,savings,2016-03-07
581,581,80,current,2002-11-24
581,581,80,current,2002-11-24
582,582,99,current,1998-12-06
582,582,99,current,1998-12-06
583,583,59,savings,2016-01-21
583,583,59,savings,2016-01-21
584,584,92,savings,2017-07-17
584,584,92,savings,2017-07-17
585,585,13,savings,2005-07-24
585,585,13,savings,2005-07-24
586,586,6,current,2019-10-20
586,586,6,current,2019-10-20
587,587,25,savings,2020-02-22
587,587,25,savings,2020-02-22
588,588,63,current,2015-07-19
588,588,63,current,2015-07-19
589,589,59,savings,2016-08-22
589,589,59,savings,2016-08-22
590,590,90,current,2002-07-02
590,590,90,current,2002-07-02
591,591,46,savings,2021-05-16
591,591,46,savings,2021-05-16
592,592,15,savings,2010-07-15
592,592,15,savings,2010-07-15
593,593,66,savings,2005-02-02
593,593,66,savings,2005-02-02
594,594,86,savings,2005-03-27
594,594,86,savings,2005-03-27
595,595,42,savings,2013-05-14
595,595,42,savings,2013-05-14
596,596,92,savings,1998-01-25
596,596,92,savings,1998-01-25
597,597,17,savings,1999-11-24
597,597,17,savings,1999-11-24
598,598,23,current,2000-07-10
598,598,23,current,2000-07-10
599,599,15,current,2003-11-21
599,599,15,current,2003-11-21
600,600,38,current,2000-06-05
600,600,38,current,2000-06-05
601,601,56,savings,2016-07-15
601,601,56,savings,2016-07-15
602,602,34,current,2022-12-15
602,602,34,current,2022-12-15
603,603,94,current,1996-11-13
603,603,94,current,1996-11-13
604,604,65,current,2001-12-07
604,604,65,current,2001-12-07
605,605,80,savings,2006-02-23
605,605,80,savings,2006-02-23
606,606,89,savings,2004-04-20
606,606,89,savings,2004-04-20
607,607,87,savings,2019-03-13
607,607,87,savings,2019-03-13
608,608,97,savings,2011-04-12
608,608,97,savings,2011-04-12
609,609,34,savings,2011-06-10
609,609,34,savings,2011-06-10
610,610,73,current,2001-09-06
610,610,73,current,2001-09-06
611,611,16,current,2012-11-07
611,611,16,current,2012-11-07
612,612,50,savings,2003-04-20
612,612,50,savings,2003-04-20
613,613,69,current,2015-12-19
613,613,69,current,2015-12-19
614,614,42,current,2023-10-24
614,614,42,current,2023-10-24
615,615,62,current,2011-12-24
615,615,62,current,2011-12-24
616,616,12,current,2008-01-01
616,616,12,current,2008-01-01
617,617,69,savings,2022-07-19
617,617,69,savings,2022-07-19
618,618,87,savings,2020-09-11
618,618,87,savings,2020-09-11
619,619,72,current,2004-07-15
619,619,72,current,2004-07-15
620,620,99,savings,2006-10-12
620,620,99,savings,2006-10-12
621,621,80,current,2005-11-15
621,621,80,current,2005-11-15
622,622,84,savings,2021-06-05
622,622,84,savings,2021-06-05
623,623,28,current,1997-06-19
623,623,28,current,1997-06-19
624,624,30,savings,2014-10-18
624,624,30,savings,2014-10-18
625,625,75,current,1997-08-01
625,625,75,current,1997-08-01
626,626,50,savings,1999-11-09
626,626,50,savings,1999-11-09
627,627,17,current,2004-08-07
627,627,17,current,2004-08-07
628,628,10,current,2012-12-08
628,628,10,current,2012-12-08
629,629,88,current,2006-01-24
629,629,88,current,2006-01-24
630,630,95,current,2014-09-06
630,630,95,current,2014-09-06
631,631,11,current,2007-01-01
631,631,11,current,2007-01-01
632,632,47,savings,2018-09-16
632,632,47,savings,2018-09-16
633,633,8,savings,2022-02-03
633,633,8,savings,2022-02-03
634,634,31,current,2019-04-06
634,634,31,current,2019-04-06
635,635,37,current,1997-07-22
635,635,37,current,1997-07-22
636,636,33,savings,1996-07-23
636,636,33,savings,1996-07-23
637,637,9,current,2023-05-22
637,637,9,current,2023-05-22
638,638,46,savings,2017-04-10
638,638,46,savings,2017-04-10
639,639,3,current,2011-04-08
639,639,3,current,2011-04-08
640,640,13,savings,2010-08-07
640,640,13,savings,2010-08-07
641,641,28,current,2003-03-20
641,641,28,current,2003-03-20
642,642,52,current,2000-09-06
642,642,52,current,2000-09-06
643,643,61,current,1999-08-22
643,643,61,current,1999-08-22
644,644,24,current,2013-08-22
644,644,24,current,2013-08-22
645,645,10,current,1998-05-19
645,645,10,current,1998-05-19
646,646,42,current,2010-08-09
646,646,42,current,2010-08-09
647,647,37,savings,2009-08-17
647,647,37,savings,2009-08-17
648,648,15,current,2007-09-18
648,648,15,current,2007-09-18
649,649,28,savings,2008-12-23
649,649,28,savings,2008-12-23
650,650,37,current,2011-08-08
650,650,37,current,2011-08-08
651,651,65,savings,2013-12-09
651,651,65,savings,2013-12-09
652,652,13,current,2023-05-14
652,652,13,current,2023-05-14
653,653,59,savings,2008-09-12
653,653,59,savings,2008-09-12
654,654,68,savings,2018-05-03
654,654,68,savings,2018-05-03
655,655,56,current,2014-08-09
655,655,56,current,2014-08-09
656,656,30,current,2003-04-18
656,656,30,current,2003-04-18
657,657,64,current,1995-09-24
657,657,64,current,1995-09-24
658,658,67,current,2018-12-07
658,658,67,current,2018-12-07
659,659,20,savings,2010-11-09
659,659,20,savings,2010-11-09
660,660,99,current,2015-06-05
660,660,99,current,2015-06-05
661,661,27,current,2008-04-23
661,661,27,current,2008-04-23
662,662,12,savings,2002-09-04
662,662,12,savings,2002-09-04
663,663,41,current,2012-09-25
663,663,41,current,2012-09-25
664,664,80,current,1995-01-25
664,664,80,current,1995-01-25
665,665,96,savings,2007-06-14
665,665,96,savings,2007-06-14
666,666,51,current,2018-08-12
666,666,51,current,2018-08-12
667,667,97,current,2021-07-12
667,667,97,current,2021-07-12
668,668,80,savings,2017-08-07
668,668,80,savings,2017-08-07
669,669,29,current,1996-08-26
669,669,29,current,1996-08-26
670,670,91,current,1999-03-08
670,670,91,current,1999-03-08
671,671,95,current,2023-05-03
671,671,95,current,2023-05-03
672,672,51,savings,1995-11-11
672,672,51,savings,1995-11-11
673,673,59,current,2000-06-23
673,673,59,current,2000-06-23
674,674,88,savings,2003-12-22
674,674,88,savings,2003-12-22
675,675,31,savings,2015-05-02
675,675,31,savings,2015-05-02
676,676,9,current,1997-02-03
676,676,9,current,1997-02-03
677,677,70,savings,1997-01-02
677,677,70,savings,1997-01-02
678,678,30,current,2018-04-08
678,678,30,current,2018-04-08
679,679,90,current,2013-09-14
679,679,90,current,2013-09-14
680,680,40,current,2024-03-11
680,680,40,current,2024-03-11
681,681,7,savings,2016-12-01
681,681,7,savings,2016-12-01
682,682,72,current,2018-04-12
682,682,72,current,2018-04-12
683,683,59,savings,2014-12-25
683,683,59,savings,2014-12-25
684,684,11,savings,2007-11-05
684,684,11,savings,2007-11-05
685,685,3,savings,2015-02-03
685,685,3,savings,2015-02-03
686,686,4,current,2020-06-23
686,686,4,current,2020-06-23
687,687,97,savings,2001-11-03
687,687,97,savings,2001-11-03
688,688,20,savings,1995-08-08
688,688,20,savings,1995-08-08
689,689,5,savings,1998-10-03
689,689,5,savings,1998-10-03
690,690,34,savings,2009-12-15
690,690,34,savings,2009-12-15
691,691,14,savings,2003-10-07
691,691,14,savings,2003-10-07
692,692,13,savings,2002-01-23
692,692,13,savings,2002-01-23
693,693,61,current,2020-09-02
693,693,61,current,2020-09-02
694,694,49,savings,2012-12-25
694,694,49,savings,2012-12-25
695,695,45,current,2017-06-16
695,695,45,current,2017-06-16
696,696,53,current,2023-01-04
696,696,53,current,2023-01-04
697,697,24,current,1999-08-22
697,697,24,current,1999-08-22
698,698,94,savings,2013-03-16
698,698,94,savings,2013-03-16
699,699,63,current,2004-07-27
699,699,63,current,2004-07-27
700,700,75,current,2012-02-25
700,700,75,current,2012-02-25
701,701,9,savings,1995-10-19
701,701,9,savings,1995-10-19
702,702,63,savings,2015-05-15
702,702,63,savings,2015-05-15
703,703,56,current,2018-10-15
703,703,56,current,2018-10-15
704,704,77,current,1996-02-12
704,704,77,current,1996-02-12
705,705,77,current,2018-07-20
705,705,77,current,2018-07-20
706,706,96,savings,2006-05-04
706,706,96,savings,2006-05-04
707,707,71,savings,2002-11-16
707,707,71,savings,2002-11-16
708,708,75,savings,2008-09-04
708,708,75,savings,2008-09-04
709,709,42,current,2000-01-27
709,709,42,current,2000-01-27
710,710,1,savings,2015-06-03
710,710,1,savings,2015-06-03
711,711,64,savings,2024-11-27
711,711,64,savings,2024-11-27
712,712,92,savings,2015-10-07
712,712,92,savings,2015-10-07
713,713,72,current,2009-07-10
713,713,72,current,2009-07-10
714,714,15,savings,2007-04-16
714,714,15,savings,2007-04-16
715,715,69,current,2019-07-26
715,715,69,current,2019-07-26
716,716,22,current,2014-06-14
716,716,22,current,2014-06-14
717,717,20,savings,2020-01-23
717,717,20,savings,2020-01-23
718,718,68,savings,2014-12-25
718,718,68,savings,2014-12-25
719,719,45,savings,1996-01-22
719,719,45,savings,1996-01-22
720,720,89,current,2003-10-15
720,720,89,current,2003-10-15
721,721,80,current,2012-05-07
721,721,80,current,2012-05-07
722,722,40,current,2024-01-18
722,722,40,current,2024-01-18
723,723,46,current,2020-10-28
723,723,46,current,2020-10-28
724,724,91,savings,2014-07-15
724,724,91,savings,2014-07-15
725,725,63,savings,2023-05-13
725,725,63,savings,2023-05-13
726,726,93,current,2017-05-07
726,726,93,current,2017-05-07
727,727,12,current,2007-01-10
727,727,12,current,2007-01-10
728,728,52,current,2002-07-09
728,728,52,current,2002-07-09
729,729,7,current,1996-11-08
729,729,7,current,1996-11-08
730,730,88,savings,2003-06-15
730,730,88,savings,2003-06-15
731,731,55,savings,2018-03-21
731,731,55,savings,2018-03-21
732,732,5,savings,1999-02-03
732,732,5,savings,1999-02-03
733,733,47,savings,2006-02-03
733,733,47,savings,2006-02-03
734,734,97,current,2012-12-23
734,734,97,current,2012-12-23
735,735,38,current,1999-03-23
735,735,38,current,1999-03-23
736,736,43,savings,2017-12-14
736,736,43,savings,2017-12-14
737,737,70,savings,2009-11-27
737,737,70,savings,2009-11-27
738,738,8,savings,2007-09-09
738,738,8,savings,2007-09-09
739,739,86,savings,2020-07-22
739,739,86,savings,2020-07-22
740,740,50,savings,2002-11-24
740,740,50,savings,2002-11-24
741,741,78,savings,2007-10-25
741,741,78,savings,2007-10-25
742,742,9,current,2014-12-15
742,742,9,current,2014-12-15
743,743,13,current,2002-05-11
743,743,13,current,2002-05-11
744,744,50,savings,2006-07-09
744,744,50,savings,2006-07-09
745,745,96,savings,2008-06-10
745,745,96,savings,2008-06-10
746,746,78,current,2019-12-10
746,746,78,current,2019-12-10
747,747,35,current,2013-08-05
747,747,35,current,2013-08-05
748,748,25,savings,1999-08-23
748,748,25,savings,1999-08-23
749,749,61,current,2010-09-14
749,749,61,current,2010-09-14
750,750,31,current,2002-07-28
750,750,31,current,2002-07-28
751,751,49,current,2010-04-01
751,751,49,current,2010-04-01
752,752,43,current,2019-04-26
752,752,43,current,2019-04-26
753,753,45,current,1996-11-08
753,753,45,current,1996-11-08
754,754,84,current,2021-01-07
754,754,84,current,2021-01-07
755,755,7,current,2015-06-19
755,755,7,current,2015-06-19
756,756,74,current,1998-12-24
756,756,74,current,1998-12-24
757,757,6,current,2003-11-13
757,757,6,current,2003-11-13
758,758,89,current,1995-07-14
758,758,89,current,1995-07-14
759,759,50,savings,2006-06-01
759,759,50,savings,2006-06-01
760,760,70,savings,2018-09-05
760,760,70,savings,2018-09-05
761,761,45,current,2007-09-03
761,761,45,current,2007-09-03
762,762,54,savings,2004-07-18
762,762,54,savings,2004-07-18
763,763,17,savings,2008-12-07
763,763,17,savings,2008-12-07
764,764,86,current,2006-04-02
764,764,86,current,2006-04-02
765,765,87,savings,2020-10-11
765,765,87,savings,2020-10-11
766,766,29,current,2013-06-04
766,766,29,current,2013-06-04
767,767,64,savings,2011-04-11
767,767,64,savings,2011-04-11
768,768,71,savings,2009-04-08
768,768,71,savings,2009-04-08
769,769,99,savings,2011-12-22
769,769,99,savings,2011-12-22
770,770,20,current,2024-01-17
770,770,20,current,2024-01-17
771,771,26,savings,2002-09-12
771,771,26,savings,2002-09-12
772,772,93,current,2001-04-15
772,772,93,current,2001-04-15
773,773,29,savings,2019-01-26
773,773,29,savings,2019-01-26
774,774,7,savings,2011-12-16
774,774,7,savings,2011-12-16
775,775,34,current,2011-07-22
775,775,34,current,2011-07-22
776,776,5,savings,2002-12-23
776,776,5,savings,2002-12-23
777,777,77,current,2008-05-19
777,777,77,current,2008-05-19
778,778,6,current,2015-03-01
778,778,6,current,2015-03-01
779,779,96,current,2014-06-26
779,779,96,current,2014-06-26
780,780,33,current,2010-03-14
780,780,33,current,2010-03-14
781,781,43,savings,2005-02-21
781,781,43,savings,2005-02-21
782,782,59,current,1995-08-09
782,782,59,current,1995-08-09
783,783,33,current,2005-06-15
783,783,33,current,2005-06-15
784,784,83,current,2020-04-07
784,784,83,current,2020-04-07
785,785,61,savings,
785,785,61,savings,
786,786,18,savings,1998-02-17
786,786,18,savings,1998-02-17
787,787,14,current,2011-12-28
787,787,14,current,2011-12-28
788,788,21,savings,2002-04-04
788,788,21,savings,2002-04-04
789,789,39,savings,1999-02-17
789,789,39,savings,1999-02-17
790,790,34,current,2011-12-15
790,790,34,current,2011-12-15
791,791,31,current,2004-09-11
791,791,31,current,2004-09-11
792,792,81,savings,1998-06-02
792,792,81,savings,1998-06-02
793,793,7,savings,1996-05-19
793,793,7,savings,1996-05-19
794,794,85,savings,1995-04-27
794,794,85,savings,1995-04-27
795,795,71,savings,2022-03-22
795,795,71,savings,2022-03-22
796,796,1,current,2024-02-09
796,796,1,current,2024-02-09
797,797,86,savings,2018-09-01
797,797,86,savings,2018-09-01
798,798,22,savings,1998-02-18
798,798,22,savings,1998-02-18
799,799,87,savings,2014-02-28
799,799,87,savings,2014-02-28
800,800,92,current,2002-01-17
800,800,92,current,2002-01-17
801,801,63,savings,1996-04-18
801,801,63,savings,1996-04-18
802,802,62,current,2016-07-16
802,802,62,current,2016-07-16
803,803,46,current,2020-12-21
803,803,46,current,2020-12-21
804,804,57,current,2003-02-04
804,804,57,current,2003-02-04
805,805,94,savings,2024-01-16
805,805,94,savings,2024-01-16
806,806,45,savings,2014-06-06
806,806,45,savings,2014-06-06
807,807,74,current,1995-05-28
807,807,74,current,1995-05-28
808,808,76,savings,2007-07-02
808,808,76,savings,2007-07-02
809,809,80,current,2019-12-21
809,809,80,current,2019-12-21
810,810,85,current,2012-12-23
810,810,85,current,2012-12-23
811,811,13,savings,2009-03-13
811,811,13,savings,2009-03-13
812,812,68,current,2005-07-17
812,812,68,current,2005-07-17
813,813,37,current,2002-01-05
813,813,37,current,2002-01-05
814,814,94,savings,2003-11-11
814,814,94,savings,2003-11-11
815,815,90,current,2000-02-02
815,815,90,current,2000-02-02
816,816,14,savings,2013-05-16
816,816,14,savings,2013-05-16
817,817,37,savings,2009-01-21
817,817,37,savings,2009-01-21
818,818,89,current,2019-02-26
818,818,89,current,2019-02-26
819,819,91,current,1995-02-22
819,819,91,current,1995-02-22
820,820,14,savings,2007-06-22
820,820,14,savings,2007-06-22
821,821,66,current,2017-12-26
821,821,66,current,2017-12-26
822,822,66,savings,2017-10-10
822,822,66,savings,2017-10-10
823,823,33,current,2018-03-03
823,823,33,current,2018-03-03
824,824,2,savings,2012-01-01
824,824,2,savings,2012-01-01
825,825,98,current,2015-10-18
825,825,98,current,2015-10-18
826,826,53,savings,1995-08-17
826,826,53,savings,1995-08-17
827,827,89,current,2015-08-05
827,827,89,current,2015-08-05
828,828,55,current,2005-02-18
828,828,55,current,2005-02-18
829,829,45,savings,2008-12-24
829,829,45,savings,2008-12-24
830,830,37,savings,2018-09-13
830,830,37,savings,2018-09-13
831,831,27,current,2017-02-09
831,831,27,current,2017-02-09
832,832,90,current,2010-10-11
832,832,90,current,2010-10-11
833,833,52,current,2018-06-15
833,833,52,current,2018-06-15
834,834,86,current,2020-09-02
834,834,86,current,2020-09-02
835,835,47,savings,2012-12-25
835,835,47,savings,2012-12-25
836,836,58,current,2015-04-26
836,836,58,current,2015-04-26
837,837,7,current,2008-04-23
837,837,7,current,2008-04-23
838,838,13,savings,2010-03-14
838,838,13,savings,2010-03-14
839,839,48,current,2009-06-26
839,839,48,current,2009-06-26
840,840,28,savings,2013-02-05
840,840,28,savings,2013-02-05
841,841,45,current,2022-08-01
841,841,45,current,2022-08-01
842,842,56,savings,2018-04-23
842,842,56,savings,2018-04-23
843,843,92,savings,2010-07-28
843,843,92,savings,2010-07-28
844,844,88,current,2015-03-13
844,844,88,current,2015-03-13
845,845,35,savings,2005-10-03
845,845,35,savings,2005-10-03
846,846,55,current,2009-06-07
846,846,55,current,2009-06-07
847,847,97,savings,2023-10-16
847,847,97,savings,2023-10-16
848,848,37,savings,2003-06-19
848,848,37,savings,2003-06-19
849,849,9,savings,2010-04-12
849,849,9,savings,2010-04-12
850,850,3,current,2024-11-09
850,850,3,current,2024-11-09
851,851,2,current,2013-08-26
851,851,2,current,2013-08-26
852,852,58,savings,2012-05-19
852,852,58,savings,2012-05-19
853,853,22,current,2019-09-20
853,853,22,current,2019-09-20
854,854,85,savings,2009-08-10
854,854,85,savings,2009-08-10
855,855,24,savings,2005-10-10
855,855,24,savings,2005-10-10
856,856,78,current,2024-07-13
856,856,78,current,2024-07-13
857,857,54,savings,2004-06-05
857,857,54,savings,2004-06-05
858,858,97,current,2018-07-23
858,858,97,current,2018-07-23
859,859,17,savings,2011-05-09
859,859,17,savings,2011-05-09
860,860,58,current,1995-08-04
860,860,58,current,1995-08-04
861,861,58,savings,1998-04-14
861,861,58,savings,1998-04-14
862,862,21,savings,2020-11-16
862,862,21,savings,2020-11-16
863,863,77,savings,2013-12-22
863,863,77,savings,2013-12-22
864,864,63,savings,2017-01-04
864,864,63,savings,2017-01-04
865,865,63,savings,2020-04-18
865,865,63,savings,2020-04-18
866,866,44,current,2017-09-25
866,866,44,current,2017-09-25
867,867,40,current,2022-03-07
867,867,40,current,2022-03-07
868,868,75,savings,2011-09-11
868,868,75,savings,2011-09-11
869,869,66,savings,2004-02-10
869,869,66,savings,2004-02-10
870,870,92,current,2019-04-25
870,870,92,current,2019-04-25
871,871,67,current,2006-11-04
871,871,67,current,2006-11-04
872,872,79,savings,1999-03-20
872,872,79,savings,1999-03-20
873,873,46,savings,2024-10-02
873,873,46,savings,2024-10-02
874,874,24,savings,2017-02-01
874,874,24,savings,2017-02-01
875,875,72,savings,2012-06-12
875,875,72,savings,2012-06-12
876,876,70,savings,2003-10-10
876,876,70,savings,2003-10-10
877,877,96,savings,2006-03-07
877,877,96,savings,2006-03-07
878,878,51,current,2015-01-18
878,878,51,current,2015-01-18
879,879,99,savings,2004-01-12
879,879,99,savings,2004-01-12
880,880,77,savings,2003-03-16
880,880,77,savings,2003-03-16
881,881,92,current,2006-06-03
881,881,92,current,2006-06-03
882,882,4,current,2024-09-17
882,882,4,current,2024-09-17
883,883,31,current,2002-11-20
883,883,31,current,2002-11-20
884,884,65,savings,2013-07-02
884,884,65,savings,2013-07-02
885,885,30,current,2015-01-27
885,885,30,current,2015-01-27
886,886,72,savings,2015-10-28
886,886,72,savings,2015-10-28
887,887,40,current,2017-03-24
887,887,40,current,2017-03-24
888,888,14,current,2012-08-17
888,888,14,current,2012-08-17
889,889,44,current,2017-06-20
889,889,44,current,2017-06-20
890,890,92,savings,2022-06-27
890,890,92,savings,2022-06-27
891,891,34,current,2014-05-07
891,891,34,current,2014-05-07
892,892,39,current,2006-11-19
892,892,39,current,2006-11-19
893,893,4,current,2024-09-10
893,893,4,current,2024-09-10
894,894,88,savings,1997-09-06
894,894,88,savings,1997-09-06
895,895,27,savings,2019-10-21
895,895,27,savings,2019-10-21
896,896,42,savings,2009-08-23
896,896,42,savings,2009-08-23
897,897,11,savings,2016-07-20
897,897,11,savings,2016-07-20
898,898,87,savings,2007-04-10
898,898,87,savings,2007-04-10
899,899,32,current,2000-04-28
899,899,32,current,2000-04-28
900,900,50,current,2000-06-12
900,900,50,current,2000-06-12
901,901,53,savings,2022-05-15
901,901,53,savings,2022-05-15
902,902,4,current,2014-01-17
902,902,4,current,2014-01-17
903,903,19,current,2011-04-17
903,903,19,current,2011-04-17
904,904,71,savings,2005-08-20
904,904,71,savings,2005-08-20
905,905,33,savings,2010-08-22
905,905,33,savings,2010-08-22
906,906,78,savings,1999-09-17
906,906,78,savings,1999-09-17
907,907,77,current,2023-12-06
907,907,77,current,2023-12-06
908,908,70,savings,2004-10-22
908,908,70,savings,2004-10-22
909,909,83,savings,1995-06-13
909,909,83,savings,1995-06-13
910,910,55,savings,2017-02-03
910,910,55,savings,2017-02-03
911,911,9,current,2010-10-19
911,911,9,current,2010-10-19
912,912,62,current,2010-12-26
912,912,62,current,2010-12-26
913,913,99,current,2014-07-22
913,913,99,current,2014-07-22
914,914,62,savings,2013-04-06
914,914,62,savings,2013-04-06
915,915,48,current,2019-01-16
915,915,48,current,2019-01-16
916,916,90,savings,2019-08-28
916,916,90,savings,2019-08-28
917,917,68,savings,2010-09-25
917,917,68,savings,2010-09-25
918,918,48,current,2008-02-10
918,918,48,current,2008-02-10
919,919,92,savings,1997-08-19
919,919,92,savings,1997-08-19
920,920,27,current,2005-03-27
920,920,27,current,2005-03-27
921,921,55,savings,1997-07-02
921,921,55,savings,1997-07-02
922,922,44,savings,2023-11-18
922,922,44,savings,2023-11-18
923,923,71,current,1996-04-03
923,923,71,current,1996-04-03
924,924,52,savings,2010-03-27
924,924,52,savings,2010-03-27
925,925,57,current,1999-02-24
925,925,57,current,1999-02-24
926,926,9,current,2003-09-11
926,926,9,current,2003-09-11
927,927,98,savings,1998-12-07
927,927,98,savings,1998-12-07
928,928,8,savings,1999-06-03
928,928,8,savings,1999-06-03
929,929,56,savings,2010-05-19
929,929,56,savings,2010-05-19
930,930,10,savings,2024-09-04
930,930,10,savings,2024-09-04
931,931,65,savings,2010-10-03
931,931,65,savings,2010-10-03
932,932,72,savings,2023-11-24
932,932,72,savings,2023-11-24
933,933,45,savings,2021-01-28
933,933,45,savings,2021-01-28
934,934,39,savings,1995-11-08
934,934,39,savings,1995-11-08
935,935,46,savings,1997-04-22
935,935,46,savings,1997-04-22
936,936,17,savings,2012-04-24
936,936,17,savings,2012-04-24
937,937,82,savings,1995-06-24
937,937,82,savings,1995-06-24
938,938,98,current,2015-11-22
938,938,98,current,2015-11-22
939,939,99,savings,2003-10-28
939,939,99,savings,2003-10-28
940,940,67,savings,2013-08-24
940,940,67,savings,2013-08-24
941,941,76,savings,2006-08-06
941,941,76,savings,2006-08-06
942,942,62,current,1997-11-18
942,942,62,current,1997-11-18
943,943,68,savings,2012-07-13
943,943,68,savings,2012-07-13
944,944,36,current,2024-01-24
944,944,36,current,2024-01-24
945,945,9,current,2007-04-13
945,945,9,current,2007-04-13
946,946,35,savings,2002-06-07
946,946,35,savings,2002-06-07
947,947,67,savings,2002-09-21
947,947,67,savings,2002-09-21
948,948,89,savings,2023-04-10
948,948,89,savings,2023-04-10
949,949,52,current,2002-07-03
949,949,52,current,2002-07-03
950,950,90,current,1995-10-17
950,950,90,current,1995-10-17
951,951,91,current,2021-06-25
951,951,91,current,2021-06-25
952,952,28,savings,2013-01-16
952,952,28,savings,2013-01-16
953,953,58,savings,2004-12-26
953,953,58,savings,2004-12-26
954,954,83,current,2017-04-21
954,954,83,current,2017-04-21
955,955,24,current,2001-08-09
955,955,24,current,2001-08-09
956,956,59,current,2007-09-15
956,956,59,current,2007-09-15
957,957,37,current,2016-06-02
957,957,37,current,2016-06-02
958,958,38,savings,2020-04-03
958,958,38,savings,2020-04-03
959,959,25,savings,2003-03-17
959,959,25,savings,2003-03-17
960,960,98,current,2022-10-21
960,960,98,current,2022-10-21
961,961,15,savings,2015-05-04
961,961,15,savings,2015-05-04
962,962,16,current,2021-05-06
962,962,16,current,2021-05-06
963,963,55,current,1998-02-14
963,963,55,current,1998-02-14
964,964,4,savings,2016-12-17
964,964,4,savings,2016-12-17
965,965,26,savings,2005-01-18
965,965,26,savings,2005-01-18
966,966,39,savings,2010-09-11
966,966,39,savings,2010-09-11
967,967,57,current,1996-01-22
967,967,57,current,1996-01-22
968,968,47,current,2020-10-22
968,968,47,current,2020-10-22
969,969,90,savings,1997-10-02
969,969,90,savings,1997-10-02
970,970,48,savings,2020-05-08
970,970,48,savings,2020-05-08
971,971,92,savings,2010-03-18
971,971,92,savings,2010-03-18
972,972,49,current,2016-03-26
972,972,49,current,2016-03-26
973,973,37,current,2008-06-01
973,973,37,current,2008-06-01
974,974,38,savings,1997-03-13
974,974,38,savings,1997-03-13
975,975,62,savings,2019-07-15
975,975,62,savings,2019-07-15
976,976,61,current,2014-07-03
976,976,61,current,2014-07-03
977,977,74,savings,2009-03-12
977,977,74,savings,2009-03-12
978,978,97,current,2012-07-21
978,978,97,current,2012-07-21
979,979,8,savings,2006-05-20
979,979,8,savings,2006-05-20
980,980,38,current,2017-07-21
980,980,38,current,2017-07-21
981,981,36,current,2001-01-04
981,981,36,current,2001-01-04
982,982,85,savings,1995-07-15
982,982,85,savings,1995-07-15
983,983,56,savings,2000-07-18
983,983,56,savings,2000-07-18
984,984,45,current,2007-03-13
984,984,45,current,2007-03-13
985,985,50,savings,2011-02-16
985,985,50,savings,2011-02-16
986,986,20,savings,2023-12-16
986,986,20,savings,2023-12-16
987,987,63,savings,2011-09-09
987,987,63,savings,2011-09-09
988,988,55,current,2013-03-09
988,988,55,current,2013-03-09
989,989,34,current,2016-06-03
989,989,34,current,2016-06-03
990,990,92,current,2018-04-05
990,990,92,current,2018-04-05
991,991,32,savings,2011-01-08
991,991,32,savings,2011-01-08
992,992,76,current,2014-10-15
992,992,76,current,2014-10-15
993,993,73,savings,2001-03-24
993,993,73,savings,2001-03-24
994,994,43,savings,2001-08-11
994,994,43,savings,2001-08-11
995,995,79,current,1996-06-02
995,995,79,current,1996-06-02
996,996,13,current,2007-04-15
996,996,13,current,2007-04-15
997,997,2,current,2002-11-01
997,997,2,current,2002-11-01
998,998,61,savings,2018-04-19
998,998,61,savings,2018-04-19
999,999,84,savings,2009-07-23
999,999,84,savings,2009-07-23
1000,1000,14,current,2013-01-06
1000,1000,14,current,2013-01-06
1001,1001,42,savings,2002-06-27
1001,1001,42,savings,2002-06-27
1002,1002,15,current,2000-07-14
1002,1002,15,current,2000-07-14
1003,1003,93,current,2002-03-21
1003,1003,93,current,2002-03-21
1004,1004,85,current,2022-12-28
1004,1004,85,current,2022-12-28
1005,1005,10,savings,2024-04-03
1005,1005,10,savings,2024-04-03
1006,1006,56,current,2019-11-10
1006,1006,56,current,2019-11-10
1007,1007,53,current,1998-10-05
1007,1007,53,current,1998-10-05
1008,1008,58,current,2005-04-13
1008,1008,58,current,2005-04-13
1009,1009,85,current,2005-08-19
1009,1009,85,current,2005-08-19
1010,1010,99,savings,2007-04-11
1010,1010,99,savings,2007-04-11
1011,1011,81,savings,2006-09-13
1011,1011,81,savings,2006-09-13
1012,1012,62,savings,2007-02-03
1012,1012,62,savings,2007-02-03
1013,1013,57,savings,2001-02-15
1013,1013,57,savings,2001-02-15
1014,1014,63,savings,2012-01-05
1014,1014,63,savings,2012-01-05
1015,1015,4,savings,1998-08-10
1015,1015,4,savings,1998-08-10
1016,1016,78,savings,2009-12-11
1016,1016,78,savings,2009-12-11
1017,1017,96,current,2002-04-03
1017,1017,96,current,2002-04-03
1018,1018,82,current,2013-04-15
1018,1018,82,current,2013-04-15
1019,1019,34,savings,2022-05-27
1019,1019,34,savings,2022-05-27
1020,1020,32,current,2024-10-10
1020,1020,32,current,2024-10-10
1021,1021,78,savings,2014-04-03
1021,1021,78,savings,2014-04-03
1022,1022,34,savings,2015-04-05
1022,1022,34,savings,2015-04-05
1023,1023,70,current,2023-12-10
1023,1023,70,current,2023-12-10
1024,1024,40,current,2003-08-13
1024,1024,40,current,2003-08-13
1025,1025,35,current,2007-10-21
1025,1025,35,current,2007-10-21
1026,1026,15,current,2010-10-10
1026,1026,15,current,2010-10-10
1027,1027,51,savings,2012-05-01
1027,1027,51,savings,2012-05-01
1028,1028,20,current,1999-09-07
1028,1028,20,current,1999-09-07
1029,1029,92,savings,2006-07-27
1029,1029,92,savings,2006-07-27
1030,1030,37,savings,2022-10-15
1030,1030,37,savings,2022-10-15
1031,1031,38,current,2000-02-16
1031,1031,38,current,2000-02-16
1032,1032,21,current,2000-02-19
1032,1032,21,current,2000-02-19
1033,1033,88,current,2017-01-25
1033,1033,88,current,2017-01-25
1034,1034,10,savings,2011-04-16
1034,1034,10,savings,2011-04-16
1035,1035,54,savings,1999-10-16
1035,1035,54,savings,1999-10-16
1036,1036,9,current,2009-08-15
1036,1036,9,current,2009-08-15
1037,1037,86,current,2016-02-01
1037,1037,86,current,2016-02-01
1038,1038,42,savings,1995-08-14
1038,1038,42,savings,1995-08-14
1039,1039,16,current,2011-05-24
1039,1039,16,current,2011-05-24
1040,1040,24,current,1997-09-09
1040,1040,24,current,1997-09-09
1041,1041,4,current,1995-08-22
1041,1041,4,current,1995-08-22
1042,1042,44,current,2007-12-15
1042,1042,44,current,2007-12-15
1043,1043,23,current,1995-09-11
1043,1043,23,current,1995-09-11
1044,1044,42,current,2000-03-04
1044,1044,42,current,2000-03-04
1045,1045,86,current,2009-09-26
1045,1045,86,current,2009-09-26
1046,1046,66,savings,2005-07-23
1046,1046,66,savings,2005-07-23
1047,1047,92,current,2001-07-24
1047,1047,92,current,2001-07-24
1048,1048,19,current,2022-08-23
1048,1048,19,current,2022-08-23
1049,1049,20,savings,2011-11-23
1049,1049,20,savings,2011-11-23
1050,1050,28,savings,2023-03-26
1050,1050,28,savings,2023-03-26
1051,1051,24,current,2003-06-16
1051,1051,24,current,2003-06-16
1052,1052,91,savings,2013-11-11
1052,1052,91,savings,2013-11-11
1053,1053,2,current,2005-03-17
1053,1053,2,current,2005-03-17
1054,1054,7,savings,2022-09-13
1054,1054,7,savings,2022-09-13
1055,1055,1,savings,2009-05-24
1055,1055,1,savings,2009-05-24
1056,1056,11,savings,1997-04-09
1056,1056,11,savings,1997-04-09
1057,1057,51,current,2000-06-09
1057,1057,51,current,2000-06-09
1058,1058,60,savings,2014-10-13
1058,1058,60,savings,2014-10-13
1059,1059,31,current,2000-06-06
1059,1059,31,current,2000-06-06
1060,1060,30,current,2001-09-17
1060,1060,30,current,2001-09-17
1061,1061,77,savings,2020-12-21
1061,1061,77,savings,2020-12-21
1062,1062,24,savings,2007-10-21
1062,1062,24,savings,2007-10-21
1063,1063,18,current,2010-05-19
1063,1063,18,current,2010-05-19
1064,1064,58,current,1997-11-28
1064,1064,58,current,1997-11-28
1065,1065,77,current,2000-06-15
1065,1065,77,current,2000-06-15
1066,1066,17,savings,2019-12-12
1066,1066,17,savings,2019-12-12
1067,1067,46,current,2020-08-02
1067,1067,46,current,2020-08-02
1068,1068,94,savings,2019-01-01
1068,1068,94,savings,2019-01-01
1069,1069,19,current,1995-02-26
1069,1069,19,current,1995-02-26
1070,1070,12,savings,2006-11-20
1070,1070,12,savings,2006-11-20
1071,1071,90,current,2016-05-18
1071,1071,90,current,2016-05-18
1072,1072,82,current,2003-08-28
1072,1072,82,current,2003-08-28
1073,1073,12,savings,2012-09-22
1073,1073,12,savings,2012-09-22
1074,1074,50,savings,2022-10-24
1074,1074,50,savings,2022-10-24
1075,1075,66,savings,1998-06-14
1075,1075,66,savings,1998-06-14
1076,1076,20,savings,2008-07-28
1076,1076,20,savings,2008-07-28
1077,1077,6,savings,2005-12-03
1077,1077,6,savings,2005-12-03
1078,1078,1,current,1995-04-15
1078,1078,1,current,1995-04-15
1079,1079,90,savings,2008-10-07
1079,1079,90,savings,2008-10-07
1080,1080,7,savings,2012-06-19
1080,1080,7,savings,2012-06-19
1081,1081,96,savings,2006-04-12
1081,1081,96,savings,2006-04-12
1082,1082,55,savings,1996-06-21
1082,1082,55,savings,1996-06-21
1083,1083,97,savings,2019-08-12
1083,1083,97,savings,2019-08-12
1084,1084,74,current,2021-08-13
1084,1084,74,current,2021-08-13
1085,1085,15,savings,2010-11-02
1085,1085,15,savings,2010-11-02
1086,1086,95,current,1997-12-10
1086,1086,95,current,1997-12-10
1087,1087,24,savings,2005-10-13
1087,1087,24,savings,2005-10-13
1088,1088,29,savings,2021-07-01
1088,1088,29,savings,2021-07-01
1089,1089,82,current,2004-10-23
1089,1089,82,current,2004-10-23
1090,1090,71,savings,2010-02-21
1090,1090,71,savings,2010-02-21
1091,1091,34,savings,2009-07-08
1091,1091,34,savings,2009-07-08
1092,1092,78,current,2014-09-26
1092,1092,78,current,2014-09-26
1093,1093,84,current,1996-12-16
1093,1093,84,current,1996-12-16
1094,1094,93,savings,1995-06-28
1094,1094,93,savings,1995-06-28
1095,1095,37,current,2010-06-02
1095,1095,37,current,2010-06-02
1096,1096,42,savings,2005-12-04
1096,1096,42,savings,2005-12-04
1097,1097,64,savings,2005-06-19
1097,1097,64,savings,2005-06-19
1098,1098,95,savings,2021-04-17
1098,1098,95,savings,2021-04-17
1099,1099,19,current,1996-04-19
1099,1099,19,current,1996-04-19
1100,1100,23,current,2024-11-03
1100,1100,23,current,2024-11-03
1101,1101,71,savings,1999-04-17
1101,1101,71,savings,1999-04-17
1102,1102,6,savings,2006-09-13
1102,1102,6,savings,2006-09-13
1103,1103,99,current,2014-06-10
1103,1103,99,current,2014-06-10
1104,1104,93,savings,2000-01-03
1104,1104,93,savings,2000-01-03
1105,1105,55,current,2003-02-26
1105,1105,55,current,2003-02-26
1106,1106,77,current,2021-03-08
1106,1106,77,current,2021-03-08
1107,1107,39,current,2015-06-07
1107,1107,39,current,2015-06-07
1108,1108,25,current,1995-04-27
1108,1108,25,current,1995-04-27
1109,1109,98,current,2007-04-24
1109,1109,98,current,2007-04-24
1110,1110,83,savings,2003-03-18
1110,1110,83,savings,2003-03-18
1111,1111,4,current,1998-03-28
1111,1111,4,current,1998-03-28
1112,1112,88,current,2003-09-24
1112,1112,88,current,2003-09-24
1113,1113,33,current,1999-01-25
1113,1113,33,current,1999-01-25
1114,1114,66,savings,2013-02-15
1114,1114,66,savings,2013-02-15
1115,1115,2,current,2014-02-19
1115,1115,2,current,2014-02-19
1116,1116,14,current,2016-04-22
1116,1116,14,current,2016-04-22
1117,1117,50,current,2009-04-07
1117,1117,50,current,2009-04-07
1118,1118,11,savings,2019-04-22
1118,1118,11,savings,2019-04-22
1119,1119,34,savings,2004-01-17
1119,1119,34,savings,2004-01-17
1120,1120,38,savings,2007-01-20
1120,1120,38,savings,2007-01-20
1121,1121,92,current,2024-09-14
1121,1121,92,current,2024-09-14
1122,1122,39,current,2002-02-03
1122,1122,39,current,2002-02-03
1123,1123,22,savings,2009-11-23
1123,1123,22,savings,2009-11-23
1124,1124,42,savings,1999-06-19
1124,1124,42,savings,1999-06-19
1125,1125,97,current,2009-11-09
1125,1125,97,current,2009-11-09
1126,1126,95,savings,2003-02-05
1126,1126,95,savings,2003-02-05
1127,1127,57,savings,1997-10-04
1127,1127,57,savings,1997-10-04
1128,1128,78,savings,2003-06-13
1128,1128,78,savings,2003-06-13
1129,1129,38,current,2013-11-11
1129,1129,38,current,2013-11-11
1130,1130,9,savings,1997-06-07
1130,1130,9,savings,1997-06-07
1131,1131,88,savings,2015-02-05
1131,1131,88,savings,2015-02-05
1132,1132,29,savings,2005-02-28
1132,1132,29,savings,2005-02-28
1133,1133,69,current,2010-11-05
1133,1133,69,current,2010-11-05
1134,1134,42,current,2021-11-06
1134,1134,42,current,2021-11-06
1135,1135,60,savings,2006-03-06
1135,1135,60,savings,2006-03-06
1136,1136,39,savings,2012-03-06
1136,1136,39,savings,2012-03-06
1137,1137,91,savings,2010-01-05
1137,1137,91,savings,2010-01-05
1138,1138,72,savings,2016-03-03
1138,1138,72,savings,2016-03-03
1139,1139,93,savings,2018-08-01
1139,1139,93,savings,2018-08-01
1140,1140,60,current,2023-08-05
1140,1140,60,current,2023-08-05
1141,1141,53,savings,1997-07-01
1141,1141,53,savings,1997-07-01
1142,1142,76,savings,2015-01-09
1142,1142,76,savings,2015-01-09
1143,1143,8,current,2010-02-21
1143,1143,8,current,2010-02-21
1144,1144,21,current,2015-03-17
1144,1144,21,current,2015-03-17
1145,1145,56,savings,2023-06-14
1145,1145,56,savings,2023-06-14
1146,1146,48,current,2012-11-10
1146,1146,48,current,2012-11-10
1147,1147,47,current,1998-07-24
1147,1147,47,current,1998-07-24
1148,1148,9,savings,2005-02-18
1148,1148,9,savings,2005-02-18
1149,1149,78,savings,2006-11-16
1149,1149,78,savings,2006-11-16
1150,1150,1,current,1999-01-15
1150,1150,1,current,1999-01-15
1151,1151,55,savings,2014-04-01
1151,1151,55,savings,2014-04-01
1152,1152,31,savings,1998-05-23
1152,1152,31,savings,1998-05-23
1153,1153,80,current,2009-08-18
1153,1153,80,current,2009-08-18
1154,1154,91,savings,1996-02-28
1154,1154,91,savings,1996-02-28
1155,1155,11,current,2016-09-04
1155,1155,11,current,2016-09-04
1156,1156,66,current,1996-12-21
1156,1156,66,current,1996-12-21
1157,1157,60,current,2001-12-18
1157,1157,60,current,2001-12-18
1158,1158,31,current,2022-08-15
1158,1158,31,current,2022-08-15
1159,1159,50,current,2016-05-11
1159,1159,50,current,2016-05-11
1160,1160,60,savings,1999-06-04
1160,1160,60,savings,1999-06-04
1161,1161,88,current,2011-01-01
1161,1161,88,current,2011-01-01
1162,1162,62,savings,2020-10-03
1162,1162,62,savings,2020-10-03
1163,1163,39,savings,1997-02-28
1163,1163,39,savings,1997-02-28
1164,1164,3,current,2015-01-26
1164,1164,3,current,2015-01-26
1165,1165,58,savings,2016-08-24
1165,1165,58,savings,2016-08-24
1166,1166,68,current,2015-05-19
1166,1166,68,current,2015-05-19
1167,1167,30,current,2019-10-18
1167,1167,30,current,2019-10-18
1168,1168,67,savings,2000-03-15
1168,1168,67,savings,2000-03-15
1169,1169,68,current,2024-05-28
1169,1169,68,current,2024-05-28
1170,1170,58,savings,2021-06-24
1170,1170,58,savings,2021-06-24
1171,1171,77,savings,2023-01-24
1171,1171,77,savings,2023-01-24
1172,1172,53,savings,2003-02-01
1172,1172,53,savings,2003-02-01
1173,1173,14,current,2006-10-13
1173,1173,14,current,2006-10-13
1174,1174,10,savings,2002-06-18
1174,1174,10,savings,2002-06-18
1175,1175,78,current,2009-10-13
1175,1175,78,current,2009-10-13
1176,1176,81,savings,2012-06-22
1176,1176,81,savings,2012-06-22
1177,1177,22,savings,2015-06-10
1177,1177,22,savings,2015-06-10
1178,1178,63,current,2008-09-13
1178,1178,63,current,2008-09-13
1179,1179,61,savings,1999-03-17
1179,1179,61,savings,1999-03-17
1180,1180,46,savings,2011-12-11
1180,1180,46,savings,2011-12-11
1181,1181,37,savings,2021-09-10
1181,1181,37,savings,2021-09-10
1182,1182,21,current,2024-03-20
1182,1182,21,current,2024-03-20
1183,1183,89,current,2014-10-24
1183,1183,89,current,2014-10-24
1184,1184,3,savings,2001-02-16
1184,1184,3,savings,2001-02-16
1185,1185,19,savings,2004-11-28
1185,1185,19,savings,2004-11-28
1186,1186,32,current,2013-10-22
1186,1186,32,current,2013-10-22
1187,1187,79,current,2018-02-23
1187,1187,79,current,2018-02-23
1188,1188,24,current,2019-03-02
1188,1188,24,current,2019-03-02
1189,1189,73,savings,2013-05-05
1189,1189,73,savings,2013-05-05
1190,1190,74,savings,2024-11-28
1190,1190,74,savings,2024-11-28
1191,1191,48,current,2015-09-19
1191,1191,48,current,2015-09-19
1192,1192,96,current,1995-10-11
1192,1192,96,current,1995-10-11
1193,1193,58,savings,2006-07-08
1193,1193,58,savings,2006-07-08
1194,1194,40,savings,2002-12-12
1194,1194,40,savings,2002-12-12
1195,1195,7,current,2018-06-08
1195,1195,7,current,2018-06-08
1196,1196,46,current,1998-11-05
1196,1196,46,current,1998-11-05
1197,1197,91,savings,2000-05-19
1197,1197,91,savings,2000-05-19
1198,1198,15,current,2003-08-19
1198,1198,15,current,2003-08-19
1199,1199,85,savings,2003-02-02
1199,1199,85,savings,2003-02-02
1200,1200,74,savings,2018-01-10
1200,1200,74,savings,2018-01-10
1201,1201,87,savings,2008-01-27
1201,1201,87,savings,2008-01-27
1202,1202,5,current,2007-12-01
1202,1202,5,current,2007-12-01
1203,1203,59,savings,2010-05-11
1203,1203,59,savings,2010-05-11
1204,1204,70,current,2021-04-09
1204,1204,70,current,2021-04-09
1205,1205,22,current,1997-11-04
1205,1205,22,current,1997-11-04
1206,1206,28,savings,2000-10-09
1206,1206,28,savings,2000-10-09
1207,1207,54,current,2014-11-03
1207,1207,54,current,2014-11-03
1208,1208,19,savings,2012-09-22
1208,1208,19,savings,2012-09-22
1209,1209,14,current,2020-02-20
1209,1209,14,current,2020-02-20
1210,1210,48,savings,2002-11-21
1210,1210,48,savings,2002-11-21
1211,1211,7,savings,2010-07-25
1211,1211,7,savings,2010-07-25
1212,1212,79,savings,2012-08-13
1212,1212,79,savings,2012-08-13
1213,1213,32,savings,2011-06-13
1213,1213,32,savings,2011-06-13
1214,1214,22,savings,1997-09-19
1214,1214,22,savings,1997-09-19
1215,1215,46,current,1998-12-16
1215,1215,46,current,1998-12-16
1216,1216,85,current,2022-12-22
1216,1216,85,current,2022-12-22
1217,1217,83,savings,1996-02-06
1217,1217,83,savings,1996-02-06
1218,1218,13,current,2017-02-28
1218,1218,13,current,2017-02-28
1219,1219,22,current,2022-10-27
1219,1219,22,current,2022-10-27
1220,1220,10,savings,1999-04-02
1220,1220,10,savings,1999-04-02
1221,1221,44,savings,2002-12-07
1221,1221,44,savings,2002-12-07
1222,1222,24,savings,2021-08-07
1222,1222,24,savings,2021-08-07
1223,1223,59,savings,2016-06-06
1223,1223,59,savings,2016-06-06
1224,1224,62,savings,2019-02-27
1224,1224,62,savings,2019-02-27
1225,1225,72,current,2009-09-12
1225,1225,72,current,2009-09-12
1226,1226,72,current,2011-01-27
1226,1226,72,current,2011-01-27
1227,1227,55,current,2014-06-04
1227,1227,55,current,2014-06-04
1228,1228,49,savings,1997-11-18
1228,1228,49,savings,1997-11-18
1229,1229,50,current,2018-05-16
1229,1229,50,current,2018-05-16
1230,1230,19,savings,2006-01-11
1230,1230,19,savings,2006-01-11
1231,1231,82,savings,2010-10-04
1231,1231,82,savings,2010-10-04
1232,1232,58,savings,2023-11-05
1232,1232,58,savings,2023-11-05
1233,1233,97,savings,2017-05-22
1233,1233,97,savings,2017-05-22
1234,1234,48,current,2024-09-22
1234,1234,48,current,2024-09-22
1235,1235,93,savings,2001-03-28
1235,1235,93,savings,2001-03-28
1236,1236,96,current,2009-06-01
1236,1236,96,current,2009-06-01
1237,1237,72,savings,1997-08-27
1237,1237,72,savings,1997-08-27
1238,1238,96,current,1996-12-10
1238,1238,96,current,1996-12-10
1239,1239,12,current,2005-11-07
1239,1239,12,current,2005-11-07
1240,1240,86,savings,2020-12-03
1240,1240,86,savings,2020-12-03
1241,1241,20,current,1999-01-13
1241,1241,20,current,1999-01-13
1242,1242,45,current,2017-03-24
1242,1242,45,current,2017-03-24
1243,1243,26,savings,2004-08-26
1243,1243,26,savings,2004-08-26
1244,1244,81,current,1996-05-09
1244,1244,81,current,1996-05-09
1245,1245,98,current,2010-03-07
1245,1245,98,current,2010-03-07
1246,1246,31,current,2005-06-19
1246,1246,31,current,2005-06-19
1247,1247,82,savings,2024-09-18
1247,1247,82,savings,2024-09-18
1248,1248,59,savings,2013-11-14
1248,1248,59,savings,2013-11-14
1249,1249,3,current,2019-01-20
1249,1249,3,current,2019-01-20
1250,1250,18,current,1997-04-05
1250,1250,18,current,1997-04-05
1251,1251,84,current,1995-07-17
1251,1251,84,current,1995-07-17
1252,1252,21,current,2020-02-27
1252,1252,21,current,2020-02-27
1253,1253,57,savings,2008-05-24
1253,1253,57,savings,2008-05-24
1254,1254,99,current,2002-05-15
1254,1254,99,current,2002-05-15
1255,1255,42,current,2001-06-09
1255,1255,42,current,2001-06-09
1256,1256,62,current,2010-11-25
1256,1256,62,current,2010-11-25
1257,1257,30,savings,2004-12-26
1257,1257,30,savings,2004-12-26
1258,1258,61,current,2010-05-09
1258,1258,61,current,2010-05-09
1259,1259,36,current,1996-07-15
1259,1259,36,current,1996-07-15
1260,1260,55,savings,2004-10-13
1260,1260,55,savings,2004-10-13
1261,1261,4,current,2024-05-04
1261,1261,4,current,2024-05-04
1262,1262,15,current,2024-12-11
1262,1262,15,current,2024-12-11
1263,1263,71,current,2009-06-17
1263,1263,71,current,2009-06-17
1264,1264,96,savings,2013-06-04
1264,1264,96,savings,2013-06-04
1265,1265,97,savings,1995-06-27
1265,1265,97,savings,1995-06-27
1266,1266,57,current,2009-06-09
1266,1266,57,current,2009-06-09
1267,1267,63,current,2006-06-21
1267,1267,63,current,2006-06-21
1268,1268,77,savings,2000-10-21
1268,1268,77,savings,2000-10-21
1269,1269,64,savings,2006-02-28
1269,1269,64,savings,2006-02-28
1270,1270,17,current,2019-11-04
1270,1270,17,current,2019-11-04
1271,1271,53,current,2005-06-01
1271,1271,53,current,2005-06-01
1272,1272,40,current,2023-05-11
1272,1272,40,current,2023-05-11
1273,1273,70,savings,2002-07-01
1273,1273,70,savings,2002-07-01
1274,1274,50,savings,2005-04-19
1274,1274,50,savings,2005-04-19
1275,1275,68,savings,2011-10-15
1275,1275,68,savings,2011-10-15
1276,1276,15,savings,2007-09-18
1276,1276,15,savings,2007-09-18
1277,1277,72,savings,2012-10-14
1277,1277,72,savings,2012-10-14
1278,1278,34,current,2005-12-15
1278,1278,34,current,2005-12-15
1279,1279,30,current,1996-01-13
1279,1279,30,current,1996-01-13
1280,1280,87,current,2007-06-08
1280,1280,87,current,2007-06-08
1281,1281,73,savings,2003-07-05
1281,1281,73,savings,2003-07-05
1282,1282,24,current,2010-08-14
1282,1282,24,current,2010-08-14
1283,1283,8,savings,2019-11-19
1283,1283,8,savings,2019-11-19
1284,1284,57,savings,2000-10-12
1284,1284,57,savings,2000-10-12
1285,1285,70,current,2012-10-12
1285,1285,70,current,2012-10-12
1286,1286,25,current,2016-09-26
1286,1286,25,current,2016-09-26
1287,1287,77,current,1999-10-26
1287,1287,77,current,1999-10-26
1288,1288,34,current,2003-06-03
1288,1288,34,current,2003-06-03
1289,1289,25,current,2001-12-28
1289,1289,25,current,2001-12-28
1290,1290,18,savings,2008-05-06
1290,1290,18,savings,2008-05-06
1291,1291,73,savings,2020-04-20
1291,1291,73,savings,2020-04-20
1292,1292,97,savings,2006-05-01
1292,1292,97,savings,2006-05-01
1293,1293,70,current,1995-03-10
1293,1293,70,current,1995-03-10
1294,1294,14,current,1995-09-16
1294,1294,14,current,1995-09-16
1295,1295,6,current,2006-09-07
1295,1295,6,current,2006-09-07
1296,1296,82,current,2011-11-05
1296,1296,82,current,2011-11-05
1297,1297,90,savings,2005-08-04
1297,1297,90,savings,2005-08-04
1298,1298,36,current,2022-05-28
1298,1298,36,current,2022-05-28
1299,1299,36,current,2020-09-24
1299,1299,36,current,2020-09-24
1300,1300,75,current,2023-10-20
1300,1300,75,current,2023-10-20
1301,1301,18,current,1997-05-11
1301,1301,18,current,1997-05-11
1302,1302,15,current,2010-02-06
1302,1302,15,current,2010-02-06
1303,1303,94,savings,2016-05-11
1303,1303,94,savings,2016-05-11
1304,1304,89,current,2014-01-06
1304,1304,89,current,2014-01-06
1305,1305,16,current,1995-03-26
1305,1305,16,current,1995-03-26
1306,1306,76,current,2012-02-07
1306,1306,76,current,2012-02-07
1307,1307,14,savings,1997-05-03
1307,1307,14,savings,1997-05-03
1308,1308,47,current,2001-03-08
1308,1308,47,current,2001-03-08
1309,1309,54,savings,1995-07-24
1309,1309,54,savings,1995-07-24
1310,1310,58,savings,2024-03-20
1310,1310,58,savings,2024-03-20
1311,1311,77,current,2010-08-25
1311,1311,77,current,2010-08-25
1312,1312,30,current,2022-09-22
1312,1312,30,current,2022-09-22
1313,1313,46,current,1997-11-24
1313,1313,46,current,1997-11-24
1314,1314,16,current,2002-08-22
1314,1314,16,current,2002-08-22
1315,1315,1,savings,2000-12-09
1315,1315,1,savings,2000-12-09
1316,1316,41,savings,2003-08-05
1316,1316,41,savings,2003-08-05
1317,1317,93,savings,2021-06-11
1317,1317,93,savings,2021-06-11
1318,1318,27,savings,2007-02-06
1318,1318,27,savings,2007-02-06
1319,1319,77,current,2013-07-11
1319,1319,77,current,2013-07-11
1320,1320,62,current,2000-10-16
1320,1320,62,current,2000-10-16
1321,1321,81,savings,2017-10-19
1321,1321,81,savings,2017-10-19
1322,1322,28,savings,2013-09-24
1322,1322,28,savings,2013-09-24
1323,1323,20,savings,1998-11-25
1323,1323,20,savings,1998-11-25
1324,1324,55,savings,2006-06-16
1324,1324,55,savings,2006-06-16
1325,1325,51,current,2022-03-17
1325,1325,51,current,2022-03-17
1326,1326,69,savings,1995-11-02
1326,1326,69,savings,1995-11-02
1327,1327,88,savings,2008-08-11
1327,1327,88,savings,2008-08-11
1328,1328,73,savings,2024-05-28
1328,1328,73,savings,2024-05-28
1329,1329,97,savings,2021-05-01
1329,1329,97,savings,2021-05-01
1330,1330,34,current,2023-09-10
1330,1330,34,current,2023-09-10
1331,1331,27,savings,2005-03-13
1331,1331,27,savings,2005-03-13
1332,1332,97,savings,1995-08-05
1332,1332,97,savings,1995-08-05
1333,1333,38,savings,2021-10-11
1333,1333,38,savings,2021-10-11
1334,1334,29,savings,1999-09-14
1334,1334,29,savings,1999-09-14
1335,1335,35,savings,2022-01-08
1335,1335,35,savings,2022-01-08
1336,1336,20,current,2001-07-15
1336,1336,20,current,2001-07-15
1337,1337,19,savings,2016-09-05
1337,1337,19,savings,2016-09-05
1338,1338,5,savings,2007-04-17
1338,1338,5,savings,2007-04-17
1339,1339,25,savings,2022-12-07
1339,1339,25,savings,2022-12-07
1340,1340,93,savings,2009-04-19
1340,1340,93,savings,2009-04-19
1341,1341,26,current,2015-08-13
1341,1341,26,current,2015-08-13
1342,1342,51,current,2012-09-17
1342,1342,51,current,2012-09-17
1343,1343,66,current,2022-08-01
1343,1343,66,current,2022-08-01
1344,1344,61,savings,2011-09-01
1344,1344,61,savings,2011-09-01
1345,1345,15,current,2010-03-20
1345,1345,15,current,2010-03-20
1346,1346,45,savings,2024-05-25
1346,1346,45,savings,2024-05-25
1347,1347,6,current,2003-06-09
1347,1347,6,current,2003-06-09
1348,1348,58,current,2001-08-10
1348,1348,58,current,2001-08-10
1349,1349,1,current,2017-04-01
1349,1349,1,current,2017-04-01
1350,1350,73,current,2020-08-07
1350,1350,73,current,2020-08-07
1351,1351,43,savings,1997-07-01
1351,1351,43,savings,1997-07-01
1352,1352,16,current,2021-07-20
1352,1352,16,current,2021-07-20
1353,1353,14,current,2022-06-21
1353,1353,14,current,2022-06-21
1354,1354,74,savings,2012-10-21
1354,1354,74,savings,2012-10-21
1355,1355,19,current,2018-02-04
1355,1355,19,current,2018-02-04
1356,1356,51,current,2019-02-08
1356,1356,51,current,2019-02-08
1357,1357,8,current,2022-07-26
1357,1357,8,current,2022-07-26
1358,1358,48,savings,2023-07-23
1358,1358,48,savings,2023-07-23
1359,1359,12,savings,2002-09-06
1359,1359,12,savings,2002-09-06
1360,1360,70,current,2024-05-09
1360,1360,70,current,2024-05-09
1361,1361,35,current,2017-12-09
1361,1361,35,current,2017-12-09
1362,1362,70,savings,2007-05-06
1362,1362,70,savings,2007-05-06
1363,1363,6,savings,2006-10-14
1363,1363,6,savings,2006-10-14
1364,1364,99,current,2016-11-22
1364,1364,99,current,2016-11-22
1365,1365,11,savings,2018-07-17
1365,1365,11,savings,2018-07-17
1366,1366,38,current,2001-09-23
1366,1366,38,current,2001-09-23
1367,1367,91,savings,2013-12-19
1367,1367,91,savings,2013-12-19
1368,1368,26,savings,2016-11-05
1368,1368,26,savings,2016-11-05
1369,1369,28,current,2002-04-07
1369,1369,28,current,2002-04-07
1370,1370,72,current,2021-10-21
1370,1370,72,current,2021-10-21
1371,1371,89,current,2020-07-14
1371,1371,89,current,2020-07-14
1372,1372,83,savings,1998-02-22
1372,1372,83,savings,1998-02-22
1373,1373,80,current,2017-12-22
1373,1373,80,current,2017-12-22
1374,1374,50,current,2015-02-15
1374,1374,50,current,2015-02-15
1375,1375,58,savings,2023-11-18
1375,1375,58,savings,2023-11-18
1376,1376,26,savings,1998-11-24
1376,1376,26,savings,1998-11-24
1377,1377,44,current,2023-09-07
1377,1377,44,current,2023-09-07
1378,1378,15,savings,2023-10-13
1378,1378,15,savings,2023-10-13
1379,1379,76,current,2007-10-22
1379,1379,76,current,2007-10-22
1380,1380,24,savings,2009-07-21
1380,1380,24,savings,2009-07-21
1381,1381,77,savings,2022-02-11
1381,1381,77,savings,2022-02-11
1382,1382,59,savings,2005-08-19
1382,1382,59,savings,2005-08-19
1383,1383,57,savings,2023-07-24
1383,1383,57,savings,2023-07-24
1384,1384,17,current,2010-10-06
1384,1384,17,current,2010-10-06
1385,1385,77,savings,2010-11-11
1385,1385,77,savings,2010-11-11
1386,1386,81,current,2010-08-14
1386,1386,81,current,2010-08-14
1387,1387,1,savings,2007-11-27
1387,1387,1,savings,2007-11-27
1388,1388,11,current,2010-03-21
1388,1388,11,current,2010-03-21
1389,1389,20,current,2016-06-25
1389,1389,20,current,2016-06-25
1390,1390,31,savings,2000-03-12
1390,1390,31,savings,2000-03-12
1391,1391,99,current,2007-11-07
1391,1391,99,current,2007-11-07
1392,1392,39,current,1995-09-04
1392,1392,39,current,1995-09-04
1393,1393,63,current,2016-07-01
1393,1393,63,current,2016-07-01
1394,1394,6,current,2019-10-03
1394,1394,6,current,2019-10-03
1395,1395,99,current,1996-05-24
1395,1395,99,current,1996-05-24
1396,1396,28,current,2024-04-20
1396,1396,28,current,2024-04-20
1397,1397,51,savings,2013-03-02
1397,1397,51,savings,2013-03-02
1398,1398,53,current,2007-11-13
1398,1398,53,current,2007-11-13
1399,1399,44,current,2009-04-14
1399,1399,44,current,2009-04-14
1400,1400,65,current,2009-10-09
1400,1400,65,current,2009-10-09
1401,1401,80,savings,2002-04-13
1401,1401,80,savings,2002-04-13
1402,1402,12,savings,2012-09-23
1402,1402,12,savings,2012-09-23
1403,1403,28,savings,2005-01-20
1403,1403,28,savings,2005-01-20
1404,1404,79,current,2018-02-20
1404,1404,79,current,2018-02-20
1405,1405,72,savings,2012-12-27
1405,1405,72,savings,2012-12-27
1406,1406,68,savings,2014-09-18
1406,1406,68,savings,2014-09-18
1407,1407,95,savings,2002-03-27
1407,1407,95,savings,2002-03-27
1408,1408,30,current,2009-05-17
1408,1408,30,current,2009-05-17
1409,1409,35,savings,2004-03-07
1409,1409,35,savings,2004-03-07
1410,1410,6,savings,2021-07-03
1410,1410,6,savings,2021-07-03
1411,1411,85,current,1997-06-21
1411,1411,85,current,1997-06-21
1412,1412,30,current,2001-05-13
1412,1412,30,current,2001-05-13
1413,1413,80,savings,1995-08-07
1413,1413,80,savings,1995-08-07
1414,1414,63,current,2017-03-18
1414,1414,63,current,2017-03-18
1415,1415,8,savings,2012-01-22
1415,1415,8,savings,2012-01-22
1416,1416,91,current,1995-11-04
1416,1416,91,current,1995-11-04
1417,1417,33,savings,2004-08-27
1417,1417,33,savings,2004-08-27
1418,1418,43,current,2018-08-02
1418,1418,43,current,2018-08-02
1419,1419,76,current,1995-06-24
1419,1419,76,current,1995-06-24
1420,1420,43,current,2020-10-21
1420,1420,43,current,2020-10-21
1421,1421,45,savings,2010-01-02
1421,1421,45,savings,2010-01-02
1422,1422,87,savings,2003-11-12
1422,1422,87,savings,2003-11-12
1423,1423,54,savings,2024-04-08
1423,1423,54,savings,2024-04-08
1424,1424,65,current,2016-11-13
1424,1424,65,current,2016-11-13
1425,1425,7,current,2003-04-06
1425,1425,7,current,2003-04-06
1426,1426,36,savings,2002-11-03
1426,1426,36,savings,2002-11-03
1427,1427,25,current,2020-11-26
1427,1427,25,current,2020-11-26
1428,1428,85,savings,2022-03-25
1428,1428,85,savings,2022-03-25
1429,1429,37,savings,2021-01-04
1429,1429,37,savings,2021-01-04
1430,1430,12,savings,2004-11-11
1430,1430,12,savings,2004-11-11
1431,1431,32,current,2000-04-13
1431,1431,32,current,2000-04-13
1432,1432,49,savings,2006-08-18
1432,1432,49,savings,2006-08-18
1433,1433,38,savings,2024-06-02
1433,1433,38,savings,2024-06-02
1434,1434,56,savings,2010-05-02
1434,1434,56,savings,2010-05-02
1435,1435,80,savings,2023-01-22
1435,1435,80,savings,2023-01-22
1436,1436,65,savings,2020-09-26
1436,1436,65,savings,2020-09-26
1437,1437,26,current,2008-05-24
1437,1437,26,current,2008-05-24
1438,1438,57,current,1999-04-11
1438,1438,57,current,1999-04-11
1439,1439,14,savings,2021-03-09
1439,1439,14,savings,2021-03-09
1440,1440,56,savings,2002-02-20
1440,1440,56,savings,2002-02-20
1441,1441,70,savings,2014-04-21
1441,1441,70,savings,2014-04-21
1442,1442,41,savings,1995-07-10
1442,1442,41,savings,1995-07-10
1443,1443,51,current,2004-08-09
1443,1443,51,current,2004-08-09
1444,1444,84,current,1995-06-12
1444,1444,84,current,1995-06-12
1445,1445,67,savings,2014-05-16
1445,1445,67,savings,2014-05-16
1446,1446,12,current,2012-01-27
1446,1446,12,current,2012-01-27
1447,1447,97,current,2010-05-18
1447,1447,97,current,2010-05-18
1448,1448,49,savings,1996-08-11
1448,1448,49,savings,1996-08-11
1449,1449,1,savings,2017-03-28
1449,1449,1,savings,2017-03-28
1450,1450,19,savings,2012-06-15
1450,1450,19,savings,2012-06-15
1451,1451,66,savings,2015-06-20
1451,1451,66,savings,2015-06-20
1452,1452,58,savings,2006-09-10
1452,1452,58,savings,2006-09-10
1453,1453,87,current,2023-04-12
1453,1453,87,current,2023-04-12
1454,1454,72,current,2023-09-23
1454,1454,72,current,2023-09-23
1455,1455,98,current,2010-04-21
1455,1455,98,current,2010-04-21
1456,1456,4,current,1999-03-15
1456,1456,4,current,1999-03-15
1457,1457,8,savings,2024-11-18
1457,1457,8,savings,2024-11-18
1458,1458,27,current,2001-05-18
1458,1458,27,current,2001-05-18
1459,1459,26,savings,2007-12-21
1459,1459,26,savings,2007-12-21
1460,1460,97,current,2016-03-08
1460,1460,97,current,2016-03-08
1461,1461,43,savings,2009-06-19
1461,1461,43,savings,2009-06-19
1462,1462,40,current,1999-06-19
1462,1462,40,current,1999-06-19
1463,1463,50,current,2013-09-20
1463,1463,50,current,2013-09-20
1464,1464,67,current,2017-07-19
1464,1464,67,current,2017-07-19
1465,1465,73,savings,2001-02-18
1465,1465,73,savings,2001-02-18
1466,1466,74,savings,2015-09-04
1466,1466,74,savings,2015-09-04
1467,1467,29,current,2009-01-01
1467,1467,29,current,2009-01-01
1468,1468,85,savings,1995-05-09
1468,1468,85,savings,1995-05-09
1469,1469,42,current,2014-05-10
1469,1469,42,current,2014-05-10
1470,1470,18,current,2011-07-23
1470,1470,18,current,2011-07-23
1471,1471,81,savings,2004-08-14
1471,1471,81,savings,2004-08-14
1472,1472,21,savings,2006-07-22
1472,1472,21,savings,2006-07-22
1473,1473,67,current,1999-06-04
1473,1473,67,current,1999-06-04
1474,1474,62,current,2018-05-08
1474,1474,62,current,2018-05-08
1475,1475,27,current,2012-01-12
1475,1475,27,current,2012-01-12
1476,1476,96,current,2005-06-21
1476,1476,96,current,2005-06-21
1477,1477,93,current,2022-08-07
1477,1477,93,current,2022-08-07
1478,1478,47,current,2022-10-08
1478,1478,47,current,2022-10-08
1479,1479,93,current,1999-05-19
1479,1479,93,current,1999-05-19
1480,1480,26,savings,2014-06-25
1480,1480,26,savings,2014-06-25
1481,1481,9,savings,2016-03-27
1481,1481,9,savings,2016-03-27
1482,1482,91,savings,2019-08-13
1482,1482,91,savings,2019-08-13
1483,1483,12,savings,2001-09-27
1483,1483,12,savings,2001-09-27
1484,1484,16,savings,2006-02-09
1484,1484,16,savings,2006-02-09
1485,1485,47,savings,1996-07-07
1485,1485,47,savings,1996-07-07
1486,1486,56,savings,2017-12-15
1486,1486,56,savings,2017-12-15
1487,1487,66,current,2007-10-23
1487,1487,66,current,2007-10-23
1488,1488,51,current,2018-10-18
1488,1488,51,current,2018-10-18
1489,1489,27,savings,2020-07-06
1489,1489,27,savings,2020-07-06
1490,1490,73,current,2004-02-10
1490,1490,73,current,2004-02-10
1491,1491,66,savings,1997-01-19
1491,1491,66,savings,1997-01-19
1492,1492,62,savings,2013-11-07
1492,1492,62,savings,2013-11-07
1493,1493,71,savings,2015-11-09
1493,1493,71,savings,2015-11-09
1494,1494,8,savings,2004-10-24
1494,1494,8,savings,2004-10-24
1495,1495,38,current,2022-12-12
1495,1495,38,current,2022-12-12
1496,1496,6,savings,1998-09-16
1496,1496,6,savings,1998-09-16
1497,1497,59,savings,1997-10-12
1497,1497,59,savings,1997-10-12
1498,1498,19,savings,2024-10-24
1498,1498,19,savings,2024-10-24
1499,1499,79,current,2003-06-09
1499,1499,79,current,2003-06-09
1500,1500,56,current,2001-01-02
1500,1500,56,current,2001-01-02
1501,1501,28,savings,2022-09-07
1501,1501,28,savings,2022-09-07
1502,1502,94,current,2008-12-01
1502,1502,94,current,2008-12-01
1503,1503,91,savings,2009-02-07
1503,1503,91,savings,2009-02-07
1504,1504,10,current,2022-07-01
1504,1504,10,current,2022-07-01
1505,1505,45,savings,2023-03-20
1505,1505,45,savings,2023-03-20
1506,1506,95,savings,2024-12-03
1506,1506,95,savings,2024-12-03
1507,1507,65,savings,2009-07-13
1507,1507,65,savings,2009-07-13
1508,1508,50,current,1999-10-22
1508,1508,50,current,1999-10-22
1509,1509,32,current,2018-11-02
1509,1509,32,current,2018-11-02
1510,1510,61,savings,2005-07-04
1510,1510,61,savings,2005-07-04
1511,1511,16,current,2003-02-25
1511,1511,16,current,2003-02-25
1512,1512,6,current,2017-05-07
1512,1512,6,current,2017-05-07
1513,1513,66,savings,2013-12-16
1513,1513,66,savings,2013-12-16
1514,1514,62,savings,2007-05-08
1514,1514,62,savings,2007-05-08
1515,1515,66,current,2024-12-11
1515,1515,66,current,2024-12-11
1516,1516,67,savings,2021-09-17
1516,1516,67,savings,2021-09-17
1517,1517,19,current,2017-03-10
1517,1517,19,current,2017-03-10
1518,1518,4,savings,2011-03-01
1518,1518,4,savings,2011-03-01
1519,1519,43,savings,2002-01-05
1519,1519,43,savings,2002-01-05
1520,1520,18,savings,2023-05-12
1520,1520,18,savings,2023-05-12
1521,1521,82,savings,2014-01-11
1521,1521,82,savings,2014-01-11
1522,1522,46,savings,2012-05-08
1522,1522,46,savings,2012-05-08
1523,1523,46,savings,2006-10-25
1523,1523,46,savings,2006-10-25
1524,1524,85,savings,2005-09-16
1524,1524,85,savings,2005-09-16
1525,1525,21,savings,2020-10-16
1525,1525,21,savings,2020-10-16
1526,1526,30,current,2010-01-08
1526,1526,30,current,2010-01-08
1527,1527,64,current,2021-06-16
1527,1527,64,current,2021-06-16
1528,1528,41,current,2001-06-18
1528,1528,41,current,2001-06-18
1529,1529,17,current,2015-09-13
1529,1529,17,current,2015-09-13
1530,1530,5,current,2010-03-13
1530,1530,5,current,2010-03-13
1531,1531,5,current,2011-11-17
1531,1531,5,current,2011-11-17
1532,1532,73,current,2021-12-04
1532,1532,73,current,2021-12-04
1533,1533,75,current,2012-12-06
1533,1533,75,current,2012-12-06
1534,1534,48,current,2023-07-01
1534,1534,48,current,2023-07-01
1535,1535,78,savings,2006-05-05
1535,1535,78,savings,2006-05-05
1536,1536,38,current,2003-11-06
1536,1536,38,current,2003-11-06
1537,1537,6,current,2018-05-02
1537,1537,6,current,2018-05-02
1538,1538,58,savings,2022-02-18
1538,1538,58,savings,2022-02-18
1539,1539,14,current,2010-10-06
1539,1539,14,current,2010-10-06
1540,1540,72,savings,2023-07-22
1540,1540,72,savings,2023-07-22
1541,1541,94,savings,2008-08-01
1541,1541,94,savings,2008-08-01
1542,1542,59,current,2020-02-03
1542,1542,59,current,2020-02-03
1543,1543,65,current,2024-01-20
1543,1543,65,current,2024-01-20
1544,1544,89,savings,2007-05-21
1544,1544,89,savings,2007-05-21
1545,1545,13,current,1997-11-26
1545,1545,13,current,1997-11-26
1546,1546,27,current,1999-09-11
1546,1546,27,current,1999-09-11
1547,1547,25,current,2016-05-24
1547,1547,25,current,2016-05-24
1548,1548,56,current,2003-05-24
1548,1548,56,current,2003-05-24
1549,1549,68,savings,2003-04-14
1549,1549,68,savings,2003-04-14
1550,1550,59,savings,2004-11-20
1550,1550,59,savings,2004-11-20
1551,1551,95,current,2006-05-04
1551,1551,95,current,2006-05-04
1552,1552,49,current,2004-05-13
1552,1552,49,current,2004-05-13
1553,1553,18,current,2006-11-14
1553,1553,18,current,2006-11-14
1554,1554,81,savings,2017-03-14
1554,1554,81,savings,2017-03-14
1555,1555,75,current,1997-11-03
1555,1555,75,current,1997-11-03
1556,1556,76,current,2004-09-03
1556,1556,76,current,2004-09-03
1557,1557,3,savings,2021-02-20
1557,1557,3,savings,2021-02-20
1558,1558,79,savings,2011-03-12
1558,1558,79,savings,2011-03-12
1559,1559,57,current,1997-01-22
1559,1559,57,current,1997-01-22
1560,1560,6,savings,2019-03-08
1560,1560,6,savings,2019-03-08
1561,1561,69,current,2019-12-13
1561,1561,69,current,2019-12-13
1562,1562,31,savings,2017-03-02
1562,1562,31,savings,2017-03-02
1563,1563,8,savings,2020-02-08
1563,1563,8,savings,2020-02-08
1564,1564,10,savings,2011-02-16
1564,1564,10,savings,2011-02-16
1565,1565,3,savings,1999-11-11
1565,1565,3,savings,1999-11-11
1566,1566,12,savings,2006-02-19
1566,1566,12,savings,2006-02-19
1567,1567,92,savings,2014-10-21
1567,1567,92,savings,2014-10-21
1568,1568,76,current,2024-05-09
1568,1568,76,current,2024-05-09
1569,1569,94,current,2008-04-19
1569,1569,94,current,2008-04-19
1570,1570,19,savings,2004-06-18
1570,1570,19,savings,2004-06-18
1571,1571,21,savings,2005-06-12
1571,1571,21,savings,2005-06-12
1572,1572,81,current,2000-01-03
1572,1572,81,current,2000-01-03
1573,1573,14,current,2013-10-28
1573,1573,14,current,2013-10-28
1574,1574,75,savings,2007-01-06
1574,1574,75,savings,2007-01-06
1575,1575,29,savings,2020-06-02
1575,1575,29,savings,2020-06-02
1576,1576,7,current,2014-02-15
1576,1576,7,current,2014-02-15
1577,1577,49,savings,2011-01-16
1577,1577,49,savings,2011-01-16
1578,1578,65,current,2005-10-24
1578,1578,65,current,2005-10-24
1579,1579,7,savings,2021-08-02
1579,1579,7,savings,2021-08-02
1580,1580,14,savings,2018-04-10
1580,1580,14,savings,2018-04-10
1581,1581,16,savings,2022-02-07
1581,1581,16,savings,2022-02-07
1582,1582,99,savings,2010-01-25
1582,1582,99,savings,2010-01-25
1583,1583,16,current,1996-11-13
1583,1583,16,current,1996-11-13
1584,1584,85,current,2015-09-28
1584,1584,85,current,2015-09-28
1585,1585,13,current,2023-08-25
1585,1585,13,current,2023-08-25
1586,1586,82,current,2011-05-09
1586,1586,82,current,2011-05-09
1587,1587,29,current,2002-04-24
1587,1587,29,current,2002-04-24
1588,1588,85,current,1996-04-06
1588,1588,85,current,1996-04-06
1589,1589,73,savings,2021-10-07
1589,1589,73,savings,2021-10-07
1590,1590,95,savings,2023-08-06
1590,1590,95,savings,2023-08-06
1591,1591,61,current,2010-10-17
1591,1591,61,current,2010-10-17
1592,1592,37,savings,2001-05-22
1592,1592,37,savings,2001-05-22
1593,1593,17,current,1995-08-28
1593,1593,17,current,1995-08-28
1594,1594,31,current,1997-04-19
1594,1594,31,current,1997-04-19
1595,1595,59,savings,2008-10-04
1595,1595,59,savings,2008-10-04
1596,1596,88,current,2018-08-01
1596,1596,88,current,2018-08-01
1597,1597,47,savings,2007-03-04
1597,1597,47,savings,2007-03-04
1598,1598,6,current,2019-06-19
1598,1598,6,current,2019-06-19
1599,1599,32,current,2012-04-23
1599,1599,32,current,2012-04-23
1600,1600,31,current,2007-12-19
1600,1600,31,current,2007-12-19
1601,1601,18,savings,2020-08-11
1601,1601,18,savings,2020-08-11
1602,1602,9,savings,2017-07-18
1602,1602,9,savings,2017-07-18
1603,1603,3,savings,2002-05-06
1603,1603,3,savings,2002-05-06
1604,1604,71,savings,2015-12-07
1604,1604,71,savings,2015-12-07
1605,1605,26,current,2005-08-04
1605,1605,26,current,2005-08-04
1606,1606,13,savings,2018-01-02
1606,1606,13,savings,2018-01-02
1607,1607,34,savings,2020-11-15
1607,1607,34,savings,2020-11-15
1608,1608,43,savings,1995-08-09
1608,1608,43,savings,1995-08-09
1609,1609,93,savings,2013-08-13
1609,1609,93,savings,2013-08-13
1610,1610,33,current,1999-08-15
1610,1610,33,current,1999-08-15
1611,1611,69,savings,2011-12-01
1611,1611,69,savings,2011-12-01
1612,1612,36,current,2022-04-25
1612,1612,36,current,2022-04-25
1613,1613,79,savings,2024-09-10
1613,1613,79,savings,2024-09-10
1614,1614,74,savings,2019-10-10
1614,1614,74,savings,2019-10-10
1615,1615,68,savings,2023-09-10
1615,1615,68,savings,2023-09-10
1616,1616,47,savings,2015-07-02
1616,1616,47,savings,2015-07-02
1617,1617,61,savings,2011-07-26
1617,1617,61,savings,2011-07-26
1618,1618,45,savings,2002-03-02
1618,1618,45,savings,2002-03-02
1619,1619,96,savings,2003-12-09
1619,1619,96,savings,2003-12-09
1620,1620,88,savings,2023-12-13
1620,1620,88,savings,2023-12-13
1621,1621,84,savings,2009-04-12
1621,1621,84,savings,2009-04-12
1622,1622,48,current,2015-12-18
1622,1622,48,current,2015-12-18
1623,1623,41,savings,2009-03-24
1623,1623,41,savings,2009-03-24
1624,1624,38,savings,2002-02-12
1624,1624,38,savings,2002-02-12
1625,1625,68,savings,2001-08-05
1625,1625,68,savings,2001-08-05
1626,1626,75,current,2021-10-24
1626,1626,75,current,2021-10-24
1627,1627,11,current,1996-05-09
1627,1627,11,current,1996-05-09
1628,1628,16,savings,1997-10-20
1628,1628,16,savings,1997-10-20
1629,1629,65,savings,2005-05-07
1629,1629,65,savings,2005-05-07
1630,1630,97,current,2019-01-04
1630,1630,97,current,2019-01-04
1631,1631,71,current,1997-06-10
1631,1631,71,current,1997-06-10
1632,1632,67,savings,2010-01-13
1632,1632,67,savings,2010-01-13
1633,1633,71,current,2016-08-12
1633,1633,71,current,2016-08-12
1634,1634,1,savings,2009-04-28
1634,1634,1,savings,2009-04-28
1635,1635,97,current,2004-01-13
1635,1635,97,current,2004-01-13
1636,1636,71,savings,2006-03-28
1636,1636,71,savings,2006-03-28
1637,1637,4,savings,2002-09-26
1637,1637,4,savings,2002-09-26
1638,1638,82,savings,1997-10-12
1638,1638,82,savings,1997-10-12
1639,1639,37,savings,2013-01-15
1639,1639,37,savings,2013-01-15
1640,1640,14,savings,2017-04-24
1640,1640,14,savings,2017-04-24
1641,1641,79,current,2007-04-12
1641,1641,79,current,2007-04-12
1642,1642,25,savings,2012-12-16
1642,1642,25,savings,2012-12-16
1643,1643,82,current,2009-04-02
1643,1643,82,current,2009-04-02
1644,1644,4,current,2012-10-06
1644,1644,4,current,2012-10-06
1645,1645,66,current,2002-11-21
1645,1645,66,current,2002-11-21
1646,1646,43,current,1996-09-18
1646,1646,43,current,1996-09-18
1647,1647,26,savings,2020-12-21
1647,1647,26,savings,2020-12-21
1648,1648,84,current,2004-11-26
1648,1648,84,current,2004-11-26
1649,1649,15,current,2020-09-28
1649,1649,15,current,2020-09-28
1650,1650,6,current,2006-04-09
1650,1650,6,current,2006-04-09
1651,1651,37,savings,1998-07-05
1651,1651,37,savings,1998-07-05
1652,1652,43,savings,2015-10-07
1652,1652,43,savings,2015-10-07
1653,1653,42,current,2018-05-20
1653,1653,42,current,2018-05-20
1654,1654,13,current,1998-12-07
1654,1654,13,current,1998-12-07
1655,1655,16,savings,2001-10-02
1655,1655,16,savings,2001-10-02
1656,1656,42,current,2022-01-20
1656,1656,42,current,2022-01-20
1657,1657,38,savings,2004-01-28
1657,1657,38,savings,2004-01-28
1658,1658,66,current,2020-01-12
1658,1658,66,current,2020-01-12
1659,1659,65,current,2001-12-13
1659,1659,65,current,2001-12-13
1660,1660,5,savings,2018-05-26
1660,1660,5,savings,2018-05-26
1661,1661,30,savings,2001-11-14
1661,1661,30,savings,2001-11-14
1662,1662,95,current,1997-06-16
1662,1662,95,current,1997-06-16
1663,1663,43,savings,2012-03-25
1663,1663,43,savings,2012-03-25
1664,1664,32,current,1998-05-20
1664,1664,32,current,1998-05-20
1665,1665,67,savings,2022-11-26
1665,1665,67,savings,2022-11-26
1666,1666,67,savings,1997-03-08
1666,1666,67,savings,1997-03-08
1667,1667,42,savings,2019-03-20
1667,1667,42,savings,2019-03-20
1668,1668,5,current,2015-06-07
1668,1668,5,current,2015-06-07
1669,1669,99,current,2014-06-24
1669,1669,99,current,2014-06-24
1670,1670,86,current,2018-10-21
1670,1670,86,current,2018-10-21
1671,1671,96,savings,2007-05-16
1671,1671,96,savings,2007-05-16
1672,1672,59,current,1995-03-14
1672,1672,59,current,1995-03-14
1673,1673,23,savings,2021-12-10
1673,1673,23,savings,2021-12-10
1674,1674,8,savings,1996-02-24
1674,1674,8,savings,1996-02-24
1675,1675,68,savings,2016-11-09
1675,1675,68,savings,2016-11-09
1676,1676,70,savings,2024-06-19
1676,1676,70,savings,2024-06-19
1677,1677,91,current,2008-11-13
1677,1677,91,current,2008-11-13
1678,1678,19,current,1999-05-05
1678,1678,19,current,1999-05-05
1679,1679,44,current,2016-08-17
1679,1679,44,current,2016-08-17
1680,1680,93,savings,2016-06-17
1680,1680,93,savings,2016-06-17
1681,1681,38,current,1996-01-14
1681,1681,38,current,1996-01-14
1682,1682,44,savings,2023-06-27
1682,1682,44,savings,2023-06-27
1683,1683,6,current,1998-02-28
1683,1683,6,current,1998-02-28
1684,1684,3,current,2010-01-10
1684,1684,3,current,2010-01-10
1685,1685,96,current,2019-11-04
1685,1685,96,current,2019-11-04
1686,1686,80,current,2020-10-09
1686,1686,80,current,2020-10-09
1687,1687,33,current,2009-07-16
1687,1687,33,current,2009-07-16
1688,1688,66,current,2024-09-03
1688,1688,66,current,2024-09-03
1689,1689,58,savings,2001-01-09
1689,1689,58,savings,2001-01-09
1690,1690,26,savings,2022-11-09
1690,1690,26,savings,2022-11-09
1691,1691,99,savings,2000-12-14
1691,1691,99,savings,2000-12-14
1692,1692,28,current,2007-03-10
1692,1692,28,current,2007-03-10
1693,1693,43,savings,2005-03-03
1693,1693,43,savings,2005-03-03
1694,1694,75,current,2015-01-21
1694,1694,75,current,2015-01-21
1695,1695,88,savings,1997-04-02
1695,1695,88,savings,1997-04-02
1696,1696,16,current,2003-06-24
1696,1696,16,current,2003-06-24
1697,1697,89,current,2004-02-13
1697,1697,89,current,2004-02-13
1698,1698,23,savings,2024-04-09
1698,1698,23,savings,2024-04-09
1699,1699,59,current,2016-07-27
1699,1699,59,current,2016-07-27
1700,1700,35,current,2014-12-01
1700,1700,35,current,2014-12-01
1701,1701,89,savings,2011-02-14
1701,1701,89,savings,2011-02-14
1702,1702,41,savings,2001-08-25
1702,1702,41,savings,2001-08-25
1703,1703,97,savings,2013-10-18
1703,1703,97,savings,2013-10-18
1704,1704,22,savings,1995-12-28
1704,1704,22,savings,1995-12-28
1705,1705,74,savings,2001-03-16
1705,1705,74,savings,2001-03-16
1706,1706,1,current,2013-09-09
1706,1706,1,current,2013-09-09
1707,1707,46,current,2017-04-21
1707,1707,46,current,2017-04-21
1708,1708,22,savings,2015-02-05
1708,1708,22,savings,2015-02-05
1709,1709,32,current,2019-05-03
1709,1709,32,current,2019-05-03
1710,1710,87,savings,2014-07-21
1710,1710,87,savings,2014-07-21
1711,1711,30,current,2010-07-20
1711,1711,30,current,2010-07-20
1712,1712,87,current,2015-06-05
1712,1712,87,current,2015-06-05
1713,1713,43,current,2015-09-10
1713,1713,43,current,2015-09-10
1714,1714,12,savings,2001-06-20
1714,1714,12,savings,2001-06-20
1715,1715,83,current,2011-11-24
1715,1715,83,current,2011-11-24
1716,1716,71,savings,2019-10-12
1716,1716,71,savings,2019-10-12
1717,1717,27,savings,2023-08-01
1717,1717,27,savings,2023-08-01
1718,1718,26,savings,2017-11-16
1718,1718,26,savings,2017-11-16
1719,1719,18,current,2003-03-19
1719,1719,18,current,2003-03-19
1720,1720,92,current,2006-08-25
1720,1720,92,current,2006-08-25
1721,1721,75,current,2019-04-25
1721,1721,75,current,2019-04-25
1722,1722,66,savings,2016-06-12
1722,1722,66,savings,2016-06-12
1723,1723,81,savings,2006-08-05
1723,1723,81,savings,2006-08-05
1724,1724,61,savings,2005-04-26
1724,1724,61,savings,2005-04-26
1725,1725,46,savings,2009-08-03
1725,1725,46,savings,2009-08-03
1726,1726,29,savings,2005-11-24
1726,1726,29,savings,2005-11-24
1727,1727,32,savings,2013-06-24
1727,1727,32,savings,2013-06-24
1728,1728,15,current,2019-09-06
1728,1728,15,current,2019-09-06
1729,1729,60,savings,2009-09-26
1729,1729,60,savings,2009-09-26
1730,1730,82,current,2009-08-01
1730,1730,82,current,2009-08-01
1731,1731,28,savings,2020-01-02
1731,1731,28,savings,2020-01-02
1732,1732,27,savings,2002-07-04
1732,1732,27,savings,2002-07-04
1733,1733,41,current,1997-06-15
1733,1733,41,current,1997-06-15
1734,1734,47,current,2006-12-05
1734,1734,47,current,2006-12-05
1735,1735,33,current,2022-03-22
1735,1735,33,current,2022-03-22
1736,1736,44,current,2015-02-26
1736,1736,44,current,2015-02-26
1737,1737,50,current,2024-08-25
1737,1737,50,current,2024-08-25
1738,1738,10,current,2018-09-10
1738,1738,10,current,2018-09-10
1739,1739,24,current,2007-02-26
1739,1739,24,current,2007-02-26
1740,1740,34,savings,1996-05-28
1740,1740,34,savings,1996-05-28
1741,1741,91,savings,2016-03-06
1741,1741,91,savings,2016-03-06
1742,1742,20,savings,2012-01-25
1742,1742,20,savings,2012-01-25
1743,1743,25,savings,1997-05-13
1743,1743,25,savings,1997-05-13
1744,1744,55,current,2011-02-27
1744,1744,55,current,2011-02-27
1745,1745,90,current,2005-06-02
1745,1745,90,current,2005-06-02
1746,1746,43,savings,2000-10-09
1746,1746,43,savings,2000-10-09
1747,1747,53,current,1995-04-22
1747,1747,53,current,1995-04-22
1748,1748,85,savings,2017-11-23
1748,1748,85,savings,2017-11-23
1749,1749,50,current,2013-07-20
1749,1749,50,current,2013-07-20
1750,1750,55,savings,2002-08-10
1750,1750,55,savings,2002-08-10
1751,1751,13,savings,2000-09-07
1751,1751,13,savings,2000-09-07
1752,1752,49,savings,2022-10-05
1752,1752,49,savings,2022-10-05
1753,1753,97,current,2002-12-01
1753,1753,97,current,2002-12-01
1754,1754,10,savings,2004-11-14
1754,1754,10,savings,2004-11-14
1755,1755,92,savings,2007-10-27
1755,1755,92,savings,2007-10-27
1756,1756,97,savings,2005-04-12
1756,1756,97,savings,2005-04-12
1757,1757,11,current,1999-01-20
1757,1757,11,current,1999-01-20
1758,1758,78,savings,2004-08-12
1758,1758,78,savings,2004-08-12
1759,1759,84,current,2002-02-24
1759,1759,84,current,2002-02-24
1760,1760,20,current,1996-02-20
1760,1760,20,current,1996-02-20
1761,1761,72,savings,2005-12-05
1761,1761,72,savings,2005-12-05
1762,1762,79,current,2020-04-12
1762,1762,79,current,2020-04-12
1763,1763,97,current,2006-08-24
1763,1763,97,current,2006-08-24
1764,1764,83,current,2012-04-03
1764,1764,83,current,2012-04-03
1765,1765,48,current,2004-09-06
1765,1765,48,current,2004-09-06
1766,1766,76,savings,2017-11-21
1766,1766,76,savings,2017-11-21
1767,1767,17,current,2016-03-27
1767,1767,17,current,2016-03-27
1768,1768,33,savings,2001-05-16
1768,1768,33,savings,2001-05-16
1769,1769,20,current,2022-05-09
1769,1769,20,current,2022-05-09
1770,1770,46,current,2012-08-21
1770,1770,46,current,2012-08-21
1771,1771,31,savings,1999-09-16
1771,1771,31,savings,1999-09-16
1772,1772,51,current,2010-07-13
1772,1772,51,current,2010-07-13
1773,1773,83,current,2017-06-04
1773,1773,83,current,2017-06-04
1774,1774,19,savings,2009-12-05
1774,1774,19,savings,2009-12-05
1775,1775,62,current,2011-05-20
1775,1775,62,current,2011-05-20
1776,1776,44,savings,2019-06-15
1776,1776,44,savings,2019-06-15
1777,1777,77,savings,2023-09-05
1777,1777,77,savings,2023-09-05
1778,1778,38,current,2014-04-20
1778,1778,38,current,2014-04-20
1779,1779,49,savings,1996-08-23
1779,1779,49,savings,1996-08-23
1780,1780,65,current,2024-12-05
1780,1780,65,current,2024-12-05
1781,1781,11,current,2013-04-12
1781,1781,11,current,2013-04-12
1782,1782,27,savings,2020-12-27
1782,1782,27,savings,2020-12-27
1783,1783,58,current,2020-05-11
1783,1783,58,current,2020-05-11
1784,1784,64,savings,2020-07-11
1784,1784,64,savings,2020-07-11
1785,1785,65,current,2010-03-09
1785,1785,65,current,2010-03-09
1786,1786,15,savings,2001-11-23
1786,1786,15,savings,2001-11-23
1787,1787,82,savings,2005-10-21
1787,1787,82,savings,2005-10-21
1788,1788,89,savings,2022-05-07
1788,1788,89,savings,2022-05-07
1789,1789,1,savings,2022-09-06
1789,1789,1,savings,2022-09-06
1790,1790,19,savings,2001-09-02
1790,1790,19,savings,2001-09-02
1791,1791,56,savings,1997-03-20
1791,1791,56,savings,1997-03-20
1792,1792,64,current,2023-07-10
1792,1792,64,current,2023-07-10
1793,1793,34,current,2005-09-02
1793,1793,34,current,2005-09-02
1794,1794,64,current,2004-05-13
1794,1794,64,current,2004-05-13
1795,1795,10,current,2022-05-18
1795,1795,10,current,2022-05-18
1796,1796,76,savings,1998-11-03
1796,1796,76,savings,1998-11-03
1797,1797,60,savings,2012-01-04
1797,1797,60,savings,2012-01-04
1798,1798,39,savings,2019-12-08
1798,1798,39,savings,2019-12-08
1799,1799,66,savings,2001-05-02
1799,1799,66,savings,2001-05-02
1800,1800,32,current,2011-05-05
1800,1800,32,current,2011-05-05
1801,1801,51,savings,2023-11-04
1801,1801,51,savings,2023-11-04
1802,1802,26,savings,2024-08-26
1802,1802,26,savings,2024-08-26
1803,1803,57,savings,1995-06-20
1803,1803,57,savings,1995-06-20
1804,1804,84,current,2008-03-08
1804,1804,84,current,2008-03-08
1805,1805,60,current,2016-08-11
1805,1805,60,current,2016-08-11
1806,1806,55,current,2018-06-21
1806,1806,55,current,2018-06-21
1807,1807,6,current,2016-07-03
1807,1807,6,current,2016-07-03
1808,1808,7,savings,2016-12-02
1808,1808,7,savings,2016-12-02
1809,1809,66,current,2021-10-01
1809,1809,66,current,2021-10-01
1810,1810,81,current,2024-07-11
1810,1810,81,current,2024-07-11
1811,1811,26,savings,2004-08-15
1811,1811,26,savings,2004-08-15
1812,1812,95,current,2020-04-06
1812,1812,95,current,2020-04-06
1813,1813,98,current,2020-08-17
1813,1813,98,current,2020-08-17
1814,1814,82,savings,2023-12-18
1814,1814,82,savings,2023-12-18
1815,1815,78,current,2006-03-27
1815,1815,78,current,2006-03-27
1816,1816,5,current,2006-09-09
1816,1816,5,current,2006-09-09
1817,1817,87,current,2016-06-27
1817,1817,87,current,2016-06-27
1818,1818,1,current,2023-03-27
1818,1818,1,current,2023-03-27
1819,1819,84,savings,2007-11-27
1819,1819,84,savings,2007-11-27
1820,1820,2,savings,2014-08-26
1820,1820,2,savings,2014-08-26
1821,1821,65,current,2016-07-06
1821,1821,65,current,2016-07-06
1822,1822,10,savings,2007-10-12
1822,1822,10,savings,2007-10-12
1823,1823,50,savings,1997-04-10
1823,1823,50,savings,1997-04-10
1824,1824,51,current,2012-03-14
1824,1824,51,current,2012-03-14
1825,1825,69,current,2020-06-25
1825,1825,69,current,2020-06-25
1826,1826,41,savings,2014-03-09
1826,1826,41,savings,2014-03-09
1827,1827,58,savings,2009-08-04
1827,1827,58,savings,2009-08-04
1828,1828,77,current,2001-10-04
1828,1828,77,current,2001-10-04
1829,1829,68,savings,2013-11-27
1829,1829,68,savings,2013-11-27
1830,1830,24,savings,2015-02-18
1830,1830,24,savings,2015-02-18
1831,1831,91,current,2013-06-27
1831,1831,91,current,2013-06-27
1832,1832,56,current,2018-04-17
1832,1832,56,current,2018-04-17
1833,1833,36,current,1995-01-25
1833,1833,36,current,1995-01-25
1834,1834,2,current,2004-02-11
1834,1834,2,current,2004-02-11
1835,1835,96,savings,2003-07-25
1835,1835,96,savings,2003-07-25
1836,1836,56,current,1997-12-19
1836,1836,56,current,1997-12-19
1837,1837,81,savings,2005-09-02
1837,1837,81,savings,2005-09-02
1838,1838,12,savings,2008-06-21
1838,1838,12,savings,2008-06-21
1839,1839,12,current,1996-05-03
1839,1839,12,current,1996-05-03
1840,1840,85,savings,1995-07-01
1840,1840,85,savings,1995-07-01
1841,1841,72,current,2011-11-07
1841,1841,72,current,2011-11-07
1842,1842,22,current,2008-07-21
1842,1842,22,current,2008-07-21
1843,1843,74,savings,2022-10-06
1843,1843,74,savings,2022-10-06
1844,1844,84,savings,2007-05-12
1844,1844,84,savings,2007-05-12
1845,1845,62,savings,1997-11-26
1845,1845,62,savings,1997-11-26
1846,1846,64,current,2021-10-20
1846,1846,64,current,2021-10-20
1847,1847,28,current,2015-11-10
1847,1847,28,current,2015-11-10
1848,1848,89,current,1997-08-22
1848,1848,89,current,1997-08-22
1849,1849,28,savings,2008-07-14
1849,1849,28,savings,2008-07-14
1850,1850,4,current,2015-08-18
1850,1850,4,current,2015-08-18
1851,1851,45,current,2003-02-17
1851,1851,45,current,2003-02-17
1852,1852,90,savings,1995-12-23
1852,1852,90,savings,1995-12-23
1853,1853,13,savings,2015-03-23
1853,1853,13,savings,2015-03-23
1854,1854,83,current,2000-12-14
1854,1854,83,current,2000-12-14
1855,1855,98,current,2002-02-01
1855,1855,98,current,2002-02-01
1856,1856,80,current,2005-12-10
1856,1856,80,current,2005-12-10
1857,1857,4,savings,2005-09-24
1857,1857,4,savings,2005-09-24
1858,1858,61,current,1995-11-23
1858,1858,61,current,1995-11-23
1859,1859,84,current,2015-12-18
1859,1859,84,current,2015-12-18
1860,1860,26,savings,1997-02-18
1860,1860,26,savings,1997-02-18
1861,1861,94,current,2021-06-17
1861,1861,94,current,2021-06-17
1862,1862,6,current,2004-11-28
1862,1862,6,current,2004-11-28
1863,1863,77,current,2010-06-05
1863,1863,77,current,2010-06-05
1864,1864,56,savings,2013-08-05
1864,1864,56,savings,2013-08-05
1865,1865,81,savings,1998-10-09
1865,1865,81,savings,1998-10-09
1866,1866,27,savings,2006-06-16
1866,1866,27,savings,2006-06-16
1867,1867,35,savings,2001-07-15
1867,1867,35,savings,2001-07-15
1868,1868,97,current,2003-02-14
1868,1868,97,current,2003-02-14
1869,1869,82,savings,2004-09-20
1869,1869,82,savings,2004-09-20
1870,1870,58,savings,2019-06-15
1870,1870,58,savings,2019-06-15
1871,1871,84,savings,2015-12-21
1871,1871,84,savings,2015-12-21
1872,1872,63,savings,2010-02-13
1872,1872,63,savings,2010-02-13
1873,1873,33,current,1998-07-06
1873,1873,33,current,1998-07-06
1874,1874,95,savings,1998-08-22
1874,1874,95,savings,1998-08-22
1875,1875,83,current,2019-05-02
1875,1875,83,current,2019-05-02
1876,1876,97,savings,2007-08-10
1876,1876,97,savings,2007-08-10
1877,1877,81,current,1998-12-27
1877,1877,81,current,1998-12-27
1878,1878,33,savings,2018-10-17
1878,1878,33,savings,2018-10-17
1879,1879,69,savings,2008-10-06
1879,1879,69,savings,2008-10-06
1880,1880,40,savings,2007-07-19
1880,1880,40,savings,2007-07-19
1881,1881,47,current,1999-12-24
1881,1881,47,current,1999-12-24
1882,1882,45,savings,2002-11-02
1882,1882,45,savings,2002-11-02
1883,1883,27,current,1995-04-01
1883,1883,27,current,1995-04-01
1884,1884,7,current,2021-12-19
1884,1884,7,current,2021-12-19
1885,1885,58,current,2013-06-16
1885,1885,58,current,2013-06-16
1886,1886,14,savings,2023-02-18
1886,1886,14,savings,2023-02-18
1887,1887,4,savings,2001-01-12
1887,1887,4,savings,2001-01-12
1888,1888,82,savings,2000-04-19
1888,1888,82,savings,2000-04-19
1889,1889,34,savings,1997-09-27
1889,1889,34,savings,1997-09-27
1890,1890,80,savings,2013-11-28
1890,1890,80,savings,2013-11-28
1891,1891,91,current,2000-12-02
1891,1891,91,current,2000-12-02
1892,1892,38,savings,2022-08-25
1892,1892,38,savings,2022-08-25
1893,1893,20,savings,2018-11-03
1893,1893,20,savings,2018-11-03
1894,1894,46,savings,2001-02-09
1894,1894,46,savings,2001-02-09
1895,1895,19,current,2008-08-14
1895,1895,19,current,2008-08-14
1896,1896,1,savings,1997-01-03
1896,1896,1,savings,1997-01-03
1897,1897,23,savings,2005-05-23
1897,1897,23,savings,2005-05-23
1898,1898,62,savings,2012-06-11
1898,1898,62,savings,2012-06-11
1899,1899,73,savings,2015-02-05
1899,1899,73,savings,2015-02-05
1900,1900,28,current,2003-07-15
1900,1900,28,current,2003-07-15
1901,1901,84,current,2014-01-12
1901,1901,84,current,2014-01-12
1902,1902,80,savings,2015-05-13
1902,1902,80,savings,2015-05-13
1903,1903,77,current,2003-10-11
1903,1903,77,current,2003-10-11
1904,1904,33,current,2024-07-23
1904,1904,33,current,2024-07-23
1905,1905,3,current,2002-06-07
1905,1905,3,current,2002-06-07
1906,1906,79,savings,2006-04-08
1906,1906,79,savings,2006-04-08
1907,1907,16,current,1995-06-27
1907,1907,16,current,1995-06-27
1908,1908,30,savings,2003-11-23
1908,1908,30,savings,2003-11-23
1909,1909,25,savings,2012-12-22
1909,1909,25,savings,2012-12-22
1910,1910,78,current,2004-03-15
1910,1910,78,current,2004-03-15
1911,1911,1,current,2021-08-19
1911,1911,1,current,2021-08-19
1912,1912,33,current,2002-05-11
1912,1912,33,current,2002-05-11
1913,1913,37,savings,2000-07-21
1913,1913,37,savings,2000-07-21
1914,1914,29,current,2007-03-17
1914,1914,29,current,2007-03-17
1915,1915,37,savings,2014-07-24
1915,1915,37,savings,2014-07-24
1916,1916,61,current,1996-12-22
1916,1916,61,current,1996-12-22
1917,1917,8,current,2022-08-21
1917,1917,8,current,2022-08-21
1918,1918,1,current,2020-03-18
1918,1918,1,current,2020-03-18
1919,1919,63,savings,2000-04-10
1919,1919,63,savings,2000-04-10
1920,1920,88,current,2020-10-19
1920,1920,88,current,2020-10-19
1921,1921,65,savings,2012-05-11
1921,1921,65,savings,2012-05-11
1922,1922,46,current,2012-02-18
1922,1922,46,current,2012-02-18
1923,1923,43,savings,1997-04-21
1923,1923,43,savings,1997-04-21
1924,1924,10,current,2024-01-27
1924,1924,10,current,2024-01-27
1925,1925,82,current,2011-04-15
1925,1925,82,current,2011-04-15
1926,1926,85,current,1998-04-24
1926,1926,85,current,1998-04-24
1927,1927,10,current,2022-11-01
1927,1927,10,current,2022-11-01
1928,1928,62,current,2007-06-23
1928,1928,62,current,2007-06-23
1929,1929,86,current,2020-01-15
1929,1929,86,current,2020-01-15
1930,1930,51,savings,2002-12-08
1930,1930,51,savings,2002-12-08
1931,1931,45,current,2020-05-02
1931,1931,45,current,2020-05-02
1932,1932,73,current,2000-12-21
1932,1932,73,current,2000-12-21
1933,1933,73,savings,2004-01-05
1933,1933,73,savings,2004-01-05
1934,1934,45,savings,2002-08-14
1934,1934,45,savings,2002-08-14
1935,1935,85,current,2011-04-22
1935,1935,85,current,2011-04-22
1936,1936,58,savings,2007-01-20
1936,1936,58,savings,2007-01-20
1937,1937,95,savings,2017-10-11
1937,1937,95,savings,2017-10-11
1938,1938,66,current,2004-05-02
1938,1938,66,current,2004-05-02
1939,1939,24,savings,2002-01-19
1939,1939,24,savings,2002-01-19
1940,1940,97,current,2014-07-15
1940,1940,97,current,2014-07-15
1941,1941,75,savings,1996-03-07
1941,1941,75,savings,1996-03-07
1942,1942,65,savings,2022-06-10
1942,1942,65,savings,2022-06-10
1943,1943,55,savings,2021-12-26
1943,1943,55,savings,2021-12-26
1944,1944,51,current,2022-07-04
1944,1944,51,current,2022-07-04
1945,1945,72,current,2006-12-12
1945,1945,72,current,2006-12-12
1946,1946,73,current,2004-05-15
1946,1946,73,current,2004-05-15
1947,1947,21,current,2001-05-06
1947,1947,21,current,2001-05-06
1948,1948,47,current,2007-02-08
1948,1948,47,current,2007-02-08
1949,1949,22,current,2000-08-20
1949,1949,22,current,2000-08-20
1950,1950,29,savings,2015-11-01
1950,1950,29,savings,2015-11-01
1951,1951,40,savings,2015-06-27
1951,1951,40,savings,2015-06-27
1952,1952,3,current,2022-03-27
1952,1952,3,current,2022-03-27
1953,1953,49,savings,2015-06-07
1953,1953,49,savings,2015-06-07
1954,1954,25,current,2013-06-18
1954,1954,25,current,2013-06-18
1955,1955,82,current,2023-07-13
1955,1955,82,current,2023-07-13
1956,1956,11,savings,2015-06-05
1956,1956,11,savings,2015-06-05
1957,1957,94,savings,2006-02-21
1957,1957,94,savings,2006-02-21
1958,1958,89,current,2011-08-23
1958,1958,89,current,2011-08-23
1959,1959,75,current,2022-07-20
1959,1959,75,current,2022-07-20
1960,1960,98,savings,2002-11-10
1960,1960,98,savings,2002-11-10
1961,1961,88,savings,2010-03-16
1961,1961,88,savings,2010-03-16
1962,1962,48,savings,2022-09-16
1962,1962,48,savings,2022-09-16
1963,1963,32,current,2004-04-04
1963,1963,32,current,2004-04-04
1964,1964,3,current,2014-08-23
1964,1964,3,current,2014-08-23
1965,1965,45,current,2011-02-21
1965,1965,45,current,2011-02-21
1966,1966,89,current,2001-12-24
1966,1966,89,current,2001-12-24
1967,1967,20,current,1995-12-23
1967,1967,20,current,1995-12-23
1968,1968,20,savings,2009-02-06
1968,1968,20,savings,2009-02-06
1969,1969,51,current,2014-11-07
1969,1969,51,current,2014-11-07
1970,1970,81,current,2012-12-16
1970,1970,81,current,2012-12-16
1971,1971,20,current,1997-01-01
1971,1971,20,current,1997-01-01
1972,1972,82,savings,2006-09-16
1972,1972,82,savings,2006-09-16
1973,1973,14,current,1997-02-24
1973,1973,14,current,1997-02-24
1974,1974,98,savings,1995-09-02
1974,1974,98,savings,1995-09-02
1975,1975,80,current,2007-11-15
1975,1975,80,current,2007-11-15
1976,1976,32,current,2004-06-11
1976,1976,32,current,2004-06-11
1977,1977,72,savings,2007-04-16
1977,1977,72,savings,2007-04-16
1978,1978,42,savings,2020-02-26
1978,1978,42,savings,2020-02-26
1979,1979,80,current,1997-04-01
1979,1979,80,current,1997-04-01
1980,1980,39,savings,1996-04-03
1980,1980,39,savings,1996-04-03
1981,1981,38,savings,2024-04-05
1981,1981,38,savings,2024-04-05
1982,1982,64,savings,2021-11-01
1982,1982,64,savings,2021-11-01
1983,1983,4,current,1996-07-07
1983,1983,4,current,1996-07-07
1984,1984,99,current,2010-10-10
1984,1984,99,current,2010-10-10
1985,1985,92,current,1997-10-21
1985,1985,92,current,1997-10-21
1986,1986,63,current,2011-11-24
1986,1986,63,current,2011-11-24
1987,1987,61,savings,2012-11-25
1987,1987,61,savings,2012-11-25
1988,1988,78,current,2023-11-09
1988,1988,78,current,2023-11-09
1989,1989,5,savings,2023-07-02
1989,1989,5,savings,2023-07-02
1990,1990,66,current,2008-07-12
1990,1990,66,current,2008-07-12
1991,1991,45,current,1997-11-23
1991,1991,45,current,1997-11-23
1992,1992,50,savings,2015-05-04
1992,1992,50,savings,2015-05-04
1993,1993,88,current,1995-01-13
1993,1993,88,current,1995-01-13
1994,1994,3,current,2018-03-18
1994,1994,3,current,2018-03-18
1995,1995,23,current,2021-05-26
1995,1995,23,current,2021-05-26
1996,1996,11,savings,1995-06-11
1996,1996,11,savings,1995-06-11
1997,1997,38,current,2016-06-18
1997,1997,38,current,2016-06-18
1998,1998,56,savings,2024-10-10
1998,1998,56,savings,2024-10-10
1999,1999,35,savings,2018-05-15
1999,1999,35,savings,2018-05-15
2000,2000,65,current,1995-09-24
2000,2000,65,current,1995-09-24
2001,2001,6,current,2015-11-04
2001,2001,6,current,2015-11-04
2002,2002,70,current,2003-12-08
2002,2002,70,current,2003-12-08
2003,2003,40,current,1997-11-16
2003,2003,40,current,1997-11-16
2004,2004,90,savings,2009-12-16
2004,2004,90,savings,2009-12-16
2005,2005,35,savings,2024-12-13
2005,2005,35,savings,2024-12-13
2006,2006,13,current,2011-09-19
2006,2006,13,current,2011-09-19
2007,2007,25,current,2016-05-02
2007,2007,25,current,2016-05-02
2008,2008,86,current,2003-09-10
2008,2008,86,current,2003-09-10
2009,2009,81,savings,2012-09-24
2009,2009,81,savings,2012-09-24
2010,2010,78,current,2005-10-07
2010,2010,78,current,2005-10-07
2011,2011,67,current,2023-10-23
2011,2011,67,current,2023-10-23
2012,2012,68,current,2012-08-16
2012,2012,68,current,2012-08-16
2013,2013,99,savings,2024-12-22
2013,2013,99,savings,2024-12-22
2014,2014,47,savings,2017-12-08
2014,2014,47,savings,2017-12-08
2015,2015,55,current,2016-11-08
2015,2015,55,current,2016-11-08
2016,2016,92,savings,2019-07-05
2016,2016,92,savings,2019-07-05
2017,2017,43,current,2014-01-23
2017,2017,43,current,2014-01-23
2018,2018,2,current,2011-01-05
2018,2018,2,current,2011-01-05
2019,2019,45,savings,2009-05-22
2019,2019,45,savings,2009-05-22
2020,2020,48,current,2017-06-27
2020,2020,48,current,2017-06-27
2021,2021,62,savings,2000-02-07
2021,2021,62,savings,2000-02-07
2022,2022,38,savings,2006-06-25
2022,2022,38,savings,2006-06-25
2023,2023,47,current,2023-08-27
2023,2023,47,current,2023-08-27
2024,2024,4,current,1996-09-11
2024,2024,4,current,1996-09-11
2025,2025,60,current,1998-03-13
2025,2025,60,current,1998-03-13
2026,2026,49,current,2019-03-12
2026,2026,49,current,2019-03-12
2027,2027,76,current,1996-12-16
2027,2027,76,current,1996-12-16
2028,2028,34,savings,2024-07-22
2028,2028,34,savings,2024-07-22
2029,2029,44,savings,1999-04-16
2029,2029,44,savings,1999-04-16
2030,2030,94,savings,2000-08-04
2030,2030,94,savings,2000-08-04
2031,2031,85,savings,1996-12-12
2031,2031,85,savings,1996-12-12
2032,2032,56,savings,2002-07-24
2032,2032,56,savings,2002-07-24
2033,2033,92,current,2021-07-01
2033,2033,92,current,2021-07-01
2034,2034,42,savings,2011-01-25
2034,2034,42,savings,2011-01-25
2035,2035,50,current,1996-11-05
2035,2035,50,current,1996-11-05
2036,2036,69,current,2024-10-03
2036,2036,69,current,2024-10-03
2037,2037,33,savings,2008-10-16
2037,2037,33,savings,2008-10-16
2038,2038,98,savings,2015-01-23
2038,2038,98,savings,2015-01-23
2039,2039,96,savings,2004-10-02
2039,2039,96,savings,2004-10-02
2040,2040,91,current,2003-02-24
2040,2040,91,current,2003-02-24
2041,2041,67,current,1995-02-16
2041,2041,67,current,1995-02-16
2042,2042,42,current,2005-01-01
2042,2042,42,current,2005-01-01
2043,2043,44,savings,2009-05-14
2043,2043,44,savings,2009-05-14
2044,2044,68,current,2008-10-01
2044,2044,68,current,2008-10-01
2045,2045,57,current,1998-08-22
2045,2045,57,current,1998-08-22
2046,2046,36,savings,2020-01-02
2046,2046,36,savings,2020-01-02
2047,2047,41,current,2005-04-01
2047,2047,41,current,2005-04-01
2048,2048,56,current,2011-10-09
2048,2048,56,current,2011-10-09
2049,2049,3,savings,2011-12-01
2049,2049,3,savings,2011-12-01
2050,2050,56,current,2024-11-13
2050,2050,56,current,2024-11-13
2051,2051,56,savings,1996-12-25
2051,2051,56,savings,1996-12-25
2052,2052,65,savings,2018-01-15
2052,2052,65,savings,2018-01-15
2053,2053,39,current,2020-12-18
2053,2053,39,current,2020-12-18
2054,2054,40,current,2017-12-14
2054,2054,40,current,2017-12-14
2055,2055,39,savings,1999-01-01
2055,2055,39,savings,1999-01-01
2056,2056,27,current,1998-04-15
2056,2056,27,current,1998-04-15
2057,2057,67,current,2021-10-23
2057,2057,67,current,2021-10-23
2058,2058,94,savings,2003-06-02
2058,2058,94,savings,2003-06-02
2059,2059,65,savings,2017-10-12
2059,2059,65,savings,2017-10-12
2060,2060,74,savings,1999-11-01
2060,2060,74,savings,1999-11-01
2061,2061,3,savings,1999-01-07
2061,2061,3,savings,1999-01-07
2062,2062,3,savings,2014-05-19
2062,2062,3,savings,2014-05-19
2063,2063,37,savings,2014-11-05
2063,2063,37,savings,2014-11-05
2064,2064,98,current,2002-05-02
2064,2064,98,current,2002-05-02
2065,2065,20,current,2024-09-22
2065,2065,20,current,2024-09-22
2066,2066,11,savings,2005-08-14
2066,2066,11,savings,2005-08-14
2067,2067,83,savings,2001-04-11
2067,2067,83,savings,2001-04-11
2068,2068,91,savings,2014-04-10
2068,2068,91,savings,2014-04-10
2069,2069,24,savings,2009-04-19
2069,2069,24,savings,2009-04-19
2070,2070,70,savings,1998-11-22
2070,2070,70,savings,1998-11-22
2071,2071,65,current,2006-01-08
2071,2071,65,current,2006-01-08
2072,2072,83,savings,2017-03-13
2072,2072,83,savings,2017-03-13
2073,2073,74,current,2007-03-04
2073,2073,74,current,2007-03-04
2074,2074,32,savings,1996-12-13
2074,2074,32,savings,1996-12-13
2075,2075,62,current,2016-09-16
2075,2075,62,current,2016-09-16
2076,2076,55,current,2018-04-26
2076,2076,55,current,2018-04-26
2077,2077,36,savings,1996-07-25
2077,2077,36,savings,1996-07-25
2078,2078,66,savings,1997-02-01
2078,2078,66,savings,1997-02-01
2079,2079,37,savings,2023-03-27
2079,2079,37,savings,2023-03-27
2080,2080,14,current,2000-02-07
2080,2080,14,current,2000-02-07
2081,2081,46,savings,1999-10-09
2081,2081,46,savings,1999-10-09
2082,2082,77,savings,2015-06-19
2082,2082,77,savings,2015-06-19
2083,2083,56,current,2009-03-14
2083,2083,56,current,2009-03-14
2084,2084,50,current,2023-07-22
2084,2084,50,current,2023-07-22
2085,2085,61,savings,2014-12-06
2085,2085,61,savings,2014-12-06
2086,2086,17,savings,2006-04-13
2086,2086,17,savings,2006-04-13
2087,2087,27,savings,1998-12-09
2087,2087,27,savings,1998-12-09
2088,2088,54,savings,2001-11-08
2088,2088,54,savings,2001-11-08
2089,2089,29,savings,2023-07-08
2089,2089,29,savings,2023-07-08
2090,2090,13,savings,2005-02-08
2090,2090,13,savings,2005-02-08
2091,2091,49,savings,2003-05-11
2091,2091,49,savings,2003-05-11
2092,2092,25,current,2007-05-04
2092,2092,25,current,2007-05-04
2093,2093,88,current,2017-07-01
2093,2093,88,current,2017-07-01
2094,2094,23,current,2020-02-01
2094,2094,23,current,2020-02-01
2095,2095,26,current,2023-03-10
2095,2095,26,current,2023-03-10
2096,2096,48,savings,2021-06-05
2096,2096,48,savings,2021-06-05
2097,2097,36,savings,2005-08-26
2097,2097,36,savings,2005-08-26
2098,2098,6,current,2011-07-13
2098,2098,6,current,2011-07-13
2099,2099,80,current,2004-12-21
2099,2099,80,current,2004-12-21
2100,2100,74,savings,2002-08-13
2100,2100,74,savings,2002-08-13
2101,2101,39,savings,2013-03-03
2101,2101,39,savings,2013-03-03
2102,2102,57,current,1997-04-06
2102,2102,57,current,1997-04-06
2103,2103,91,current,2012-12-08
2103,2103,91,current,2012-12-08
2104,2104,66,current,2022-06-14
2104,2104,66,current,2022-06-14
2105,2105,10,current,2024-04-03
2105,2105,10,current,2024-04-03
2106,2106,72,savings,2015-01-17
2106,2106,72,savings,2015-01-17
2107,2107,9,savings,2017-07-09
2107,2107,9,savings,2017-07-09
2108,2108,77,savings,2005-08-28
2108,2108,77,savings,2005-08-28
2109,2109,72,current,2013-04-19
2109,2109,72,current,2013-04-19
2110,2110,27,savings,2009-06-15
2110,2110,27,savings,2009-06-15
2111,2111,46,current,2011-09-18
2111,2111,46,current,2011-09-18
2112,2112,63,savings,1996-09-28
2112,2112,63,savings,1996-09-28
2113,2113,42,current,2022-12-09
2113,2113,42,current,2022-12-09
2114,2114,85,current,2012-07-16
2114,2114,85,current,2012-07-16
2115,2115,41,savings,2018-07-06
2115,2115,41,savings,2018-07-06
2116,2116,34,savings,2021-01-14
2116,2116,34,savings,2021-01-14
2117,2117,93,savings,2020-11-27
2117,2117,93,savings,2020-11-27
2118,2118,30,current,2019-01-11
2118,2118,30,current,2019-01-11
2119,2119,44,current,2014-01-11
2119,2119,44,current,2014-01-11
2120,2120,80,current,1998-08-12
2120,2120,80,current,1998-08-12
2121,2121,1,savings,2023-05-21
2121,2121,1,savings,2023-05-21
2122,2122,45,current,2017-04-11
2122,2122,45,current,2017-04-11
2123,2123,47,savings,2001-02-10
2123,2123,47,savings,2001-02-10
2124,2124,93,current,2002-01-14
2124,2124,93,current,2002-01-14
2125,2125,30,savings,2007-04-18
2125,2125,30,savings,2007-04-18
2126,2126,22,current,2008-12-06
2126,2126,22,current,2008-12-06
2127,2127,15,savings,2011-11-20
2127,2127,15,savings,2011-11-20
2128,2128,84,savings,2019-12-07
2128,2128,84,savings,2019-12-07
2129,2129,38,current,2013-03-07
2129,2129,38,current,2013-03-07
2130,2130,23,current,2022-10-18
2130,2130,23,current,2022-10-18
2131,2131,31,current,1999-08-26
2131,2131,31,current,1999-08-26
2132,2132,57,current,2022-10-09
2132,2132,57,current,2022-10-09
2133,2133,81,savings,1995-11-04
2133,2133,81,savings,1995-11-04
2134,2134,35,current,2005-07-15
2134,2134,35,current,2005-07-15
2135,2135,66,savings,2002-07-25
2135,2135,66,savings,2002-07-25
2136,2136,53,current,2024-12-03
2136,2136,53,current,2024-12-03
2137,2137,31,current,2006-08-21
2137,2137,31,current,2006-08-21
2138,2138,26,savings,2020-12-06
2138,2138,26,savings,2020-12-06
2139,2139,31,current,2022-05-16
2139,2139,31,current,2022-05-16
2140,2140,72,current,2003-01-10
2140,2140,72,current,2003-01-10
2141,2141,80,current,2000-12-21
2141,2141,80,current,2000-12-21
2142,2142,12,current,2002-10-27
2142,2142,12,current,2002-10-27
2143,2143,53,current,2006-05-02
2143,2143,53,current,2006-05-02
2144,2144,56,current,2014-04-19
2144,2144,56,current,2014-04-19
2145,2145,83,savings,2012-09-22
2145,2145,83,savings,2012-09-22
2146,2146,62,savings,2009-06-22
2146,2146,62,savings,2009-06-22
2147,2147,44,current,2006-08-25
2147,2147,44,current,2006-08-25
2148,2148,58,savings,2023-02-03
2148,2148,58,savings,2023-02-03
2149,2149,77,current,2000-07-26
2149,2149,77,current,2000-07-26
2150,2150,65,current,1996-08-24
2150,2150,65,current,1996-08-24
2151,2151,13,current,2010-12-05
2151,2151,13,current,2010-12-05
2152,2152,61,savings,1999-03-16
2152,2152,61,savings,1999-03-16
2153,2153,68,savings,2003-10-10
2153,2153,68,savings,2003-10-10
2154,2154,51,current,2013-05-19
2154,2154,51,current,2013-05-19
2155,2155,62,current,2000-09-15
2155,2155,62,current,2000-09-15
2156,2156,48,current,1995-08-01
2156,2156,48,current,1995-08-01
2157,2157,95,savings,2000-01-23
2157,2157,95,savings,2000-01-23
2158,2158,63,savings,2006-07-24
2158,2158,63,savings,2006-07-24
2159,2159,72,current,1999-12-18
2159,2159,72,current,1999-12-18
2160,2160,91,current,1995-11-26
2160,2160,91,current,1995-11-26
2161,2161,72,current,2018-04-05
2161,2161,72,current,2018-04-05
2162,2162,51,current,2023-07-10
2162,2162,51,current,2023-07-10
2163,2163,24,savings,1999-07-23
2163,2163,24,savings,1999-07-23
2164,2164,86,savings,2007-02-02
2164,2164,86,savings,2007-02-02
2165,2165,40,savings,2000-08-08
2165,2165,40,savings,2000-08-08
2166,2166,29,savings,2018-02-10
2166,2166,29,savings,2018-02-10
2167,2167,73,current,1996-05-22
2167,2167,73,current,1996-05-22
2168,2168,17,savings,1998-09-11
2168,2168,17,savings,1998-09-11
2169,2169,1,current,2002-12-14
2169,2169,1,current,2002-12-14
2170,2170,96,savings,2021-10-16
2170,2170,96,savings,2021-10-16
2171,2171,84,savings,2001-03-13
2171,2171,84,savings,2001-03-13
2172,2172,1,savings,1995-12-07
2172,2172,1,savings,1995-12-07
2173,2173,25,current,1998-09-28
2173,2173,25,current,1998-09-28
2174,2174,41,savings,1997-08-07
2174,2174,41,savings,1997-08-07
2175,2175,91,savings,2005-05-11
2175,2175,91,savings,2005-05-11
2176,2176,23,savings,2022-01-08
2176,2176,23,savings,2022-01-08
2177,2177,18,savings,2015-12-07
2177,2177,18,savings,2015-12-07
2178,2178,95,savings,2012-03-05
2178,2178,95,savings,2012-03-05
2179,2179,28,savings,2002-09-01
2179,2179,28,savings,2002-09-01
2180,2180,85,current,2002-10-28
2180,2180,85,current,2002-10-28
2181,2181,12,current,2013-10-24
2181,2181,12,current,2013-10-24
2182,2182,88,current,2008-06-03
2182,2182,88,current,2008-06-03
2183,2183,49,current,2016-12-26
2183,2183,49,current,2016-12-26
2184,2184,97,savings,2003-07-12
2184,2184,97,savings,2003-07-12
2185,2185,81,current,2006-10-04
2185,2185,81,current,2006-10-04
2186,2186,97,current,2002-03-26
2186,2186,97,current,2002-03-26
2187,2187,16,current,2008-01-10
2187,2187,16,current,2008-01-10
2188,2188,27,savings,2001-02-06
2188,2188,27,savings,2001-02-06
2189,2189,53,savings,2007-01-26
2189,2189,53,savings,2007-01-26
2190,2190,92,savings,2016-05-09
2190,2190,92,savings,2016-05-09
2191,2191,36,current,2022-10-23
2191,2191,36,current,2022-10-23
2192,2192,7,current,2014-01-05
2192,2192,7,current,2014-01-05
2193,2193,34,savings,2015-10-06
2193,2193,34,savings,2015-10-06
2194,2194,65,savings,2023-03-18
2194,2194,65,savings,2023-03-18
2195,2195,4,current,2008-08-03
2195,2195,4,current,2008-08-03
2196,2196,26,current,2000-11-12
2196,2196,26,current,2000-11-12
2197,2197,20,savings,2007-11-18
2197,2197,20,savings,2007-11-18
2198,2198,51,savings,2013-10-12
2198,2198,51,savings,2013-10-12
2199,2199,77,current,2017-12-09
2199,2199,77,current,2017-12-09
2200,2200,99,savings,2014-09-15
2200,2200,99,savings,2014-09-15
2201,2201,10,savings,1999-02-26
2201,2201,10,savings,1999-02-26
2202,2202,8,savings,2018-08-21
2202,2202,8,savings,2018-08-21
2203,2203,18,savings,1995-04-24
2203,2203,18,savings,1995-04-24
2204,2204,17,savings,2004-12-17
2204,2204,17,savings,2004-12-17
2205,2205,69,current,2001-06-07
2205,2205,69,current,2001-06-07
2206,2206,30,current,2019-11-08
2206,2206,30,current,2019-11-08
2207,2207,95,savings,2020-04-18
2207,2207,95,savings,2020-04-18
2208,2208,39,current,1999-07-11
2208,2208,39,current,1999-07-11
2209,2209,61,current,2008-08-24
2209,2209,61,current,2008-08-24
2210,2210,24,savings,2020-12-18
2210,2210,24,savings,2020-12-18
2211,2211,81,savings,1998-12-01
2211,2211,81,savings,1998-12-01
2212,2212,98,current,2008-07-18
2212,2212,98,current,2008-07-18
2213,2213,35,current,2024-08-05
2213,2213,35,current,2024-08-05
2214,2214,79,current,2015-08-08
2214,2214,79,current,2015-08-08
2215,2215,61,savings,1997-08-08
2215,2215,61,savings,1997-08-08
2216,2216,75,savings,2022-03-05
2216,2216,75,savings,2022-03-05
2217,2217,98,current,2015-01-18
2217,2217,98,current,2015-01-18
2218,2218,72,savings,1996-12-28
2218,2218,72,savings,1996-12-28
2219,2219,15,current,2019-05-12
2219,2219,15,current,2019-05-12
2220,2220,36,savings,2012-05-01
2220,2220,36,savings,2012-05-01
2221,2221,55,savings,1998-12-01
2221,2221,55,savings,1998-12-01
2222,2222,37,savings,2022-06-14
2222,2222,37,savings,2022-06-14
2223,2223,87,current,2007-07-22
2223,2223,87,current,2007-07-22
2224,2224,62,savings,2005-08-12
2224,2224,62,savings,2005-08-12
2225,2225,64,savings,2010-08-01
2225,2225,64,savings,2010-08-01
2226,2226,39,savings,2014-12-01
2226,2226,39,savings,2014-12-01
2227,2227,90,savings,2004-11-24
2227,2227,90,savings,2004-11-24
2228,2228,98,savings,2004-11-28
2228,2228,98,savings,2004-11-28
2229,2229,75,current,2008-02-06
2229,2229,75,current,2008-02-06
2230,2230,12,savings,1996-06-28
2230,2230,12,savings,1996-06-28
2231,2231,72,savings,2003-03-24
2231,2231,72,savings,2003-03-24
2232,2232,8,current,2010-06-27
2232,2232,8,current,2010-06-27
2233,2233,41,savings,1995-05-20
2233,2233,41,savings,1995-05-20
2234,2234,69,savings,2009-09-28
2234,2234,69,savings,2009-09-28
2235,2235,74,savings,1997-08-18
2235,2235,74,savings,1997-08-18
2236,2236,3,savings,1998-03-12
2236,2236,3,savings,1998-03-12
2237,2237,43,current,2023-12-26
2237,2237,43,current,2023-12-26
2238,2238,37,savings,1999-01-02
2238,2238,37,savings,1999-01-02
2239,2239,86,savings,2015-03-21
2239,2239,86,savings,2015-03-21
2240,2240,57,savings,2008-01-02
2240,2240,57,savings,2008-01-02
2241,2241,25,savings,2001-08-06
2241,2241,25,savings,2001-08-06
2242,2242,4,current,2018-06-23
2242,2242,4,current,2018-06-23
2243,2243,58,savings,2001-06-09
2243,2243,58,savings,2001-06-09
2244,2244,37,savings,2024-09-24
2244,2244,37,savings,2024-09-24
2245,2245,8,current,2003-06-17
2245,2245,8,current,2003-06-17
2246,2246,94,savings,2001-02-16
2246,2246,94,savings,2001-02-16
2247,2247,9,current,2023-01-07
2247,2247,9,current,2023-01-07
2248,2248,79,savings,2001-03-21
2248,2248,79,savings,2001-03-21
2249,2249,1,current,2000-05-19
2249,2249,1,current,2000-05-19
2250,2250,13,current,1998-09-06
2250,2250,13,current,1998-09-06
2251,2251,68,current,2023-11-12
2251,2251,68,current,2023-11-12
2252,2252,16,current,2019-07-08
2252,2252,16,current,2019-07-08
2253,2253,44,savings,1995-01-12
2253,2253,44,savings,1995-01-12
2254,2254,65,savings,2003-04-23
2254,2254,65,savings,2003-04-23
2255,2255,14,current,1995-07-12
2255,2255,14,current,1995-07-12
2256,2256,91,current,2017-02-13
2256,2256,91,current,2017-02-13
2257,2257,26,current,2019-03-14
2257,2257,26,current,2019-03-14
2258,2258,32,savings,2006-10-08
2258,2258,32,savings,2006-10-08
2259,2259,2,current,2014-06-17
2259,2259,2,current,2014-06-17
2260,2260,16,savings,1996-07-20
2260,2260,16,savings,1996-07-20
2261,2261,92,savings,2020-01-06
2261,2261,92,savings,2020-01-06
2262,2262,49,current,2009-10-19
2262,2262,49,current,2009-10-19
2263,2263,90,current,1998-08-12
2263,2263,90,current,1998-08-12
2264,2264,75,savings,2001-07-22
2264,2264,75,savings,2001-07-22
2265,2265,23,current,2007-03-12
2265,2265,23,current,2007-03-12
2266,2266,94,current,2017-02-21
2266,2266,94,current,2017-02-21
2267,2267,60,savings,2022-05-03
2267,2267,60,savings,2022-05-03
2268,2268,95,current,2011-11-23
2268,2268,95,current,2011-11-23
2269,2269,66,current,2009-03-01
2269,2269,66,current,2009-03-01
2270,2270,20,savings,1998-10-14
2270,2270,20,savings,1998-10-14
2271,2271,93,current,2006-07-27
2271,2271,93,current,2006-07-27
2272,2272,74,current,2020-07-25
2272,2272,74,current,2020-07-25
2273,2273,18,savings,2022-04-22
2273,2273,18,savings,2022-04-22
2274,2274,59,current,2010-08-18
2274,2274,59,current,2010-08-18
2275,2275,31,savings,1998-12-11
2275,2275,31,savings,1998-12-11
2276,2276,4,current,1997-12-23
2276,2276,4,current,1997-12-23
2277,2277,27,savings,1997-11-26
2277,2277,27,savings,1997-11-26
2278,2278,18,savings,2020-11-22
2278,2278,18,savings,2020-11-22
2279,2279,63,current,2021-09-21
2279,2279,63,current,2021-09-21
2280,2280,95,savings,2017-11-26
2280,2280,95,savings,2017-11-26
2281,2281,71,current,2003-08-11
2281,2281,71,current,2003-08-11
2282,2282,19,savings,2008-09-02
2282,2282,19,savings,2008-09-02
2283,2283,39,current,2018-04-08
2283,2283,39,current,2018-04-08
2284,2284,66,savings,2016-09-18
2284,2284,66,savings,2016-09-18
2285,2285,78,savings,1999-12-03
2285,2285,78,savings,1999-12-03
2286,2286,46,current,2020-04-15
2286,2286,46,current,2020-04-15
2287,2287,92,current,2009-08-26
2287,2287,92,current,2009-08-26
2288,2288,38,savings,1996-05-18
2288,2288,38,savings,1996-05-18
2289,2289,67,savings,2002-02-13
2289,2289,67,savings,2002-02-13
2290,2290,29,savings,2005-12-23
2290,2290,29,savings,2005-12-23
2291,2291,91,savings,2018-07-15
2291,2291,91,savings,2018-07-15
2292,2292,57,savings,2004-06-18
2292,2292,57,savings,2004-06-18
2293,2293,48,savings,2005-08-03
2293,2293,48,savings,2005-08-03
2294,2294,52,savings,2010-08-05
2294,2294,52,savings,2010-08-05
2295,2295,48,savings,2001-04-09
2295,2295,48,savings,2001-04-09
2296,2296,61,current,2008-08-19
2296,2296,61,current,2008-08-19
2297,2297,67,current,1998-11-06
2297,2297,67,current,1998-11-06
2298,2298,48,current,2000-10-11
2298,2298,48,current,2000-10-11
2299,2299,94,current,2014-01-14
2299,2299,94,current,2014-01-14
2300,2300,82,savings,2000-04-13
2300,2300,82,savings,2000-04-13
2301,2301,8,savings,2008-01-03
2301,2301,8,savings,2008-01-03
2302,2302,74,current,1998-10-01
2302,2302,74,current,1998-10-01
2303,2303,86,savings,2000-05-16
2303,2303,86,savings,2000-05-16
2304,2304,88,savings,2000-02-17
2304,2304,88,savings,2000-02-17
2305,2305,67,current,1996-10-17
2305,2305,67,current,1996-10-17
2306,2306,14,current,1999-03-12
2306,2306,14,current,1999-03-12
2307,2307,47,current,2022-07-20
2307,2307,47,current,2022-07-20
2308,2308,24,savings,2011-05-02
2308,2308,24,savings,2011-05-02
2309,2309,91,savings,2015-05-11
2309,2309,91,savings,2015-05-11
2310,2310,62,current,2014-03-25
2310,2310,62,current,2014-03-25
2311,2311,58,current,2003-02-22
2311,2311,58,current,2003-02-22
2312,2312,34,current,2008-05-06
2312,2312,34,current,2008-05-06
2313,2313,31,current,2023-05-01
2313,2313,31,current,2023-05-01
2314,2314,48,savings,2022-12-18
2314,2314,48,savings,2022-12-18
2315,2315,91,current,2018-10-28
2315,2315,91,current,2018-10-28
2316,2316,45,savings,2015-03-09
2316,2316,45,savings,2015-03-09
2317,2317,29,current,2012-06-11
2317,2317,29,current,2012-06-11
2318,2318,29,savings,2003-11-11
2318,2318,29,savings,2003-11-11
2319,2319,63,savings,2010-01-14
2319,2319,63,savings,2010-01-14
2320,2320,48,current,2003-11-17
2320,2320,48,current,2003-11-17
2321,2321,12,savings,2008-10-01
2321,2321,12,savings,2008-10-01
2322,2322,78,current,2001-06-01
2322,2322,78,current,2001-06-01
2323,2323,27,current,2004-03-10
2323,2323,27,current,2004-03-10
2324,2324,47,current,2015-02-27
2324,2324,47,current,2015-02-27
2325,2325,66,savings,1996-05-28
2325,2325,66,savings,1996-05-28
2326,2326,37,current,2023-10-10
2326,2326,37,current,2023-10-10
2327,2327,45,savings,2023-04-25
2327,2327,45,savings,2023-04-25
2328,2328,57,current,2011-12-19
2328,2328,57,current,2011-12-19
2329,2329,18,savings,1996-04-07
2329,2329,18,savings,1996-04-07
2330,2330,13,current,2002-01-27
2330,2330,13,current,2002-01-27
2331,2331,73,current,2024-01-26
2331,2331,73,current,2024-01-26
2332,2332,29,savings,2020-01-16
2332,2332,29,savings,2020-01-16
2333,2333,56,savings,2008-02-01
2333,2333,56,savings,2008-02-01
2334,2334,74,savings,2004-08-19
2334,2334,74,savings,2004-08-19
2335,2335,20,current,2005-03-15
2335,2335,20,current,2005-03-15
2336,2336,29,savings,2015-09-12
2336,2336,29,savings,2015-09-12
2337,2337,6,savings,2011-07-21
2337,2337,6,savings,2011-07-21
2338,2338,26,savings,2011-02-01
2338,2338,26,savings,2011-02-01
2339,2339,61,savings,1997-11-15
2339,2339,61,savings,1997-11-15
2340,2340,86,current,2000-04-11
2340,2340,86,current,2000-04-11
2341,2341,43,savings,2013-03-09
2341,2341,43,savings,2013-03-09
2342,2342,47,savings,2010-03-17
2342,2342,47,savings,2010-03-17
2343,2343,26,current,2007-05-08
2343,2343,26,current,2007-05-08
2344,2344,81,current,2022-05-25
2344,2344,81,current,2022-05-25
2345,2345,1,current,2010-09-15
2345,2345,1,current,2010-09-15
2346,2346,95,savings,2020-10-02
2346,2346,95,savings,2020-10-02
2347,2347,73,savings,2022-04-24
2347,2347,73,savings,2022-04-24
2348,2348,26,savings,1999-07-20
2348,2348,26,savings,1999-07-20
2349,2349,64,savings,2022-05-26
2349,2349,64,savings,2022-05-26
2350,2350,62,savings,1998-01-25
2350,2350,62,savings,1998-01-25
2351,2351,6,current,2016-06-08
2351,2351,6,current,2016-06-08
2352,2352,62,savings,2021-04-13
2352,2352,62,savings,2021-04-13
2353,2353,66,savings,2013-10-04
2353,2353,66,savings,2013-10-04
2354,2354,42,savings,2017-06-24
2354,2354,42,savings,2017-06-24
2355,2355,27,savings,2021-02-22
2355,2355,27,savings,2021-02-22
2356,2356,65,savings,2000-01-05
2356,2356,65,savings,2000-01-05
2357,2357,30,savings,2018-05-14
2357,2357,30,savings,2018-05-14
2358,2358,82,current,2016-01-04
2358,2358,82,current,2016-01-04
2359,2359,98,current,2021-06-27
2359,2359,98,current,2021-06-27
2360,2360,85,current,2005-05-28
2360,2360,85,current,2005-05-28
2361,2361,65,current,2004-03-16
2361,2361,65,current,2004-03-16
2362,2362,47,current,1999-03-03
2362,2362,47,current,1999-03-03
2363,2363,32,current,2021-10-21
2363,2363,32,current,2021-10-21
2364,2364,34,savings,1997-04-19
2364,2364,34,savings,1997-04-19
2365,2365,47,savings,2005-11-21
2365,2365,47,savings,2005-11-21
2366,2366,14,current,2016-07-04
2366,2366,14,current,2016-07-04
2367,2367,5,current,2016-12-23
2367,2367,5,current,2016-12-23
2368,2368,36,savings,2019-11-12
2368,2368,36,savings,2019-11-12
2369,2369,96,savings,1996-03-21
2369,2369,96,savings,1996-03-21
2370,2370,9,current,2017-07-28
2370,2370,9,current,2017-07-28
2371,2371,35,current,2020-02-10
2371,2371,35,current,2020-02-10
2372,2372,25,current,2023-07-06
2372,2372,25,current,2023-07-06
2373,2373,75,savings,2018-05-02
2373,2373,75,savings,2018-05-02
2374,2374,46,current,2010-12-28
2374,2374,46,current,2010-12-28
2375,2375,13,current,2024-04-03
2375,2375,13,current,2024-04-03
2376,2376,61,current,2010-01-08
2376,2376,61,current,2010-01-08
2377,2377,30,current,2010-03-13
2377,2377,30,current,2010-03-13
2378,2378,98,savings,2007-04-28
2378,2378,98,savings,2007-04-28
2379,2379,32,current,2000-06-07
2379,2379,32,current,2000-06-07
2380,2380,30,savings,2013-03-04
2380,2380,30,savings,2013-03-04
2381,2381,82,savings,1995-03-04
2381,2381,82,savings,1995-03-04
2382,2382,56,current,2016-12-02
2382,2382,56,current,2016-12-02
2383,2383,67,current,2002-06-23
2383,2383,67,current,2002-06-23
2384,2384,71,savings,1995-01-04
2384,2384,71,savings,1995-01-04
2385,2385,55,savings,1997-02-11
2385,2385,55,savings,1997-02-11
2386,2386,98,savings,2017-10-10
2386,2386,98,savings,2017-10-10
2387,2387,8,savings,2012-01-07
2387,2387,8,savings,2012-01-07
2388,2388,43,savings,2020-05-08
2388,2388,43,savings,2020-05-08
2389,2389,48,current,2014-03-26
2389,2389,48,current,2014-03-26
2390,2390,58,current,2024-12-15
2390,2390,58,current,2024-12-15
2391,2391,32,current,2012-05-16
2391,2391,32,current,2012-05-16
2392,2392,78,savings,2012-09-21
2392,2392,78,savings,2012-09-21
2393,2393,69,savings,1999-11-07
2393,2393,69,savings,1999-11-07
2394,2394,7,savings,1997-03-09
2394,2394,7,savings,1997-03-09
2395,2395,74,savings,2011-07-25
2395,2395,74,savings,2011-07-25
2396,2396,20,current,2011-10-09
2396,2396,20,current,2011-10-09
2397,2397,62,current,2005-09-25
2397,2397,62,current,2005-09-25
2398,2398,21,savings,2014-08-06
2398,2398,21,savings,2014-08-06
2399,2399,92,savings,2007-02-01
2399,2399,92,savings,2007-02-01
2400,2400,29,current,1997-05-14
2400,2400,29,current,1997-05-14
2401,2401,70,current,2014-02-25
2401,2401,70,current,2014-02-25
2402,2402,38,current,2007-06-27
2402,2402,38,current,2007-06-27
2403,2403,42,savings,1999-08-03
2403,2403,42,savings,1999-08-03
2404,2404,3,current,2013-07-20
2404,2404,3,current,2013-07-20
2405,2405,37,savings,2021-06-02
2405,2405,37,savings,2021-06-02
2406,2406,17,current,2017-10-17
2406,2406,17,current,2017-10-17
2407,2407,33,current,2000-06-18
2407,2407,33,current,2000-06-18
2408,2408,10,current,2002-12-18
2408,2408,10,current,2002-12-18
2409,2409,37,savings,2001-03-05
2409,2409,37,savings,2001-03-05
2410,2410,33,savings,1996-09-21
2410,2410,33,savings,1996-09-21
2411,2411,28,current,2023-08-26
2411,2411,28,current,2023-08-26
2412,2412,87,savings,2019-09-22
2412,2412,87,savings,2019-09-22
2413,2413,42,current,2002-05-12
2413,2413,42,current,2002-05-12
2414,2414,58,savings,2012-05-26
2414,2414,58,savings,2012-05-26
2415,2415,48,current,2021-12-15
2415,2415,48,current,2021-12-15
2416,2416,51,savings,2006-01-03
2416,2416,51,savings,2006-01-03
2417,2417,10,savings,2023-05-18
2417,2417,10,savings,2023-05-18
2418,2418,8,current,2015-12-24
2418,2418,8,current,2015-12-24
2419,2419,16,current,2023-07-14
2419,2419,16,current,2023-07-14
2420,2420,96,savings,1997-05-05
2420,2420,96,savings,1997-05-05
2421,2421,62,current,2002-12-02
2421,2421,62,current,2002-12-02
2422,2422,49,current,2013-03-19
2422,2422,49,current,2013-03-19
2423,2423,89,current,2003-04-19
2423,2423,89,current,2003-04-19
2424,2424,15,current,2018-05-08
2424,2424,15,current,2018-05-08
2425,2425,16,savings,2002-03-25
2425,2425,16,savings,2002-03-25
2426,2426,81,current,2008-08-08
2426,2426,81,current,2008-08-08
2427,2427,27,savings,2008-07-14
2427,2427,27,savings,2008-07-14
2428,2428,47,savings,2006-07-22
2428,2428,47,savings,2006-07-22
2429,2429,26,savings,2000-06-11
2429,2429,26,savings,2000-06-11
2430,2430,72,savings,2009-09-22
2430,2430,72,savings,2009-09-22
2431,2431,41,current,2020-08-04
2431,2431,41,current,2020-08-04
2432,2432,11,savings,2005-02-21
2432,2432,11,savings,2005-02-21
2433,2433,91,current,2003-03-26
2433,2433,91,current,2003-03-26
2434,2434,9,current,2001-01-24
2434,2434,9,current,2001-01-24
2435,2435,54,savings,2005-01-22
2435,2435,54,savings,2005-01-22
2436,2436,11,current,2009-06-18
2436,2436,11,current,2009-06-18
2437,2437,7,savings,2003-08-14
2437,2437,7,savings,2003-08-14
2438,2438,28,current,2017-07-16
2438,2438,28,current,2017-07-16
2439,2439,94,current,2016-08-05
2439,2439,94,current,2016-08-05
2440,2440,62,current,2015-11-03
2440,2440,62,current,2015-11-03
2441,2441,55,savings,2022-02-28
2441,2441,55,savings,2022-02-28
2442,2442,36,savings,2002-12-21
2442,2442,36,savings,2002-12-21
2443,2443,73,savings,2021-10-14
2443,2443,73,savings,2021-10-14
2444,2444,99,current,1999-12-03
2444,2444,99,current,1999-12-03
2445,2445,63,savings,2005-08-08
2445,2445,63,savings,2005-08-08
2446,2446,51,current,2013-11-20
2446,2446,51,current,2013-11-20
2447,2447,77,current,2018-08-20
2447,2447,77,current,2018-08-20
2448,2448,48,current,2016-10-14
2448,2448,48,current,2016-10-14
2449,2449,68,current,2012-03-01
2449,2449,68,current,2012-03-01
2450,2450,10,savings,2015-02-28
2450,2450,10,savings,2015-02-28
2451,2451,26,savings,2021-09-06
2451,2451,26,savings,2021-09-06
2452,2452,67,current,2017-10-27
2452,2452,67,current,2017-10-27
2453,2453,53,current,1995-11-13
2453,2453,53,current,1995-11-13
2454,2454,43,current,2005-08-15
2454,2454,43,current,2005-08-15
2455,2455,17,savings,2001-11-22
2455,2455,17,savings,2001-11-22
2456,2456,27,current,2001-03-20
2456,2456,27,current,2001-03-20
2457,2457,22,savings,2016-08-15
2457,2457,22,savings,2016-08-15
2458,2458,36,savings,2013-02-01
2458,2458,36,savings,2013-02-01
2459,2459,72,savings,2020-11-23
2459,2459,72,savings,2020-11-23
2460,2460,33,current,1998-02-19
2460,2460,33,current,1998-02-19
2461,2461,90,savings,2018-09-19
2461,2461,90,savings,2018-09-19
2462,2462,95,savings,2000-05-12
2462,2462,95,savings,2000-05-12
2463,2463,53,savings,2013-01-18
2463,2463,53,savings,2013-01-18
2464,2464,11,savings,1997-10-08
2464,2464,11,savings,1997-10-08
2465,2465,93,savings,2012-10-04
2465,2465,93,savings,2012-10-04
2466,2466,29,current,1997-04-24
2466,2466,29,current,1997-04-24
2467,2467,38,current,2023-05-22
2467,2467,38,current,2023-05-22
2468,2468,58,savings,2024-02-09
2468,2468,58,savings,2024-02-09
2469,2469,15,current,1998-02-09
2469,2469,15,current,1998-02-09
2470,2470,54,savings,2015-07-21
2470,2470,54,savings,2015-07-21
2471,2471,62,current,2009-05-08
2471,2471,62,current,2009-05-08
2472,2472,57,current,2004-05-02
2472,2472,57,current,2004-05-02
2473,2473,79,savings,2003-11-05
2473,2473,79,savings,2003-11-05
2474,2474,71,savings,2024-08-22
2474,2474,71,savings,2024-08-22
2475,2475,58,current,1998-07-18
2475,2475,58,current,1998-07-18
2476,2476,49,current,2022-07-03
2476,2476,49,current,2022-07-03
2477,2477,53,current,2024-01-23
2477,2477,53,current,2024-01-23
2478,2478,29,savings,2016-06-17
2478,2478,29,savings,2016-06-17
2479,2479,33,savings,2001-02-18
2479,2479,33,savings,2001-02-18
2480,2480,46,current,2017-04-19
2480,2480,46,current,2017-04-19
2481,2481,54,savings,2012-12-14
2481,2481,54,savings,2012-12-14
2482,2482,80,current,2012-07-01
2482,2482,80,current,2012-07-01
2483,2483,98,savings,1996-01-16
2483,2483,98,savings,1996-01-16
2484,2484,85,savings,2011-07-03
2484,2484,85,savings,2011-07-03
2485,2485,7,savings,2021-11-26
2485,2485,7,savings,2021-11-26
2486,2486,29,current,2003-08-25
2486,2486,29,current,2003-08-25
2487,2487,9,current,2004-09-06
2487,2487,9,current,2004-09-06
2488,2488,49,current,2014-07-23
2488,2488,49,current,2014-07-23
2489,2489,71,savings,2017-06-11
2489,2489,71,savings,2017-06-11
2490,2490,78,savings,2010-03-27
2490,2490,78,savings,2010-03-27
2491,2491,94,current,2022-07-02
2491,2491,94,current,2022-07-02
2492,2492,88,current,1996-07-27
2492,2492,88,current,1996-07-27
2493,2493,51,savings,2022-01-27
2493,2493,51,savings,2022-01-27
2494,2494,98,savings,2024-03-27
2494,2494,98,savings,2024-03-27
2495,2495,8,savings,2020-04-22
2495,2495,8,savings,2020-04-22
2496,2496,55,savings,1998-06-09
2496,2496,55,savings,1998-06-09
2497,2497,65,savings,2014-04-12
2497,2497,65,savings,2014-04-12
2498,2498,98,savings,1996-01-17
2498,2498,98,savings,1996-01-17
2499,2499,84,current,2002-12-03
2499,2499,84,current,2002-12-03
2500,2500,95,savings,2007-02-26
2500,2500,95,savings,2007-02-26
2501,2501,79,current,2002-03-01
2501,2501,79,current,2002-03-01
2502,2502,15,savings,2006-12-18
2502,2502,15,savings,2006-12-18
2503,2503,51,savings,2021-03-25
2503,2503,51,savings,2021-03-25
2504,2504,34,current,2016-05-20
2504,2504,34,current,2016-05-20
2505,2505,69,savings,2002-06-24
2505,2505,69,savings,2002-06-24
2506,2506,86,current,2000-03-16
2506,2506,86,current,2000-03-16
2507,2507,12,current,2012-06-02
2507,2507,12,current,2012-06-02
2508,2508,45,current,2023-04-09
2508,2508,45,current,2023-04-09
2509,2509,31,savings,2007-07-25
2509,2509,31,savings,2007-07-25
2510,2510,54,current,1996-12-17
2510,2510,54,current,1996-12-17
2511,2511,93,current,2020-08-12
2511,2511,93,current,2020-08-12
2512,2512,22,savings,2021-04-10
2512,2512,22,savings,2021-04-10
2513,2513,72,current,2002-09-02
2513,2513,72,current,2002-09-02
2514,2514,64,current,2008-02-17
2514,2514,64,current,2008-02-17
2515,2515,60,savings,2021-07-21
2515,2515,60,savings,2021-07-21
2516,2516,28,current,2024-07-13
2516,2516,28,current,2024-07-13
2517,2517,21,savings,2003-03-04
2517,2517,21,savings,2003-03-04
2518,2518,75,current,2022-09-27
2518,2518,75,current,2022-09-27
2519,2519,75,savings,2015-11-25
2519,2519,75,savings,2015-11-25
2520,2520,87,current,2018-03-15
2520,2520,87,current,2018-03-15
2521,2521,77,current,2007-04-06
2521,2521,77,current,2007-04-06
2522,2522,43,savings,2021-06-04
2522,2522,43,savings,2021-06-04
2523,2523,27,current,1999-06-17
2523,2523,27,current,1999-06-17
2524,2524,23,current,2013-12-01
2524,2524,23,current,2013-12-01
2525,2525,97,current,2007-03-24
2525,2525,97,current,2007-03-24
2526,2526,90,savings,2023-12-03
2526,2526,90,savings,2023-12-03
2527,2527,36,savings,2006-03-01
2527,2527,36,savings,2006-03-01
2528,2528,97,savings,2005-02-24
2528,2528,97,savings,2005-02-24
2529,2529,38,current,2002-04-19
2529,2529,38,current,2002-04-19
2530,2530,16,savings,1995-06-13
2530,2530,16,savings,1995-06-13
2531,2531,74,current,2024-08-19
2531,2531,74,current,2024-08-19
2532,2532,43,savings,2023-04-09
2532,2532,43,savings,2023-04-09
2533,2533,41,savings,2015-03-20
2533,2533,41,savings,2015-03-20
2534,2534,44,savings,2002-10-10
2534,2534,44,savings,2002-10-10
2535,2535,52,savings,2005-10-06
2535,2535,52,savings,2005-10-06
2536,2536,17,current,2002-12-20
2536,2536,17,current,2002-12-20
2537,2537,52,savings,2015-08-03
2537,2537,52,savings,2015-08-03
2538,2538,43,current,1996-12-20
2538,2538,43,current,1996-12-20
2539,2539,23,savings,2003-07-25
2539,2539,23,savings,2003-07-25
2540,2540,1,current,2001-09-18
2540,2540,1,current,2001-09-18
2541,2541,93,current,2013-09-01
2541,2541,93,current,2013-09-01
2542,2542,25,savings,2012-11-17
2542,2542,25,savings,2012-11-17
2543,2543,6,current,1999-05-06
2543,2543,6,current,1999-05-06
2544,2544,74,current,2003-09-07
2544,2544,74,current,2003-09-07
2545,2545,54,savings,1999-04-22
2545,2545,54,savings,1999-04-22
2546,2546,78,savings,2019-04-04
2546,2546,78,savings,2019-04-04
2547,2547,23,savings,2002-12-20
2547,2547,23,savings,2002-12-20
2548,2548,19,current,2020-04-01
2548,2548,19,current,2020-04-01
2549,2549,56,savings,2003-10-01
2549,2549,56,savings,2003-10-01
2550,2550,53,savings,1999-09-24
2550,2550,53,savings,1999-09-24
2551,2551,31,current,2009-03-28
2551,2551,31,current,2009-03-28
2552,2552,38,savings,1998-03-24
2552,2552,38,savings,1998-03-24
2553,2553,19,savings,2016-08-12
2553,2553,19,savings,2016-08-12
2554,2554,1,current,2010-08-19
2554,2554,1,current,2010-08-19
2555,2555,77,savings,2012-11-15
2555,2555,77,savings,2012-11-15
2556,2556,50,current,2002-10-20
2556,2556,50,current,2002-10-20
2557,2557,98,savings,2002-02-18
2557,2557,98,savings,2002-02-18
2558,2558,58,current,2008-11-20
2558,2558,58,current,2008-11-20
2559,2559,81,current,2005-05-20
2559,2559,81,current,2005-05-20
2560,2560,32,savings,2013-02-02
2560,2560,32,savings,2013-02-02
2561,2561,49,savings,2014-10-06
2561,2561,49,savings,2014-10-06
2562,2562,98,current,2001-03-07
2562,2562,98,current,2001-03-07
2563,2563,97,current,2003-07-16
2563,2563,97,current,2003-07-16
2564,2564,92,current,2024-10-21
2564,2564,92,current,2024-10-21
2565,2565,44,savings,2006-05-13
2565,2565,44,savings,2006-05-13
2566,2566,29,current,2006-01-21
2566,2566,29,current,2006-01-21
2567,2567,88,current,2019-04-14
2567,2567,88,current,2019-04-14
2568,2568,48,savings,2013-03-25
2568,2568,48,savings,2013-03-25
2569,2569,80,savings,2004-02-18
2569,2569,80,savings,2004-02-18
2570,2570,77,current,2010-05-19
2570,2570,77,current,2010-05-19
2571,2571,26,current,2001-11-13
2571,2571,26,current,2001-11-13
2572,2572,7,current,2022-09-04
2572,2572,7,current,2022-09-04
2573,2573,44,savings,2008-01-01
2573,2573,44,savings,2008-01-01
2574,2574,14,savings,1995-10-07
2574,2574,14,savings,1995-10-07
2575,2575,52,current,1995-03-20
2575,2575,52,current,1995-03-20
2576,2576,32,savings,2004-03-12
2576,2576,32,savings,2004-03-12
2577,2577,75,savings,2024-07-20
2577,2577,75,savings,2024-07-20
2578,2578,32,savings,1999-10-19
2578,2578,32,savings,1999-10-19
2579,2579,75,savings,2002-08-14
2579,2579,75,savings,2002-08-14
2580,2580,84,savings,2011-02-06
2580,2580,84,savings,2011-02-06
2581,2581,57,savings,2000-04-04
2581,2581,57,savings,2000-04-04
2582,2582,52,current,1998-09-16
2582,2582,52,current,1998-09-16
2583,2583,34,current,2019-08-16
2583,2583,34,current,2019-08-16
2584,2584,61,savings,1995-03-23
2584,2584,61,savings,1995-03-23
2585,2585,62,current,2008-10-19
2585,2585,62,current,2008-10-19
2586,2586,86,current,2010-02-08
2586,2586,86,current,2010-02-08
2587,2587,87,current,2010-08-16
2587,2587,87,current,2010-08-16
2588,2588,93,savings,2006-01-14
2588,2588,93,savings,2006-01-14
2589,2589,76,savings,2003-09-18
2589,2589,76,savings,2003-09-18
2590,2590,31,current,2013-09-23
2590,2590,31,current,2013-09-23
2591,2591,29,current,1995-06-23
2591,2591,29,current,1995-06-23
2592,2592,31,current,2015-03-07
2592,2592,31,current,2015-03-07
2593,2593,12,current,2000-11-21
2593,2593,12,current,2000-11-21
2594,2594,35,current,2014-02-03
2594,2594,35,current,2014-02-03
2595,2595,57,current,2023-06-15
2595,2595,57,current,2023-06-15
2596,2596,41,savings,2005-09-09
2596,2596,41,savings,2005-09-09
2597,2597,27,current,1995-04-28
2597,2597,27,current,1995-04-28
2598,2598,15,savings,2014-11-06
2598,2598,15,savings,2014-11-06
2599,2599,94,current,1996-08-18
2599,2599,94,current,1996-08-18
2600,2600,71,current,2015-01-08
2600,2600,71,current,2015-01-08
2601,2601,36,current,1995-09-21
2601,2601,36,current,1995-09-21
2602,2602,24,savings,2009-08-13
2602,2602,24,savings,2009-08-13
2603,2603,82,savings,2011-04-06
2603,2603,82,savings,2011-04-06
2604,2604,24,current,2022-01-19
2604,2604,24,current,2022-01-19
2605,2605,96,savings,2002-10-26
2605,2605,96,savings,2002-10-26
2606,2606,76,savings,2006-11-18
2606,2606,76,savings,2006-11-18
2607,2607,28,savings,2010-08-19
2607,2607,28,savings,2010-08-19
2608,2608,75,current,2015-07-23
2608,2608,75,current,2015-07-23
2609,2609,3,current,2020-05-11
2609,2609,3,current,2020-05-11
2610,2610,3,current,2019-02-22
2610,2610,3,current,2019-02-22
2611,2611,29,savings,2012-07-10
2611,2611,29,savings,2012-07-10
2612,2612,32,savings,2001-03-20
2612,2612,32,savings,2001-03-20
2613,2613,54,current,2017-11-16
2613,2613,54,current,2017-11-16
2614,2614,38,current,2006-04-16
2614,2614,38,current,2006-04-16
2615,2615,95,savings,2015-08-15
2615,2615,95,savings,2015-08-15
2616,2616,56,current,2011-10-27
2616,2616,56,current,2011-10-27
2617,2617,65,current,2021-07-27
2617,2617,65,current,2021-07-27
2618,2618,21,current,2016-05-27
2618,2618,21,current,2016-05-27
2619,2619,41,current,2015-07-27
2619,2619,41,current,2015-07-27
2620,2620,20,savings,2010-08-06
2620,2620,20,savings,2010-08-06
2621,2621,60,current,2006-10-06
2621,2621,60,current,2006-10-06
2622,2622,75,current,1996-10-03
2622,2622,75,current,1996-10-03
2623,2623,59,savings,2008-07-02
2623,2623,59,savings,2008-07-02
2624,2624,74,savings,2021-11-03
2624,2624,74,savings,2021-11-03
2625,2625,55,current,2018-05-26
2625,2625,55,current,2018-05-26
2626,2626,3,current,1999-11-06
2626,2626,3,current,1999-11-06
2627,2627,14,savings,2021-02-10
2627,2627,14,savings,2021-02-10
2628,2628,45,current,2024-01-02
2628,2628,45,current,2024-01-02
2629,2629,95,savings,2003-11-28
2629,2629,95,savings,2003-11-28
2630,2630,99,current,2003-06-27
2630,2630,99,current,2003-06-27
2631,2631,60,current,2024-10-10
2631,2631,60,current,2024-10-10
2632,2632,49,current,1996-07-13
2632,2632,49,current,1996-07-13
2633,2633,9,current,2014-06-02
2633,2633,9,current,2014-06-02
2634,2634,54,current,2023-01-02
2634,2634,54,current,2023-01-02
2635,2635,70,current,2024-01-23
2635,2635,70,current,2024-01-23
2636,2636,93,savings,2006-12-09
2636,2636,93,savings,2006-12-09
2637,2637,52,savings,2002-12-21
2637,2637,52,savings,2002-12-21
2638,2638,63,current,2003-03-02
2638,2638,63,current,2003-03-02
2639,2639,52,savings,1999-04-12
2639,2639,52,savings,1999-04-12
2640,2640,22,savings,2002-05-13
2640,2640,22,savings,2002-05-13
2641,2641,55,savings,2017-11-19
2641,2641,55,savings,2017-11-19
2642,2642,3,current,2022-07-19
2642,2642,3,current,2022-07-19
2643,2643,2,savings,2003-12-27
2643,2643,2,savings,2003-12-27
2644,2644,59,savings,2005-05-18
2644,2644,59,savings,2005-05-18
2645,2645,28,savings,2016-10-20
2645,2645,28,savings,2016-10-20
2646,2646,37,current,2007-11-07
2646,2646,37,current,2007-11-07
2647,2647,69,current,2023-05-07
2647,2647,69,current,2023-05-07
2648,2648,9,savings,2014-10-15
2648,2648,9,savings,2014-10-15
2649,2649,62,current,2022-06-28
2649,2649,62,current,2022-06-28
2650,2650,32,current,2006-09-12
2650,2650,32,current,2006-09-12
2651,2651,81,current,2019-05-05
2651,2651,81,current,2019-05-05
2652,2652,75,current,1998-12-13
2652,2652,75,current,1998-12-13
2653,2653,35,savings,2014-10-27
2653,2653,35,savings,2014-10-27
2654,2654,47,current,1999-08-24
2654,2654,47,current,1999-08-24
2655,2655,18,savings,2001-06-11
2655,2655,18,savings,2001-06-11
2656,2656,36,savings,2002-05-08
2656,2656,36,savings,2002-05-08
2657,2657,19,current,2023-07-02
2657,2657,19,current,2023-07-02
2658,2658,25,current,2010-08-01
2658,2658,25,current,2010-08-01
2659,2659,46,current,1995-03-20
2659,2659,46,current,1995-03-20
2660,2660,60,savings,2015-04-05
2660,2660,60,savings,2015-04-05
2661,2661,95,current,2023-10-11
2661,2661,95,current,2023-10-11
2662,2662,23,current,2008-09-09
2662,2662,23,current,2008-09-09
2663,2663,78,current,2013-10-19
2663,2663,78,current,2013-10-19
2664,2664,27,savings,2010-12-23
2664,2664,27,savings,2010-12-23
2665,2665,35,current,1998-03-08
2665,2665,35,current,1998-03-08
2666,2666,77,savings,2000-06-19
2666,2666,77,savings,2000-06-19
2667,2667,55,current,2020-02-06
2667,2667,55,current,2020-02-06
2668,2668,36,current,2001-12-10
2668,2668,36,current,2001-12-10
2669,2669,88,current,1995-11-17
2669,2669,88,current,1995-11-17
2670,2670,97,current,2021-12-25
2670,2670,97,current,2021-12-25
2671,2671,71,savings,2004-05-21
2671,2671,71,savings,2004-05-21
2672,2672,9,savings,2012-10-02
2672,2672,9,savings,2012-10-02
2673,2673,21,savings,2009-06-22
2673,2673,21,savings,2009-06-22
2674,2674,32,savings,2003-08-04
2674,2674,32,savings,2003-08-04
2675,2675,66,current,1999-10-24
2675,2675,66,current,1999-10-24
2676,2676,44,savings,2005-07-08
2676,2676,44,savings,2005-07-08
2677,2677,89,current,2002-07-22
2677,2677,89,current,2002-07-22
2678,2678,65,savings,2006-07-26
2678,2678,65,savings,2006-07-26
2679,2679,75,savings,2006-11-24
2679,2679,75,savings,2006-11-24
2680,2680,80,current,2017-06-08
2680,2680,80,current,2017-06-08
2681,2681,87,current,2001-11-24
2681,2681,87,current,2001-11-24
2682,2682,15,current,2023-04-20
2682,2682,15,current,2023-04-20
2683,2683,27,savings,1999-01-02
2683,2683,27,savings,1999-01-02
2684,2684,16,savings,2018-02-05
2684,2684,16,savings,2018-02-05
2685,2685,46,current,2014-03-08
2685,2685,46,current,2014-03-08
2686,2686,97,savings,2016-08-18
2686,2686,97,savings,2016-08-18
2687,2687,72,current,2012-11-24
2687,2687,72,current,2012-11-24
2688,2688,48,current,2009-11-23
2688,2688,48,current,2009-11-23
2689,2689,65,current,1996-01-28
2689,2689,65,current,1996-01-28
2690,2690,19,savings,2012-05-26
2690,2690,19,savings,2012-05-26
2691,2691,90,current,2008-05-07
2691,2691,90,current,2008-05-07
2692,2692,37,current,2021-11-13
2692,2692,37,current,2021-11-13
2693,2693,58,current,2018-01-15
2693,2693,58,current,2018-01-15
2694,2694,55,savings,2006-04-10
2694,2694,55,savings,2006-04-10
2695,2695,53,savings,2010-07-09
2695,2695,53,savings,2010-07-09
2696,2696,47,current,2011-12-08
2696,2696,47,current,2011-12-08
2697,2697,3,savings,2023-11-14
2697,2697,3,savings,2023-11-14
2698,2698,88,savings,2016-09-01
2698,2698,88,savings,2016-09-01
2699,2699,86,savings,2002-12-09
2699,2699,86,savings,2002-12-09
2700,2700,62,savings,2006-05-20
2700,2700,62,savings,2006-05-20
2701,2701,1,savings,2021-03-25
2701,2701,1,savings,2021-03-25
2702,2702,39,savings,2001-10-26
2702,2702,39,savings,2001-10-26
2703,2703,73,savings,1995-02-19
2703,2703,73,savings,1995-02-19
2704,2704,33,current,2003-04-02
2704,2704,33,current,2003-04-02
2705,2705,23,savings,2022-09-13
2705,2705,23,savings,2022-09-13
2706,2706,34,current,2016-05-01
2706,2706,34,current,2016-05-01
2707,2707,49,current,2009-12-21
2707,2707,49,current,2009-12-21
2708,2708,49,savings,2017-07-03
2708,2708,49,savings,2017-07-03
2709,2709,99,current,1996-02-19
2709,2709,99,current,1996-02-19
2710,2710,49,current,2010-08-05
2710,2710,49,current,2010-08-05
2711,2711,10,current,2021-11-25
2711,2711,10,current,2021-11-25
2712,2712,96,current,2020-09-28
2712,2712,96,current,2020-09-28
2713,2713,66,savings,2017-03-15
2713,2713,66,savings,2017-03-15
2714,2714,71,savings,2002-08-22
2714,2714,71,savings,2002-08-22
2715,2715,88,current,2005-01-14
2715,2715,88,current,2005-01-14
2716,2716,67,current,2014-12-02
2716,2716,67,current,2014-12-02
2717,2717,76,current,2007-01-02
2717,2717,76,current,2007-01-02
2718,2718,39,savings,2011-05-20
2718,2718,39,savings,2011-05-20
2719,2719,42,current,2019-04-11
2719,2719,42,current,2019-04-11
2720,2720,91,savings,2004-12-12
2720,2720,91,savings,2004-12-12
2721,2721,1,savings,2005-07-25
2721,2721,1,savings,2005-07-25
2722,2722,46,current,2015-05-09
2722,2722,46,current,2015-05-09
2723,2723,36,current,2018-12-18
2723,2723,36,current,2018-12-18
2724,2724,96,savings,2016-12-21
2724,2724,96,savings,2016-12-21
2725,2725,91,current,1998-06-01
2725,2725,91,current,1998-06-01
2726,2726,44,current,2001-04-19
2726,2726,44,current,2001-04-19
2727,2727,31,current,2018-09-04
2727,2727,31,current,2018-09-04
2728,2728,97,savings,2013-07-19
2728,2728,97,savings,2013-07-19
2729,2729,58,current,1998-04-18
2729,2729,58,current,1998-04-18
2730,2730,96,savings,2014-08-10
2730,2730,96,savings,2014-08-10
2731,2731,4,current,2024-04-25
2731,2731,4,current,2024-04-25
2732,2732,53,savings,2003-11-02
2732,2732,53,savings,2003-11-02
2733,2733,89,savings,2007-05-08
2733,2733,89,savings,2007-05-08
2734,2734,93,current,2009-07-26
2734,2734,93,current,2009-07-26
2735,2735,57,savings,2014-10-11
2735,2735,57,savings,2014-10-11
2736,2736,73,current,2004-01-26
2736,2736,73,current,2004-01-26
2737,2737,78,current,2012-02-26
2737,2737,78,current,2012-02-26
2738,2738,50,current,2012-06-27
2738,2738,50,current,2012-06-27
2739,2739,5,current,2016-09-07
2739,2739,5,current,2016-09-07
2740,2740,52,current,2016-06-14
2740,2740,52,current,2016-06-14
2741,2741,17,current,2021-08-08
2741,2741,17,current,2021-08-08
2742,2742,32,savings,1996-03-01
2742,2742,32,savings,1996-03-01
2743,2743,6,savings,2010-11-09
2743,2743,6,savings,2010-11-09
2744,2744,69,current,2003-01-16
2744,2744,69,current,2003-01-16
2745,2745,93,savings,2012-09-19
2745,2745,93,savings,2012-09-19
2746,2746,92,current,1996-12-20
2746,2746,92,current,1996-12-20
2747,2747,61,current,2012-11-16
2747,2747,61,current,2012-11-16
2748,2748,10,savings,2005-06-18
2748,2748,10,savings,2005-06-18
2749,2749,23,savings,2022-04-09
2749,2749,23,savings,2022-04-09
2750,2750,53,current,1996-12-24
2750,2750,53,current,1996-12-24
2751,2751,61,current,1998-03-23
2751,2751,61,current,1998-03-23
2752,2752,19,current,2014-08-18
2752,2752,19,current,2014-08-18
2753,2753,4,current,2000-04-22
2753,2753,4,current,2000-04-22
2754,2754,46,savings,2002-12-05
2754,2754,46,savings,2002-12-05
2755,2755,32,savings,2001-08-21
2755,2755,32,savings,2001-08-21
2756,2756,84,current,2021-05-16
2756,2756,84,current,2021-05-16
2757,2757,46,savings,1997-01-09
2757,2757,46,savings,1997-01-09
2758,2758,62,savings,2003-07-07
2758,2758,62,savings,2003-07-07
2759,2759,92,savings,2018-01-05
2759,2759,92,savings,2018-01-05
2760,2760,54,savings,2013-04-02
2760,2760,54,savings,2013-04-02
2761,2761,87,current,2021-06-22
2761,2761,87,current,2021-06-22
2762,2762,67,current,2016-11-11
2762,2762,67,current,2016-11-11
2763,2763,24,current,2021-04-24
2763,2763,24,current,2021-04-24
2764,2764,66,savings,1995-12-22
2764,2764,66,savings,1995-12-22
2765,2765,18,savings,2017-08-15
2765,2765,18,savings,2017-08-15
2766,2766,96,current,2023-01-12
2766,2766,96,current,2023-01-12
2767,2767,48,current,2005-03-12
2767,2767,48,current,2005-03-12
2768,2768,46,current,2023-06-01
2768,2768,46,current,2023-06-01
2769,2769,48,current,2003-08-01
2769,2769,48,current,2003-08-01
2770,2770,62,savings,2004-05-09
2770,2770,62,savings,2004-05-09
2771,2771,94,current,2024-09-22
2771,2771,94,current,2024-09-22
2772,2772,27,current,1996-09-28
2772,2772,27,current,1996-09-28
2773,2773,62,current,2019-05-21
2773,2773,62,current,2019-05-21
2774,2774,78,savings,2021-12-08
2774,2774,78,savings,2021-12-08
2775,2775,65,savings,2022-04-07
2775,2775,65,savings,2022-04-07
2776,2776,52,current,1995-09-22
2776,2776,52,current,1995-09-22
2777,2777,1,savings,1998-02-22
2777,2777,1,savings,1998-02-22
2778,2778,50,savings,2001-11-07
2778,2778,50,savings,2001-11-07
2779,2779,40,current,2021-08-07
2779,2779,40,current,2021-08-07
2780,2780,72,current,2012-04-02
2780,2780,72,current,2012-04-02
2781,2781,17,savings,1996-08-22
2781,2781,17,savings,1996-08-22
2782,2782,1,current,2008-06-21
2782,2782,1,current,2008-06-21
2783,2783,78,savings,2017-08-18
2783,2783,78,savings,2017-08-18
2784,2784,77,savings,2018-03-07
2784,2784,77,savings,2018-03-07
2785,2785,30,savings,1995-01-21
2785,2785,30,savings,1995-01-21
2786,2786,77,savings,2016-11-24
2786,2786,77,savings,2016-11-24
2787,2787,67,current,2021-06-27
2787,2787,67,current,2021-06-27
2788,2788,22,current,2012-03-23
2788,2788,22,current,2012-03-23
2789,2789,35,current,2003-10-13
2789,2789,35,current,2003-10-13
2790,2790,56,current,1996-09-03
2790,2790,56,current,1996-09-03
2791,2791,14,savings,2006-01-28
2791,2791,14,savings,2006-01-28
2792,2792,45,savings,2013-11-15
2792,2792,45,savings,2013-11-15
2793,2793,86,savings,2018-09-28
2793,2793,86,savings,2018-09-28
2794,2794,33,savings,2010-10-03
2794,2794,33,savings,2010-10-03
2795,2795,12,current,2002-03-02
2795,2795,12,current,2002-03-02
2796,2796,24,savings,1995-09-26
2796,2796,24,savings,1995-09-26
2797,2797,69,savings,1998-07-21
2797,2797,69,savings,1998-07-21
2798,2798,57,current,2004-04-02
2798,2798,57,current,2004-04-02
2799,2799,9,current,2003-11-28
2799,2799,9,current,2003-11-28
2800,2800,2,savings,2009-08-07
2800,2800,2,savings,2009-08-07
2801,2801,59,savings,2020-10-18
2801,2801,59,savings,2020-10-18
2802,2802,95,current,2009-12-26
2802,2802,95,current,2009-12-26
2803,2803,29,current,2019-02-07
2803,2803,29,current,2019-02-07
2804,2804,93,current,2017-12-27
2804,2804,93,current,2017-12-27
2805,2805,55,savings,2016-12-11
2805,2805,55,savings,2016-12-11
2806,2806,94,savings,2004-05-07
2806,2806,94,savings,2004-05-07
2807,2807,22,savings,1996-09-20
2807,2807,22,savings,1996-09-20
2808,2808,85,current,2006-04-07
2808,2808,85,current,2006-04-07
2809,2809,49,current,2023-06-17
2809,2809,49,current,2023-06-17
2810,2810,12,current,2019-05-08
2810,2810,12,current,2019-05-08
2811,2811,71,savings,2022-05-17
2811,2811,71,savings,2022-05-17
2812,2812,89,savings,2024-01-14
2812,2812,89,savings,2024-01-14
2813,2813,8,current,2013-02-07
2813,2813,8,current,2013-02-07
2814,2814,97,current,2013-05-24
2814,2814,97,current,2013-05-24
2815,2815,16,current,2003-01-03
2815,2815,16,current,2003-01-03
2816,2816,40,savings,2003-04-24
2816,2816,40,savings,2003-04-24
2817,2817,45,savings,1997-02-17
2817,2817,45,savings,1997-02-17
2818,2818,64,current,2003-10-09
2818,2818,64,current,2003-10-09
2819,2819,63,current,1998-03-14
2819,2819,63,current,1998-03-14
2820,2820,51,savings,2006-09-06
2820,2820,51,savings,2006-09-06
2821,2821,10,current,2012-10-06
2821,2821,10,current,2012-10-06
2822,2822,76,current,2005-04-01
2822,2822,76,current,2005-04-01
2823,2823,86,current,2000-11-16
2823,2823,86,current,2000-11-16
2824,2824,71,savings,2021-06-17
2824,2824,71,savings,2021-06-17
2825,2825,45,savings,2023-02-24
2825,2825,45,savings,2023-02-24
2826,2826,85,savings,2007-11-14
2826,2826,85,savings,2007-11-14
2827,2827,56,savings,2004-12-01
2827,2827,56,savings,2004-12-01
2828,2828,86,savings,2006-04-23
2828,2828,86,savings,2006-04-23
2829,2829,73,savings,2004-02-08
2829,2829,73,savings,2004-02-08
2830,2830,84,savings,2022-04-22
2830,2830,84,savings,2022-04-22
2831,2831,13,current,2000-01-26
2831,2831,13,current,2000-01-26
2832,2832,64,current,1999-11-02
2832,2832,64,current,1999-11-02
2833,2833,88,savings,1995-05-17
2833,2833,88,savings,1995-05-17
2834,2834,30,current,2014-02-07
2834,2834,30,current,2014-02-07
2835,2835,52,savings,2010-10-09
2835,2835,52,savings,2010-10-09
2836,2836,54,savings,2000-10-19
2836,2836,54,savings,2000-10-19
2837,2837,57,savings,2015-07-24
2837,2837,57,savings,2015-07-24
2838,2838,18,current,2018-11-12
2838,2838,18,current,2018-11-12
2839,2839,25,savings,2014-01-02
2839,2839,25,savings,2014-01-02
2840,2840,53,current,2021-07-28
2840,2840,53,current,2021-07-28
2841,2841,20,savings,2024-12-09
2841,2841,20,savings,2024-12-09
2842,2842,11,current,2008-05-25
2842,2842,11,current,2008-05-25
2843,2843,40,savings,2017-10-14
2843,2843,40,savings,2017-10-14
2844,2844,98,current,2010-01-15
2844,2844,98,current,2010-01-15
2845,2845,23,savings,2004-03-08
2845,2845,23,savings,2004-03-08
2846,2846,90,current,2006-03-23
2846,2846,90,current,2006-03-23
2847,2847,87,current,2015-05-22
2847,2847,87,current,2015-05-22
2848,2848,42,current,1996-09-07
2848,2848,42,current,1996-09-07
2849,2849,47,savings,2000-02-22
2849,2849,47,savings,2000-02-22
2850,2850,56,current,1995-12-01
2850,2850,56,current,1995-12-01
2851,2851,33,savings,2004-12-01
2851,2851,33,savings,2004-12-01
2852,2852,89,savings,2002-05-21
2852,2852,89,savings,2002-05-21
2853,2853,98,current,2005-11-27
2853,2853,98,current,2005-11-27
2854,2854,26,current,2016-05-04
2854,2854,26,current,2016-05-04
2855,2855,69,current,1996-02-22
2855,2855,69,current,1996-02-22
2856,2856,29,current,2021-08-09
2856,2856,29,current,2021-08-09
2857,2857,94,savings,2006-11-13
2857,2857,94,savings,2006-11-13
2858,2858,60,current,2006-06-22
2858,2858,60,current,2006-06-22
2859,2859,91,current,1998-08-02
2859,2859,91,current,1998-08-02
2860,2860,37,savings,2006-02-22
2860,2860,37,savings,2006-02-22
2861,2861,25,current,2020-06-25
2861,2861,25,current,2020-06-25
2862,2862,74,savings,1999-05-04
2862,2862,74,savings,1999-05-04
2863,2863,44,current,1996-05-15
2863,2863,44,current,1996-05-15
2864,2864,34,current,2000-11-26
2864,2864,34,current,2000-11-26
2865,2865,12,current,2021-10-24
2865,2865,12,current,2021-10-24
2866,2866,93,current,2013-10-08
2866,2866,93,current,2013-10-08
2867,2867,39,savings,2012-04-25
2867,2867,39,savings,2012-04-25
2868,2868,19,current,2009-08-06
2868,2868,19,current,2009-08-06
2869,2869,19,savings,2012-06-23
2869,2869,19,savings,2012-06-23
2870,2870,29,savings,2012-01-20
2870,2870,29,savings,2012-01-20
2871,2871,66,current,2004-12-04
2871,2871,66,current,2004-12-04
2872,2872,90,current,2008-10-27
2872,2872,90,current,2008-10-27
2873,2873,98,current,2021-07-15
2873,2873,98,current,2021-07-15
2874,2874,94,current,2006-07-14
2874,2874,94,current,2006-07-14
2875,2875,76,current,2014-04-11
2875,2875,76,current,2014-04-11
2876,2876,20,savings,2010-08-16
2876,2876,20,savings,2010-08-16
2877,2877,57,savings,2007-01-09
2877,2877,57,savings,2007-01-09
2878,2878,97,current,2007-06-27
2878,2878,97,current,2007-06-27
2879,2879,9,current,2014-09-02
2879,2879,9,current,2014-09-02
2880,2880,2,savings,2020-03-19
2880,2880,2,savings,2020-03-19
2881,2881,28,savings,2017-12-09
2881,2881,28,savings,2017-12-09
2882,2882,34,current,2022-05-07
2882,2882,34,current,2022-05-07
2883,2883,21,savings,2024-08-01
2883,2883,21,savings,2024-08-01
2884,2884,83,current,2019-05-28
2884,2884,83,current,2019-05-28
2885,2885,78,savings,2005-11-23
2885,2885,78,savings,2005-11-23
2886,2886,81,current,1998-06-12
2886,2886,81,current,1998-06-12
2887,2887,56,current,2000-05-18
2887,2887,56,current,2000-05-18
2888,2888,5,current,1996-12-09
2888,2888,5,current,1996-12-09
2889,2889,85,savings,2001-03-09
2889,2889,85,savings,2001-03-09
2890,2890,22,savings,1995-06-23
2890,2890,22,savings,1995-06-23
2891,2891,59,savings,2020-09-15
2891,2891,59,savings,2020-09-15
2892,2892,40,savings,1998-05-12
2892,2892,40,savings,1998-05-12
2893,2893,84,current,2019-06-21
2893,2893,84,current,2019-06-21
2894,2894,92,current,1997-03-14
2894,2894,92,current,1997-03-14
2895,2895,63,savings,2007-06-07
2895,2895,63,savings,2007-06-07
2896,2896,32,savings,2001-11-20
2896,2896,32,savings,2001-11-20
2897,2897,45,current,2017-08-08
2897,2897,45,current,2017-08-08
2898,2898,83,current,2000-12-13
2898,2898,83,current,2000-12-13
2899,2899,92,savings,2004-06-23
2899,2899,92,savings,2004-06-23
2900,2900,87,savings,2007-02-01
2900,2900,87,savings,2007-02-01
2901,2901,33,savings,2003-08-12
2901,2901,33,savings,2003-08-12
2902,2902,82,current,2003-01-19
2902,2902,82,current,2003-01-19
2903,2903,35,current,2015-10-16
2903,2903,35,current,2015-10-16
2904,2904,46,current,2008-12-17
2904,2904,46,current,2008-12-17
2905,2905,36,current,2012-04-10
2905,2905,36,current,2012-04-10
2906,2906,62,savings,2018-08-12
2906,2906,62,savings,2018-08-12
2907,2907,83,current,2010-07-18
2907,2907,83,current,2010-07-18
2908,2908,90,savings,2008-11-28
2908,2908,90,savings,2008-11-28
2909,2909,26,current,2007-06-08
2909,2909,26,current,2007-06-08
2910,2910,7,savings,2002-04-13
2910,2910,7,savings,2002-04-13
2911,2911,87,savings,1996-08-14
2911,2911,87,savings,1996-08-14
2912,2912,5,current,2019-01-04
2912,2912,5,current,2019-01-04
2913,2913,87,savings,1997-09-22
2913,2913,87,savings,1997-09-22
2914,2914,32,savings,1995-01-03
2914,2914,32,savings,1995-01-03
2915,2915,79,current,1995-12-11
2915,2915,79,current,1995-12-11
2916,2916,91,savings,2002-09-14
2916,2916,91,savings,2002-09-14
2917,2917,81,current,2017-10-18
2917,2917,81,current,2017-10-18
2918,2918,84,current,1997-12-22
2918,2918,84,current,1997-12-22
2919,2919,57,current,2008-08-08
2919,2919,57,current,2008-08-08
2920,2920,80,savings,2007-02-07
2920,2920,80,savings,2007-02-07
2921,2921,62,savings,2015-07-27
2921,2921,62,savings,2015-07-27
2922,2922,28,current,2002-07-01
2922,2922,28,current,2002-07-01
2923,2923,95,current,2021-12-02
2923,2923,95,current,2021-12-02
2924,2924,80,savings,2004-09-04
2924,2924,80,savings,2004-09-04
2925,2925,78,current,2011-05-12
2925,2925,78,current,2011-05-12
2926,2926,74,current,2021-08-19
2926,2926,74,current,2021-08-19
2927,2927,66,current,2008-09-04
2927,2927,66,current,2008-09-04
2928,2928,97,savings,1995-12-19
2928,2928,97,savings,1995-12-19
2929,2929,41,savings,2008-12-23
2929,2929,41,savings,2008-12-23
2930,2930,86,savings,2015-06-19
2930,2930,86,savings,2015-06-19
2931,2931,66,current,2010-11-23
2931,2931,66,current,2010-11-23
2932,2932,64,current,2007-04-06
2932,2932,64,current,2007-04-06
2933,2933,7,current,2018-01-01
2933,2933,7,current,2018-01-01
2934,2934,41,current,1997-12-25
2934,2934,41,current,1997-12-25
2935,2935,45,savings,2003-02-10
2935,2935,45,savings,2003-02-10
2936,2936,44,savings,2006-09-07
2936,2936,44,savings,2006-09-07
2937,2937,30,current,2018-12-28
2937,2937,30,current,2018-12-28
2938,2938,38,savings,2020-05-10
2938,2938,38,savings,2020-05-10
2939,2939,39,current,2000-10-07
2939,2939,39,current,2000-10-07
2940,2940,19,current,2003-05-03
2940,2940,19,current,2003-05-03
2941,2941,47,savings,2007-10-17
2941,2941,47,savings,2007-10-17
2942,2942,38,savings,2011-02-07
2942,2942,38,savings,2011-02-07
2943,2943,17,current,1995-08-14
2943,2943,17,current,1995-08-14
2944,2944,74,current,1996-11-18
2944,2944,74,current,1996-11-18
2945,2945,79,savings,2012-01-25
2945,2945,79,savings,2012-01-25
2946,2946,69,savings,2024-10-15
2946,2946,69,savings,2024-10-15
2947,2947,99,savings,1998-10-09
2947,2947,99,savings,1998-10-09
2948,2948,4,current,2015-08-20
2948,2948,4,current,2015-08-20
2949,2949,35,savings,2017-07-28
2949,2949,35,savings,2017-07-28
2950,2950,1,savings,2024-08-11
2950,2950,1,savings,2024-08-11
2951,2951,81,savings,2006-07-05
2951,2951,81,savings,2006-07-05
2952,2952,85,current,2015-02-23
2952,2952,85,current,2015-02-23
2953,2953,58,savings,1997-11-12
2953,2953,58,savings,1997-11-12
2954,2954,22,savings,1998-05-10
2954,2954,22,savings,1998-05-10
2955,2955,5,savings,2015-02-12
2955,2955,5,savings,2015-02-12
2956,2956,60,savings,2007-01-14
2956,2956,60,savings,2007-01-14
2957,2957,36,current,2007-11-28
2957,2957,36,current,2007-11-28
2958,2958,9,savings,2010-01-22
2958,2958,9,savings,2010-01-22
2959,2959,84,current,2011-03-28
2959,2959,84,current,2011-03-28
2960,2960,57,savings,2018-02-01
2960,2960,57,savings,2018-02-01
2961,2961,78,savings,2009-11-03
2961,2961,78,savings,2009-11-03
2962,2962,84,savings,2015-09-18
2962,2962,84,savings,2015-09-18
2963,2963,90,savings,2021-01-23
2963,2963,90,savings,2021-01-23
2964,2964,4,savings,2008-06-03
2964,2964,4,savings,2008-06-03
2965,2965,51,savings,2001-09-14
2965,2965,51,savings,2001-09-14
2966,2966,39,current,1999-10-13
2966,2966,39,current,1999-10-13
2967,2967,84,current,2001-07-03
2967,2967,84,current,2001-07-03
2968,2968,52,current,2007-07-15
2968,2968,52,current,2007-07-15
2969,2969,75,current,2002-05-13
2969,2969,75,current,2002-05-13
2970,2970,71,current,2019-06-23
2970,2970,71,current,2019-06-23
2971,2971,55,savings,2021-02-21
2971,2971,55,savings,2021-02-21
2972,2972,31,savings,2005-11-16
2972,2972,31,savings,2005-11-16
2973,2973,50,savings,2024-04-19
2973,2973,50,savings,2024-04-19
2974,2974,8,savings,2012-09-03
2974,2974,8,savings,2012-09-03
2975,2975,87,current,2004-01-04
2975,2975,87,current,2004-01-04
2976,2976,15,current,1999-09-07
2976,2976,15,current,1999-09-07
2977,2977,65,savings,1996-01-21
2977,2977,65,savings,1996-01-21
2978,2978,10,savings,2002-04-16
2978,2978,10,savings,2002-04-16
2979,2979,41,current,2006-05-15
2979,2979,41,current,2006-05-15
2980,2980,88,current,2005-04-01
2980,2980,88,current,2005-04-01
2981,2981,79,savings,1999-02-28
2981,2981,79,savings,1999-02-28
2982,2982,48,current,2000-06-14
2982,2982,48,current,2000-06-14
2983,2983,21,savings,2005-03-05
2983,2983,21,savings,2005-03-05
2984,2984,86,savings,2004-02-08
2984,2984,86,savings,2004-02-08
2985,2985,24,current,2010-07-01
2985,2985,24,current,2010-07-01
2986,2986,74,current,2009-02-18
2986,2986,74,current,2009-02-18
2987,2987,23,savings,2009-02-07
2987,2987,23,savings,2009-02-07
2988,2988,80,current,2007-07-28
2988,2988,80,current,2007-07-28
2989,2989,69,current,2014-03-28
2989,2989,69,current,2014-03-28
2990,2990,33,savings,2020-03-15
2990,2990,33,savings,2020-03-15
2991,2991,36,savings,2006-05-21
2991,2991,36,savings,2006-05-21
2992,2992,25,savings,2013-09-10
2992,2992,25,savings,2013-09-10
2993,2993,58,current,2006-08-02
2993,2993,58,current,2006-08-02
2994,2994,90,savings,1997-05-23
2994,2994,90,savings,1997-05-23
2995,2995,66,savings,2007-09-20
2995,2995,66,savings,2007-09-20
2996,2996,98,savings,2024-06-11
2996,2996,98,savings,2024-06-11
2997,2997,31,current,1998-11-14
2997,2997,31,current,1998-11-14
2998,2998,44,current,2007-08-04
2998,2998,44,current,2007-08-04
2999,2999,63,savings,2009-01-20
2999,2999,63,savings,2009-01-20
3000,3000,45,current,2012-07-04
3000,3000,45,current,2012-07-04
3001,3001,83,current,2004-09-18
3001,3001,83,current,2004-09-18
3002,3002,82,savings,2013-11-21
3002,3002,82,savings,2013-11-21
3003,3003,50,current,1996-10-12
3003,3003,50,current,1996-10-12
3004,3004,67,current,2011-10-14
3004,3004,67,current,2011-10-14
3005,3005,71,savings,2017-05-02
3005,3005,71,savings,2017-05-02
3006,3006,87,current,2004-03-17
3006,3006,87,current,2004-03-17
3007,3007,1,current,1999-09-24
3007,3007,1,current,1999-09-24
3008,3008,71,current,2008-01-04
3008,3008,71,current,2008-01-04
3009,3009,86,current,2005-04-05
3009,3009,86,current,2005-04-05
3010,3010,67,current,2010-04-02
3010,3010,67,current,2010-04-02
3011,3011,83,savings,2016-03-17
3011,3011,83,savings,2016-03-17
3012,3012,94,savings,2016-06-25
3012,3012,94,savings,2016-06-25
3013,3013,9,current,1999-09-03
3013,3013,9,current,1999-09-03
3014,3014,99,savings,1999-02-09
3014,3014,99,savings,1999-02-09
3015,3015,35,savings,2017-10-13
3015,3015,35,savings,2017-10-13
3016,3016,13,savings,2015-05-09
3016,3016,13,savings,2015-05-09
3017,3017,26,savings,2013-06-20
3017,3017,26,savings,2013-06-20
3018,3018,45,current,2014-11-04
3018,3018,45,current,2014-11-04
3019,3019,51,current,1996-03-10
3019,3019,51,current,1996-03-10
3020,3020,92,current,2012-06-26
3020,3020,92,current,2012-06-26
3021,3021,25,savings,2013-08-08
3021,3021,25,savings,2013-08-08
3022,3022,56,current,2013-07-23
3022,3022,56,current,2013-07-23
3023,3023,39,savings,2020-05-11
3023,3023,39,savings,2020-05-11
3024,3024,3,current,1995-05-03
3024,3024,3,current,1995-05-03
3025,3025,75,current,2016-02-21
3025,3025,75,current,2016-02-21
3026,3026,94,savings,2010-05-22
3026,3026,94,savings,2010-05-22
3027,3027,53,current,1995-11-25
3027,3027,53,current,1995-11-25
3028,3028,33,savings,1996-10-23
3028,3028,33,savings,1996-10-23
3029,3029,62,current,2000-08-05
3029,3029,62,current,2000-08-05
3030,3030,98,savings,2007-09-05
3030,3030,98,savings,2007-09-05
3031,3031,67,savings,2015-09-12
3031,3031,67,savings,2015-09-12
3032,3032,69,savings,2010-07-05
3032,3032,69,savings,2010-07-05
3033,3033,95,current,2015-03-25
3033,3033,95,current,2015-03-25
3034,3034,4,current,2021-04-22
3034,3034,4,current,2021-04-22
3035,3035,72,savings,2012-02-22
3035,3035,72,savings,2012-02-22
3036,3036,59,savings,2020-02-23
3036,3036,59,savings,2020-02-23
3037,3037,17,savings,2010-12-03
3037,3037,17,savings,2010-12-03
3038,3038,22,current,2013-03-15
3038,3038,22,current,2013-03-15
3039,3039,38,savings,2020-04-08
3039,3039,38,savings,2020-04-08
3040,3040,88,current,2007-11-03
3040,3040,88,current,2007-11-03
3041,3041,31,current,2019-08-07
3041,3041,31,current,2019-08-07
3042,3042,49,current,2019-06-13
3042,3042,49,current,2019-06-13
3043,3043,52,savings,2021-02-20
3043,3043,52,savings,2021-02-20
3044,3044,89,current,2006-05-25
3044,3044,89,current,2006-05-25
3045,3045,38,savings,2009-04-25
3045,3045,38,savings,2009-04-25
3046,3046,96,savings,1996-12-10
3046,3046,96,savings,1996-12-10
3047,3047,49,current,2009-09-03
3047,3047,49,current,2009-09-03
3048,3048,90,current,2002-10-26
3048,3048,90,current,2002-10-26
3049,3049,27,savings,1999-06-20
3049,3049,27,savings,1999-06-20
3050,3050,23,current,2003-06-07
3050,3050,23,current,2003-06-07
3051,3051,84,current,2017-02-25
3051,3051,84,current,2017-02-25
3052,3052,27,current,2009-11-14
3052,3052,27,current,2009-11-14
3053,3053,81,current,2006-06-05
3053,3053,81,current,2006-06-05
3054,3054,14,savings,2006-12-02
3054,3054,14,savings,2006-12-02
3055,3055,3,current,2012-07-13
3055,3055,3,current,2012-07-13
3056,3056,27,current,2019-12-06
3056,3056,27,current,2019-12-06
3057,3057,62,current,2017-09-07
3057,3057,62,current,2017-09-07
3058,3058,14,current,2010-10-05
3058,3058,14,current,2010-10-05
3059,3059,92,current,2004-10-04
3059,3059,92,current,2004-10-04
3060,3060,44,current,2018-09-12
3060,3060,44,current,2018-09-12
3061,3061,25,current,2007-02-23
3061,3061,25,current,2007-02-23
3062,3062,61,current,2008-11-26
3062,3062,61,current,2008-11-26
3063,3063,75,current,2006-04-25
3063,3063,75,current,2006-04-25
3064,3064,52,savings,2008-09-14
3064,3064,52,savings,2008-09-14
3065,3065,12,savings,2010-07-05
3065,3065,12,savings,2010-07-05
3066,3066,97,current,2016-01-09
3066,3066,97,current,2016-01-09
3067,3067,84,current,2003-06-09
3067,3067,84,current,2003-06-09
3068,3068,34,savings,2011-02-14
3068,3068,34,savings,2011-02-14
3069,3069,23,savings,2000-04-27
3069,3069,23,savings,2000-04-27
3070,3070,19,current,1995-11-13
3070,3070,19,current,1995-11-13
3071,3071,1,savings,2008-10-07
3071,3071,1,savings,2008-10-07
3072,3072,74,savings,2002-05-15
3072,3072,74,savings,2002-05-15
3073,3073,65,savings,2022-12-09
3073,3073,65,savings,2022-12-09
3074,3074,5,savings,1996-01-21
3074,3074,5,savings,1996-01-21
3075,3075,57,savings,2003-10-15
3075,3075,57,savings,2003-10-15
3076,3076,22,savings,2008-02-25
3076,3076,22,savings,2008-02-25
3077,3077,43,savings,2014-02-01
3077,3077,43,savings,2014-02-01
3078,3078,2,savings,2011-09-26
3078,3078,2,savings,2011-09-26
3079,3079,73,current,2001-04-10
3079,3079,73,current,2001-04-10
3080,3080,7,savings,2002-06-06
3080,3080,7,savings,2002-06-06
3081,3081,21,current,2015-07-23
3081,3081,21,current,2015-07-23
3082,3082,71,savings,2010-03-09
3082,3082,71,savings,2010-03-09
3083,3083,59,current,2005-06-09
3083,3083,59,current,2005-06-09
3084,3084,9,current,2014-10-11
3084,3084,9,current,2014-10-11
3085,3085,40,current,2022-05-03
3085,3085,40,current,2022-05-03
3086,3086,73,current,2022-11-24
3086,3086,73,current,2022-11-24
3087,3087,49,savings,2020-08-12
3087,3087,49,savings,2020-08-12
3088,3088,12,current,2017-05-10
3088,3088,12,current,2017-05-10
3089,3089,73,savings,2006-07-03
3089,3089,73,savings,2006-07-03
3090,3090,10,current,2011-07-05
3090,3090,10,current,2011-07-05
3091,3091,74,savings,2004-04-02
3091,3091,74,savings,2004-04-02
3092,3092,17,current,1997-07-20
3092,3092,17,current,1997-07-20
3093,3093,4,savings,2019-09-18
3093,3093,4,savings,2019-09-18
3094,3094,64,savings,2012-04-17
3094,3094,64,savings,2012-04-17
3095,3095,16,current,2021-11-04
3095,3095,16,current,2021-11-04
3096,3096,49,savings,2015-11-13
3096,3096,49,savings,2015-11-13
3097,3097,27,savings,2004-03-22
3097,3097,27,savings,2004-03-22
3098,3098,6,current,2019-04-22
3098,3098,6,current,2019-04-22
3099,3099,9,savings,2001-10-22
3099,3099,9,savings,2001-10-22
3100,3100,58,current,2019-09-25
3100,3100,58,current,2019-09-25
3101,3101,32,current,2023-10-09
3101,3101,32,current,2023-10-09
3102,3102,38,savings,2021-07-25
3102,3102,38,savings,2021-07-25
3103,3103,30,current,2018-12-20
3103,3103,30,current,2018-12-20
3104,3104,78,current,1995-01-09
3104,3104,78,current,1995-01-09
3105,3105,45,savings,1995-09-04
3105,3105,45,savings,1995-09-04
3106,3106,29,savings,2009-04-24
3106,3106,29,savings,2009-04-24
3107,3107,92,savings,2020-09-01
3107,3107,92,savings,2020-09-01
3108,3108,22,current,2012-09-24
3108,3108,22,current,2012-09-24
3109,3109,31,current,2012-07-12
3109,3109,31,current,2012-07-12
3110,3110,81,savings,2012-09-11
3110,3110,81,savings,2012-09-11
3111,3111,17,savings,2005-03-08
3111,3111,17,savings,2005-03-08
3112,3112,54,savings,2008-05-10
3112,3112,54,savings,2008-05-10
3113,3113,79,savings,2019-04-19
3113,3113,79,savings,2019-04-19
3114,3114,47,savings,2020-07-16
3114,3114,47,savings,2020-07-16
3115,3115,32,savings,2009-02-25
3115,3115,32,savings,2009-02-25
3116,3116,28,savings,2003-11-01
3116,3116,28,savings,2003-11-01
3117,3117,11,savings,2022-04-27
3117,3117,11,savings,2022-04-27
3118,3118,39,savings,1998-03-19
3118,3118,39,savings,1998-03-19
3119,3119,17,savings,2006-12-23
3119,3119,17,savings,2006-12-23
3120,3120,76,current,2017-04-14
3120,3120,76,current,2017-04-14
3121,3121,39,current,2016-07-09
3121,3121,39,current,2016-07-09
3122,3122,73,current,2018-12-06
3122,3122,73,current,2018-12-06
3123,3123,25,savings,1999-05-19
3123,3123,25,savings,1999-05-19
3124,3124,26,savings,1999-12-16
3124,3124,26,savings,1999-12-16
3125,3125,68,current,2020-05-17
3125,3125,68,current,2020-05-17
3126,3126,62,current,2020-04-28
3126,3126,62,current,2020-04-28
3127,3127,19,current,2004-11-22
3127,3127,19,current,2004-11-22
3128,3128,13,savings,1999-08-25
3128,3128,13,savings,1999-08-25
3129,3129,29,savings,2024-10-11
3129,3129,29,savings,2024-10-11
3130,3130,54,current,2006-07-04
3130,3130,54,current,2006-07-04
3131,3131,73,savings,2005-04-02
3131,3131,73,savings,2005-04-02
3132,3132,42,current,2003-09-02
3132,3132,42,current,2003-09-02
3133,3133,62,current,2002-08-28
3133,3133,62,current,2002-08-28
3134,3134,71,current,2003-12-04
3134,3134,71,current,2003-12-04
3135,3135,71,savings,2003-12-28
3135,3135,71,savings,2003-12-28
3136,3136,21,current,2024-02-04
3136,3136,21,current,2024-02-04
3137,3137,9,savings,2001-01-10
3137,3137,9,savings,2001-01-10
3138,3138,45,current,2003-08-19
3138,3138,45,current,2003-08-19
3139,3139,27,current,2017-05-22
3139,3139,27,current,2017-05-22
3140,3140,48,savings,2015-02-11
3140,3140,48,savings,2015-02-11
3141,3141,85,savings,2003-10-01
3141,3141,85,savings,2003-10-01
3142,3142,69,current,1995-07-19
3142,3142,69,current,1995-07-19
3143,3143,5,savings,2005-01-20
3143,3143,5,savings,2005-01-20
3144,3144,72,current,2010-01-12
3144,3144,72,current,2010-01-12
3145,3145,15,current,1999-12-06
3145,3145,15,current,1999-12-06
3146,3146,77,savings,2016-06-25
3146,3146,77,savings,2016-06-25
3147,3147,97,current,2007-05-28
3147,3147,97,current,2007-05-28
3148,3148,44,current,2003-06-23
3148,3148,44,current,2003-06-23
3149,3149,47,current,1996-05-12
3149,3149,47,current,1996-05-12
3150,3150,32,current,2007-12-05
3150,3150,32,current,2007-12-05
3151,3151,36,current,1996-10-15
3151,3151,36,current,1996-10-15
3152,3152,49,current,2004-03-28
3152,3152,49,current,2004-03-28
3153,3153,53,current,2023-12-17
3153,3153,53,current,2023-12-17
3154,3154,23,savings,1997-04-06
3154,3154,23,savings,1997-04-06
3155,3155,34,savings,2008-09-20
3155,3155,34,savings,2008-09-20
3156,3156,18,current,2019-06-17
3156,3156,18,current,2019-06-17
3157,3157,12,current,2000-01-21
3157,3157,12,current,2000-01-21
3158,3158,87,savings,2019-04-28
3158,3158,87,savings,2019-04-28
3159,3159,2,current,2017-09-10
3159,3159,2,current,2017-09-10
3160,3160,27,savings,2014-08-18
3160,3160,27,savings,2014-08-18
3161,3161,50,savings,1998-06-04
3161,3161,50,savings,1998-06-04
3162,3162,31,savings,2007-04-01
3162,3162,31,savings,2007-04-01
3163,3163,48,current,1995-04-12
3163,3163,48,current,1995-04-12
3164,3164,86,current,2007-03-28
3164,3164,86,current,2007-03-28
3165,3165,69,savings,2000-10-10
3165,3165,69,savings,2000-10-10
3166,3166,17,savings,2003-11-24
3166,3166,17,savings,2003-11-24
3167,3167,43,current,2007-07-15
3167,3167,43,current,2007-07-15
3168,3168,71,current,2004-07-26
3168,3168,71,current,2004-07-26
3169,3169,18,savings,2005-02-10
3169,3169,18,savings,2005-02-10
3170,3170,66,savings,2003-09-26
3170,3170,66,savings,2003-09-26
3171,3171,31,savings,2019-04-17
3171,3171,31,savings,2019-04-17
3172,3172,63,current,1997-05-26
3172,3172,63,current,1997-05-26
3173,3173,28,current,2009-11-12
3173,3173,28,current,2009-11-12
3174,3174,67,savings,2000-07-11
3174,3174,67,savings,2000-07-11
3175,3175,9,current,1997-01-06
3175,3175,9,current,1997-01-06
3176,3176,97,current,2023-12-20
3176,3176,97,current,2023-12-20
3177,3177,28,savings,2024-09-11
3177,3177,28,savings,2024-09-11
3178,3178,92,current,2009-05-08
3178,3178,92,current,2009-05-08
3179,3179,18,current,2016-01-14
3179,3179,18,current,2016-01-14
3180,3180,15,savings,1997-01-13
3180,3180,15,savings,1997-01-13
3181,3181,75,savings,2003-09-16
3181,3181,75,savings,2003-09-16
3182,3182,89,current,2007-05-13
3182,3182,89,current,2007-05-13
3183,3183,5,current,2020-11-21
3183,3183,5,current,2020-11-21
3184,3184,41,savings,2023-01-13
3184,3184,41,savings,2023-01-13
3185,3185,91,current,2019-03-06
3185,3185,91,current,2019-03-06
3186,3186,76,savings,2000-08-16
3186,3186,76,savings,2000-08-16
3187,3187,74,savings,2021-10-17
3187,3187,74,savings,2021-10-17
3188,3188,73,savings,2004-04-10
3188,3188,73,savings,2004-04-10
3189,3189,66,current,2009-07-18
3189,3189,66,current,2009-07-18
3190,3190,73,savings,2016-09-17
3190,3190,73,savings,2016-09-17
3191,3191,51,current,2022-09-08
3191,3191,51,current,2022-09-08
3192,3192,16,savings,2004-03-20
3192,3192,16,savings,2004-03-20
3193,3193,65,savings,2000-02-15
3193,3193,65,savings,2000-02-15
3194,3194,85,current,1999-08-28
3194,3194,85,current,1999-08-28
3195,3195,57,savings,2024-10-13
3195,3195,57,savings,2024-10-13
3196,3196,37,savings,2020-10-05
3196,3196,37,savings,2020-10-05
3197,3197,39,current,2016-06-09
3197,3197,39,current,2016-06-09
3198,3198,65,current,2024-01-02
3198,3198,65,current,2024-01-02
3199,3199,49,savings,2012-11-23
3199,3199,49,savings,2012-11-23
3200,3200,47,savings,1997-02-05
3200,3200,47,savings,1997-02-05
3201,3201,40,current,2011-11-02
3201,3201,40,current,2011-11-02
3202,3202,14,savings,1997-04-16
3202,3202,14,savings,1997-04-16
3203,3203,40,savings,1996-03-03
3203,3203,40,savings,1996-03-03
3204,3204,48,savings,2006-06-25
3204,3204,48,savings,2006-06-25
3205,3205,32,current,2023-02-04
3205,3205,32,current,2023-02-04
3206,3206,88,current,2024-09-10
3206,3206,88,current,2024-09-10
3207,3207,39,current,2013-07-01
3207,3207,39,current,2013-07-01
3208,3208,33,current,2009-05-02
3208,3208,33,current,2009-05-02
3209,3209,30,savings,2005-06-09
3209,3209,30,savings,2005-06-09
3210,3210,26,current,2007-07-14
3210,3210,26,current,2007-07-14
3211,3211,43,current,2000-03-15
3211,3211,43,current,2000-03-15
3212,3212,55,current,2021-01-16
3212,3212,55,current,2021-01-16
3213,3213,44,current,2013-08-09
3213,3213,44,current,2013-08-09
3214,3214,78,savings,2014-04-23
3214,3214,78,savings,2014-04-23
3215,3215,76,current,2007-09-18
3215,3215,76,current,2007-09-18
3216,3216,3,current,2010-07-23
3216,3216,3,current,2010-07-23
3217,3217,7,savings,2007-06-14
3217,3217,7,savings,2007-06-14
3218,3218,85,savings,2000-06-09
3218,3218,85,savings,2000-06-09
3219,3219,58,current,2006-05-09
3219,3219,58,current,2006-05-09
3220,3220,91,current,1995-03-19
3220,3220,91,current,1995-03-19
3221,3221,10,current,2022-07-16
3221,3221,10,current,2022-07-16
3222,3222,10,savings,2018-07-19
3222,3222,10,savings,2018-07-19
3223,3223,81,current,2002-05-22
3223,3223,81,current,2002-05-22
3224,3224,42,savings,2015-12-09
3224,3224,42,savings,2015-12-09
3225,3225,34,savings,2006-09-28
3225,3225,34,savings,2006-09-28
3226,3226,82,savings,2024-07-25
3226,3226,82,savings,2024-07-25
3227,3227,26,savings,2006-08-26
3227,3227,26,savings,2006-08-26
3228,3228,60,current,2023-09-10
3228,3228,60,current,2023-09-10
3229,3229,2,savings,1998-08-23
3229,3229,2,savings,1998-08-23
3230,3230,73,current,2002-05-19
3230,3230,73,current,2002-05-19
3231,3231,45,savings,2003-04-13
3231,3231,45,savings,2003-04-13
3232,3232,5,current,2012-05-26
3232,3232,5,current,2012-05-26
3233,3233,26,current,2003-03-27
3233,3233,26,current,2003-03-27
3234,3234,79,current,2006-02-19
3234,3234,79,current,2006-02-19
3235,3235,25,savings,2016-01-14
3235,3235,25,savings,2016-01-14
3236,3236,26,savings,2000-06-08
3236,3236,26,savings,2000-06-08
3237,3237,92,current,2018-06-08
3237,3237,92,current,2018-06-08
3238,3238,87,savings,2021-08-06
3238,3238,87,savings,2021-08-06
3239,3239,85,current,2018-09-25
3239,3239,85,current,2018-09-25
3240,3240,22,savings,2002-09-07
3240,3240,22,savings,2002-09-07
3241,3241,19,savings,2018-06-18
3241,3241,19,savings,2018-06-18
3242,3242,10,savings,2010-05-28
3242,3242,10,savings,2010-05-28
3243,3243,42,current,2020-01-15
3243,3243,42,current,2020-01-15
3244,3244,31,current,2023-09-20
3244,3244,31,current,2023-09-20
3245,3245,31,savings,1999-07-11
3245,3245,31,savings,1999-07-11
3246,3246,99,current,2024-12-17
3246,3246,99,current,2024-12-17
3247,3247,75,savings,2003-05-16
3247,3247,75,savings,2003-05-16
3248,3248,81,current,2000-04-10
3248,3248,81,current,2000-04-10
3249,3249,97,current,2004-06-21
3249,3249,97,current,2004-06-21
3250,3250,86,current,2024-07-21
3250,3250,86,current,2024-07-21
3251,3251,90,savings,2019-12-16
3251,3251,90,savings,2019-12-16
3252,3252,36,current,1996-09-10
3252,3252,36,current,1996-09-10
3253,3253,66,savings,2007-07-22
3253,3253,66,savings,2007-07-22
3254,3254,32,savings,1998-10-09
3254,3254,32,savings,1998-10-09
3255,3255,67,savings,2019-03-08
3255,3255,67,savings,2019-03-08
3256,3256,63,current,2024-01-03
3256,3256,63,current,2024-01-03
3257,3257,23,current,2003-06-05
3257,3257,23,current,2003-06-05
3258,3258,50,savings,2008-06-19
3258,3258,50,savings,2008-06-19
3259,3259,65,current,2016-05-13
3259,3259,65,current,2016-05-13
3260,3260,69,savings,2024-06-08
3260,3260,69,savings,2024-06-08
3261,3261,44,savings,2013-03-16
3261,3261,44,savings,2013-03-16
3262,3262,58,savings,2019-06-15
3262,3262,58,savings,2019-06-15
3263,3263,57,current,2016-08-13
3263,3263,57,current,2016-08-13
3264,3264,37,current,2005-10-21
3264,3264,37,current,2005-10-21
3265,3265,65,current,2004-11-21
3265,3265,65,current,2004-11-21
3266,3266,18,savings,2024-03-04
3266,3266,18,savings,2024-03-04
3267,3267,5,current,2020-11-26
3267,3267,5,current,2020-11-26
3268,3268,82,savings,2015-09-08
3268,3268,82,savings,2015-09-08
3269,3269,99,savings,1999-01-25
3269,3269,99,savings,1999-01-25
3270,3270,96,current,2015-07-16
3270,3270,96,current,2015-07-16
3271,3271,26,current,2014-07-25
3271,3271,26,current,2014-07-25
3272,3272,33,savings,2011-07-12
3272,3272,33,savings,2011-07-12
3273,3273,42,savings,1995-07-21
3273,3273,42,savings,1995-07-21
3274,3274,88,current,2001-03-28
3274,3274,88,current,2001-03-28
3275,3275,27,current,2014-07-05
3275,3275,27,current,2014-07-05
3276,3276,54,savings,1999-09-02
3276,3276,54,savings,1999-09-02
3277,3277,83,current,2014-09-27
3277,3277,83,current,2014-09-27
3278,3278,82,current,2011-04-27
3278,3278,82,current,2011-04-27
3279,3279,79,savings,2007-04-03
3279,3279,79,savings,2007-04-03
3280,3280,91,current,2002-01-23
3280,3280,91,current,2002-01-23
3281,3281,75,savings,2020-12-25
3281,3281,75,savings,2020-12-25
3282,3282,24,current,2004-03-14
3282,3282,24,current,2004-03-14
3283,3283,3,savings,2008-03-08
3283,3283,3,savings,2008-03-08
3284,3284,39,savings,2000-07-07
3284,3284,39,savings,2000-07-07
3285,3285,71,current,2015-02-18
3285,3285,71,current,2015-02-18
3286,3286,12,current,2019-01-21
3286,3286,12,current,2019-01-21
3287,3287,33,current,2024-11-12
3287,3287,33,current,2024-11-12
3288,3288,22,current,2018-07-14
3288,3288,22,current,2018-07-14
3289,3289,35,savings,2011-11-27
3289,3289,35,savings,2011-11-27
3290,3290,14,current,2011-09-03
3290,3290,14,current,2011-09-03
3291,3291,26,current,2007-08-22
3291,3291,26,current,2007-08-22
3292,3292,83,savings,2004-05-06
3292,3292,83,savings,2004-05-06
3293,3293,85,savings,2022-03-03
3293,3293,85,savings,2022-03-03
3294,3294,54,savings,2017-09-04
3294,3294,54,savings,2017-09-04
3295,3295,41,current,2021-01-21
3295,3295,41,current,2021-01-21
3296,3296,45,savings,2008-05-15
3296,3296,45,savings,2008-05-15
3297,3297,31,current,2009-10-11
3297,3297,31,current,2009-10-11
3298,3298,69,savings,2015-07-12
3298,3298,69,savings,2015-07-12
3299,3299,99,current,2015-01-22
3299,3299,99,current,2015-01-22
3300,3300,17,savings,2021-01-14
3300,3300,17,savings,2021-01-14
3301,3301,60,savings,2011-04-22
3301,3301,60,savings,2011-04-22
3302,3302,96,current,2017-06-09
3302,3302,96,current,2017-06-09
3303,3303,4,current,2015-08-04
3303,3303,4,current,2015-08-04
3304,3304,10,current,2009-02-17
3304,3304,10,current,2009-02-17
3305,3305,94,savings,2003-11-05
3305,3305,94,savings,2003-11-05
3306,3306,9,current,2022-10-17
3306,3306,9,current,2022-10-17
3307,3307,61,savings,2005-10-07
3307,3307,61,savings,2005-10-07
3308,3308,90,current,2011-08-19
3308,3308,90,current,2011-08-19
3309,3309,22,current,2016-06-02
3309,3309,22,current,2016-06-02
3310,3310,21,savings,2012-08-13
3310,3310,21,savings,2012-08-13
3311,3311,23,savings,1997-02-06
3311,3311,23,savings,1997-02-06
3312,3312,61,current,2017-12-27
3312,3312,61,current,2017-12-27
3313,3313,12,savings,2019-02-15
3313,3313,12,savings,2019-02-15
3314,3314,95,current,1999-12-07
3314,3314,95,current,1999-12-07
3315,3315,17,current,2010-03-26
3315,3315,17,current,2010-03-26
3316,3316,55,current,2010-11-27
3316,3316,55,current,2010-11-27
3317,3317,21,current,1997-10-23
3317,3317,21,current,1997-10-23
3318,3318,54,current,2020-10-14
3318,3318,54,current,2020-10-14
3319,3319,47,current,2017-05-08
3319,3319,47,current,2017-05-08
3320,3320,41,current,2020-11-20
3320,3320,41,current,2020-11-20
3321,3321,97,current,2014-03-03
3321,3321,97,current,2014-03-03
3322,3322,15,current,1998-10-28
3322,3322,15,current,1998-10-28
3323,3323,96,current,1999-10-08
3323,3323,96,current,1999-10-08
3324,3324,59,current,2009-11-01
3324,3324,59,current,2009-11-01
3325,3325,99,savings,2000-06-11
3325,3325,99,savings,2000-06-11
3326,3326,15,savings,1998-07-27
3326,3326,15,savings,1998-07-27
3327,3327,29,current,2022-07-28
3327,3327,29,current,2022-07-28
3328,3328,11,current,2023-04-20
3328,3328,11,current,2023-04-20
3329,3329,29,current,1995-11-16
3329,3329,29,current,1995-11-16
3330,3330,86,current,2014-12-09
3330,3330,86,current,2014-12-09
3331,3331,90,savings,2011-04-19
3331,3331,90,savings,2011-04-19
3332,3332,82,savings,1996-04-23
3332,3332,82,savings,1996-04-23
3333,3333,89,savings,2001-03-28
3333,3333,89,savings,2001-03-28
3334,3334,85,current,2011-04-19
3334,3334,85,current,2011-04-19
3335,3335,88,savings,1999-04-11
3335,3335,88,savings,1999-04-11
3336,3336,56,savings,2021-05-08
3336,3336,56,savings,2021-05-08
3337,3337,92,savings,2003-08-21
3337,3337,92,savings,2003-08-21
3338,3338,53,savings,2024-04-07
3338,3338,53,savings,2024-04-07
3339,3339,3,savings,2021-08-20
3339,3339,3,savings,2021-08-20
3340,3340,13,current,1996-11-20
3340,3340,13,current,1996-11-20
3341,3341,38,savings,2015-01-11
3341,3341,38,savings,2015-01-11
3342,3342,70,savings,2003-08-15
3342,3342,70,savings,2003-08-15
3343,3343,11,savings,1997-02-06
3343,3343,11,savings,1997-02-06
3344,3344,23,current,2007-06-20
3344,3344,23,current,2007-06-20
3345,3345,73,savings,2023-10-28
3345,3345,73,savings,2023-10-28
3346,3346,56,savings,2010-02-24
3346,3346,56,savings,2010-02-24
3347,3347,17,current,2019-09-06
3347,3347,17,current,2019-09-06
3348,3348,9,current,2014-02-27
3348,3348,9,current,2014-02-27
3349,3349,83,savings,2010-03-18
3349,3349,83,savings,2010-03-18
3350,3350,99,savings,2007-12-04
3350,3350,99,savings,2007-12-04
3351,3351,96,savings,2007-06-09
3351,3351,96,savings,2007-06-09
3352,3352,92,current,2003-12-20
3352,3352,92,current,2003-12-20
3353,3353,28,current,1996-11-23
3353,3353,28,current,1996-11-23
3354,3354,79,savings,2005-10-28
3354,3354,79,savings,2005-10-28
3355,3355,19,savings,2018-07-28
3355,3355,19,savings,2018-07-28
3356,3356,97,savings,2010-01-18
3356,3356,97,savings,2010-01-18
3357,3357,87,savings,2011-02-12
3357,3357,87,savings,2011-02-12
3358,3358,92,savings,1995-07-01
3358,3358,92,savings,1995-07-01
3359,3359,4,savings,1998-08-02
3359,3359,4,savings,1998-08-02
3360,3360,47,savings,2020-05-05
3360,3360,47,savings,2020-05-05
3361,3361,47,savings,2001-07-08
3361,3361,47,savings,2001-07-08
3362,3362,31,current,2003-02-04
3362,3362,31,current,2003-02-04
3363,3363,99,savings,1995-01-06
3363,3363,99,savings,1995-01-06
3364,3364,5,savings,2016-06-01
3364,3364,5,savings,2016-06-01
3365,3365,33,current,1997-09-08
3365,3365,33,current,1997-09-08
3366,3366,48,current,2019-02-23
3366,3366,48,current,2019-02-23
3367,3367,32,current,1996-04-09
3367,3367,32,current,1996-04-09
3368,3368,79,savings,1999-02-06
3368,3368,79,savings,1999-02-06
3369,3369,59,savings,2022-09-02
3369,3369,59,savings,2022-09-02
3370,3370,98,savings,2021-10-14
3370,3370,98,savings,2021-10-14
3371,3371,64,current,1997-04-18
3371,3371,64,current,1997-04-18
3372,3372,47,savings,1997-12-01
3372,3372,47,savings,1997-12-01
3373,3373,9,savings,2017-08-11
3373,3373,9,savings,2017-08-11
3374,3374,35,savings,2000-11-24
3374,3374,35,savings,2000-11-24
3375,3375,47,savings,2021-12-16
3375,3375,47,savings,2021-12-16
3376,3376,88,current,2022-11-08
3376,3376,88,current,2022-11-08
3377,3377,82,savings,2012-10-12
3377,3377,82,savings,2012-10-12
3378,3378,17,savings,2020-06-28
3378,3378,17,savings,2020-06-28
3379,3379,1,savings,1995-10-20
3379,3379,1,savings,1995-10-20
3380,3380,55,savings,2010-05-06
3380,3380,55,savings,2010-05-06
3381,3381,11,current,2003-10-26
3381,3381,11,current,2003-10-26
3382,3382,33,savings,2000-07-04
3382,3382,33,savings,2000-07-04
3383,3383,70,current,2012-01-28
3383,3383,70,current,2012-01-28
3384,3384,56,savings,2010-05-08
3384,3384,56,savings,2010-05-08
3385,3385,64,savings,1999-10-28
3385,3385,64,savings,1999-10-28
3386,3386,93,current,2009-01-06
3386,3386,93,current,2009-01-06
3387,3387,58,current,1996-05-17
3387,3387,58,current,1996-05-17
3388,3388,20,savings,2019-03-16
3388,3388,20,savings,2019-03-16
3389,3389,18,current,2005-02-21
3389,3389,18,current,2005-02-21
3390,3390,78,savings,2009-01-01
3390,3390,78,savings,2009-01-01
3391,3391,45,savings,2005-05-11
3391,3391,45,savings,2005-05-11
3392,3392,43,current,2017-05-04
3392,3392,43,current,2017-05-04
3393,3393,20,savings,2010-02-18
3393,3393,20,savings,2010-02-18
3394,3394,57,savings,2012-03-22
3394,3394,57,savings,2012-03-22
3395,3395,82,current,2007-05-10
3395,3395,82,current,2007-05-10
3396,3396,27,current,2016-04-16
3396,3396,27,current,2016-04-16
3397,3397,18,savings,2005-01-01
3397,3397,18,savings,2005-01-01
3398,3398,17,savings,2001-10-07
3398,3398,17,savings,2001-10-07
3399,3399,60,savings,2022-12-14
3399,3399,60,savings,2022-12-14
3400,3400,89,current,1996-09-03
3400,3400,89,current,1996-09-03
3401,3401,5,savings,1995-02-21
3401,3401,5,savings,1995-02-21
3402,3402,6,savings,2020-01-20
3402,3402,6,savings,2020-01-20
3403,3403,97,current,2018-03-18
3403,3403,97,current,2018-03-18
3404,3404,15,savings,2013-10-05
3404,3404,15,savings,2013-10-05
3405,3405,39,current,2020-12-04
3405,3405,39,current,2020-12-04
3406,3406,80,current,2021-04-21
3406,3406,80,current,2021-04-21
3407,3407,39,savings,1998-06-01
3407,3407,39,savings,1998-06-01
3408,3408,88,current,2014-05-17
3408,3408,88,current,2014-05-17
3409,3409,21,savings,2018-05-21
3409,3409,21,savings,2018-05-21
3410,3410,13,savings,1997-12-21
3410,3410,13,savings,1997-12-21
3411,3411,29,current,2015-10-01
3411,3411,29,current,2015-10-01
3412,3412,98,current,1996-07-06
3412,3412,98,current,1996-07-06
3413,3413,5,current,2017-05-24
3413,3413,5,current,2017-05-24
3414,3414,67,savings,1999-03-14
3414,3414,67,savings,1999-03-14
3415,3415,21,savings,2001-04-28
3415,3415,21,savings,2001-04-28
3416,3416,9,current,2001-04-22
3416,3416,9,current,2001-04-22
3417,3417,67,savings,1995-12-03
3417,3417,67,savings,1995-12-03
3418,3418,44,current,2020-12-08
3418,3418,44,current,2020-12-08
3419,3419,62,savings,2001-04-08
3419,3419,62,savings,2001-04-08
3420,3420,94,savings,2014-05-16
3420,3420,94,savings,2014-05-16
3421,3421,67,savings,2017-04-28
3421,3421,67,savings,2017-04-28
3422,3422,62,savings,1999-01-15
3422,3422,62,savings,1999-01-15
3423,3423,62,current,2008-03-18
3423,3423,62,current,2008-03-18
3424,3424,60,savings,2024-04-22
3424,3424,60,savings,2024-04-22
3425,3425,49,current,1996-08-21
3425,3425,49,current,1996-08-21
3426,3426,39,savings,2004-03-26
3426,3426,39,savings,2004-03-26
3427,3427,41,savings,2022-11-15
3427,3427,41,savings,2022-11-15
3428,3428,50,current,2016-04-13
3428,3428,50,current,2016-04-13
3429,3429,98,savings,2002-09-19
3429,3429,98,savings,2002-09-19
3430,3430,17,current,2004-01-19
3430,3430,17,current,2004-01-19
3431,3431,53,savings,2006-07-19
3431,3431,53,savings,2006-07-19
3432,3432,55,savings,2014-01-02
3432,3432,55,savings,2014-01-02
3433,3433,78,savings,2014-12-02
3433,3433,78,savings,2014-12-02
3434,3434,75,current,1999-07-15
3434,3434,75,current,1999-07-15
3435,3435,56,savings,2020-04-15
3435,3435,56,savings,2020-04-15
3436,3436,1,current,2000-02-26
3436,3436,1,current,2000-02-26
3437,3437,65,savings,2015-09-14
3437,3437,65,savings,2015-09-14
3438,3438,64,current,1996-04-05
3438,3438,64,current,1996-04-05
3439,3439,52,current,2006-06-13
3439,3439,52,current,2006-06-13
3440,3440,15,current,2017-02-04
3440,3440,15,current,2017-02-04
3441,3441,2,current,2014-07-03
3441,3441,2,current,2014-07-03
3442,3442,12,savings,1995-08-16
3442,3442,12,savings,1995-08-16
3443,3443,45,current,2002-08-21
3443,3443,45,current,2002-08-21
3444,3444,57,current,2007-01-23
3444,3444,57,current,2007-01-23
3445,3445,42,savings,2000-03-17
3445,3445,42,savings,2000-03-17
3446,3446,2,current,1996-10-15
3446,3446,2,current,1996-10-15
3447,3447,87,savings,1996-10-08
3447,3447,87,savings,1996-10-08
3448,3448,62,savings,2019-11-16
3448,3448,62,savings,2019-11-16
3449,3449,34,savings,2018-03-25
3449,3449,34,savings,2018-03-25
3450,3450,17,savings,2019-11-24
3450,3450,17,savings,2019-11-24
3451,3451,41,current,2000-07-04
3451,3451,41,current,2000-07-04
3452,3452,78,savings,2004-03-28
3452,3452,78,savings,2004-03-28
3453,3453,75,current,2012-05-18
3453,3453,75,current,2012-05-18
3454,3454,84,savings,2003-04-22
3454,3454,84,savings,2003-04-22
3455,3455,71,current,2000-04-02
3455,3455,71,current,2000-04-02
3456,3456,65,savings,2015-02-05
3456,3456,65,savings,2015-02-05
3457,3457,15,current,1996-08-25
3457,3457,15,current,1996-08-25
3458,3458,38,savings,2010-11-26
3458,3458,38,savings,2010-11-26
3459,3459,98,current,2024-07-24
3459,3459,98,current,2024-07-24
3460,3460,73,current,2001-07-25
3460,3460,73,current,2001-07-25
3461,3461,65,current,2006-12-07
3461,3461,65,current,2006-12-07
3462,3462,9,savings,2016-09-28
3462,3462,9,savings,2016-09-28
3463,3463,42,current,2003-11-28
3463,3463,42,current,2003-11-28
3464,3464,66,current,2004-10-09
3464,3464,66,current,2004-10-09
3465,3465,86,current,2009-03-16
3465,3465,86,current,2009-03-16
3466,3466,89,savings,2010-11-18
3466,3466,89,savings,2010-11-18
3467,3467,51,savings,2015-01-02
3467,3467,51,savings,2015-01-02
3468,3468,78,current,2011-11-04
3468,3468,78,current,2011-11-04
3469,3469,99,current,2009-12-22
3469,3469,99,current,2009-12-22
3470,3470,80,current,2018-11-19
3470,3470,80,current,2018-11-19
3471,3471,19,current,2014-09-12
3471,3471,19,current,2014-09-12
3472,3472,31,current,1995-10-26
3472,3472,31,current,1995-10-26
3473,3473,66,savings,2023-12-06
3473,3473,66,savings,2023-12-06
3474,3474,32,savings,2012-06-05
3474,3474,32,savings,2012-06-05
3475,3475,75,savings,2023-03-03
3475,3475,75,savings,2023-03-03
3476,3476,8,savings,2003-01-17
3476,3476,8,savings,2003-01-17
3477,3477,69,savings,2010-04-04
3477,3477,69,savings,2010-04-04
3478,3478,98,savings,2006-07-17
3478,3478,98,savings,2006-07-17
3479,3479,32,current,2020-11-10
3479,3479,32,current,2020-11-10
3480,3480,47,savings,2004-11-04
3480,3480,47,savings,2004-11-04
3481,3481,70,current,1999-11-20
3481,3481,70,current,1999-11-20
3482,3482,8,savings,2023-10-05
3482,3482,8,savings,2023-10-05
3483,3483,34,current,2017-11-18
3483,3483,34,current,2017-11-18
3484,3484,4,current,1999-04-04
3484,3484,4,current,1999-04-04
3485,3485,36,current,2011-07-26
3485,3485,36,current,2011-07-26
3486,3486,44,current,2008-08-08
3486,3486,44,current,2008-08-08
3487,3487,25,savings,2017-04-07
3487,3487,25,savings,2017-04-07
3488,3488,26,savings,2014-08-10
3488,3488,26,savings,2014-08-10
3489,3489,33,current,2005-05-18
3489,3489,33,current,2005-05-18
3490,3490,9,current,2021-09-16
3490,3490,9,current,2021-09-16
3491,3491,47,current,2012-11-13
3491,3491,47,current,2012-11-13
3492,3492,72,current,2012-08-27
3492,3492,72,current,2012-08-27
3493,3493,17,savings,2006-10-11
3493,3493,17,savings,2006-10-11
3494,3494,15,savings,2000-05-23
3494,3494,15,savings,2000-05-23
3495,3495,42,current,2019-07-23
3495,3495,42,current,2019-07-23
3496,3496,54,current,2024-06-24
3496,3496,54,current,2024-06-24
3497,3497,13,current,2014-05-24
3497,3497,13,current,2014-05-24
3498,3498,50,current,1995-12-11
3498,3498,50,current,1995-12-11
3499,3499,44,current,2019-07-26
3499,3499,44,current,2019-07-26
3500,3500,3,current,2019-04-06
3500,3500,3,current,2019-04-06
3501,3501,53,savings,2022-12-01
3501,3501,53,savings,2022-12-01
3502,3502,56,current,2011-01-19
3502,3502,56,current,2011-01-19
3503,3503,54,current,2017-03-28
3503,3503,54,current,2017-03-28
3504,3504,57,current,2014-11-01
3504,3504,57,current,2014-11-01
3505,3505,12,current,2013-08-17
3505,3505,12,current,2013-08-17
3506,3506,93,current,2021-04-10
3506,3506,93,current,2021-04-10
3507,3507,59,current,2012-06-28
3507,3507,59,current,2012-06-28
3508,3508,65,current,2002-01-12
3508,3508,65,current,2002-01-12
3509,3509,96,savings,1998-09-04
3509,3509,96,savings,1998-09-04
3510,3510,37,current,2014-04-22
3510,3510,37,current,2014-04-22
3511,3511,20,savings,2017-09-11
3511,3511,20,savings,2017-09-11
3512,3512,72,current,2019-11-17
3512,3512,72,current,2019-11-17
3513,3513,37,savings,2021-03-11
3513,3513,37,savings,2021-03-11
3514,3514,31,savings,1995-08-09
3514,3514,31,savings,1995-08-09
3515,3515,95,savings,2003-06-26
3515,3515,95,savings,2003-06-26
3516,3516,25,savings,2016-04-08
3516,3516,25,savings,2016-04-08
3517,3517,50,current,2012-02-27
3517,3517,50,current,2012-02-27
3518,3518,49,savings,2007-04-03
3518,3518,49,savings,2007-04-03
3519,3519,8,current,1995-06-05
3519,3519,8,current,1995-06-05
3520,3520,94,current,2019-12-19
3520,3520,94,current,2019-12-19
3521,3521,94,current,2002-08-02
3521,3521,94,current,2002-08-02
3522,3522,91,current,2001-01-09
3522,3522,91,current,2001-01-09
3523,3523,35,savings,2004-06-16
3523,3523,35,savings,2004-06-16
3524,3524,13,current,2018-12-21
3524,3524,13,current,2018-12-21
3525,3525,21,savings,2016-05-13
3525,3525,21,savings,2016-05-13
3526,3526,73,savings,2010-11-27
3526,3526,73,savings,2010-11-27
3527,3527,24,current,1996-06-23
3527,3527,24,current,1996-06-23
3528,3528,48,current,2001-08-01
3528,3528,48,current,2001-08-01
3529,3529,33,savings,2009-08-20
3529,3529,33,savings,2009-08-20
3530,3530,1,savings,2017-06-13
3530,3530,1,savings,2017-06-13
3531,3531,72,savings,2020-03-15
3531,3531,72,savings,2020-03-15
3532,3532,3,current,2019-05-24
3532,3532,3,current,2019-05-24
3533,3533,14,savings,2000-11-18
3533,3533,14,savings,2000-11-18
3534,3534,14,current,1999-12-24
3534,3534,14,current,1999-12-24
3535,3535,49,savings,2019-06-14
3535,3535,49,savings,2019-06-14
3536,3536,33,savings,2010-09-08
3536,3536,33,savings,2010-09-08
3537,3537,4,current,2016-08-10
3537,3537,4,current,2016-08-10
3538,3538,38,savings,2024-01-23
3538,3538,38,savings,2024-01-23
3539,3539,25,current,2008-05-23
3539,3539,25,current,2008-05-23
3540,3540,47,savings,2006-05-22
3540,3540,47,savings,2006-05-22
3541,3541,13,current,2016-08-01
3541,3541,13,current,2016-08-01
3542,3542,39,current,1999-08-14
3542,3542,39,current,1999-08-14
3543,3543,25,current,2023-12-25
3543,3543,25,current,2023-12-25
3544,3544,73,savings,1996-04-02
3544,3544,73,savings,1996-04-02
3545,3545,43,current,2001-02-04
3545,3545,43,current,2001-02-04
3546,3546,38,current,2018-08-17
3546,3546,38,current,2018-08-17
3547,3547,35,savings,2020-09-21
3547,3547,35,savings,2020-09-21
3548,3548,93,current,2019-04-16
3548,3548,93,current,2019-04-16
3549,3549,55,current,1996-01-15
3549,3549,55,current,1996-01-15
3550,3550,50,savings,2021-11-15
3550,3550,50,savings,2021-11-15
3551,3551,78,savings,2009-04-15
3551,3551,78,savings,2009-04-15
3552,3552,34,current,1997-10-03
3552,3552,34,current,1997-10-03
3553,3553,25,savings,2018-08-16
3553,3553,25,savings,2018-08-16
3554,3554,42,savings,1996-08-01
3554,3554,42,savings,1996-08-01
3555,3555,92,current,2000-10-05
3555,3555,92,current,2000-10-05
3556,3556,51,savings,2013-06-23
3556,3556,51,savings,2013-06-23
3557,3557,94,savings,2017-08-23
3557,3557,94,savings,2017-08-23
3558,3558,37,current,1998-12-03
3558,3558,37,current,1998-12-03
3559,3559,66,savings,2018-03-07
3559,3559,66,savings,2018-03-07
3560,3560,85,current,1995-02-18
3560,3560,85,current,1995-02-18
3561,3561,34,current,2020-06-23
3561,3561,34,current,2020-06-23
3562,3562,83,savings,2021-12-25
3562,3562,83,savings,2021-12-25
3563,3563,38,current,1998-12-15
3563,3563,38,current,1998-12-15
3564,3564,31,savings,2023-08-06
3564,3564,31,savings,2023-08-06
3565,3565,26,current,1996-03-25
3565,3565,26,current,1996-03-25
3566,3566,76,current,2001-12-06
3566,3566,76,current,2001-12-06
3567,3567,94,savings,2022-09-10
3567,3567,94,savings,2022-09-10
3568,3568,26,savings,2002-10-27
3568,3568,26,savings,2002-10-27
3569,3569,63,current,1997-08-23
3569,3569,63,current,1997-08-23
3570,3570,48,current,2023-02-01
3570,3570,48,current,2023-02-01
3571,3571,95,current,2019-11-10
3571,3571,95,current,2019-11-10
3572,3572,79,savings,1998-08-11
3572,3572,79,savings,1998-08-11
3573,3573,10,savings,1999-08-23
3573,3573,10,savings,1999-08-23
3574,3574,36,savings,2001-12-20
3574,3574,36,savings,2001-12-20
3575,3575,40,current,2004-10-16
3575,3575,40,current,2004-10-16
3576,3576,26,savings,1999-12-09
3576,3576,26,savings,1999-12-09
3577,3577,9,savings,2005-02-25
3577,3577,9,savings,2005-02-25
3578,3578,53,savings,2017-10-04
3578,3578,53,savings,2017-10-04
3579,3579,81,current,2001-10-01
3579,3579,81,current,2001-10-01
3580,3580,70,savings,1996-07-03
3580,3580,70,savings,1996-07-03
3581,3581,86,current,2023-08-19
3581,3581,86,current,2023-08-19
3582,3582,80,savings,2014-09-23
3582,3582,80,savings,2014-09-23
3583,3583,86,savings,1995-10-20
3583,3583,86,savings,1995-10-20
3584,3584,53,savings,2014-02-20
3584,3584,53,savings,2014-02-20
3585,3585,39,savings,2022-02-09
3585,3585,39,savings,2022-02-09
3586,3586,61,current,2009-10-26
3586,3586,61,current,2009-10-26
3587,3587,52,current,2017-12-16
3587,3587,52,current,2017-12-16
3588,3588,68,current,2023-04-21
3588,3588,68,current,2023-04-21
3589,3589,68,savings,2017-06-18
3589,3589,68,savings,2017-06-18
3590,3590,73,current,2021-06-12
3590,3590,73,current,2021-06-12
3591,3591,78,current,2016-05-06
3591,3591,78,current,2016-05-06
3592,3592,42,current,2022-11-23
3592,3592,42,current,2022-11-23
3593,3593,90,current,2009-05-25
3593,3593,90,current,2009-05-25
3594,3594,67,savings,1999-04-25
3594,3594,67,savings,1999-04-25
3595,3595,96,savings,2021-05-02
3595,3595,96,savings,2021-05-02
3596,3596,75,current,2006-10-09
3596,3596,75,current,2006-10-09
3597,3597,51,current,2009-04-20
3597,3597,51,current,2009-04-20
3598,3598,3,savings,2020-02-26
3598,3598,3,savings,2020-02-26
3599,3599,13,current,2020-08-15
3599,3599,13,current,2020-08-15
3600,3600,13,current,1996-03-22
3600,3600,13,current,1996-03-22
3601,3601,61,current,1999-03-11
3601,3601,61,current,1999-03-11
3602,3602,24,savings,2009-11-15
3602,3602,24,savings,2009-11-15
3603,3603,20,savings,2004-11-14
3603,3603,20,savings,2004-11-14
3604,3604,74,savings,2021-06-10
3604,3604,74,savings,2021-06-10
3605,3605,87,current,2001-05-03
3605,3605,87,current,2001-05-03
3606,3606,97,current,2023-09-17
3606,3606,97,current,2023-09-17
3607,3607,55,current,2015-11-23
3607,3607,55,current,2015-11-23
3608,3608,35,current,2019-12-01
3608,3608,35,current,2019-12-01
3609,3609,78,savings,2013-08-01
3609,3609,78,savings,2013-08-01
3610,3610,80,savings,1997-09-07
3610,3610,80,savings,1997-09-07
3611,3611,30,savings,2013-06-26
3611,3611,30,savings,2013-06-26
3612,3612,83,savings,1999-12-09
3612,3612,83,savings,1999-12-09
3613,3613,33,savings,2004-10-01
3613,3613,33,savings,2004-10-01
3614,3614,41,current,2000-09-17
3614,3614,41,current,2000-09-17
3615,3615,66,savings,2004-09-04
3615,3615,66,savings,2004-09-04
3616,3616,49,current,2014-12-25
3616,3616,49,current,2014-12-25
3617,3617,8,current,2019-08-18
3617,3617,8,current,2019-08-18
3618,3618,84,current,1997-05-19
3618,3618,84,current,1997-05-19
3619,3619,3,savings,1998-06-20
3619,3619,3,savings,1998-06-20
3620,3620,85,savings,1998-09-10
3620,3620,85,savings,1998-09-10
3621,3621,65,savings,2012-01-05
3621,3621,65,savings,2012-01-05
3622,3622,85,savings,2002-06-05
3622,3622,85,savings,2002-06-05
3623,3623,72,current,2004-04-25
3623,3623,72,current,2004-04-25
3624,3624,2,savings,2001-03-23
3624,3624,2,savings,2001-03-23
3625,3625,87,current,2005-01-19
3625,3625,87,current,2005-01-19
3626,3626,41,current,2018-06-25
3626,3626,41,current,2018-06-25
3627,3627,53,current,2005-02-21
3627,3627,53,current,2005-02-21
3628,3628,75,savings,2011-02-12
3628,3628,75,savings,2011-02-12
3629,3629,16,current,2016-08-19
3629,3629,16,current,2016-08-19
3630,3630,9,savings,2016-07-20
3630,3630,9,savings,2016-07-20
3631,3631,96,savings,2006-02-17
3631,3631,96,savings,2006-02-17
3632,3632,39,current,2010-01-21
3632,3632,39,current,2010-01-21
3633,3633,64,current,2013-02-05
3633,3633,64,current,2013-02-05
3634,3634,36,savings,2006-11-28
3634,3634,36,savings,2006-11-28
3635,3635,23,savings,2008-08-27
3635,3635,23,savings,2008-08-27
3636,3636,47,current,2008-03-15
3636,3636,47,current,2008-03-15
3637,3637,49,savings,2021-01-08
3637,3637,49,savings,2021-01-08
3638,3638,55,savings,2003-12-09
3638,3638,55,savings,2003-12-09
3639,3639,94,savings,1998-02-21
3639,3639,94,savings,1998-02-21
3640,3640,10,savings,2007-04-20
3640,3640,10,savings,2007-04-20
3641,3641,63,current,2023-05-07
3641,3641,63,current,2023-05-07
3642,3642,95,savings,1999-07-19
3642,3642,95,savings,1999-07-19
3643,3643,26,current,2019-08-08
3643,3643,26,current,2019-08-08
3644,3644,48,savings,2002-11-03
3644,3644,48,savings,2002-11-03
3645,3645,30,savings,1999-04-16
3645,3645,30,savings,1999-04-16
3646,3646,2,savings,2015-11-18
3646,3646,2,savings,2015-11-18
3647,3647,29,savings,2000-08-07
3647,3647,29,savings,2000-08-07
3648,3648,54,savings,1996-12-07
3648,3648,54,savings,1996-12-07
3649,3649,32,current,2011-03-14
3649,3649,32,current,2011-03-14
3650,3650,38,savings,2016-10-05
3650,3650,38,savings,2016-10-05
3651,3651,21,savings,2000-03-11
3651,3651,21,savings,2000-03-11
3652,3652,27,savings,2000-04-08
3652,3652,27,savings,2000-04-08
3653,3653,88,current,2014-08-25
3653,3653,88,current,2014-08-25
3654,3654,34,savings,2017-05-01
3654,3654,34,savings,2017-05-01
3655,3655,23,current,2022-02-02
3655,3655,23,current,2022-02-02
3656,3656,78,savings,2022-06-22
3656,3656,78,savings,2022-06-22
3657,3657,39,current,2017-06-09
3657,3657,39,current,2017-06-09
3658,3658,69,current,2006-12-27
3658,3658,69,current,2006-12-27
3659,3659,73,current,1995-09-06
3659,3659,73,current,1995-09-06
3660,3660,45,current,2003-08-25
3660,3660,45,current,2003-08-25
3661,3661,63,savings,2024-12-08
3661,3661,63,savings,2024-12-08
3662,3662,8,current,1996-01-22
3662,3662,8,current,1996-01-22
3663,3663,7,savings,1999-05-06
3663,3663,7,savings,1999-05-06
3664,3664,30,current,2009-10-04
3664,3664,30,current,2009-10-04
3665,3665,12,current,2012-11-15
3665,3665,12,current,2012-11-15
3666,3666,20,current,2016-03-22
3666,3666,20,current,2016-03-22
3667,3667,64,current,2022-01-13
3667,3667,64,current,2022-01-13
3668,3668,29,current,2004-05-16
3668,3668,29,current,2004-05-16
3669,3669,55,savings,1995-02-07
3669,3669,55,savings,1995-02-07
3670,3670,12,current,1997-04-26
3670,3670,12,current,1997-04-26
3671,3671,84,savings,2006-10-14
3671,3671,84,savings,2006-10-14
3672,3672,22,current,2011-02-02
3672,3672,22,current,2011-02-02
3673,3673,23,current,2018-04-20
3673,3673,23,current,2018-04-20
3674,3674,48,current,2000-11-22
3674,3674,48,current,2000-11-22
3675,3675,45,current,2016-05-13
3675,3675,45,current,2016-05-13
3676,3676,26,savings,2021-06-04
3676,3676,26,savings,2021-06-04
3677,3677,28,current,2001-01-05
3677,3677,28,current,2001-01-05
3678,3678,55,savings,2019-06-20
3678,3678,55,savings,2019-06-20
3679,3679,73,savings,2000-02-20
3679,3679,73,savings,2000-02-20
3680,3680,69,savings,1995-08-25
3680,3680,69,savings,1995-08-25
3681,3681,2,savings,2021-10-12
3681,3681,2,savings,2021-10-12
3682,3682,28,savings,2011-02-19
3682,3682,28,savings,2011-02-19
3683,3683,77,savings,1999-05-11
3683,3683,77,savings,1999-05-11
3684,3684,79,current,2015-01-25
3684,3684,79,current,2015-01-25
3685,3685,53,savings,2003-09-28
3685,3685,53,savings,2003-09-28
3686,3686,14,savings,2014-02-07
3686,3686,14,savings,2014-02-07
3687,3687,46,savings,2011-08-14
3687,3687,46,savings,2011-08-14
3688,3688,78,savings,2016-02-04
3688,3688,78,savings,2016-02-04
3689,3689,67,savings,2003-12-08
3689,3689,67,savings,2003-12-08
3690,3690,74,savings,2003-02-07
3690,3690,74,savings,2003-02-07
3691,3691,70,current,2020-07-22
3691,3691,70,current,2020-07-22
3692,3692,20,current,2009-01-01
3692,3692,20,current,2009-01-01
3693,3693,35,savings,2014-11-06
3693,3693,35,savings,2014-11-06
3694,3694,48,savings,2009-04-24
3694,3694,48,savings,2009-04-24
3695,3695,43,current,2020-01-24
3695,3695,43,current,2020-01-24
3696,3696,20,savings,2014-03-17
3696,3696,20,savings,2014-03-17
3697,3697,56,current,2024-08-19
3697,3697,56,current,2024-08-19
3698,3698,3,current,1995-11-11
3698,3698,3,current,1995-11-11
3699,3699,68,current,2018-11-02
3699,3699,68,current,2018-11-02
3700,3700,11,savings,2013-06-05
3700,3700,11,savings,2013-06-05
3701,3701,62,current,2019-01-22
3701,3701,62,current,2019-01-22
3702,3702,61,current,2002-12-25
3702,3702,61,current,2002-12-25
3703,3703,95,savings,1998-07-16
3703,3703,95,savings,1998-07-16
3704,3704,58,savings,2021-02-27
3704,3704,58,savings,2021-02-27
3705,3705,29,current,2011-04-08
3705,3705,29,current,2011-04-08
3706,3706,38,savings,2014-03-03
3706,3706,38,savings,2014-03-03
3707,3707,84,savings,1996-06-09
3707,3707,84,savings,1996-06-09
3708,3708,88,current,2008-07-18
3708,3708,88,current,2008-07-18
3709,3709,87,savings,2022-12-23
3709,3709,87,savings,2022-12-23
3710,3710,22,current,1996-01-04
3710,3710,22,current,1996-01-04
3711,3711,86,savings,2006-06-25
3711,3711,86,savings,2006-06-25
3712,3712,41,current,2000-04-23
3712,3712,41,current,2000-04-23
3713,3713,84,savings,2001-05-20
3713,3713,84,savings,2001-05-20
3714,3714,63,current,2002-12-26
3714,3714,63,current,2002-12-26
3715,3715,38,savings,2009-03-11
3715,3715,38,savings,2009-03-11
3716,3716,50,current,2002-04-01
3716,3716,50,current,2002-04-01
3717,3717,7,savings,2018-10-19
3717,3717,7,savings,2018-10-19
3718,3718,24,savings,2000-02-18
3718,3718,24,savings,2000-02-18
3719,3719,46,current,2012-10-19
3719,3719,46,current,2012-10-19
3720,3720,25,savings,2003-05-14
3720,3720,25,savings,2003-05-14
3721,3721,78,current,2001-06-25
3721,3721,78,current,2001-06-25
3722,3722,29,savings,2013-05-15
3722,3722,29,savings,2013-05-15
3723,3723,67,savings,1998-10-17
3723,3723,67,savings,1998-10-17
3724,3724,93,current,2004-03-11
3724,3724,93,current,2004-03-11
3725,3725,80,savings,2019-03-01
3725,3725,80,savings,2019-03-01
3726,3726,85,current,2001-03-22
3726,3726,85,current,2001-03-22
3727,3727,22,savings,1997-10-18
3727,3727,22,savings,1997-10-18
3728,3728,85,current,2015-02-03
3728,3728,85,current,2015-02-03
3729,3729,86,savings,2012-06-11
3729,3729,86,savings,2012-06-11
3730,3730,9,savings,2004-02-15
3730,3730,9,savings,2004-02-15
3731,3731,87,current,2011-09-16
3731,3731,87,current,2011-09-16
3732,3732,49,savings,1999-08-25
3732,3732,49,savings,1999-08-25
3733,3733,73,savings,2018-12-11
3733,3733,73,savings,2018-12-11
3734,3734,96,current,2013-10-25
3734,3734,96,current,2013-10-25
3735,3735,36,savings,2013-12-24
3735,3735,36,savings,2013-12-24
3736,3736,5,current,2022-01-15
3736,3736,5,current,2022-01-15
3737,3737,90,savings,1996-01-20
3737,3737,90,savings,1996-01-20
3738,3738,4,savings,2002-01-28
3738,3738,4,savings,2002-01-28
3739,3739,24,current,1996-03-04
3739,3739,24,current,1996-03-04
3740,3740,41,current,2017-01-25
3740,3740,41,current,2017-01-25
3741,3741,14,savings,2021-03-05
3741,3741,14,savings,2021-03-05
3742,3742,91,current,2008-06-06
3742,3742,91,current,2008-06-06
3743,3743,12,savings,1998-04-05
3743,3743,12,savings,1998-04-05
3744,3744,82,savings,2022-11-01
3744,3744,82,savings,2022-11-01
3745,3745,44,current,1999-05-10
3745,3745,44,current,1999-05-10
3746,3746,9,current,2016-12-23
3746,3746,9,current,2016-12-23
3747,3747,66,current,2011-03-09
3747,3747,66,current,2011-03-09
3748,3748,38,current,1996-08-27
3748,3748,38,current,1996-08-27
3749,3749,96,savings,2010-10-14
3749,3749,96,savings,2010-10-14
3750,3750,77,savings,2024-02-26
3750,3750,77,savings,2024-02-26
3751,3751,57,current,2021-06-24
3751,3751,57,current,2021-06-24
3752,3752,47,savings,1995-10-10
3752,3752,47,savings,1995-10-10
3753,3753,55,current,2020-10-12
3753,3753,55,current,2020-10-12
3754,3754,88,savings,2014-06-28
3754,3754,88,savings,2014-06-28
3755,3755,2,current,2005-12-09
3755,3755,2,current,2005-12-09
3756,3756,83,savings,2024-10-20
3756,3756,83,savings,2024-10-20
3757,3757,18,savings,2021-02-05
3757,3757,18,savings,2021-02-05
3758,3758,66,current,2023-07-14
3758,3758,66,current,2023-07-14
3759,3759,90,savings,2003-07-08
3759,3759,90,savings,2003-07-08
3760,3760,57,current,1999-01-22
3760,3760,57,current,1999-01-22
3761,3761,64,current,2012-03-17
3761,3761,64,current,2012-03-17
3762,3762,88,savings,2015-07-04
3762,3762,88,savings,2015-07-04
3763,3763,27,savings,2003-10-12
3763,3763,27,savings,2003-10-12
3764,3764,53,savings,2013-02-22
3764,3764,53,savings,2013-02-22
3765,3765,59,current,2022-03-24
3765,3765,59,current,2022-03-24
3766,3766,29,savings,2001-03-21
3766,3766,29,savings,2001-03-21
3767,3767,72,savings,2012-12-15
3767,3767,72,savings,2012-12-15
3768,3768,95,current,2009-01-26
3768,3768,95,current,2009-01-26
3769,3769,98,savings,2021-01-09
3769,3769,98,savings,2021-01-09
3770,3770,14,savings,2000-07-07
3770,3770,14,savings,2000-07-07
3771,3771,68,savings,2022-04-23
3771,3771,68,savings,2022-04-23
3772,3772,43,savings,2023-06-05
3772,3772,43,savings,2023-06-05
3773,3773,29,savings,1998-11-09
3773,3773,29,savings,1998-11-09
3774,3774,57,savings,2023-02-15
3774,3774,57,savings,2023-02-15
3775,3775,33,current,2004-09-14
3775,3775,33,current,2004-09-14
3776,3776,21,savings,2000-03-12
3776,3776,21,savings,2000-03-12
3777,3777,41,savings,2019-11-21
3777,3777,41,savings,2019-11-21
3778,3778,1,savings,2024-03-14
3778,3778,1,savings,2024-03-14
3779,3779,27,current,1996-10-27
3779,3779,27,current,1996-10-27
3780,3780,2,current,2019-06-06
3780,3780,2,current,2019-06-06
3781,3781,64,savings,2021-11-24
3781,3781,64,savings,2021-11-24
3782,3782,51,current,2019-03-14
3782,3782,51,current,2019-03-14
3783,3783,54,current,2014-06-06
3783,3783,54,current,2014-06-06
3784,3784,74,current,2014-10-05
3784,3784,74,current,2014-10-05
3785,3785,74,savings,2018-11-21
3785,3785,74,savings,2018-11-21
3786,3786,30,current,2001-08-01
3786,3786,30,current,2001-08-01
3787,3787,1,savings,1996-02-13
3787,3787,1,savings,1996-02-13
3788,3788,95,current,1998-06-27
3788,3788,95,current,1998-06-27
3789,3789,99,current,2023-04-05
3789,3789,99,current,2023-04-05
3790,3790,29,current,2006-04-22
3790,3790,29,current,2006-04-22
3791,3791,13,savings,2012-03-03
3791,3791,13,savings,2012-03-03
3792,3792,73,savings,1999-01-02
3792,3792,73,savings,1999-01-02
3793,3793,43,current,2023-01-22
3793,3793,43,current,2023-01-22
3794,3794,41,current,2015-01-02
3794,3794,41,current,2015-01-02
3795,3795,75,savings,2016-12-21
3795,3795,75,savings,2016-12-21
3796,3796,88,current,1995-11-20
3796,3796,88,current,1995-11-20
3797,3797,89,savings,2020-11-10
3797,3797,89,savings,2020-11-10
3798,3798,58,savings,2023-01-19
3798,3798,58,savings,2023-01-19
3799,3799,77,current,2018-03-06
3799,3799,77,current,2018-03-06
3800,3800,14,current,1998-10-23
3800,3800,14,current,1998-10-23
3801,3801,41,savings,1997-04-06
3801,3801,41,savings,1997-04-06
3802,3802,67,current,2008-01-19
3802,3802,67,current,2008-01-19
3803,3803,54,current,2001-11-27
3803,3803,54,current,2001-11-27
3804,3804,6,current,2017-06-09
3804,3804,6,current,2017-06-09
3805,3805,46,savings,2006-11-05
3805,3805,46,savings,2006-11-05
3806,3806,77,savings,2018-03-19
3806,3806,77,savings,2018-03-19
3807,3807,1,savings,1995-08-04
3807,3807,1,savings,1995-08-04
3808,3808,29,savings,2007-01-15
3808,3808,29,savings,2007-01-15
3809,3809,78,savings,2010-07-12
3809,3809,78,savings,2010-07-12
3810,3810,76,savings,2024-05-04
3810,3810,76,savings,2024-05-04
3811,3811,26,savings,2020-09-04
3811,3811,26,savings,2020-09-04
3812,3812,58,savings,2016-01-06
3812,3812,58,savings,2016-01-06
3813,3813,87,savings,2019-04-01
3813,3813,87,savings,2019-04-01
3814,3814,3,savings,2012-04-20
3814,3814,3,savings,2012-04-20
3815,3815,60,current,2016-08-13
3815,3815,60,current,2016-08-13
3816,3816,14,savings,2000-08-09
3816,3816,14,savings,2000-08-09
3817,3817,98,savings,2006-07-28
3817,3817,98,savings,2006-07-28
3818,3818,23,current,2024-12-13
3818,3818,23,current,2024-12-13
3819,3819,62,savings,2019-11-09
3819,3819,62,savings,2019-11-09
3820,3820,10,savings,2001-02-01
3820,3820,10,savings,2001-02-01
3821,3821,4,current,2011-08-26
3821,3821,4,current,2011-08-26
3822,3822,39,savings,2016-07-28
3822,3822,39,savings,2016-07-28
3823,3823,74,current,2000-12-06
3823,3823,74,current,2000-12-06
3824,3824,88,savings,2020-09-13
3824,3824,88,savings,2020-09-13
3825,3825,34,savings,2012-04-08
3825,3825,34,savings,2012-04-08
3826,3826,88,current,1998-12-07
3826,3826,88,current,1998-12-07
3827,3827,25,savings,1999-11-17
3827,3827,25,savings,1999-11-17
3828,3828,52,current,2014-03-01
3828,3828,52,current,2014-03-01
3829,3829,15,savings,2000-10-05
3829,3829,15,savings,2000-10-05
3830,3830,12,current,1998-01-03
3830,3830,12,current,1998-01-03
3831,3831,1,current,1997-04-25
3831,3831,1,current,1997-04-25
3832,3832,9,savings,2004-08-27
3832,3832,9,savings,2004-08-27
3833,3833,59,savings,2004-02-22
3833,3833,59,savings,2004-02-22
3834,3834,14,savings,2013-02-06
3834,3834,14,savings,2013-02-06
3835,3835,31,current,2021-08-21
3835,3835,31,current,2021-08-21
3836,3836,88,current,2016-05-21
3836,3836,88,current,2016-05-21
3837,3837,53,savings,2012-12-14
3837,3837,53,savings,2012-12-14
3838,3838,63,current,2016-08-09
3838,3838,63,current,2016-08-09
3839,3839,10,current,2020-06-12
3839,3839,10,current,2020-06-12
3840,3840,43,current,1996-04-26
3840,3840,43,current,1996-04-26
3841,3841,18,current,1997-12-25
3841,3841,18,current,1997-12-25
3842,3842,67,current,2021-09-09
3842,3842,67,current,2021-09-09
3843,3843,59,savings,1998-09-14
3843,3843,59,savings,1998-09-14
3844,3844,76,savings,2007-09-25
3844,3844,76,savings,2007-09-25
3845,3845,99,current,2017-01-02
3845,3845,99,current,2017-01-02
3846,3846,23,savings,2019-05-18
3846,3846,23,savings,2019-05-18
3847,3847,86,current,2015-08-17
3847,3847,86,current,2015-08-17
3848,3848,75,current,2002-04-04
3848,3848,75,current,2002-04-04
3849,3849,46,savings,2018-11-09
3849,3849,46,savings,2018-11-09
3850,3850,49,current,2008-07-09
3850,3850,49,current,2008-07-09
3851,3851,23,savings,2010-12-09
3851,3851,23,savings,2010-12-09
3852,3852,12,savings,2003-08-12
3852,3852,12,savings,2003-08-12
3853,3853,29,savings,2012-03-22
3853,3853,29,savings,2012-03-22
3854,3854,89,savings,2000-04-02
3854,3854,89,savings,2000-04-02
3855,3855,88,current,2020-03-17
3855,3855,88,current,2020-03-17
3856,3856,59,current,2005-07-21
3856,3856,59,current,2005-07-21
3857,3857,53,current,1996-11-25
3857,3857,53,current,1996-11-25
3858,3858,68,current,2024-09-17
3858,3858,68,current,2024-09-17
3859,3859,63,current,2009-11-15
3859,3859,63,current,2009-11-15
3860,3860,29,savings,2020-04-23
3860,3860,29,savings,2020-04-23
3861,3861,3,current,2006-09-28
3861,3861,3,current,2006-09-28
3862,3862,95,savings,1998-04-11
3862,3862,95,savings,1998-04-11
3863,3863,89,current,2008-05-22
3863,3863,89,current,2008-05-22
3864,3864,37,current,2012-06-15
3864,3864,37,current,2012-06-15
3865,3865,63,savings,2021-08-03
3865,3865,63,savings,2021-08-03
3866,3866,23,current,2024-01-20
3866,3866,23,current,2024-01-20
3867,3867,49,current,2010-07-01
3867,3867,49,current,2010-07-01
3868,3868,86,savings,2018-10-06
3868,3868,86,savings,2018-10-06
3869,3869,93,savings,2002-01-21
3869,3869,93,savings,2002-01-21
3870,3870,77,current,2006-11-23
3870,3870,77,current,2006-11-23
3871,3871,3,current,2018-09-17
3871,3871,3,current,2018-09-17
3872,3872,22,savings,1997-04-06
3872,3872,22,savings,1997-04-06
3873,3873,36,current,1996-01-01
3873,3873,36,current,1996-01-01
3874,3874,10,savings,2004-10-24
3874,3874,10,savings,2004-10-24
3875,3875,9,savings,2014-08-25
3875,3875,9,savings,2014-08-25
3876,3876,56,current,2023-03-05
3876,3876,56,current,2023-03-05
3877,3877,55,savings,1998-01-21
3877,3877,55,savings,1998-01-21
3878,3878,19,current,2022-01-17
3878,3878,19,current,2022-01-17
3879,3879,72,current,2016-01-04
3879,3879,72,current,2016-01-04
3880,3880,33,savings,2009-02-10
3880,3880,33,savings,2009-02-10
3881,3881,20,current,1999-10-15
3881,3881,20,current,1999-10-15
3882,3882,94,current,1997-07-02
3882,3882,94,current,1997-07-02
3883,3883,35,current,2006-08-25
3883,3883,35,current,2006-08-25
3884,3884,31,savings,2010-09-18
3884,3884,31,savings,2010-09-18
3885,3885,83,savings,2023-03-22
3885,3885,83,savings,2023-03-22
3886,3886,50,current,1999-08-09
3886,3886,50,current,1999-08-09
3887,3887,46,current,2020-06-20
3887,3887,46,current,2020-06-20
3888,3888,78,savings,2017-03-13
3888,3888,78,savings,2017-03-13
3889,3889,10,savings,2005-08-17
3889,3889,10,savings,2005-08-17
3890,3890,67,current,2007-01-19
3890,3890,67,current,2007-01-19
3891,3891,34,current,1997-09-11
3891,3891,34,current,1997-09-11
3892,3892,51,current,2001-12-11
3892,3892,51,current,2001-12-11
3893,3893,92,savings,2023-12-17
3893,3893,92,savings,2023-12-17
3894,3894,83,savings,2021-12-05
3894,3894,83,savings,2021-12-05
3895,3895,39,savings,2015-05-07
3895,3895,39,savings,2015-05-07
3896,3896,90,current,1996-07-04
3896,3896,90,current,1996-07-04
3897,3897,68,savings,2016-06-25
3897,3897,68,savings,2016-06-25
3898,3898,12,current,1996-05-04
3898,3898,12,current,1996-05-04
3899,3899,26,savings,1999-11-14
3899,3899,26,savings,1999-11-14
3900,3900,71,savings,2009-01-05
3900,3900,71,savings,2009-01-05
3901,3901,67,current,1998-08-08
3901,3901,67,current,1998-08-08
3902,3902,90,savings,2023-02-24
3902,3902,90,savings,2023-02-24
3903,3903,2,current,1995-08-05
3903,3903,2,current,1995-08-05
3904,3904,12,savings,2020-06-14
3904,3904,12,savings,2020-06-14
3905,3905,59,savings,2019-11-06
3905,3905,59,savings,2019-11-06
3906,3906,32,savings,2012-09-23
3906,3906,32,savings,2012-09-23
3907,3907,51,current,2018-11-09
3907,3907,51,current,2018-11-09
3908,3908,11,savings,2008-06-24
3908,3908,11,savings,2008-06-24
3909,3909,32,savings,2011-04-20
3909,3909,32,savings,2011-04-20
3910,3910,64,current,2024-02-24
3910,3910,64,current,2024-02-24
3911,3911,45,savings,2001-04-28
3911,3911,45,savings,2001-04-28
3912,3912,79,savings,2002-08-09
3912,3912,79,savings,2002-08-09
3913,3913,54,current,2010-03-17
3913,3913,54,current,2010-03-17
3914,3914,6,savings,2011-05-28
3914,3914,6,savings,2011-05-28
3915,3915,26,savings,1995-06-13
3915,3915,26,savings,1995-06-13
3916,3916,8,current,2022-08-23
3916,3916,8,current,2022-08-23
3917,3917,8,savings,2014-03-21
3917,3917,8,savings,2014-03-21
3918,3918,38,savings,2016-01-01
3918,3918,38,savings,2016-01-01
3919,3919,8,current,2021-02-25
3919,3919,8,current,2021-02-25
3920,3920,17,savings,2023-07-23
3920,3920,17,savings,2023-07-23
3921,3921,83,savings,1998-03-11
3921,3921,83,savings,1998-03-11
3922,3922,3,savings,2003-01-17
3922,3922,3,savings,2003-01-17
3923,3923,41,current,2016-06-28
3923,3923,41,current,2016-06-28
3924,3924,73,current,1999-12-23
3924,3924,73,current,1999-12-23
3925,3925,53,current,1996-01-01
3925,3925,53,current,1996-01-01
3926,3926,97,current,2022-01-11
3926,3926,97,current,2022-01-11
3927,3927,96,savings,2013-02-18
3927,3927,96,savings,2013-02-18
3928,3928,96,savings,2007-03-18
3928,3928,96,savings,2007-03-18
3929,3929,70,current,2020-05-20
3929,3929,70,current,2020-05-20
3930,3930,62,current,2017-11-16
3930,3930,62,current,2017-11-16
3931,3931,53,current,1996-04-09
3931,3931,53,current,1996-04-09
3932,3932,59,savings,2002-03-22
3932,3932,59,savings,2002-03-22
3933,3933,93,savings,2023-01-24
3933,3933,93,savings,2023-01-24
3934,3934,81,savings,2016-02-06
3934,3934,81,savings,2016-02-06
3935,3935,83,savings,2019-07-19
3935,3935,83,savings,2019-07-19
3936,3936,95,current,2016-01-24
3936,3936,95,current,2016-01-24
3937,3937,83,savings,2008-12-04
3937,3937,83,savings,2008-12-04
3938,3938,23,savings,2022-03-13
3938,3938,23,savings,2022-03-13
3939,3939,47,current,2010-10-25
3939,3939,47,current,2010-10-25
3940,3940,35,current,2002-02-11
3940,3940,35,current,2002-02-11
3941,3941,14,savings,2001-05-16
3941,3941,14,savings,2001-05-16
3942,3942,65,savings,2008-06-24
3942,3942,65,savings,2008-06-24
3943,3943,97,savings,1997-05-21
3943,3943,97,savings,1997-05-21
3944,3944,49,current,2010-02-21
3944,3944,49,current,2010-02-21
3945,3945,36,current,2020-10-18
3945,3945,36,current,2020-10-18
3946,3946,1,current,2015-01-05
3946,3946,1,current,2015-01-05
3947,3947,84,current,2010-03-04
3947,3947,84,current,2010-03-04
3948,3948,22,current,2018-10-13
3948,3948,22,current,2018-10-13
3949,3949,35,savings,1999-06-22
3949,3949,35,savings,1999-06-22
3950,3950,3,savings,2022-03-28
3950,3950,3,savings,2022-03-28
3951,3951,12,savings,2010-11-26
3951,3951,12,savings,2010-11-26
3952,3952,37,savings,2023-01-03
3952,3952,37,savings,2023-01-03
3953,3953,58,savings,2010-01-27
3953,3953,58,savings,2010-01-27
3954,3954,77,savings,2001-10-01
3954,3954,77,savings,2001-10-01
3955,3955,12,savings,2003-07-19
3955,3955,12,savings,2003-07-19
3956,3956,2,current,1997-05-13
3956,3956,2,current,1997-05-13
3957,3957,84,savings,2022-11-11
3957,3957,84,savings,2022-11-11
3958,3958,65,current,1995-04-16
3958,3958,65,current,1995-04-16
3959,3959,58,savings,2019-11-19
3959,3959,58,savings,2019-11-19
3960,3960,60,savings,2015-02-17
3960,3960,60,savings,2015-02-17
3961,3961,41,current,2007-07-17
3961,3961,41,current,2007-07-17
3962,3962,35,current,2016-06-16
3962,3962,35,current,2016-06-16
3963,3963,88,savings,2023-09-18
3963,3963,88,savings,2023-09-18
3964,3964,90,savings,2000-03-18
3964,3964,90,savings,2000-03-18
3965,3965,11,savings,2013-08-19
3965,3965,11,savings,2013-08-19
3966,3966,52,savings,2018-05-22
3966,3966,52,savings,2018-05-22
3967,3967,52,savings,2004-04-07
3967,3967,52,savings,2004-04-07
3968,3968,62,current,2001-09-08
3968,3968,62,current,2001-09-08
3969,3969,63,current,2006-09-10
3969,3969,63,current,2006-09-10
3970,3970,15,current,2023-10-27
3970,3970,15,current,2023-10-27
3971,3971,70,savings,2001-09-05
3971,3971,70,savings,2001-09-05
3972,3972,40,savings,1999-08-19
3972,3972,40,savings,1999-08-19
3973,3973,9,current,2024-02-04
3973,3973,9,current,2024-02-04
3974,3974,70,current,1997-12-22
3974,3974,70,current,1997-12-22
3975,3975,17,savings,2015-09-28
3975,3975,17,savings,2015-09-28
3976,3976,23,savings,2019-03-19
3976,3976,23,savings,2019-03-19
3977,3977,58,savings,2024-05-20
3977,3977,58,savings,2024-05-20
3978,3978,95,savings,2020-07-27
3978,3978,95,savings,2020-07-27
3979,3979,80,savings,2006-06-20
3979,3979,80,savings,2006-06-20
3980,3980,51,current,1999-10-07
3980,3980,51,current,1999-10-07
3981,3981,57,current,2009-10-01
3981,3981,57,current,2009-10-01
3982,3982,86,savings,2007-04-18
3982,3982,86,savings,2007-04-18
3983,3983,16,savings,2023-09-25
3983,3983,16,savings,2023-09-25
3984,3984,45,savings,2024-05-15
3984,3984,45,savings,2024-05-15
3985,3985,61,savings,2024-09-21
3985,3985,61,savings,2024-09-21
3986,3986,12,savings,2006-09-20
3986,3986,12,savings,2006-09-20
3987,3987,73,savings,2022-01-03
3987,3987,73,savings,2022-01-03
3988,3988,6,savings,2011-06-24
3988,3988,6,savings,2011-06-24
3989,3989,4,savings,2021-07-01
3989,3989,4,savings,2021-07-01
3990,3990,81,current,2002-06-12
3990,3990,81,current,2002-06-12
3991,3991,74,savings,1996-06-07
3991,3991,74,savings,1996-06-07
3992,3992,35,current,2010-10-06
3992,3992,35,current,2010-10-06
3993,3993,47,current,2024-09-07
3993,3993,47,current,2024-09-07
3994,3994,85,savings,2016-01-20
3994,3994,85,savings,2016-01-20
3995,3995,19,savings,1997-06-26
3995,3995,19,savings,1997-06-26
3996,3996,27,current,2009-05-10
3996,3996,27,current,2009-05-10
3997,3997,11,savings,2000-11-06
3997,3997,11,savings,2000-11-06
3998,3998,70,savings,2015-01-22
3998,3998,70,savings,2015-01-22
3999,3999,59,savings,2021-07-14
3999,3999,59,savings,2021-07-14
4000,4000,41,current,2020-05-21
4000,4000,41,current,2020-05-21
4001,4001,43,savings,1997-07-14
4001,4001,43,savings,1997-07-14
4002,4002,28,current,2023-09-13
4002,4002,28,current,2023-09-13
4003,4003,63,savings,2006-10-19
4003,4003,63,savings,2006-10-19
4004,4004,67,savings,2004-05-26
4004,4004,67,savings,2004-05-26
4005,4005,45,current,2000-02-08
4005,4005,45,current,2000-02-08
4006,4006,24,current,2014-11-04
4006,4006,24,current,2014-11-04
4007,4007,77,current,2024-07-27
4007,4007,77,current,2024-07-27
4008,4008,64,savings,2010-09-06
4008,4008,64,savings,2010-09-06
4009,4009,79,savings,2002-07-04
4009,4009,79,savings,2002-07-04
4010,4010,73,current,2021-06-16
4010,4010,73,current,2021-06-16
4011,4011,39,current,2013-12-13
4011,4011,39,current,2013-12-13
4012,4012,99,savings,2015-07-08
4012,4012,99,savings,2015-07-08
4013,4013,45,savings,2014-11-17
4013,4013,45,savings,2014-11-17
4014,4014,61,savings,2012-07-08
4014,4014,61,savings,2012-07-08
4015,4015,82,savings,2016-05-18
4015,4015,82,savings,2016-05-18
4016,4016,43,savings,2008-01-02
4016,4016,43,savings,2008-01-02
4017,4017,67,current,1997-08-08
4017,4017,67,current,1997-08-08
4018,4018,92,savings,2001-10-17
4018,4018,92,savings,2001-10-17
4019,4019,80,savings,2009-01-21
4019,4019,80,savings,2009-01-21
4020,4020,42,savings,2006-09-03
4020,4020,42,savings,2006-09-03
4021,4021,41,current,2008-05-22
4021,4021,41,current,2008-05-22
4022,4022,47,current,2023-03-23
4022,4022,47,current,2023-03-23
4023,4023,43,savings,2024-02-05
4023,4023,43,savings,2024-02-05
4024,4024,23,savings,2016-08-21
4024,4024,23,savings,2016-08-21
4025,4025,32,current,2005-07-18
4025,4025,32,current,2005-07-18
4026,4026,74,savings,2018-02-07
4026,4026,74,savings,2018-02-07
4027,4027,57,current,2017-07-02
4027,4027,57,current,2017-07-02
4028,4028,38,current,2001-06-04
4028,4028,38,current,2001-06-04
4029,4029,77,current,2006-08-15
4029,4029,77,current,2006-08-15
4030,4030,15,savings,2000-08-03
4030,4030,15,savings,2000-08-03
4031,4031,28,current,2023-07-07
4031,4031,28,current,2023-07-07
4032,4032,13,savings,1999-09-09
4032,4032,13,savings,1999-09-09
4033,4033,35,current,1996-08-28
4033,4033,35,current,1996-08-28
4034,4034,2,current,1999-04-02
4034,4034,2,current,1999-04-02
4035,4035,61,current,2018-06-07
4035,4035,61,current,2018-06-07
4036,4036,65,current,2020-10-02
4036,4036,65,current,2020-10-02
4037,4037,41,current,1997-08-02
4037,4037,41,current,1997-08-02
4038,4038,96,savings,1997-01-28
4038,4038,96,savings,1997-01-28
4039,4039,94,current,2003-08-04
4039,4039,94,current,2003-08-04
4040,4040,86,current,2001-06-18
4040,4040,86,current,2001-06-18
4041,4041,4,savings,2018-03-20
4041,4041,4,savings,2018-03-20
4042,4042,53,savings,2018-01-09
4042,4042,53,savings,2018-01-09
4043,4043,88,current,2000-12-18
4043,4043,88,current,2000-12-18
4044,4044,14,savings,2008-11-10
4044,4044,14,savings,2008-11-10
4045,4045,17,current,2008-06-13
4045,4045,17,current,2008-06-13
4046,4046,14,current,2005-10-03
4046,4046,14,current,2005-10-03
4047,4047,41,current,2007-10-19
4047,4047,41,current,2007-10-19
4048,4048,62,savings,2000-03-05
4048,4048,62,savings,2000-03-05
4049,4049,52,current,2020-07-03
4049,4049,52,current,2020-07-03
4050,4050,27,savings,1996-08-27
4050,4050,27,savings,1996-08-27
4051,4051,85,current,2024-09-18
4051,4051,85,current,2024-09-18
4052,4052,40,current,2015-06-06
4052,4052,40,current,2015-06-06
4053,4053,35,savings,1997-02-25
4053,4053,35,savings,1997-02-25
4054,4054,90,current,1999-11-08
4054,4054,90,current,1999-11-08
4055,4055,95,current,1996-12-16
4055,4055,95,current,1996-12-16
4056,4056,59,savings,2001-06-08
4056,4056,59,savings,2001-06-08
4057,4057,97,savings,2021-05-08
4057,4057,97,savings,2021-05-08
4058,4058,49,current,2024-12-06
4058,4058,49,current,2024-12-06
4059,4059,63,current,2015-12-06
4059,4059,63,current,2015-12-06
4060,4060,11,savings,2010-04-28
4060,4060,11,savings,2010-04-28
4061,4061,80,current,2015-05-13
4061,4061,80,current,2015-05-13
4062,4062,6,current,2011-09-16
4062,4062,6,current,2011-09-16
4063,4063,98,savings,2013-03-25
4063,4063,98,savings,2013-03-25
4064,4064,41,savings,2007-03-27
4064,4064,41,savings,2007-03-27
4065,4065,32,current,2006-05-23
4065,4065,32,current,2006-05-23
4066,4066,21,savings,2016-06-03
4066,4066,21,savings,2016-06-03
4067,4067,93,savings,2003-10-21
4067,4067,93,savings,2003-10-21
4068,4068,75,savings,1996-03-02
4068,4068,75,savings,1996-03-02
4069,4069,57,current,1995-12-22
4069,4069,57,current,1995-12-22
4070,4070,5,current,2001-01-13
4070,4070,5,current,2001-01-13
4071,4071,91,savings,2005-11-12
4071,4071,91,savings,2005-11-12
4072,4072,28,savings,1995-11-18
4072,4072,28,savings,1995-11-18
4073,4073,95,current,1996-04-20
4073,4073,95,current,1996-04-20
4074,4074,75,current,2022-09-03
4074,4074,75,current,2022-09-03
4075,4075,77,current,2011-12-13
4075,4075,77,current,2011-12-13
4076,4076,70,current,2006-04-07
4076,4076,70,current,2006-04-07
4077,4077,27,savings,2012-11-12
4077,4077,27,savings,2012-11-12
4078,4078,94,savings,2006-07-21
4078,4078,94,savings,2006-07-21
4079,4079,53,current,1998-04-23
4079,4079,53,current,1998-04-23
4080,4080,48,current,1996-09-05
4080,4080,48,current,1996-09-05
4081,4081,83,savings,2012-09-27
4081,4081,83,savings,2012-09-27
4082,4082,78,current,2012-04-08
4082,4082,78,current,2012-04-08
4083,4083,58,current,2020-11-06
4083,4083,58,current,2020-11-06
4084,4084,9,savings,2006-09-23
4084,4084,9,savings,2006-09-23
4085,4085,55,savings,1998-08-25
4085,4085,55,savings,1998-08-25
4086,4086,45,current,2009-10-23
4086,4086,45,current,2009-10-23
4087,4087,28,current,2023-12-27
4087,4087,28,current,2023-12-27
4088,4088,28,current,2010-07-13
4088,4088,28,current,2010-07-13
4089,4089,46,savings,2014-05-10
4089,4089,46,savings,2014-05-10
4090,4090,25,current,2003-10-09
4090,4090,25,current,2003-10-09
4091,4091,26,savings,2016-09-07
4091,4091,26,savings,2016-09-07
4092,4092,62,current,2016-05-06
4092,4092,62,current,2016-05-06
4093,4093,68,current,2022-09-21
4093,4093,68,current,2022-09-21
4094,4094,67,savings,2013-04-10
4094,4094,67,savings,2013-04-10
4095,4095,34,savings,2023-06-19
4095,4095,34,savings,2023-06-19
4096,4096,21,current,1998-10-05
4096,4096,21,current,1998-10-05
4097,4097,81,savings,2012-06-08
4097,4097,81,savings,2012-06-08
4098,4098,34,current,1997-12-10
4098,4098,34,current,1997-12-10
4099,4099,44,savings,2006-02-23
4099,4099,44,savings,2006-02-23
4100,4100,76,savings,2023-05-01
4100,4100,76,savings,2023-05-01
4101,4101,89,current,1999-05-14
4101,4101,89,current,1999-05-14
4102,4102,21,savings,2014-03-24
4102,4102,21,savings,2014-03-24
4103,4103,18,current,2020-05-26
4103,4103,18,current,2020-05-26
4104,4104,36,savings,1998-02-23
4104,4104,36,savings,1998-02-23
4105,4105,70,savings,1997-03-05
4105,4105,70,savings,1997-03-05
4106,4106,84,current,1995-09-18
4106,4106,84,current,1995-09-18
4107,4107,53,current,2014-07-05
4107,4107,53,current,2014-07-05
4108,4108,20,savings,2013-01-13
4108,4108,20,savings,2013-01-13
4109,4109,96,current,2005-10-23
4109,4109,96,current,2005-10-23
4110,4110,95,current,2019-12-18
4110,4110,95,current,2019-12-18
4111,4111,84,current,1996-07-08
4111,4111,84,current,1996-07-08
4112,4112,94,current,2001-03-23
4112,4112,94,current,2001-03-23
4113,4113,3,savings,1995-05-16
4113,4113,3,savings,1995-05-16
4114,4114,84,current,1999-07-15
4114,4114,84,current,1999-07-15
4115,4115,8,savings,2014-10-01
4115,4115,8,savings,2014-10-01
4116,4116,85,current,1999-03-28
4116,4116,85,current,1999-03-28
4117,4117,48,current,2018-03-02
4117,4117,48,current,2018-03-02
4118,4118,23,current,2013-10-23
4118,4118,23,current,2013-10-23
4119,4119,1,current,2023-09-11
4119,4119,1,current,2023-09-11
4120,4120,2,savings,1999-04-26
4120,4120,2,savings,1999-04-26
4121,4121,74,current,1998-07-11
4121,4121,74,current,1998-07-11
4122,4122,37,current,2006-10-13
4122,4122,37,current,2006-10-13
4123,4123,94,savings,2006-08-25
4123,4123,94,savings,2006-08-25
4124,4124,51,current,2003-01-13
4124,4124,51,current,2003-01-13
4125,4125,44,current,2019-07-14
4125,4125,44,current,2019-07-14
4126,4126,24,current,2022-07-27
4126,4126,24,current,2022-07-27
4127,4127,32,current,2014-07-07
4127,4127,32,current,2014-07-07
4128,4128,56,savings,1997-08-03
4128,4128,56,savings,1997-08-03
4129,4129,50,savings,2020-06-11
4129,4129,50,savings,2020-06-11
4130,4130,64,savings,2011-06-01
4130,4130,64,savings,2011-06-01
4131,4131,30,savings,2023-01-16
4131,4131,30,savings,2023-01-16
4132,4132,38,current,2016-09-24
4132,4132,38,current,2016-09-24
4133,4133,78,current,1997-09-09
4133,4133,78,current,1997-09-09
4134,4134,55,savings,2004-04-22
4134,4134,55,savings,2004-04-22
4135,4135,3,current,2023-06-10
4135,4135,3,current,2023-06-10
4136,4136,25,current,2018-09-17
4136,4136,25,current,2018-09-17
4137,4137,45,savings,1997-10-05
4137,4137,45,savings,1997-10-05
4138,4138,62,savings,2016-08-21
4138,4138,62,savings,2016-08-21
4139,4139,7,savings,2013-10-12
4139,4139,7,savings,2013-10-12
4140,4140,81,current,2012-11-15
4140,4140,81,current,2012-11-15
4141,4141,27,current,2001-11-04
4141,4141,27,current,2001-11-04
4142,4142,23,current,2007-07-26
4142,4142,23,current,2007-07-26
4143,4143,32,current,2006-08-20
4143,4143,32,current,2006-08-20
4144,4144,2,current,2005-07-12
4144,4144,2,current,2005-07-12
4145,4145,75,current,2004-11-10
4145,4145,75,current,2004-11-10
4146,4146,34,savings,2014-05-22
4146,4146,34,savings,2014-05-22
4147,4147,52,savings,2013-10-08
4147,4147,52,savings,2013-10-08
4148,4148,61,savings,2015-04-11
4148,4148,61,savings,2015-04-11
4149,4149,34,savings,1998-11-06
4149,4149,34,savings,1998-11-06
4150,4150,7,current,2006-06-13
4150,4150,7,current,2006-06-13
4151,4151,10,savings,2023-06-15
4151,4151,10,savings,2023-06-15
4152,4152,89,savings,2014-09-22
4152,4152,89,savings,2014-09-22
4153,4153,2,savings,2015-06-02
4153,4153,2,savings,2015-06-02
4154,4154,30,savings,2018-06-28
4154,4154,30,savings,2018-06-28
4155,4155,81,current,2022-03-24
4155,4155,81,current,2022-03-24
4156,4156,29,savings,1996-04-19
4156,4156,29,savings,1996-04-19
4157,4157,82,current,2020-12-14
4157,4157,82,current,2020-12-14
4158,4158,60,savings,2018-10-28
4158,4158,60,savings,2018-10-28
4159,4159,99,current,2008-05-25
4159,4159,99,current,2008-05-25
4160,4160,17,savings,2022-09-25
4160,4160,17,savings,2022-09-25
4161,4161,56,current,2002-10-21
4161,4161,56,current,2002-10-21
4162,4162,86,current,2020-09-04
4162,4162,86,current,2020-09-04
4163,4163,51,current,1999-03-23
4163,4163,51,current,1999-03-23
4164,4164,25,savings,2000-09-28
4164,4164,25,savings,2000-09-28
4165,4165,84,savings,2012-05-18
4165,4165,84,savings,2012-05-18
4166,4166,16,savings,1995-11-05
4166,4166,16,savings,1995-11-05
4167,4167,25,current,1996-12-24
4167,4167,25,current,1996-12-24
4168,4168,15,current,2007-10-10
4168,4168,15,current,2007-10-10
4169,4169,79,current,2017-04-27
4169,4169,79,current,2017-04-27
4170,4170,57,savings,1997-01-01
4170,4170,57,savings,1997-01-01
4171,4171,15,savings,1997-01-18
4171,4171,15,savings,1997-01-18
4172,4172,56,current,2006-09-02
4172,4172,56,current,2006-09-02
4173,4173,82,savings,2000-11-19
4173,4173,82,savings,2000-11-19
4174,4174,37,current,2020-12-21
4174,4174,37,current,2020-12-21
4175,4175,65,savings,2017-10-14
4175,4175,65,savings,2017-10-14
4176,4176,33,current,2023-08-09
4176,4176,33,current,2023-08-09
4177,4177,3,current,2007-07-16
4177,4177,3,current,2007-07-16
4178,4178,49,current,2015-12-17
4178,4178,49,current,2015-12-17
4179,4179,22,savings,1997-10-26
4179,4179,22,savings,1997-10-26
4180,4180,54,savings,2012-06-24
4180,4180,54,savings,2012-06-24
4181,4181,21,current,2006-05-09
4181,4181,21,current,2006-05-09
4182,4182,27,savings,1999-01-22
4182,4182,27,savings,1999-01-22
4183,4183,4,savings,1998-11-06
4183,4183,4,savings,1998-11-06
4184,4184,99,current,2013-07-09
4184,4184,99,current,2013-07-09
4185,4185,1,savings,2021-03-18
4185,4185,1,savings,2021-03-18
4186,4186,4,savings,2006-05-04
4186,4186,4,savings,2006-05-04
4187,4187,55,savings,1996-05-03
4187,4187,55,savings,1996-05-03
4188,4188,24,savings,2008-09-18
4188,4188,24,savings,2008-09-18
4189,4189,29,current,1999-02-16
4189,4189,29,current,1999-02-16
4190,4190,22,savings,2023-09-03
4190,4190,22,savings,2023-09-03
4191,4191,23,savings,1996-01-28
4191,4191,23,savings,1996-01-28
4192,4192,85,savings,2011-11-19
4192,4192,85,savings,2011-11-19
4193,4193,78,current,2019-06-01
4193,4193,78,current,2019-06-01
4194,4194,8,current,2024-04-21
4194,4194,8,current,2024-04-21
4195,4195,58,current,2001-12-22
4195,4195,58,current,2001-12-22
4196,4196,80,savings,2013-05-01
4196,4196,80,savings,2013-05-01
4197,4197,99,current,1999-02-14
4197,4197,99,current,1999-02-14
4198,4198,88,savings,2018-09-28
4198,4198,88,savings,2018-09-28
4199,4199,59,current,2018-12-14
4199,4199,59,current,2018-12-14
4200,4200,90,current,2018-08-12
4200,4200,90,current,2018-08-12
4201,4201,7,savings,2016-08-22
4201,4201,7,savings,2016-08-22
4202,4202,25,current,2011-11-22
4202,4202,25,current,2011-11-22
4203,4203,45,current,2005-03-17
4203,4203,45,current,2005-03-17
4204,4204,90,current,2002-12-03
4204,4204,90,current,2002-12-03
4205,4205,26,current,2016-05-17
4205,4205,26,current,2016-05-17
4206,4206,30,current,1997-03-21
4206,4206,30,current,1997-03-21
4207,4207,66,savings,2004-11-04
4207,4207,66,savings,2004-11-04
4208,4208,53,savings,2014-02-17
4208,4208,53,savings,2014-02-17
4209,4209,73,current,2021-04-16
4209,4209,73,current,2021-04-16
4210,4210,39,savings,2016-12-07
4210,4210,39,savings,2016-12-07
4211,4211,11,savings,1997-12-24
4211,4211,11,savings,1997-12-24
4212,4212,79,current,2018-06-11
4212,4212,79,current,2018-06-11
4213,4213,12,current,1997-01-22
4213,4213,12,current,1997-01-22
4214,4214,99,savings,1997-11-07
4214,4214,99,savings,1997-11-07
4215,4215,50,current,2012-07-15
4215,4215,50,current,2012-07-15
4216,4216,56,savings,1998-03-14
4216,4216,56,savings,1998-03-14
4217,4217,40,savings,2014-12-10
4217,4217,40,savings,2014-12-10
4218,4218,16,current,2023-02-24
4218,4218,16,current,2023-02-24
4219,4219,49,current,2017-07-27
4219,4219,49,current,2017-07-27
4220,4220,32,savings,2014-11-04
4220,4220,32,savings,2014-11-04
4221,4221,82,savings,2001-02-01
4221,4221,82,savings,2001-02-01
4222,4222,45,current,2004-01-11
4222,4222,45,current,2004-01-11
4223,4223,85,current,2003-01-24
4223,4223,85,current,2003-01-24
4224,4224,80,current,1996-04-26
4224,4224,80,current,1996-04-26
4225,4225,71,current,2003-10-10
4225,4225,71,current,2003-10-10
4226,4226,5,current,2014-09-06
4226,4226,5,current,2014-09-06
4227,4227,44,current,2006-01-10
4227,4227,44,current,2006-01-10
4228,4228,41,savings,2007-06-03
4228,4228,41,savings,2007-06-03
4229,4229,97,savings,1995-12-12
4229,4229,97,savings,1995-12-12
4230,4230,95,current,2011-08-02
4230,4230,95,current,2011-08-02
4231,4231,85,savings,2015-02-28
4231,4231,85,savings,2015-02-28
4232,4232,67,savings,2005-01-16
4232,4232,67,savings,2005-01-16
4233,4233,74,savings,2010-04-15
4233,4233,74,savings,2010-04-15
4234,4234,75,savings,2007-09-17
4234,4234,75,savings,2007-09-17
4235,4235,22,savings,2014-12-13
4235,4235,22,savings,2014-12-13
4236,4236,17,savings,2019-06-21
4236,4236,17,savings,2019-06-21
4237,4237,89,savings,1995-02-09
4237,4237,89,savings,1995-02-09
4238,4238,92,savings,2006-01-15
4238,4238,92,savings,2006-01-15
4239,4239,50,current,2021-07-08
4239,4239,50,current,2021-07-08
4240,4240,84,current,1999-06-20
4240,4240,84,current,1999-06-20
4241,4241,94,current,2018-10-01
4241,4241,94,current,2018-10-01
4242,4242,31,current,2022-07-26
4242,4242,31,current,2022-07-26
4243,4243,13,savings,2009-01-05
4243,4243,13,savings,2009-01-05
4244,4244,74,current,2001-10-15
4244,4244,74,current,2001-10-15
4245,4245,51,current,2006-01-04
4245,4245,51,current,2006-01-04
4246,4246,33,savings,2015-08-16
4246,4246,33,savings,2015-08-16
4247,4247,20,current,2012-12-22
4247,4247,20,current,2012-12-22
4248,4248,48,current,2011-12-25
4248,4248,48,current,2011-12-25
4249,4249,78,savings,1999-10-23
4249,4249,78,savings,1999-10-23
4250,4250,72,current,2016-11-12
4250,4250,72,current,2016-11-12
4251,4251,72,current,2019-08-25
4251,4251,72,current,2019-08-25
4252,4252,92,savings,2000-04-27
4252,4252,92,savings,2000-04-27
4253,4253,74,savings,1998-03-09
4253,4253,74,savings,1998-03-09
4254,4254,14,current,1998-04-13
4254,4254,14,current,1998-04-13
4255,4255,62,current,2022-07-07
4255,4255,62,current,2022-07-07
4256,4256,51,current,2019-05-17
4256,4256,51,current,2019-05-17
4257,4257,78,savings,2010-07-04
4257,4257,78,savings,2010-07-04
4258,4258,70,current,2017-02-21
4258,4258,70,current,2017-02-21
4259,4259,98,current,2018-12-13
4259,4259,98,current,2018-12-13
4260,4260,81,current,2005-02-05
4260,4260,81,current,2005-02-05
4261,4261,21,current,2003-06-26
4261,4261,21,current,2003-06-26
4262,4262,92,savings,2020-07-24
4262,4262,92,savings,2020-07-24
4263,4263,38,savings,1996-03-10
4263,4263,38,savings,1996-03-10
4264,4264,15,current,2021-08-06
4264,4264,15,current,2021-08-06
4265,4265,36,current,2020-05-22
4265,4265,36,current,2020-05-22
4266,4266,9,savings,1999-05-02
4266,4266,9,savings,1999-05-02
4267,4267,99,savings,2000-07-16
4267,4267,99,savings,2000-07-16
4268,4268,59,savings,2013-02-20
4268,4268,59,savings,2013-02-20
4269,4269,82,savings,2007-02-13
4269,4269,82,savings,2007-02-13
4270,4270,54,current,2008-12-06
4270,4270,54,current,2008-12-06
4271,4271,17,savings,2006-11-06
4271,4271,17,savings,2006-11-06
4272,4272,82,savings,2021-06-07
4272,4272,82,savings,2021-06-07
4273,4273,4,current,2013-10-05
4273,4273,4,current,2013-10-05
4274,4274,84,current,1999-11-21
4274,4274,84,current,1999-11-21
4275,4275,13,current,1997-02-23
4275,4275,13,current,1997-02-23
4276,4276,75,current,2015-11-02
4276,4276,75,current,2015-11-02
4277,4277,43,current,2023-03-27
4277,4277,43,current,2023-03-27
4278,4278,97,current,2024-09-13
4278,4278,97,current,2024-09-13
4279,4279,92,current,2014-08-02
4279,4279,92,current,2014-08-02
4280,4280,8,savings,2014-12-23
4280,4280,8,savings,2014-12-23
4281,4281,20,savings,2014-09-07
4281,4281,20,savings,2014-09-07
4282,4282,82,current,1995-04-27
4282,4282,82,current,1995-04-27
4283,4283,71,savings,1999-06-22
4283,4283,71,savings,1999-06-22
4284,4284,61,savings,2000-12-14
4284,4284,61,savings,2000-12-14
4285,4285,44,current,2004-02-24
4285,4285,44,current,2004-02-24
4286,4286,97,savings,2014-02-25
4286,4286,97,savings,2014-02-25
4287,4287,51,savings,2021-01-21
4287,4287,51,savings,2021-01-21
4288,4288,58,savings,2002-02-06
4288,4288,58,savings,2002-02-06
4289,4289,75,savings,2002-08-26
4289,4289,75,savings,2002-08-26
4290,4290,30,current,2019-10-05
4290,4290,30,current,2019-10-05
4291,4291,99,savings,2023-11-12
4291,4291,99,savings,2023-11-12
4292,4292,84,savings,2001-05-22
4292,4292,84,savings,2001-05-22
4293,4293,10,current,1995-10-09
4293,4293,10,current,1995-10-09
4294,4294,94,savings,2004-07-28
4294,4294,94,savings,2004-07-28
4295,4295,18,current,1999-03-14
4295,4295,18,current,1999-03-14
4296,4296,25,savings,2002-07-16
4296,4296,25,savings,2002-07-16
4297,4297,96,savings,1999-05-04
4297,4297,96,savings,1999-05-04
4298,4298,34,current,2001-08-11
4298,4298,34,current,2001-08-11
4299,4299,44,current,2009-03-09
4299,4299,44,current,2009-03-09
4300,4300,39,current,2009-08-13
4300,4300,39,current,2009-08-13
4301,4301,95,savings,2017-02-28
4301,4301,95,savings,2017-02-28
4302,4302,92,current,2008-05-11
4302,4302,92,current,2008-05-11
4303,4303,90,current,2015-06-09
4303,4303,90,current,2015-06-09
4304,4304,68,savings,2002-11-25
4304,4304,68,savings,2002-11-25
4305,4305,43,current,2024-06-28
4305,4305,43,current,2024-06-28
4306,4306,20,savings,2009-06-24
4306,4306,20,savings,2009-06-24
4307,4307,72,savings,2021-11-14
4307,4307,72,savings,2021-11-14
4308,4308,2,current,2020-10-05
4308,4308,2,current,2020-10-05
4309,4309,27,current,1999-10-06
4309,4309,27,current,1999-10-06
4310,4310,34,savings,2021-04-01
4310,4310,34,savings,2021-04-01
4311,4311,55,current,2023-02-14
4311,4311,55,current,2023-02-14
4312,4312,36,savings,2011-02-21
4312,4312,36,savings,2011-02-21
4313,4313,85,current,2007-04-02
4313,4313,85,current,2007-04-02
4314,4314,72,current,2016-11-16
4314,4314,72,current,2016-11-16
4315,4315,87,savings,2007-06-14
4315,4315,87,savings,2007-06-14
4316,4316,72,savings,2018-10-05
4316,4316,72,savings,2018-10-05
4317,4317,69,current,2011-09-21
4317,4317,69,current,2011-09-21
4318,4318,65,savings,2009-04-15
4318,4318,65,savings,2009-04-15
4319,4319,85,current,2009-11-02
4319,4319,85,current,2009-11-02
4320,4320,44,current,2015-04-12
4320,4320,44,current,2015-04-12
4321,4321,43,savings,2004-06-06
4321,4321,43,savings,2004-06-06
4322,4322,74,savings,2021-10-28
4322,4322,74,savings,2021-10-28
4323,4323,66,savings,2016-11-05
4323,4323,66,savings,2016-11-05
4324,4324,21,current,2012-12-13
4324,4324,21,current,2012-12-13
4325,4325,61,current,2000-03-24
4325,4325,61,current,2000-03-24
4326,4326,13,savings,2018-07-02
4326,4326,13,savings,2018-07-02
4327,4327,28,savings,2017-11-13
4327,4327,28,savings,2017-11-13
4328,4328,30,current,2015-05-10
4328,4328,30,current,2015-05-10
4329,4329,82,current,2019-03-10
4329,4329,82,current,2019-03-10
4330,4330,2,savings,1998-03-20
4330,4330,2,savings,1998-03-20
4331,4331,58,savings,2004-07-22
4331,4331,58,savings,2004-07-22
4332,4332,83,current,2021-10-19
4332,4332,83,current,2021-10-19
4333,4333,21,current,2005-11-28
4333,4333,21,current,2005-11-28
4334,4334,90,savings,2022-11-21
4334,4334,90,savings,2022-11-21
4335,4335,46,current,2010-01-16
4335,4335,46,current,2010-01-16
4336,4336,89,current,2023-11-09
4336,4336,89,current,2023-11-09
4337,4337,83,current,1996-02-27
4337,4337,83,current,1996-02-27
4338,4338,25,savings,1997-07-03
4338,4338,25,savings,1997-07-03
4339,4339,57,current,2022-01-17
4339,4339,57,current,2022-01-17
4340,4340,20,savings,1999-08-12
4340,4340,20,savings,1999-08-12
4341,4341,6,current,2007-04-15
4341,4341,6,current,2007-04-15
4342,4342,18,current,2017-04-06
4342,4342,18,current,2017-04-06
4343,4343,49,savings,2021-03-23
4343,4343,49,savings,2021-03-23
4344,4344,82,savings,2006-04-20
4344,4344,82,savings,2006-04-20
4345,4345,20,current,2001-01-01
4345,4345,20,current,2001-01-01
4346,4346,34,savings,2008-02-13
4346,4346,34,savings,2008-02-13
4347,4347,10,savings,2018-07-25
4347,4347,10,savings,2018-07-25
4348,4348,33,savings,2011-12-13
4348,4348,33,savings,2011-12-13
4349,4349,55,current,2009-02-05
4349,4349,55,current,2009-02-05
4350,4350,19,savings,2013-12-09
4350,4350,19,savings,2013-12-09
4351,4351,66,current,2017-07-09
4351,4351,66,current,2017-07-09
4352,4352,47,savings,2008-06-18
4352,4352,47,savings,2008-06-18
4353,4353,49,savings,1999-08-26
4353,4353,49,savings,1999-08-26
4354,4354,67,current,2008-04-10
4354,4354,67,current,2008-04-10
4355,4355,30,current,2004-09-22
4355,4355,30,current,2004-09-22
4356,4356,83,savings,1996-06-05
4356,4356,83,savings,1996-06-05
4357,4357,85,current,2023-02-12
4357,4357,85,current,2023-02-12
4358,4358,59,current,2017-03-02
4358,4358,59,current,2017-03-02
4359,4359,78,savings,2006-03-15
4359,4359,78,savings,2006-03-15
4360,4360,31,savings,2023-07-27
4360,4360,31,savings,2023-07-27
4361,4361,21,current,2003-12-26
4361,4361,21,current,2003-12-26
4362,4362,17,savings,2007-05-24
4362,4362,17,savings,2007-05-24
4363,4363,53,current,2003-02-05
4363,4363,53,current,2003-02-05
4364,4364,51,current,2004-03-04
4364,4364,51,current,2004-03-04
4365,4365,24,current,2006-06-24
4365,4365,24,current,2006-06-24
4366,4366,40,savings,2011-10-06
4366,4366,40,savings,2011-10-06
4367,4367,98,current,2014-09-28
4367,4367,98,current,2014-09-28
4368,4368,47,savings,2024-02-12
4368,4368,47,savings,2024-02-12
4369,4369,20,current,2023-03-19
4369,4369,20,current,2023-03-19
4370,4370,16,current,2001-03-25
4370,4370,16,current,2001-03-25
4371,4371,58,current,1999-01-04
4371,4371,58,current,1999-01-04
4372,4372,49,savings,2006-11-23
4372,4372,49,savings,2006-11-23
4373,4373,42,savings,2024-06-28
4373,4373,42,savings,2024-06-28
4374,4374,12,current,1999-11-17
4374,4374,12,current,1999-11-17
4375,4375,41,current,2012-10-04
4375,4375,41,current,2012-10-04
4376,4376,58,savings,2017-07-14
4376,4376,58,savings,2017-07-14
4377,4377,60,current,1997-05-02
4377,4377,60,current,1997-05-02
4378,4378,24,savings,2016-01-28
4378,4378,24,savings,2016-01-28
4379,4379,13,current,2019-06-04
4379,4379,13,current,2019-06-04
4380,4380,34,current,2014-06-07
4380,4380,34,current,2014-06-07
4381,4381,61,savings,2009-07-12
4381,4381,61,savings,2009-07-12
4382,4382,27,savings,2019-12-17
4382,4382,27,savings,2019-12-17
4383,4383,85,savings,2012-11-17
4383,4383,85,savings,2012-11-17
4384,4384,67,current,2014-07-06
4384,4384,67,current,2014-07-06
4385,4385,14,current,2004-11-09
4385,4385,14,current,2004-11-09
4386,4386,41,savings,2007-10-10
4386,4386,41,savings,2007-10-10
4387,4387,57,current,2017-08-14
4387,4387,57,current,2017-08-14
4388,4388,30,current,2007-01-24
4388,4388,30,current,2007-01-24
4389,4389,45,current,2019-07-05
4389,4389,45,current,2019-07-05
4390,4390,74,savings,2011-07-21
4390,4390,74,savings,2011-07-21
4391,4391,1,savings,2022-12-02
4391,4391,1,savings,2022-12-02
4392,4392,92,current,2020-06-18
4392,4392,92,current,2020-06-18
4393,4393,83,current,2024-11-05
4393,4393,83,current,2024-11-05
4394,4394,94,current,2002-01-09
4394,4394,94,current,2002-01-09
4395,4395,84,savings,2021-04-03
4395,4395,84,savings,2021-04-03
4396,4396,52,savings,2007-01-05
4396,4396,52,savings,2007-01-05
4397,4397,20,savings,1997-08-27
4397,4397,20,savings,1997-08-27
4398,4398,23,savings,2019-03-04
4398,4398,23,savings,2019-03-04
4399,4399,95,savings,2010-11-17
4399,4399,95,savings,2010-11-17
4400,4400,96,current,1999-10-07
4400,4400,96,current,1999-10-07
4401,4401,90,current,2016-08-26
4401,4401,90,current,2016-08-26
4402,4402,78,savings,2021-01-02
4402,4402,78,savings,2021-01-02
4403,4403,6,savings,2019-02-26
4403,4403,6,savings,2019-02-26
4404,4404,33,savings,2021-02-11
4404,4404,33,savings,2021-02-11
4405,4405,8,savings,1997-08-21
4405,4405,8,savings,1997-08-21
4406,4406,63,current,2016-07-21
4406,4406,63,current,2016-07-21
4407,4407,4,current,2003-03-20
4407,4407,4,current,2003-03-20
4408,4408,13,current,2017-12-05
4408,4408,13,current,2017-12-05
4409,4409,35,current,2016-05-02
4409,4409,35,current,2016-05-02
4410,4410,93,savings,1997-02-02
4410,4410,93,savings,1997-02-02
4411,4411,89,savings,2013-03-24
4411,4411,89,savings,2013-03-24
4412,4412,34,savings,2015-08-08
4412,4412,34,savings,2015-08-08
4413,4413,56,current,2009-10-28
4413,4413,56,current,2009-10-28
4414,4414,11,current,2015-10-06
4414,4414,11,current,2015-10-06
4415,4415,38,current,1995-05-06
4415,4415,38,current,1995-05-06
4416,4416,93,current,1996-03-08
4416,4416,93,current,1996-03-08
4417,4417,45,current,2021-01-23
4417,4417,45,current,2021-01-23
4418,4418,86,savings,2018-03-20
4418,4418,86,savings,2018-03-20
4419,4419,58,current,2013-10-28
4419,4419,58,current,2013-10-28
4420,4420,34,current,1996-06-18
4420,4420,34,current,1996-06-18
4421,4421,75,current,2012-10-18
4421,4421,75,current,2012-10-18
4422,4422,92,savings,2000-05-07
4422,4422,92,savings,2000-05-07
4423,4423,72,current,2005-08-20
4423,4423,72,current,2005-08-20
4424,4424,24,current,2002-11-26
4424,4424,24,current,2002-11-26
4425,4425,74,savings,2012-10-23
4425,4425,74,savings,2012-10-23
4426,4426,79,savings,2017-10-03
4426,4426,79,savings,2017-10-03
4427,4427,63,savings,2010-06-08
4427,4427,63,savings,2010-06-08
4428,4428,39,current,2006-12-20
4428,4428,39,current,2006-12-20
4429,4429,21,current,2020-08-24
4429,4429,21,current,2020-08-24
4430,4430,36,current,2022-04-10
4430,4430,36,current,2022-04-10
4431,4431,48,current,2002-01-18
4431,4431,48,current,2002-01-18
4432,4432,84,savings,2021-09-20
4432,4432,84,savings,2021-09-20
4433,4433,13,savings,1996-06-12
4433,4433,13,savings,1996-06-12
4434,4434,2,savings,2017-04-25
4434,4434,2,savings,2017-04-25
4435,4435,27,savings,2016-10-24
4435,4435,27,savings,2016-10-24
4436,4436,7,current,2013-10-17
4436,4436,7,current,2013-10-17
4437,4437,90,savings,2014-02-01
4437,4437,90,savings,2014-02-01
4438,4438,94,current,1996-11-19
4438,4438,94,current,1996-11-19
4439,4439,19,current,2022-02-10
4439,4439,19,current,2022-02-10
4440,4440,40,savings,2000-12-20
4440,4440,40,savings,2000-12-20
4441,4441,21,current,1999-06-19
4441,4441,21,current,1999-06-19
4442,4442,58,current,2018-05-15
4442,4442,58,current,2018-05-15
4443,4443,26,current,2023-10-20
4443,4443,26,current,2023-10-20
4444,4444,74,savings,2006-05-17
4444,4444,74,savings,2006-05-17
4445,4445,36,current,1996-05-06
4445,4445,36,current,1996-05-06
4446,4446,44,current,2011-03-10
4446,4446,44,current,2011-03-10
4447,4447,64,current,2021-04-05
4447,4447,64,current,2021-04-05
4448,4448,27,savings,2001-05-28
4448,4448,27,savings,2001-05-28
4449,4449,8,current,1999-12-26
4449,4449,8,current,1999-12-26
4450,4450,90,current,2024-07-13
4450,4450,90,current,2024-07-13
4451,4451,1,current,2021-06-03
4451,4451,1,current,2021-06-03
4452,4452,23,savings,1999-05-13
4452,4452,23,savings,1999-05-13
4453,4453,73,savings,2000-07-02
4453,4453,73,savings,2000-07-02
4454,4454,31,savings,2021-10-20
4454,4454,31,savings,2021-10-20
4455,4455,7,current,1997-07-19
4455,4455,7,current,1997-07-19
4456,4456,9,current,1999-04-03
4456,4456,9,current,1999-04-03
4457,4457,71,current,2019-10-28
4457,4457,71,current,2019-10-28
4458,4458,92,current,2019-03-25
4458,4458,92,current,2019-03-25
4459,4459,98,current,2000-03-10
4459,4459,98,current,2000-03-10
4460,4460,53,savings,2017-07-08
4460,4460,53,savings,2017-07-08
4461,4461,16,savings,2016-08-10
4461,4461,16,savings,2016-08-10
4462,4462,74,current,1998-06-08
4462,4462,74,current,1998-06-08
4463,4463,24,savings,2009-01-09
4463,4463,24,savings,2009-01-09
4464,4464,74,savings,1995-03-28
4464,4464,74,savings,1995-03-28
4465,4465,46,current,2010-04-28
4465,4465,46,current,2010-04-28
4466,4466,29,current,2017-08-11
4466,4466,29,current,2017-08-11
4467,4467,89,savings,2012-07-16
4467,4467,89,savings,2012-07-16
4468,4468,30,savings,2009-11-20
4468,4468,30,savings,2009-11-20
4469,4469,51,current,2002-08-24
4469,4469,51,current,2002-08-24
4470,4470,83,current,2005-02-16
4470,4470,83,current,2005-02-16
4471,4471,31,current,2006-04-20
4471,4471,31,current,2006-04-20
4472,4472,30,savings,2021-03-17
4472,4472,30,savings,2021-03-17
4473,4473,34,savings,2012-03-20
4473,4473,34,savings,2012-03-20
4474,4474,92,current,2007-11-05
4474,4474,92,current,2007-11-05
4475,4475,19,current,1999-04-22
4475,4475,19,current,1999-04-22
4476,4476,75,current,2023-08-10
4476,4476,75,current,2023-08-10
4477,4477,28,current,2020-10-22
4477,4477,28,current,2020-10-22
4478,4478,6,current,2021-08-18
4478,4478,6,current,2021-08-18
4479,4479,17,savings,2000-05-05
4479,4479,17,savings,2000-05-05
4480,4480,91,savings,2016-02-18
4480,4480,91,savings,2016-02-18
4481,4481,36,current,2004-10-28
4481,4481,36,current,2004-10-28
4482,4482,1,current,2001-07-03
4482,4482,1,current,2001-07-03
4483,4483,16,current,2015-12-11
4483,4483,16,current,2015-12-11
4484,4484,68,savings,1996-02-19
4484,4484,68,savings,1996-02-19
4485,4485,47,current,2007-05-23
4485,4485,47,current,2007-05-23
4486,4486,23,savings,2023-06-18
4486,4486,23,savings,2023-06-18
4487,4487,96,savings,1998-03-26
4487,4487,96,savings,1998-03-26
4488,4488,67,current,2024-12-11
4488,4488,67,current,2024-12-11
4489,4489,62,current,2000-10-16
4489,4489,62,current,2000-10-16
4490,4490,85,current,1996-08-14
4490,4490,85,current,1996-08-14
4491,4491,88,current,2022-07-22
4491,4491,88,current,2022-07-22
4492,4492,15,current,2023-07-28
4492,4492,15,current,2023-07-28
4493,4493,75,savings,2003-06-04
4493,4493,75,savings,2003-06-04
4494,4494,67,savings,2006-06-15
4494,4494,67,savings,2006-06-15
4495,4495,83,current,2006-01-18
4495,4495,83,current,2006-01-18
4496,4496,43,current,2011-09-05
4496,4496,43,current,2011-09-05
4497,4497,8,current,2016-01-03
4497,4497,8,current,2016-01-03
4498,4498,98,current,2018-01-09
4498,4498,98,current,2018-01-09
4499,4499,98,current,2002-10-19
4499,4499,98,current,2002-10-19
4500,4500,44,savings,2005-08-06
4500,4500,44,savings,2005-08-06
4501,4501,26,savings,2008-08-17
4501,4501,26,savings,2008-08-17
4502,4502,67,savings,2008-12-06
4502,4502,67,savings,2008-12-06
4503,4503,32,savings,2019-06-08
4503,4503,32,savings,2019-06-08
4504,4504,64,current,2018-09-05
4504,4504,64,current,2018-09-05
4505,4505,43,current,2015-07-15
4505,4505,43,current,2015-07-15
4506,4506,74,current,2019-01-17
4506,4506,74,current,2019-01-17
4507,4507,74,savings,2010-02-18
4507,4507,74,savings,2010-02-18
4508,4508,62,savings,2016-07-13
4508,4508,62,savings,2016-07-13
4509,4509,11,current,2004-05-13
4509,4509,11,current,2004-05-13
4510,4510,78,savings,2001-01-18
4510,4510,78,savings,2001-01-18
4511,4511,95,current,1996-01-09
4511,4511,95,current,1996-01-09
4512,4512,9,current,1996-07-21
4512,4512,9,current,1996-07-21
4513,4513,48,current,2001-07-20
4513,4513,48,current,2001-07-20
4514,4514,6,current,1995-09-20
4514,4514,6,current,1995-09-20
4515,4515,54,savings,2007-01-02
4515,4515,54,savings,2007-01-02
4516,4516,62,current,2015-03-22
4516,4516,62,current,2015-03-22
4517,4517,54,current,2004-01-28
4517,4517,54,current,2004-01-28
4518,4518,99,current,2001-05-12
4518,4518,99,current,2001-05-12
4519,4519,98,current,1998-06-24
4519,4519,98,current,1998-06-24
4520,4520,56,current,2024-08-20
4520,4520,56,current,2024-08-20
4521,4521,82,savings,1999-06-02
4521,4521,82,savings,1999-06-02
4522,4522,87,current,2021-10-15
4522,4522,87,current,2021-10-15
4523,4523,30,current,2014-07-16
4523,4523,30,current,2014-07-16
4524,4524,3,savings,2013-05-11
4524,4524,3,savings,2013-05-11
4525,4525,61,current,1999-03-04
4525,4525,61,current,1999-03-04
4526,4526,15,current,2015-06-27
4526,4526,15,current,2015-06-27
4527,4527,3,current,2011-01-16
4527,4527,3,current,2011-01-16
4528,4528,15,current,1997-11-05
4528,4528,15,current,1997-11-05
4529,4529,67,current,2003-02-20
4529,4529,67,current,2003-02-20
4530,4530,29,current,1999-01-09
4530,4530,29,current,1999-01-09
4531,4531,31,current,2008-05-17
4531,4531,31,current,2008-05-17
4532,4532,71,savings,2000-09-01
4532,4532,71,savings,2000-09-01
4533,4533,71,current,2001-06-20
4533,4533,71,current,2001-06-20
4534,4534,55,current,2017-02-16
4534,4534,55,current,2017-02-16
4535,4535,75,current,2018-07-08
4535,4535,75,current,2018-07-08
4536,4536,92,savings,2005-08-03
4536,4536,92,savings,2005-08-03
4537,4537,43,current,2024-04-26
4537,4537,43,current,2024-04-26
4538,4538,25,current,2022-01-04
4538,4538,25,current,2022-01-04
4539,4539,81,current,2004-07-04
4539,4539,81,current,2004-07-04
4540,4540,55,savings,1996-05-06
4540,4540,55,savings,1996-05-06
4541,4541,50,current,1999-06-04
4541,4541,50,current,1999-06-04
4542,4542,38,savings,2002-08-27
4542,4542,38,savings,2002-08-27
4543,4543,60,savings,2009-02-15
4543,4543,60,savings,2009-02-15
4544,4544,85,current,2009-09-22
4544,4544,85,current,2009-09-22
4545,4545,52,current,2006-04-11
4545,4545,52,current,2006-04-11
4546,4546,84,savings,2022-08-17
4546,4546,84,savings,2022-08-17
4547,4547,74,current,1998-03-22
4547,4547,74,current,1998-03-22
4548,4548,70,savings,1997-10-26
4548,4548,70,savings,1997-10-26
4549,4549,76,current,2019-09-17
4549,4549,76,current,2019-09-17
4550,4550,81,savings,2012-05-26
4550,4550,81,savings,2012-05-26
4551,4551,45,savings,2024-04-01
4551,4551,45,savings,2024-04-01
4552,4552,97,current,2003-10-28
4552,4552,97,current,2003-10-28
4553,4553,19,savings,2010-12-09
4553,4553,19,savings,2010-12-09
4554,4554,5,current,2015-01-04
4554,4554,5,current,2015-01-04
4555,4555,42,savings,2016-08-23
4555,4555,42,savings,2016-08-23
4556,4556,93,savings,2024-12-22
4556,4556,93,savings,2024-12-22
4557,4557,30,current,2008-06-06
4557,4557,30,current,2008-06-06
4558,4558,65,savings,1996-04-23
4558,4558,65,savings,1996-04-23
4559,4559,76,savings,2018-01-04
4559,4559,76,savings,2018-01-04
4560,4560,79,current,2021-09-18
4560,4560,79,current,2021-09-18
4561,4561,5,savings,2007-02-27
4561,4561,5,savings,2007-02-27
4562,4562,38,savings,2011-02-06
4562,4562,38,savings,2011-02-06
4563,4563,11,savings,1999-06-07
4563,4563,11,savings,1999-06-07
4564,4564,84,savings,2000-04-11
4564,4564,84,savings,2000-04-11
4565,4565,29,savings,2004-10-14
4565,4565,29,savings,2004-10-14
4566,4566,14,current,2003-07-01
4566,4566,14,current,2003-07-01
4567,4567,90,current,2002-07-08
4567,4567,90,current,2002-07-08
4568,4568,98,current,1997-09-15
4568,4568,98,current,1997-09-15
4569,4569,74,savings,2022-04-17
4569,4569,74,savings,2022-04-17
4570,4570,91,current,2003-05-16
4570,4570,91,current,2003-05-16
4571,4571,89,savings,2008-06-24
4571,4571,89,savings,2008-06-24
4572,4572,10,current,2008-01-22
4572,4572,10,current,2008-01-22
4573,4573,39,current,2007-01-06
4573,4573,39,current,2007-01-06
4574,4574,60,savings,2002-10-10
4574,4574,60,savings,2002-10-10
4575,4575,96,current,2005-08-24
4575,4575,96,current,2005-08-24
4576,4576,98,savings,1997-01-13
4576,4576,98,savings,1997-01-13
4577,4577,23,savings,2010-06-01
4577,4577,23,savings,2010-06-01
4578,4578,97,savings,2003-04-12
4578,4578,97,savings,2003-04-12
4579,4579,96,savings,1999-03-07
4579,4579,96,savings,1999-03-07
4580,4580,22,current,2015-01-23
4580,4580,22,current,2015-01-23
4581,4581,86,savings,2017-03-21
4581,4581,86,savings,2017-03-21
4582,4582,87,savings,2013-10-12
4582,4582,87,savings,2013-10-12
4583,4583,83,savings,2011-07-23
4583,4583,83,savings,2011-07-23
4584,4584,23,savings,2023-05-12
4584,4584,23,savings,2023-05-12
4585,4585,22,current,2024-01-19
4585,4585,22,current,2024-01-19
4586,4586,62,savings,2018-06-17
4586,4586,62,savings,2018-06-17
4587,4587,94,current,2016-04-05
4587,4587,94,current,2016-04-05
4588,4588,19,current,2023-06-03
4588,4588,19,current,2023-06-03
4589,4589,22,savings,2009-05-22
4589,4589,22,savings,2009-05-22
4590,4590,1,current,2024-04-28
4590,4590,1,current,2024-04-28
4591,4591,34,savings,2010-04-26
4591,4591,34,savings,2010-04-26
4592,4592,26,savings,2010-09-08
4592,4592,26,savings,2010-09-08
4593,4593,4,savings,2010-02-25
4593,4593,4,savings,2010-02-25
4594,4594,48,current,2002-07-01
4594,4594,48,current,2002-07-01
4595,4595,45,savings,2000-05-06
4595,4595,45,savings,2000-05-06
4596,4596,12,current,2011-10-27
4596,4596,12,current,2011-10-27
4597,4597,92,savings,2002-07-25
4597,4597,92,savings,2002-07-25
4598,4598,37,savings,1996-09-14
4598,4598,37,savings,1996-09-14
4599,4599,3,savings,2021-12-20
4599,4599,3,savings,2021-12-20
4600,4600,28,current,2002-11-07
4600,4600,28,current,2002-11-07
4601,4601,93,savings,2020-05-28
4601,4601,93,savings,2020-05-28
4602,4602,84,current,2009-04-10
4602,4602,84,current,2009-04-10
4603,4603,2,savings,2015-02-11
4603,4603,2,savings,2015-02-11
4604,4604,56,current,2021-03-10
4604,4604,56,current,2021-03-10
4605,4605,65,savings,2008-07-05
4605,4605,65,savings,2008-07-05
4606,4606,46,savings,2006-02-14
4606,4606,46,savings,2006-02-14
4607,4607,44,current,2018-09-10
4607,4607,44,current,2018-09-10
4608,4608,18,savings,2008-08-28
4608,4608,18,savings,2008-08-28
4609,4609,73,savings,2019-07-05
4609,4609,73,savings,2019-07-05
4610,4610,37,savings,2000-07-01
4610,4610,37,savings,2000-07-01
4611,4611,54,current,2015-04-21
4611,4611,54,current,2015-04-21
4612,4612,25,current,2010-01-05
4612,4612,25,current,2010-01-05
4613,4613,83,current,2005-03-01
4613,4613,83,current,2005-03-01
4614,4614,62,current,1997-03-06
4614,4614,62,current,1997-03-06
4615,4615,25,savings,2010-07-11
4615,4615,25,savings,2010-07-11
4616,4616,52,savings,2019-02-07
4616,4616,52,savings,2019-02-07
4617,4617,63,current,2009-03-14
4617,4617,63,current,2009-03-14
4618,4618,15,savings,2024-04-14
4618,4618,15,savings,2024-04-14
4619,4619,46,current,1997-01-13
4619,4619,46,current,1997-01-13
4620,4620,56,savings,1996-01-08
4620,4620,56,savings,1996-01-08
4621,4621,26,current,2023-08-20
4621,4621,26,current,2023-08-20
4622,4622,64,current,2011-07-27
4622,4622,64,current,2011-07-27
4623,4623,20,current,2011-03-11
4623,4623,20,current,2011-03-11
4624,4624,67,savings,2022-07-16
4624,4624,67,savings,2022-07-16
4625,4625,25,current,2016-04-03
4625,4625,25,current,2016-04-03
4626,4626,21,current,2012-08-06
4626,4626,21,current,2012-08-06
4627,4627,34,savings,2008-08-07
4627,4627,34,savings,2008-08-07
4628,4628,88,savings,2006-02-13
4628,4628,88,savings,2006-02-13
4629,4629,25,savings,2004-03-08
4629,4629,25,savings,2004-03-08
4630,4630,65,current,1996-12-28
4630,4630,65,current,1996-12-28
4631,4631,29,savings,2008-03-26
4631,4631,29,savings,2008-03-26
4632,4632,32,current,2004-12-24
4632,4632,32,current,2004-12-24
4633,4633,1,savings,2024-07-26
4633,4633,1,savings,2024-07-26
4634,4634,35,current,2006-11-01
4634,4634,35,current,2006-11-01
4635,4635,56,current,2018-02-12
4635,4635,56,current,2018-02-12
4636,4636,16,current,1998-09-16
4636,4636,16,current,1998-09-16
4637,4637,32,savings,2019-12-06
4637,4637,32,savings,2019-12-06
4638,4638,79,current,2019-11-05
4638,4638,79,current,2019-11-05
4639,4639,5,current,2017-03-28
4639,4639,5,current,2017-03-28
4640,4640,10,current,1995-08-10
4640,4640,10,current,1995-08-10
4641,4641,86,savings,2011-02-05
4641,4641,86,savings,2011-02-05
4642,4642,72,savings,2015-12-01
4642,4642,72,savings,2015-12-01
4643,4643,79,savings,2022-11-03
4643,4643,79,savings,2022-11-03
4644,4644,20,current,1996-02-22
4644,4644,20,current,1996-02-22
4645,4645,89,current,2022-06-19
4645,4645,89,current,2022-06-19
4646,4646,12,savings,2011-04-06
4646,4646,12,savings,2011-04-06
4647,4647,90,current,2011-06-09
4647,4647,90,current,2011-06-09
4648,4648,68,savings,2020-08-19
4648,4648,68,savings,2020-08-19
4649,4649,63,savings,2010-09-17
4649,4649,63,savings,2010-09-17
4650,4650,26,savings,2002-11-01
4650,4650,26,savings,2002-11-01
4651,4651,60,savings,1998-09-17
4651,4651,60,savings,1998-09-17
4652,4652,74,savings,2016-04-19
4652,4652,74,savings,2016-04-19
4653,4653,61,savings,2016-08-24
4653,4653,61,savings,2016-08-24
4654,4654,15,savings,1999-12-04
4654,4654,15,savings,1999-12-04
4655,4655,5,current,2007-11-23
4655,4655,5,current,2007-11-23
4656,4656,32,current,1997-10-21
4656,4656,32,current,1997-10-21
4657,4657,96,savings,2005-05-11
4657,4657,96,savings,2005-05-11
4658,4658,22,current,1997-06-16
4658,4658,22,current,1997-06-16
4659,4659,22,savings,2015-07-21
4659,4659,22,savings,2015-07-21
4660,4660,12,current,2015-08-28
4660,4660,12,current,2015-08-28
4661,4661,64,savings,2002-03-03
4661,4661,64,savings,2002-03-03
4662,4662,75,current,2006-08-20
4662,4662,75,current,2006-08-20
4663,4663,88,savings,2024-07-25
4663,4663,88,savings,2024-07-25
4664,4664,80,current,1999-02-10
4664,4664,80,current,1999-02-10
4665,4665,16,savings,2016-01-11
4665,4665,16,savings,2016-01-11
4666,4666,65,savings,1997-02-08
4666,4666,65,savings,1997-02-08
4667,4667,51,current,2017-06-23
4667,4667,51,current,2017-06-23
4668,4668,87,savings,2000-03-27
4668,4668,87,savings,2000-03-27
4669,4669,92,savings,2000-08-16
4669,4669,92,savings,2000-08-16
4670,4670,32,savings,2022-04-08
4670,4670,32,savings,2022-04-08
4671,4671,53,current,2012-08-05
4671,4671,53,current,2012-08-05
4672,4672,3,current,2016-06-10
4672,4672,3,current,2016-06-10
4673,4673,13,current,2011-11-09
4673,4673,13,current,2011-11-09
4674,4674,92,current,2011-06-20
4674,4674,92,current,2011-06-20
4675,4675,92,current,2010-01-19
4675,4675,92,current,2010-01-19
4676,4676,58,savings,2018-12-10
4676,4676,58,savings,2018-12-10
4677,4677,45,savings,2017-06-02
4677,4677,45,savings,2017-06-02
4678,4678,24,current,1996-07-05
4678,4678,24,current,1996-07-05
4679,4679,51,current,1998-08-15
4679,4679,51,current,1998-08-15
4680,4680,13,current,2013-01-25
4680,4680,13,current,2013-01-25
4681,4681,24,savings,2002-02-21
4681,4681,24,savings,2002-02-21
4682,4682,5,savings,2005-02-26
4682,4682,5,savings,2005-02-26
4683,4683,81,current,2016-10-22
4683,4683,81,current,2016-10-22
4684,4684,50,current,2023-06-02
4684,4684,50,current,2023-06-02
4685,4685,76,current,1996-02-03
4685,4685,76,current,1996-02-03
4686,4686,49,savings,2015-09-26
4686,4686,49,savings,2015-09-26
4687,4687,18,current,2008-12-12
4687,4687,18,current,2008-12-12
4688,4688,33,current,2005-10-10
4688,4688,33,current,2005-10-10
4689,4689,58,savings,2004-12-19
4689,4689,58,savings,2004-12-19
4690,4690,31,current,2022-11-26
4690,4690,31,current,2022-11-26
4691,4691,34,current,1995-12-01
4691,4691,34,current,1995-12-01
4692,4692,94,current,1996-04-27
4692,4692,94,current,1996-04-27
4693,4693,96,savings,1997-11-22
4693,4693,96,savings,1997-11-22
4694,4694,74,savings,2005-03-06
4694,4694,74,savings,2005-03-06
4695,4695,31,savings,2006-07-07
4695,4695,31,savings,2006-07-07
4696,4696,99,savings,2000-06-12
4696,4696,99,savings,2000-06-12
4697,4697,79,current,2021-08-26
4697,4697,79,current,2021-08-26
4698,4698,27,savings,2023-11-18
4698,4698,27,savings,2023-11-18
4699,4699,59,savings,2009-07-06
4699,4699,59,savings,2009-07-06
4700,4700,27,savings,2011-09-16
4700,4700,27,savings,2011-09-16
4701,4701,1,savings,1999-01-05
4701,4701,1,savings,1999-01-05
4702,4702,76,current,2003-09-28
4702,4702,76,current,2003-09-28
4703,4703,68,savings,2003-04-14
4703,4703,68,savings,2003-04-14
4704,4704,23,savings,1997-12-26
4704,4704,23,savings,1997-12-26
4705,4705,98,savings,2007-05-09
4705,4705,98,savings,2007-05-09
4706,4706,52,savings,2004-08-28
4706,4706,52,savings,2004-08-28
4707,4707,57,savings,2004-06-15
4707,4707,57,savings,2004-06-15
4708,4708,87,current,2008-05-10
4708,4708,87,current,2008-05-10
4709,4709,51,savings,2010-10-15
4709,4709,51,savings,2010-10-15
4710,4710,83,savings,2000-11-10
4710,4710,83,savings,2000-11-10
4711,4711,84,current,2017-06-23
4711,4711,84,current,2017-06-23
4712,4712,63,savings,1996-10-06
4712,4712,63,savings,1996-10-06
4713,4713,84,current,2023-12-22
4713,4713,84,current,2023-12-22
4714,4714,93,current,2022-03-24
4714,4714,93,current,2022-03-24
4715,4715,77,current,2013-05-01
4715,4715,77,current,2013-05-01
4716,4716,28,current,2010-11-13
4716,4716,28,current,2010-11-13
4717,4717,24,current,2003-03-27
4717,4717,24,current,2003-03-27
4718,4718,22,current,2016-06-24
4718,4718,22,current,2016-06-24
4719,4719,86,savings,2003-10-26
4719,4719,86,savings,2003-10-26
4720,4720,40,current,1995-10-06
4720,4720,40,current,1995-10-06
4721,4721,75,savings,1995-01-04
4721,4721,75,savings,1995-01-04
4722,4722,8,current,2009-02-26
4722,4722,8,current,2009-02-26
4723,4723,96,savings,2003-10-18
4723,4723,96,savings,2003-10-18
4724,4724,88,current,2015-02-07
4724,4724,88,current,2015-02-07
4725,4725,12,savings,2009-08-28
4725,4725,12,savings,2009-08-28
4726,4726,49,current,2004-10-22
4726,4726,49,current,2004-10-22
4727,4727,21,savings,2007-02-08
4727,4727,21,savings,2007-02-08
4728,4728,67,savings,2006-12-11
4728,4728,67,savings,2006-12-11
4729,4729,39,savings,2020-01-23
4729,4729,39,savings,2020-01-23
4730,4730,62,current,2004-07-11
4730,4730,62,current,2004-07-11
4731,4731,82,savings,2021-09-02
4731,4731,82,savings,2021-09-02
4732,4732,58,current,2007-01-25
4732,4732,58,current,2007-01-25
4733,4733,62,savings,2012-08-07
4733,4733,62,savings,2012-08-07
4734,4734,70,current,1997-02-07
4734,4734,70,current,1997-02-07
4735,4735,36,current,1998-12-01
4735,4735,36,current,1998-12-01
4736,4736,45,savings,2000-11-17
4736,4736,45,savings,2000-11-17
4737,4737,79,savings,2009-03-12
4737,4737,79,savings,2009-03-12
4738,4738,15,current,2003-03-04
4738,4738,15,current,2003-03-04
4739,4739,62,current,2010-06-23
4739,4739,62,current,2010-06-23
4740,4740,38,current,2011-08-19
4740,4740,38,current,2011-08-19
4741,4741,64,savings,2022-11-08
4741,4741,64,savings,2022-11-08
4742,4742,88,savings,2014-08-26
4742,4742,88,savings,2014-08-26
4743,4743,71,savings,2007-01-03
4743,4743,71,savings,2007-01-03
4744,4744,9,savings,2003-07-08
4744,4744,9,savings,2003-07-08
4745,4745,75,savings,2004-07-12
4745,4745,75,savings,2004-07-12
4746,4746,80,savings,2017-06-17
4746,4746,80,savings,2017-06-17
4747,4747,71,savings,2011-01-17
4747,4747,71,savings,2011-01-17
4748,4748,25,current,2005-05-20
4748,4748,25,current,2005-05-20
4749,4749,78,current,2005-01-01
4749,4749,78,current,2005-01-01
4750,4750,65,savings,2018-04-25
4750,4750,65,savings,2018-04-25
4751,4751,20,savings,1999-11-22
4751,4751,20,savings,1999-11-22
4752,4752,28,savings,2001-11-12
4752,4752,28,savings,2001-11-12
4753,4753,49,current,2012-03-19
4753,4753,49,current,2012-03-19
4754,4754,34,current,2008-04-14
4754,4754,34,current,2008-04-14
4755,4755,73,savings,2012-01-14
4755,4755,73,savings,2012-01-14
4756,4756,20,current,2013-11-15
4756,4756,20,current,2013-11-15
4757,4757,95,savings,2014-01-18
4757,4757,95,savings,2014-01-18
4758,4758,85,current,2002-10-11
4758,4758,85,current,2002-10-11
4759,4759,22,savings,2015-04-27
4759,4759,22,savings,2015-04-27
4760,4760,77,current,2016-08-21
4760,4760,77,current,2016-08-21
4761,4761,44,savings,1997-10-22
4761,4761,44,savings,1997-10-22
4762,4762,47,current,2000-07-11
4762,4762,47,current,2000-07-11
4763,4763,25,current,2023-01-20
4763,4763,25,current,2023-01-20
4764,4764,22,savings,2015-03-02
4764,4764,22,savings,2015-03-02
4765,4765,61,savings,2013-10-28
4765,4765,61,savings,2013-10-28
4766,4766,52,savings,2012-12-10
4766,4766,52,savings,2012-12-10
4767,4767,20,current,2001-11-11
4767,4767,20,current,2001-11-11
4768,4768,96,savings,2004-04-19
4768,4768,96,savings,2004-04-19
4769,4769,80,savings,2000-03-08
4769,4769,80,savings,2000-03-08
4770,4770,20,savings,2008-04-21
4770,4770,20,savings,2008-04-21
4771,4771,86,savings,2010-02-01
4771,4771,86,savings,2010-02-01
4772,4772,45,current,2010-11-07
4772,4772,45,current,2010-11-07
4773,4773,37,savings,2013-01-16
4773,4773,37,savings,2013-01-16
4774,4774,15,savings,2006-11-27
4774,4774,15,savings,2006-11-27
4775,4775,76,current,2024-07-12
4775,4775,76,current,2024-07-12
4776,4776,9,savings,2010-05-22
4776,4776,9,savings,2010-05-22
4777,4777,44,savings,2006-11-07
4777,4777,44,savings,2006-11-07
4778,4778,15,savings,2024-01-21
4778,4778,15,savings,2024-01-21
4779,4779,44,savings,2022-05-10
4779,4779,44,savings,2022-05-10
4780,4780,86,savings,1999-03-23
4780,4780,86,savings,1999-03-23
4781,4781,12,savings,2017-12-15
4781,4781,12,savings,2017-12-15
4782,4782,27,savings,2015-08-20
4782,4782,27,savings,2015-08-20
4783,4783,19,current,2001-02-06
4783,4783,19,current,2001-02-06
4784,4784,25,current,2005-10-19
4784,4784,25,current,2005-10-19
4785,4785,74,savings,2007-03-14
4785,4785,74,savings,2007-03-14
4786,4786,99,savings,2019-01-01
4786,4786,99,savings,2019-01-01
4787,4787,64,current,1995-03-16
4787,4787,64,current,1995-03-16
4788,4788,12,savings,2023-05-19
4788,4788,12,savings,2023-05-19
4789,4789,50,current,2019-07-28
4789,4789,50,current,2019-07-28
4790,4790,72,current,2007-05-05
4790,4790,72,current,2007-05-05
4791,4791,11,savings,1999-01-21
4791,4791,11,savings,1999-01-21
4792,4792,83,current,2010-09-13
4792,4792,83,current,2010-09-13
4793,4793,23,current,2012-12-19
4793,4793,23,current,2012-12-19
4794,4794,88,savings,2015-04-06
4794,4794,88,savings,2015-04-06
4795,4795,15,savings,2000-04-10
4795,4795,15,savings,2000-04-10
4796,4796,63,savings,2008-04-14
4796,4796,63,savings,2008-04-14
4797,4797,20,savings,2014-06-05
4797,4797,20,savings,2014-06-05
4798,4798,89,savings,2006-11-24
4798,4798,89,savings,2006-11-24
4799,4799,78,savings,2004-12-02
4799,4799,78,savings,2004-12-02
4800,4800,10,savings,2011-06-01
4800,4800,10,savings,2011-06-01
4801,4801,61,savings,1995-09-25
4801,4801,61,savings,1995-09-25
4802,4802,93,savings,2022-10-05
4802,4802,93,savings,2022-10-05
4803,4803,47,savings,2019-11-06
4803,4803,47,savings,2019-11-06
4804,4804,49,savings,1998-10-09
4804,4804,49,savings,1998-10-09
4805,4805,49,current,2014-05-04
4805,4805,49,current,2014-05-04
4806,4806,76,current,1997-09-24
4806,4806,76,current,1997-09-24
4807,4807,33,current,2013-07-16
4807,4807,33,current,2013-07-16
4808,4808,87,savings,1995-01-13
4808,4808,87,savings,1995-01-13
4809,4809,78,savings,2002-02-11
4809,4809,78,savings,2002-02-11
4810,4810,23,current,2002-04-16
4810,4810,23,current,2002-04-16
4811,4811,53,current,2003-06-16
4811,4811,53,current,2003-06-16
4812,4812,37,current,2008-02-11
4812,4812,37,current,2008-02-11
4813,4813,22,current,1999-07-06
4813,4813,22,current,1999-07-06
4814,4814,93,current,2000-10-06
4814,4814,93,current,2000-10-06
4815,4815,2,current,2010-06-27
4815,4815,2,current,2010-06-27
4816,4816,20,savings,2015-12-08
4816,4816,20,savings,2015-12-08
4817,4817,5,current,2007-10-18
4817,4817,5,current,2007-10-18
4818,4818,91,current,2017-08-11
4818,4818,91,current,2017-08-11
4819,4819,3,savings,2018-05-16
4819,4819,3,savings,2018-05-16
4820,4820,82,savings,2010-04-07
4820,4820,82,savings,2010-04-07
4821,4821,77,current,2022-09-28
4821,4821,77,current,2022-09-28
4822,4822,86,savings,2011-04-01
4822,4822,86,savings,2011-04-01
4823,4823,77,current,2011-01-26
4823,4823,77,current,2011-01-26
4824,4824,12,current,1998-08-20
4824,4824,12,current,1998-08-20
4825,4825,32,savings,2003-11-23
4825,4825,32,savings,2003-11-23
4826,4826,58,savings,2003-05-02
4826,4826,58,savings,2003-05-02
4827,4827,71,savings,2015-11-16
4827,4827,71,savings,2015-11-16
4828,4828,70,current,2008-10-19
4828,4828,70,current,2008-10-19
4829,4829,40,current,2004-05-20
4829,4829,40,current,2004-05-20
4830,4830,6,savings,2004-12-02
4830,4830,6,savings,2004-12-02
4831,4831,63,current,2002-08-24
4831,4831,63,current,2002-08-24
4832,4832,25,current,2009-04-25
4832,4832,25,current,2009-04-25
4833,4833,91,savings,1996-06-20
4833,4833,91,savings,1996-06-20
4834,4834,69,savings,2017-03-04
4834,4834,69,savings,2017-03-04
4835,4835,83,current,2010-01-03
4835,4835,83,current,2010-01-03
4836,4836,73,current,2013-10-11
4836,4836,73,current,2013-10-11
4837,4837,50,savings,1995-01-08
4837,4837,50,savings,1995-01-08
4838,4838,40,savings,2011-07-11
4838,4838,40,savings,2011-07-11
4839,4839,1,savings,1995-06-14
4839,4839,1,savings,1995-06-14
4840,4840,46,savings,2018-10-07
4840,4840,46,savings,2018-10-07
4841,4841,73,savings,2004-01-14
4841,4841,73,savings,2004-01-14
4842,4842,39,current,2002-12-08
4842,4842,39,current,2002-12-08
4843,4843,10,savings,2006-09-04
4843,4843,10,savings,2006-09-04
4844,4844,49,current,2011-11-28
4844,4844,49,current,2011-11-28
4845,4845,14,current,2009-09-02
4845,4845,14,current,2009-09-02
4846,4846,46,current,1999-12-21
4846,4846,46,current,1999-12-21
4847,4847,40,current,1996-09-18
4847,4847,40,current,1996-09-18
4848,4848,89,savings,2024-03-24
4848,4848,89,savings,2024-03-24
4849,4849,19,current,2001-07-01
4849,4849,19,current,2001-07-01
4850,4850,17,current,1999-03-03
4850,4850,17,current,1999-03-03
4851,4851,82,savings,2002-03-01
4851,4851,82,savings,2002-03-01
4852,4852,46,current,2009-11-01
4852,4852,46,current,2009-11-01
4853,4853,73,savings,1997-12-08
4853,4853,73,savings,1997-12-08
4854,4854,65,savings,2017-07-19
4854,4854,65,savings,2017-07-19
4855,4855,70,savings,2022-07-14
4855,4855,70,savings,2022-07-14
4856,4856,38,current,2024-08-09
4856,4856,38,current,2024-08-09
4857,4857,17,current,2009-07-08
4857,4857,17,current,2009-07-08
4858,4858,73,current,1995-11-08
4858,4858,73,current,1995-11-08
4859,4859,11,current,2001-10-26
4859,4859,11,current,2001-10-26
4860,4860,53,current,2007-04-07
4860,4860,53,current,2007-04-07
4861,4861,18,savings,2005-07-14
4861,4861,18,savings,2005-07-14
4862,4862,7,savings,2008-04-02
4862,4862,7,savings,2008-04-02
4863,4863,35,current,1998-07-24
4863,4863,35,current,1998-07-24
4864,4864,44,current,2024-06-22
4864,4864,44,current,2024-06-22
4865,4865,71,current,2006-01-09
4865,4865,71,current,2006-01-09
4866,4866,39,current,2016-02-13
4866,4866,39,current,2016-02-13
4867,4867,11,savings,1995-03-05
4867,4867,11,savings,1995-03-05
4868,4868,10,current,2019-09-02
4868,4868,10,current,2019-09-02
4869,4869,98,current,2000-03-08
4869,4869,98,current,2000-03-08
4870,4870,88,current,2008-06-23
4870,4870,88,current,2008-06-23
4871,4871,76,current,2024-07-16
4871,4871,76,current,2024-07-16
4872,4872,9,current,2021-08-24
4872,4872,9,current,2021-08-24
4873,4873,86,savings,1999-02-26
4873,4873,86,savings,1999-02-26
4874,4874,96,savings,2013-11-12
4874,4874,96,savings,2013-11-12
4875,4875,8,savings,2017-06-15
4875,4875,8,savings,2017-06-15
4876,4876,48,current,2015-12-12
4876,4876,48,current,2015-12-12
4877,4877,21,current,2012-08-25
4877,4877,21,current,2012-08-25
4878,4878,80,savings,2014-12-16
4878,4878,80,savings,2014-12-16
4879,4879,97,savings,1997-05-18
4879,4879,97,savings,1997-05-18
4880,4880,89,current,1995-10-08
4880,4880,89,current,1995-10-08
4881,4881,6,current,1997-09-02
4881,4881,6,current,1997-09-02
4882,4882,59,savings,2005-04-06
4882,4882,59,savings,2005-04-06
4883,4883,68,savings,2011-03-07
4883,4883,68,savings,2011-03-07
4884,4884,23,savings,2021-11-05
4884,4884,23,savings,2021-11-05
4885,4885,73,savings,2024-11-21
4885,4885,73,savings,2024-11-21
4886,4886,75,current,2001-10-07
4886,4886,75,current,2001-10-07
4887,4887,35,savings,2006-01-27
4887,4887,35,savings,2006-01-27
4888,4888,12,savings,2011-09-06
4888,4888,12,savings,2011-09-06
4889,4889,99,current,2001-09-28
4889,4889,99,current,2001-09-28
4890,4890,71,savings,2010-04-27
4890,4890,71,savings,2010-04-27
4891,4891,57,current,2010-12-02
4891,4891,57,current,2010-12-02
4892,4892,29,savings,2001-06-20
4892,4892,29,savings,2001-06-20
4893,4893,85,savings,1996-05-17
4893,4893,85,savings,1996-05-17
4894,4894,67,current,2016-01-17
4894,4894,67,current,2016-01-17
4895,4895,61,savings,2023-02-20
4895,4895,61,savings,2023-02-20
4896,4896,61,current,2019-03-21
4896,4896,61,current,2019-03-21
4897,4897,88,current,2019-08-24
4897,4897,88,current,2019-08-24
4898,4898,30,savings,2024-03-03
4898,4898,30,savings,2024-03-03
4899,4899,27,current,1996-12-03
4899,4899,27,current,1996-12-03
4900,4900,93,current,1997-09-12
4900,4900,93,current,1997-09-12
4901,4901,30,current,2014-05-17
4901,4901,30,current,2014-05-17
4902,4902,55,savings,1996-10-18
4902,4902,55,savings,1996-10-18
4903,4903,23,current,1997-12-24
4903,4903,23,current,1997-12-24
4904,4904,37,savings,2010-09-19
4904,4904,37,savings,2010-09-19
4905,4905,26,current,2002-05-15
4905,4905,26,current,2002-05-15
4906,4906,36,current,2018-06-12
4906,4906,36,current,2018-06-12
4907,4907,92,current,2008-10-11
4907,4907,92,current,2008-10-11
4908,4908,63,current,2020-10-02
4908,4908,63,current,2020-10-02
4909,4909,37,current,2001-09-27
4909,4909,37,current,2001-09-27
4910,4910,51,current,2010-09-14
4910,4910,51,current,2010-09-14
4911,4911,68,savings,2003-07-18
4911,4911,68,savings,2003-07-18
4912,4912,93,savings,2017-06-14
4912,4912,93,savings,2017-06-14
4913,4913,78,savings,2018-11-14
4913,4913,78,savings,2018-11-14
4914,4914,63,current,2020-12-20
4914,4914,63,current,2020-12-20
4915,4915,37,savings,2019-07-12
4915,4915,37,savings,2019-07-12
4916,4916,97,current,2004-02-11
4916,4916,97,current,2004-02-11
4917,4917,31,savings,2022-07-22
4917,4917,31,savings,2022-07-22
4918,4918,78,current,1999-07-17
4918,4918,78,current,1999-07-17
4919,4919,25,savings,2001-09-16
4919,4919,25,savings,2001-09-16
4920,4920,73,savings,2015-12-05
4920,4920,73,savings,2015-12-05
4921,4921,25,savings,2016-11-10
4921,4921,25,savings,2016-11-10
4922,4922,46,savings,2019-07-06
4922,4922,46,savings,2019-07-06
4923,4923,89,current,2017-12-23
4923,4923,89,current,2017-12-23
4924,4924,30,current,2010-03-03
4924,4924,30,current,2010-03-03
4925,4925,20,current,2017-07-04
4925,4925,20,current,2017-07-04
4926,4926,23,savings,2009-02-20
4926,4926,23,savings,2009-02-20
4927,4927,1,current,2006-06-10
4927,4927,1,current,2006-06-10
4928,4928,15,current,2017-10-19
4928,4928,15,current,2017-10-19
4929,4929,21,savings,2016-09-20
4929,4929,21,savings,2016-09-20
4930,4930,30,savings,2001-06-21
4930,4930,30,savings,2001-06-21
4931,4931,11,savings,1997-12-07
4931,4931,11,savings,1997-12-07
4932,4932,90,savings,2012-03-05
4932,4932,90,savings,2012-03-05
4933,4933,52,current,1998-09-09
4933,4933,52,current,1998-09-09
4934,4934,30,savings,2015-12-08
4934,4934,30,savings,2015-12-08
4935,4935,9,current,2016-08-21
4935,4935,9,current,2016-08-21
4936,4936,69,savings,2012-12-03
4936,4936,69,savings,2012-12-03
4937,4937,47,savings,2002-11-17
4937,4937,47,savings,2002-11-17
4938,4938,34,savings,2015-11-23
4938,4938,34,savings,2015-11-23
4939,4939,33,savings,2011-11-16
4939,4939,33,savings,2011-11-16
4940,4940,98,current,2012-12-26
4940,4940,98,current,2012-12-26
4941,4941,65,savings,2013-08-10
4941,4941,65,savings,2013-08-10
4942,4942,51,savings,1995-10-11
4942,4942,51,savings,1995-10-11
4943,4943,79,current,2008-06-10
4943,4943,79,current,2008-06-10
4944,4944,31,savings,2004-01-03
4944,4944,31,savings,2004-01-03
4945,4945,56,current,2008-10-20
4945,4945,56,current,2008-10-20
4946,4946,76,current,2016-09-01
4946,4946,76,current,2016-09-01
4947,4947,71,current,2002-10-15
4947,4947,71,current,2002-10-15
4948,4948,45,savings,2010-01-24
4948,4948,45,savings,2010-01-24
4949,4949,33,current,2003-06-14
4949,4949,33,current,2003-06-14
4950,4950,96,savings,2024-10-24
4950,4950,96,savings,2024-10-24
4951,4951,51,current,2010-07-14
4951,4951,51,current,2010-07-14
4952,4952,5,current,2022-01-09
4952,4952,5,current,2022-01-09
4953,4953,38,savings,2004-12-07
4953,4953,38,savings,2004-12-07
4954,4954,5,current,2006-01-27
4954,4954,5,current,2006-01-27
4955,4955,56,savings,2012-04-09
4955,4955,56,savings,2012-04-09
4956,4956,81,current,2018-01-03
4956,4956,81,current,2018-01-03
4957,4957,71,savings,2011-07-13
4957,4957,71,savings,2011-07-13
4958,4958,89,savings,2005-11-11
4958,4958,89,savings,2005-11-11
4959,4959,25,current,2018-11-14
4959,4959,25,current,2018-11-14
4960,4960,67,current,2016-01-12
4960,4960,67,current,2016-01-12
4961,4961,52,savings,2014-06-01
4961,4961,52,savings,2014-06-01
4962,4962,36,current,2006-03-23
4962,4962,36,current,2006-03-23
4963,4963,92,savings,2009-05-05
4963,4963,92,savings,2009-05-05
4964,4964,23,current,2020-10-24
4964,4964,23,current,2020-10-24
4965,4965,8,savings,2024-04-01
4965,4965,8,savings,2024-04-01
4966,4966,31,savings,2004-06-22
4966,4966,31,savings,2004-06-22
4967,4967,63,current,1999-12-27
4967,4967,63,current,1999-12-27
4968,4968,21,savings,1998-03-05
4968,4968,21,savings,1998-03-05
4969,4969,99,savings,2021-12-20
4969,4969,99,savings,2021-12-20
4970,4970,50,current,2000-01-19
4970,4970,50,current,2000-01-19
4971,4971,29,current,1995-01-08
4971,4971,29,current,1995-01-08
4972,4972,60,savings,2013-10-24
4972,4972,60,savings,2013-10-24
4973,4973,67,current,2018-09-06
4973,4973,67,current,2018-09-06
4974,4974,44,savings,2019-05-09
4974,4974,44,savings,2019-05-09
4975,4975,89,savings,2009-08-20
4975,4975,89,savings,2009-08-20
4976,4976,2,current,2008-06-25
4976,4976,2,current,2008-06-25
4977,4977,98,current,2007-02-07
4977,4977,98,current,2007-02-07
4978,4978,15,current,2022-12-25
4978,4978,15,current,2022-12-25
4979,4979,39,savings,1998-03-24
4979,4979,39,savings,1998-03-24
4980,4980,40,current,2003-07-06
4980,4980,40,current,2003-07-06
4981,4981,47,savings,2021-03-05
4981,4981,47,savings,2021-03-05
4982,4982,76,current,2012-05-11
4982,4982,76,current,2012-05-11
4983,4983,52,savings,2024-03-16
4983,4983,52,savings,2024-03-16
4984,4984,88,savings,2004-03-07
4984,4984,88,savings,2004-03-07
4985,4985,6,current,2023-04-08
4985,4985,6,current,2023-04-08
4986,4986,70,savings,2018-03-20
4986,4986,70,savings,2018-03-20
4987,4987,48,savings,2023-09-17
4987,4987,48,savings,2023-09-17
4988,4988,58,savings,2004-06-17
4988,4988,58,savings,2004-06-17
4989,4989,90,current,2011-05-12
4989,4989,90,current,2011-05-12
4990,4990,3,savings,2007-07-28
4990,4990,3,savings,2007-07-28
4991,4991,96,current,2002-01-09
4991,4991,96,current,2002-01-09
4992,4992,46,savings,2001-02-10
4992,4992,46,savings,2001-02-10
4993,4993,18,savings,2017-09-03
4993,4993,18,savings,2017-09-03
4994,4994,56,current,2022-04-15
4994,4994,56,current,2022-04-15
4995,4995,92,savings,2002-06-23
4995,4995,92,savings,2002-06-23
4996,4996,33,savings,1998-08-04
4996,4996,33,savings,1998-08-04
4997,4997,17,savings,1995-09-03
4997,4997,17,savings,1995-09-03
4998,4998,32,current,2019-08-03
4998,4998,32,current,2019-08-03
4999,4999,76,current,2016-06-19
4999,4999,76,current,2016-06-19
5000,5000,85,current,1998-03-17
5000,5000,85,current,1998-03-17
